hours,price
1.0,14.54
2.0,9.62
3.0,7.7
4.0,9.74
5.0,10.98
6.0,14.06
7.0,20.47
8.0,20.63
9.0,19.6
10.0,17.88
11.0,18.22
12.0,16.91
13.0,16.27
14.0,16.46
15.0,17.26
16.0,16.72
17.0,18.83
18.0,34.08
19.0,38.29
20.0,30.42
21.0,24.68
22.0,24.72
23.0,24.21
24.0,23.89
25.0,27.99
26.0,30.11
27.0,26.85
28.0,29.49
29.0,24.89
30.0,30.58
31.0,46.42
32.0,39.77
33.0,30.35
34.0,18.65
35.0,15.56
36.0,15.01
37.0,14.93
38.0,15.46
39.0,15.63
40.0,18.27
41.0,29.89
42.0,75.06
43.0,118.3
44.0,123.67
45.0,112.11
46.0,83.46
47.0,68.23
48.0,64.76
49.0,81.75
50.0,83.65
51.0,78.01
52.0,80.86
53.0,87.33
54.0,100.94
55.0,121.28
56.0,117.09
57.0,83.46
58.0,34.38
59.0,23.85
60.0,21.46
61.0,19.99
62.0,18.84
63.0,19.29
64.0,20.56
65.0,30.88
66.0,98.57
67.0,116.67
68.0,67.51
69.0,71.36
70.0,46.87
71.0,35.13
72.0,29.53
73.0,15.39
74.0,11.86
75.0,15.35
76.0,18.8
77.0,33.44
78.0,36.51
79.0,64.91
80.0,69.39
81.0,30.92
82.0,16.25
83.0,15.89
84.0,15.9
85.0,16.32
86.0,17.25
87.0,17.46
88.0,16.74
89.0,20.91
90.0,86.04
91.0,104.32
92.0,81.43
93.0,75.76
94.0,52.11
95.0,45.27
96.0,39.3
97.0,39.9
98.0,37.88
99.0,39.39
100.0,55.21
101.0,71.36
102.0,83.71
103.0,118.46
104.0,96.36
105.0,59.65
106.0,23.18
107.0,20.37
108.0,18.59
109.0,17.74
110.0,17.49
111.0,14.43
112.0,13.39
113.0,16.12
114.0,36.09
115.0,50.0
116.0,75.1
117.0,74.59
118.0,64.75
119.0,54.17
120.0,58.0
121.0,72.23
122.0,71.31
123.0,70.7
124.0,70.28
125.0,76.17
126.0,105.33
127.0,157.26
128.0,150.66
129.0,38.37
130.0,20.7
131.0,18.6
132.0,17.39
133.0,16.57
134.0,16.1
135.0,15.28
136.0,14.87
137.0,20.38
138.0,44.15
139.0,44.2
140.0,37.91
141.0,26.9
142.0,21.09
143.0,20.42
144.0,18.16
145.0,13.82
146.0,13.01
147.0,13.57
148.0,15.38
149.0,17.77
150.0,20.5
151.0,32.26
152.0,25.17
153.0,10.16
154.0,8.13
155.0,8.34
156.0,10.04
157.0,7.04
158.0,6.33
159.0,4.66
160.0,4.42
161.0,8.33
162.0,16.1
163.0,20.48
164.0,19.61
165.0,17.46
166.0,17.59
167.0,10.85
168.0,9.32
169.0,6.52
170.0,6.79
171.0,6.98
172.0,8.9
173.0,13.83
174.0,35.14
175.0,48.66
176.0,50.55
177.0,28.15
178.0,19.05
179.0,16.36
180.0,19.49
181.0,17.7
182.0,17.89
183.0,18.27
184.0,19.52
185.0,22.38
186.0,76.93
187.0,71.05
188.0,51.47
189.0,30.91
190.0,25.95
191.0,21.18
192.0,16.66
193.0,15.02
194.0,20.65
195.0,23.88
196.0,31.58
197.0,47.61
198.0,66.12
199.0,85.06
200.0,82.11
201.0,42.33
202.0,26.3
203.0,24.25
204.0,21.62
205.0,22.99
206.0,21.27
207.0,20.17
208.0,20.48
209.0,22.29
210.0,33.99
211.0,34.93
212.0,29.88
213.0,23.17
214.0,22.02
215.0,25.77
216.0,21.28
217.0,26.72
218.0,24.36
219.0,24.21
220.0,26.7
221.0,39.65
222.0,90.36
223.0,120.55
224.0,122.89
225.0,67.9
226.0,28.4
227.0,31.12
228.0,25.43
229.0,19.77
230.0,18.0
231.0,17.21
232.0,17.85
233.0,20.61
234.0,95.57
235.0,95.06
236.0,85.43
237.0,45.38
238.0,38.53
239.0,25.44
240.0,25.89
241.0,10.88
242.0,9.02
243.0,9.18
244.0,10.23
245.0,16.94
246.0,30.49
247.0,38.53
248.0,35.94
249.0,14.28
250.0,15.53
251.0,16.03
252.0,14.25
253.0,14.48
254.0,17.15
255.0,28.09
256.0,27.9
257.0,35.88
258.0,143.3
259.0,175.11
260.0,146.01
261.0,86.29
262.0,61.41
263.0,37.8
264.0,35.79
265.0,33.94
266.0,28.86
267.0,25.66
268.0,14.68
269.0,14.56
270.0,16.76
271.0,34.84
272.0,16.27
273.0,7.92
274.0,5.93
275.0,6.35
276.0,6.82
277.0,5.9
278.0,5.63
279.0,6.37
280.0,7.64
281.0,9.55
282.0,19.7
283.0,29.52
284.0,50.99
285.0,61.86
286.0,62.56
287.0,51.58
288.0,54.31
289.0,59.18
290.0,59.43
291.0,60.21
292.0,61.16
293.0,77.62
294.0,122.04
295.0,151.39
296.0,144.94
297.0,79.08
298.0,30.38
299.0,26.84
300.0,22.45
301.0,21.47
302.0,19.49
303.0,19.93
304.0,18.93
305.0,26.54
306.0,71.55
307.0,68.01
308.0,54.03
309.0,32.3
310.0,31.21
311.0,26.13
312.0,24.21
313.0,22.1
314.0,22.07
315.0,28.89
316.0,32.15
317.0,46.96
318.0,92.46
319.0,171.54
320.0,177.13
321.0,117.34
322.0,53.07
323.0,43.41
324.0,35.46
325.0,35.13
326.0,32.93
327.0,30.54
328.0,35.95
329.0,62.29
330.0,67.58
331.0,61.96
332.0,53.0
333.0,37.67
334.0,28.38
335.0,20.33
336.0,18.39
337.0,16.1
338.0,14.58
339.0,14.64
340.0,14.69
341.0,19.62
342.0,36.05
343.0,48.87
344.0,47.74
345.0,32.62
346.0,29.86
347.0,33.11
348.0,42.74
349.0,45.93
350.0,57.98
351.0,67.81
352.0,91.22
353.0,113.95
354.0,180.4
355.0,190.72
356.0,168.1
357.0,169.96
358.0,137.45
359.0,117.74
360.0,112.32
361.0,114.95
362.0,125.26
363.0,130.66
364.0,169.16
365.0,196.34
366.0,238.4
367.0,285.87
368.0,275.83
369.0,188.6
370.0,111.2
371.0,90.65
372.0,70.46
373.0,37.11
374.0,34.17
375.0,32.57
376.0,34.86
377.0,38.35
378.0,58.42
379.0,55.33
380.0,45.76
381.0,45.86
382.0,47.45
383.0,45.18
384.0,44.25
385.0,69.1
386.0,59.75
387.0,45.35
388.0,34.34
389.0,33.26
390.0,44.88
391.0,49.1
392.0,42.44
393.0,24.2
394.0,18.42
395.0,14.92
396.0,15.26
397.0,17.27
398.0,15.95
399.0,17.89
400.0,18.17
401.0,21.27
402.0,86.47
403.0,138.0
404.0,119.55
405.0,89.71
406.0,72.49
407.0,47.67
408.0,41.58
409.0,35.0
410.0,30.38
411.0,28.65
412.0,29.88
413.0,37.26
414.0,41.44
415.0,80.96
416.0,75.7
417.0,45.16
418.0,31.97
419.0,21.14
420.0,18.68
421.0,17.49
422.0,16.9
423.0,17.98
424.0,16.83
425.0,34.85
426.0,114.11
427.0,190.6
428.0,156.13
429.0,101.81
430.0,80.29
431.0,55.11
432.0,42.18
433.0,36.62
434.0,41.9
435.0,40.9
436.0,55.26
437.0,70.36
438.0,138.78
439.0,220.85
440.0,224.02
441.0,90.72
442.0,28.19
443.0,21.11
444.0,17.89
445.0,16.49
446.0,17.62
447.0,17.09
448.0,16.99
449.0,31.27
450.0,74.2
451.0,156.26
452.0,132.67
453.0,77.5
454.0,43.15
455.0,25.85
456.0,23.92
457.0,22.49
458.0,19.55
459.0,23.77
460.0,25.84
461.0,30.34
462.0,21.61
463.0,67.35
464.0,38.13
465.0,20.73
466.0,18.33
467.0,16.5
468.0,11.57
469.0,8.76
470.0,7.48
471.0,6.26
472.0,6.26
473.0,7.92
474.0,15.0
475.0,19.02
476.0,28.03
477.0,35.53
478.0,29.03
479.0,18.65
480.0,17.26
481.0,12.67
482.0,10.95
483.0,11.3
484.0,17.21
485.0,23.64
486.0,62.45
487.0,128.16
488.0,120.88
489.0,42.8
490.0,14.95
491.0,16.92
492.0,15.14
493.0,13.57
494.0,14.84
495.0,15.9
496.0,15.65
497.0,17.64
498.0,36.52
499.0,60.96
500.0,58.89
501.0,51.83
502.0,47.44
503.0,30.94
504.0,24.61
505.0,28.07
506.0,29.69
507.0,29.07
508.0,29.29
509.0,35.27
510.0,53.81
511.0,93.77
512.0,112.64
513.0,49.17
514.0,20.69
515.0,18.46
516.0,17.75
517.0,18.62
518.0,17.96
519.0,18.14
520.0,21.9
521.0,29.73
522.0,127.34
523.0,232.89
524.0,223.9
525.0,174.36
526.0,108.95
527.0,100.02
528.0,81.21
529.0,34.66
530.0,29.41
531.0,36.66
532.0,39.94
533.0,54.36
534.0,91.45
535.0,169.87
536.0,160.24
537.0,53.14
538.0,22.39
539.0,19.7
540.0,16.59
541.0,15.76
542.0,15.71
543.0,15.71
544.0,17.43
545.0,18.22
546.0,55.85
547.0,55.41
548.0,59.59
549.0,42.04
550.0,17.72
551.0,16.17
552.0,13.96
553.0,17.29
554.0,12.98
555.0,14.12
556.0,14.04
557.0,15.78
558.0,17.73
559.0,22.65
560.0,35.45
561.0,19.04
562.0,14.09
563.0,12.57
564.0,12.12
565.0,11.0
566.0,11.71
567.0,12.7
568.0,14.33
569.0,15.89
570.0,39.12
571.0,75.18
572.0,67.14
573.0,59.66
574.0,54.02
575.0,42.62
576.0,39.83
577.0,38.55
578.0,45.15
579.0,37.97
580.0,34.92
581.0,35.99
582.0,40.82
583.0,63.0
584.0,67.92
585.0,40.59
586.0,33.84
587.0,25.51
588.0,21.86
589.0,18.45
590.0,16.06
591.0,16.65
592.0,16.49
593.0,21.82
594.0,65.42
595.0,137.14
596.0,120.61
597.0,112.67
598.0,72.28
599.0,57.11
600.0,39.37
601.0,39.87
602.0,45.26
603.0,45.57
604.0,39.99
605.0,50.29
606.0,63.57
607.0,101.6
608.0,98.61
609.0,47.26
610.0,19.62
611.0,18.69
612.0,17.13
613.0,16.28
614.0,17.79
615.0,16.79
616.0,16.75
617.0,18.47
618.0,36.35
619.0,45.7
620.0,39.75
621.0,34.43
622.0,28.06
623.0,29.47
624.0,24.23
625.0,17.06
626.0,14.65
627.0,13.13
628.0,13.98
629.0,14.36
630.0,19.2
631.0,28.41
632.0,16.43
633.0,15.69
634.0,11.8
635.0,8.98
636.0,7.53
637.0,4.24
638.0,4.02
639.0,5.77
640.0,6.88
641.0,8.53
642.0,23.46
643.0,80.49
644.0,114.42
645.0,152.28
646.0,163.63
647.0,154.82
648.0,153.45
649.0,184.41
650.0,183.56
651.0,183.88
652.0,187.14
653.0,201.7
654.0,249.37
655.0,315.56
656.0,295.18
657.0,113.28
658.0,31.73
659.0,28.12
660.0,24.13
661.0,21.51
662.0,20.3
663.0,20.34
664.0,19.71
665.0,27.25
666.0,58.74
667.0,71.62
668.0,29.96
669.0,27.65
670.0,49.67
671.0,39.9
672.0,21.52
673.0,28.9
674.0,39.07
675.0,39.42
676.0,35.44
677.0,38.51
678.0,51.5
679.0,126.48
680.0,113.04
681.0,126.76
682.0,89.04
683.0,93.88
684.0,97.55
685.0,111.23
686.0,119.53
687.0,124.46
688.0,132.71
689.0,163.45
690.0,291.52
691.0,419.74
692.0,424.02
693.0,422.04
694.0,367.72
695.0,281.08
696.0,268.79
697.0,268.73
698.0,270.85
699.0,277.08
700.0,280.19
701.0,289.6
702.0,288.84
703.0,282.75
704.0,89.18
705.0,40.94
706.0,24.83
707.0,19.26
708.0,18.69
709.0,22.43
710.0,24.34
711.0,34.43
712.0,36.67
713.0,61.68
714.0,160.9
715.0,291.17
716.0,272.26
717.0,244.31
718.0,170.28
719.0,131.02
720.0,128.01
721.0,162.8
722.0,149.56
723.0,136.6
724.0,129.68
725.0,133.29
726.0,141.13
727.0,149.69
728.0,125.98
729.0,55.04
730.0,35.63
731.0,29.39
732.0,24.37
733.0,19.39
734.0,17.81
735.0,22.19
736.0,21.93
737.0,24.06
738.0,93.47
739.0,247.44
740.0,185.13
741.0,143.41
742.0,98.62
743.0,78.73
744.0,74.73
745.0,84.02
746.0,79.95
747.0,55.07
748.0,91.5
749.0,101.07
750.0,118.2
751.0,122.63
752.0,104.59
753.0,42.88
754.0,24.48
755.0,19.52
756.0,19.48
757.0,17.55
758.0,13.59
759.0,10.9
760.0,8.57
761.0,11.36
762.0,49.24
763.0,85.54
764.0,58.29
765.0,33.29
766.0,29.04
767.0,24.3
768.0,24.02
769.0,36.65
770.0,25.77
771.0,36.96
772.0,40.56
773.0,69.5
774.0,54.81
775.0,103.12
776.0,47.9
777.0,31.58
778.0,16.26
779.0,18.63
780.0,16.17
781.0,17.79
782.0,17.94
783.0,23.04
784.0,23.88
785.0,26.44
786.0,46.13
787.0,72.97
788.0,73.59
789.0,70.1
790.0,64.9
791.0,51.38
792.0,53.0
793.0,84.23
794.0,108.71
795.0,135.17
796.0,199.43
797.0,210.68
798.0,255.54
799.0,267.06
800.0,286.04
801.0,210.09
802.0,84.7
803.0,33.12
804.0,36.29
805.0,33.33
806.0,33.66
807.0,44.34
808.0,40.77
809.0,82.72
810.0,171.25
811.0,219.93
812.0,153.72
813.0,153.98
814.0,147.66
815.0,110.63
816.0,117.6
817.0,156.63
818.0,169.92
819.0,184.73
820.0,200.86
821.0,229.31
822.0,317.17
823.0,506.38
824.0,559.61
825.0,449.37
826.0,327.4
827.0,249.23
828.0,203.64
829.0,204.04
830.0,188.58
831.0,213.93
832.0,216.68
833.0,251.54
834.0,450.91
835.0,592.37
836.0,540.52
837.0,524.41
838.0,489.08
839.0,446.97
840.0,444.08
841.0,473.98
842.0,499.11
843.0,496.56
844.0,479.83
845.0,485.87
846.0,524.22
847.0,677.24
848.0,565.78
849.0,312.82
850.0,133.36
851.0,36.99
852.0,30.97
853.0,27.5
854.0,26.08
855.0,25.0
856.0,35.58
857.0,111.94
858.0,209.82
859.0,270.55
860.0,230.18
861.0,179.75
862.0,179.19
863.0,60.46
864.0,80.35
865.0,94.08
866.0,89.17
867.0,90.62
868.0,174.87
869.0,120.54
870.0,189.36
871.0,320.5
872.0,252.18
873.0,148.5
874.0,71.16
875.0,42.66
876.0,37.53
877.0,24.29
878.0,23.67
879.0,39.03
880.0,40.74
881.0,97.87
882.0,211.88
883.0,198.59
884.0,156.09
885.0,138.96
886.0,109.95
887.0,171.12
888.0,171.51
889.0,159.93
890.0,165.38
891.0,222.62
892.0,260.11
893.0,280.2
894.0,311.84
895.0,356.29
896.0,394.71
897.0,144.85
898.0,50.38
899.0,27.95
900.0,23.92
901.0,22.96
902.0,23.69
903.0,23.0
904.0,23.18
905.0,56.43
906.0,171.7
907.0,216.68
908.0,134.15
909.0,71.32
910.0,60.47
911.0,53.53
912.0,58.9
913.0,39.17
914.0,28.78
915.0,35.04
916.0,63.54
917.0,83.3
918.0,112.75
919.0,134.33
920.0,233.42
921.0,122.94
922.0,33.79
923.0,29.48
924.0,29.16
925.0,29.37
926.0,24.45
927.0,25.37
928.0,30.29
929.0,59.74
930.0,190.43
931.0,279.23
932.0,237.64
933.0,190.79
934.0,148.75
935.0,93.84
936.0,62.0
937.0,76.19
938.0,42.4
939.0,55.49
940.0,76.52
941.0,84.55
942.0,130.85
943.0,245.78
944.0,187.79
945.0,162.55
946.0,117.61
947.0,61.85
948.0,53.08
949.0,34.36
950.0,35.92
951.0,34.47
952.0,40.0
953.0,63.46
954.0,205.95
955.0,304.06
956.0,163.23
957.0,99.39
958.0,64.24
959.0,46.47
960.0,50.79
961.0,39.51
962.0,32.45
963.0,30.61
964.0,30.82
965.0,37.95
966.0,39.25
967.0,136.8
968.0,186.38
969.0,202.15
970.0,142.28
971.0,88.59
972.0,79.65
973.0,86.33
974.0,95.56
975.0,105.99
976.0,123.13
977.0,153.28
978.0,247.31
979.0,293.17
980.0,163.69
981.0,133.58
982.0,137.05
983.0,135.63
984.0,136.68
985.0,273.77
986.0,245.02
987.0,222.48
988.0,253.28
989.0,253.96
990.0,268.86
991.0,335.75
992.0,325.09
993.0,242.03
994.0,76.68
995.0,41.89
996.0,36.37
997.0,25.11
998.0,23.22
999.0,24.62
1000.0,22.23
1001.0,32.23
1002.0,120.96
1003.0,245.45
1004.0,182.61
1005.0,143.35
1006.0,162.94
1007.0,180.69
1008.0,176.89
1009.0,246.64
1010.0,237.5
1011.0,247.85
1012.0,249.71
1013.0,257.32
1014.0,304.13
1015.0,352.63
1016.0,332.28
1017.0,169.9
1018.0,77.8
1019.0,43.41
1020.0,38.43
1021.0,37.2
1022.0,35.13
1023.0,38.05
1024.0,44.0
1025.0,75.58
1026.0,207.08
1027.0,327.95
1028.0,316.51
1029.0,210.8
1030.0,149.07
1031.0,114.81
1032.0,141.24
1033.0,95.76
1034.0,97.28
1035.0,96.7
1036.0,103.4
1037.0,128.43
1038.0,156.86
1039.0,220.08
1040.0,189.44
1041.0,196.88
1042.0,81.77
1043.0,44.08
1044.0,34.85
1045.0,28.63
1046.0,27.97
1047.0,24.75
1048.0,24.45
1049.0,41.36
1050.0,79.49
1051.0,106.34
1052.0,78.56
1053.0,77.29
1054.0,59.33
1055.0,54.46
1056.0,44.6
1057.0,40.66
1058.0,37.8
1059.0,35.05
1060.0,48.84
1061.0,62.22
1062.0,91.95
1063.0,156.29
1064.0,232.11
1065.0,135.7
1066.0,49.44
1067.0,34.58
1068.0,29.63
1069.0,30.15
1070.0,30.27
1071.0,36.05
1072.0,38.42
1073.0,53.13
1074.0,212.14
1075.0,449.35
1076.0,381.29
1077.0,323.68
1078.0,289.13
1079.0,243.75
1080.0,224.45
1081.0,280.98
1082.0,250.42
1083.0,258.81
1084.0,247.37
1085.0,272.63
1086.0,297.39
1087.0,305.0
1088.0,319.0
1089.0,147.88
1090.0,69.73
1091.0,41.51
1092.0,34.2
1093.0,33.37
1094.0,31.82
1095.0,27.63
1096.0,32.86
1097.0,44.33
1098.0,110.59
1099.0,237.91
1100.0,232.64
1101.0,78.49
1102.0,68.45
1103.0,45.71
1104.0,35.96
1105.0,83.14
1106.0,203.12
1107.0,191.36
1108.0,218.55
1109.0,226.63
1110.0,263.7
1111.0,281.57
1112.0,261.28
1113.0,127.95
1114.0,50.04
1115.0,36.84
1116.0,38.65
1117.0,36.89
1118.0,41.3
1119.0,44.64
1120.0,54.46
1121.0,93.59
1122.0,324.29
1123.0,543.94
1124.0,507.43
1125.0,389.07
1126.0,343.08
1127.0,341.48
1128.0,318.75
1129.0,345.54
1130.0,349.24
1131.0,361.69
1132.0,344.52
1133.0,324.44
1134.0,293.16
1135.0,342.97
1136.0,290.77
1137.0,171.74
1138.0,118.66
1139.0,43.38
1140.0,44.99
1141.0,45.76
1142.0,48.42
1143.0,56.43
1144.0,63.97
1145.0,91.44
1146.0,218.01
1147.0,358.34
1148.0,284.68
1149.0,216.91
1150.0,191.26
1151.0,139.43
1152.0,139.51
1153.0,236.91
1154.0,146.49
1155.0,175.33
1156.0,206.03
1157.0,321.93
1158.0,382.81
1159.0,471.12
1160.0,467.76
1161.0,303.49
1162.0,207.61
1163.0,165.36
1164.0,150.43
1165.0,150.45
1166.0,158.63
1167.0,187.76
1168.0,227.84
1169.0,307.83
1170.0,502.18
1171.0,721.58
1172.0,647.59
1173.0,532.29
1174.0,505.57
1175.0,483.47
1176.0,468.19
1177.0,500.77
1178.0,487.39
1179.0,422.24
1180.0,409.28
1181.0,372.35
1182.0,262.95
1183.0,274.08
1184.0,140.54
1185.0,177.09
1186.0,111.27
1187.0,63.74
1188.0,67.76
1189.0,68.02
1190.0,68.87
1191.0,103.0
1192.0,135.8
1193.0,153.3
1194.0,290.88
1195.0,345.84
1196.0,179.95
1197.0,143.31
1198.0,145.06
1199.0,130.53
1200.0,131.37
1201.0,200.59
1202.0,196.11
1203.0,204.74
1204.0,220.7
1205.0,256.49
1206.0,361.5
1207.0,585.67
1208.0,529.74
1209.0,326.63
1210.0,191.53
1211.0,128.49
1212.0,98.38
1213.0,91.22
1214.0,115.19
1215.0,94.49
1216.0,109.23
1217.0,125.84
1218.0,235.17
1219.0,615.79
1220.0,551.52
1221.0,446.05
1222.0,288.36
1223.0,179.21
1224.0,190.96
1225.0,148.93
1226.0,111.52
1227.0,101.28
1228.0,91.5
1229.0,151.48
1230.0,189.0
1231.0,303.98
1232.0,283.61
1233.0,236.9
1234.0,134.54
1235.0,67.99
1236.0,51.89
1237.0,44.68
1238.0,51.56
1239.0,50.78
1240.0,86.17
1241.0,124.62
1242.0,246.88
1243.0,302.86
1244.0,183.47
1245.0,135.5
1246.0,94.66
1247.0,76.17
1248.0,66.73
1249.0,89.07
1250.0,88.57
1251.0,88.59
1252.0,89.97
1253.0,171.21
1254.0,295.87
1255.0,365.91
1256.0,383.75
1257.0,234.72
1258.0,164.76
1259.0,79.71
1260.0,69.89
1261.0,35.05
1262.0,27.39
1263.0,34.39
1264.0,43.84
1265.0,43.25
1266.0,86.84
1267.0,131.8
1268.0,92.7
1269.0,83.04
1270.0,75.31
1271.0,55.54
1272.0,59.88
1273.0,87.39
1274.0,87.33
1275.0,87.04
1276.0,89.96
1277.0,133.67
1278.0,164.76
1279.0,343.7
1280.0,415.0
1281.0,311.97
1282.0,161.74
1283.0,57.89
1284.0,43.69
1285.0,49.3
1286.0,45.93
1287.0,67.3
1288.0,88.32
1289.0,128.62
1290.0,346.77
1291.0,545.37
1292.0,423.44
1293.0,370.23
1294.0,251.81
1295.0,132.81
1296.0,127.31
1297.0,87.79
1298.0,69.67
1299.0,63.92
1300.0,76.07
1301.0,135.53
1302.0,236.2
1303.0,498.21
1304.0,534.57
1305.0,327.44
1306.0,221.73
1307.0,69.19
1308.0,52.02
1309.0,43.45
1310.0,38.59
1311.0,38.91
1312.0,65.02
1313.0,102.79
1314.0,221.62
1315.0,218.42
1316.0,266.96
1317.0,166.04
1318.0,138.45
1319.0,108.01
1320.0,106.39
1321.0,76.67
1322.0,80.33
1323.0,63.92
1324.0,155.85
1325.0,258.35
1326.0,339.89
1327.0,560.75
1328.0,556.16
1329.0,226.28
1330.0,108.43
1331.0,60.49
1332.0,55.74
1333.0,52.8
1334.0,52.99
1335.0,67.44
1336.0,91.07
1337.0,175.91
1338.0,584.24
1339.0,758.0
1340.0,812.45
1341.0,746.01
1342.0,688.94
1343.0,581.71
1344.0,511.14
1345.0,400.43
1346.0,251.36
1347.0,172.95
1348.0,172.41
1349.0,169.28
1350.0,226.41
1351.0,517.96
1352.0,454.05
1353.0,225.2
1354.0,95.81
1355.0,32.66
1356.0,26.45
1357.0,23.84
1358.0,26.09
1359.0,38.78
1360.0,60.34
1361.0,132.78
1362.0,490.69
1363.0,738.48
1364.0,760.65
1365.0,664.1
1366.0,563.18
1367.0,484.55
1368.0,454.35
1369.0,523.18
1370.0,518.15
1371.0,495.03
1372.0,526.71
1373.0,479.57
1374.0,523.98
1375.0,697.6
1376.0,576.91
1377.0,407.51
1378.0,193.38
1379.0,73.06
1380.0,46.47
1381.0,42.77
1382.0,45.05
1383.0,59.91
1384.0,87.07
1385.0,194.31
1386.0,310.92
1387.0,678.97
1388.0,648.13
1389.0,485.57
1390.0,236.59
1391.0,150.91
1392.0,148.65
1393.0,100.14
1394.0,75.64
1395.0,74.02
1396.0,74.81
1397.0,94.44
1398.0,88.03
1399.0,153.89
1400.0,163.65
1401.0,115.55
1402.0,37.3
1403.0,21.38
1404.0,15.08
1405.0,12.14
1406.0,12.45
1407.0,14.12
1408.0,20.65
1409.0,27.32
1410.0,97.27
1411.0,245.71
1412.0,142.9
1413.0,85.41
1414.0,63.73
1415.0,42.09
1416.0,47.85
1417.0,34.23
1418.0,53.3
1419.0,115.54
1420.0,175.09
1421.0,223.1
1422.0,243.25
1423.0,292.38
1424.0,262.56
1425.0,77.31
1426.0,41.56
1427.0,31.72
1428.0,22.74
1429.0,22.1
1430.0,21.1
1431.0,26.58
1432.0,30.15
1433.0,40.87
1434.0,112.56
1435.0,235.62
1436.0,390.54
1437.0,384.88
1438.0,333.61
1439.0,291.15
1440.0,247.4
1441.0,220.82
1442.0,180.96
1443.0,207.97
1444.0,231.1
1445.0,280.19
1446.0,357.86
1447.0,497.03
1448.0,308.08
1449.0,467.09
1450.0,318.22
1451.0,234.5
1452.0,224.99
1453.0,132.67
1454.0,128.89
1455.0,143.71
1456.0,194.77
1457.0,267.74
1458.0,445.77
1459.0,597.97
1460.0,365.73
1461.0,225.55
1462.0,211.16
1463.0,156.75
1464.0,125.97
1465.0,230.64
1466.0,231.06
1467.0,219.48
1468.0,220.02
1469.0,265.84
1470.0,480.94
1471.0,700.72
1472.0,694.92
1473.0,631.6
1474.0,546.67
1475.0,496.54
1476.0,446.58
1477.0,365.14
1478.0,356.29
1479.0,310.78
1480.0,323.18
1481.0,384.81
1482.0,518.88
1483.0,676.99
1484.0,702.72
1485.0,558.58
1486.0,428.82
1487.0,286.66
1488.0,340.12
1489.0,247.86
1490.0,259.12
1491.0,263.28
1492.0,261.44
1493.0,310.27
1494.0,401.29
1495.0,507.54
1496.0,423.27
1497.0,283.17
1498.0,176.12
1499.0,134.86
1500.0,119.78
1501.0,117.73
1502.0,122.05
1503.0,142.89
1504.0,201.53
1505.0,272.79
1506.0,448.87
1507.0,716.86
1508.0,802.89
1509.0,756.9
1510.0,729.93
1511.0,682.14
1512.0,647.79
1513.0,506.18
1514.0,478.25
1515.0,478.67
1516.0,362.75
1517.0,364.45
1518.0,413.77
1519.0,523.88
1520.0,211.46
1521.0,130.82
1522.0,65.19
1523.0,45.21
1524.0,46.4
1525.0,47.51
1526.0,62.48
1527.0,62.68
1528.0,67.37
1529.0,87.73
1530.0,280.51
1531.0,559.0
1532.0,539.83
1533.0,456.07
1534.0,366.26
1535.0,258.88
1536.0,214.99
1537.0,59.9
1538.0,59.75
1539.0,55.74
1540.0,60.29
1541.0,60.27
1542.0,80.78
1543.0,166.57
1544.0,145.97
1545.0,78.91
1546.0,35.74
1547.0,29.93
1548.0,27.39
1549.0,25.7
1550.0,25.45
1551.0,32.75
1552.0,31.98
1553.0,49.87
1554.0,96.64
1555.0,185.93
1556.0,144.65
1557.0,166.64
1558.0,143.88
1559.0,99.48
1560.0,104.95
1561.0,43.26
1562.0,40.71
1563.0,43.66
1564.0,41.93
1565.0,49.56
1566.0,68.83
1567.0,86.88
1568.0,94.17
1569.0,44.83
1570.0,31.02
1571.0,16.6
1572.0,15.97
1573.0,11.77
1574.0,12.24
1575.0,11.72
1576.0,15.37
1577.0,22.96
1578.0,58.28
1579.0,119.29
1580.0,132.08
1581.0,67.91
1582.0,53.29
1583.0,56.67
1584.0,56.43
1585.0,31.13
1586.0,16.89
1587.0,18.17
1588.0,25.05
1589.0,35.54
1590.0,38.18
1591.0,76.75
1592.0,76.1
1593.0,58.0
1594.0,53.02
1595.0,51.09
1596.0,47.59
1597.0,47.58
1598.0,46.3
1599.0,50.25
1600.0,50.79
1601.0,86.83
1602.0,196.52
1603.0,229.07
1604.0,131.0
1605.0,90.12
1606.0,74.08
1607.0,66.4
1608.0,76.75
1609.0,82.65
1610.0,85.36
1611.0,91.15
1612.0,95.17
1613.0,109.28
1614.0,172.84
1615.0,272.99
1616.0,277.28
1617.0,73.24
1618.0,45.85
1619.0,37.49
1620.0,37.58
1621.0,40.37
1622.0,42.31
1623.0,51.24
1624.0,73.17
1625.0,146.67
1626.0,382.07
1627.0,598.34
1628.0,642.25
1629.0,586.46
1630.0,451.25
1631.0,409.82
1632.0,487.84
1633.0,486.4
1634.0,480.35
1635.0,484.98
1636.0,487.16
1637.0,513.61
1638.0,640.33
1639.0,626.85
1640.0,550.22
1641.0,290.21
1642.0,123.42
1643.0,77.6
1644.0,69.09
1645.0,77.76
1646.0,88.08
1647.0,98.45
1648.0,112.65
1649.0,184.35
1650.0,388.24
1651.0,624.5
1652.0,616.8
1653.0,582.53
1654.0,448.78
1655.0,439.36
1656.0,154.78
1657.0,154.64
1658.0,227.41
1659.0,229.5
1660.0,291.46
1661.0,356.83
1662.0,531.12
1663.0,578.25
1664.0,599.84
1665.0,272.7
1666.0,132.22
1667.0,96.2
1668.0,98.33
1669.0,111.1
1670.0,113.16
1671.0,154.66
1672.0,178.87
1673.0,240.05
1674.0,338.39
1675.0,604.93
1676.0,455.48
1677.0,374.96
1678.0,309.29
1679.0,281.35
1680.0,279.65
1681.0,270.71
1682.0,274.66
1683.0,343.52
1684.0,346.55
1685.0,412.44
1686.0,577.94
1687.0,588.03
1688.0,529.54
1689.0,202.33
1690.0,115.6
1691.0,98.19
1692.0,121.68
1693.0,126.13
1694.0,137.19
1695.0,170.4
1696.0,240.49
1697.0,262.8
1698.0,506.47
1699.0,645.38
1700.0,721.72
1701.0,651.79
1702.0,480.62
1703.0,408.01
1704.0,358.45
1705.0,356.9
1706.0,355.99
1707.0,387.63
1708.0,371.1
1709.0,372.81
1710.0,452.03
1711.0,305.64
1712.0,279.83
1713.0,152.67
1714.0,98.54
1715.0,82.85
1716.0,81.03
1717.0,89.82
1718.0,98.35
1719.0,117.87
1720.0,148.32
1721.0,235.18
1722.0,320.15
1723.0,399.24
1724.0,349.94
1725.0,207.48
1726.0,176.58
1727.0,158.81
1728.0,271.61
1729.0,266.97
1730.0,289.2
1731.0,286.84
1732.0,237.4
1733.0,253.95
1734.0,313.54
1735.0,324.48
1736.0,232.4
1737.0,167.69
1738.0,79.24
1739.0,64.09
1740.0,60.66
1741.0,65.46
1742.0,73.77
1743.0,97.08
1744.0,126.92
1745.0,207.63
1746.0,444.28
1747.0,628.62
1748.0,529.64
1749.0,390.41
1750.0,194.35
1751.0,197.46
1752.0,128.61
1753.0,149.54
1754.0,169.11
1755.0,229.46
1756.0,181.54
1757.0,160.91
1758.0,177.6
1759.0,181.07
1760.0,139.41
1761.0,126.89
1762.0,102.75
1763.0,103.51
1764.0,104.06
1765.0,94.83
1766.0,116.08
1767.0,141.73
1768.0,167.95
1769.0,211.13
1770.0,302.42
1771.0,461.71
1772.0,397.33
1773.0,307.91
1774.0,190.37
1775.0,171.44
1776.0,231.77
1777.0,205.04
1778.0,168.62
1779.0,197.8
1780.0,252.0
1781.0,345.83
1782.0,461.39
1783.0,450.55
1784.0,376.57
1785.0,305.3
1786.0,157.28
1787.0,130.82
1788.0,124.64
1789.0,130.3
1790.0,128.97
1791.0,136.91
1792.0,254.97
1793.0,278.04
1794.0,441.45
1795.0,497.71
1796.0,391.27
1797.0,221.59
1798.0,143.23
1799.0,116.28
1800.0,143.54
1801.0,151.06
1802.0,170.57
1803.0,174.35
1804.0,184.85
1805.0,184.53
1806.0,285.52
1807.0,257.18
1808.0,246.24
1809.0,158.73
1810.0,107.96
1811.0,104.76
1812.0,108.64
1813.0,110.82
1814.0,132.12
1815.0,142.57
1816.0,185.43
1817.0,277.47
1818.0,382.48
1819.0,465.53
1820.0,405.59
1821.0,295.66
1822.0,242.52
1823.0,203.3
1824.0,276.32
1825.0,280.29
1826.0,279.32
1827.0,279.08
1828.0,280.04
1829.0,210.26
1830.0,344.78
1831.0,331.2
1832.0,388.5
1833.0,336.21
1834.0,197.95
1835.0,136.35
1836.0,134.93
1837.0,157.46
1838.0,193.62
1839.0,205.52
1840.0,209.73
1841.0,287.25
1842.0,321.34
1843.0,480.7
1844.0,365.89
1845.0,326.63
1846.0,283.25
1847.0,174.1
1848.0,321.89
1849.0,205.33
1850.0,195.85
1851.0,169.36
1852.0,147.85
1853.0,168.13
1854.0,190.76
1855.0,209.48
1856.0,190.3
1857.0,136.76
1858.0,56.31
1859.0,47.63
1860.0,47.94
1861.0,60.64
1862.0,72.36
1863.0,74.53
1864.0,111.8
1865.0,158.51
1866.0,229.74
1867.0,315.84
1868.0,302.41
1869.0,292.24
1870.0,252.78
1871.0,234.25
1872.0,271.01
1873.0,298.07
1874.0,280.31
1875.0,286.84
1876.0,281.88
1877.0,265.73
1878.0,266.17
1879.0,213.69
1880.0,290.02
1881.0,115.5
1882.0,49.97
1883.0,46.63
1884.0,63.9
1885.0,89.03
1886.0,116.0
1887.0,129.76
1888.0,141.42
1889.0,188.7
1890.0,270.03
1891.0,411.69
1892.0,338.55
1893.0,264.53
1894.0,161.53
1895.0,170.95
1896.0,184.53
1897.0,167.84
1898.0,187.21
1899.0,205.66
1900.0,261.35
1901.0,279.04
1902.0,312.03
1903.0,384.69
1904.0,373.96
1905.0,316.76
1906.0,266.33
1907.0,212.38
1908.0,212.65
1909.0,198.62
1910.0,198.16
1911.0,201.27
1912.0,210.81
1913.0,217.19
1914.0,325.79
1915.0,501.3
1916.0,447.38
1917.0,440.97
1918.0,367.68
1919.0,332.78
1920.0,406.9
1921.0,432.89
1922.0,469.17
1923.0,483.26
1924.0,508.79
1925.0,510.61
1926.0,535.39
1927.0,527.64
1928.0,397.67
1929.0,281.11
1930.0,182.17
1931.0,152.23
1932.0,92.2
1933.0,92.78
1934.0,89.23
1935.0,92.24
1936.0,98.21
1937.0,128.68
1938.0,339.52
1939.0,604.57
1940.0,600.31
1941.0,454.85
1942.0,303.55
1943.0,274.84
1944.0,227.07
1945.0,237.09
1946.0,249.25
1947.0,256.26
1948.0,281.1
1949.0,426.38
1950.0,567.93
1951.0,619.02
1952.0,491.96
1953.0,293.35
1954.0,198.33
1955.0,177.58
1956.0,132.75
1957.0,146.87
1958.0,147.29
1959.0,147.48
1960.0,181.39
1961.0,225.28
1962.0,405.86
1963.0,660.82
1964.0,626.35
1965.0,590.3
1966.0,529.66
1967.0,513.92
1968.0,485.39
1969.0,496.44
1970.0,495.77
1971.0,497.15
1972.0,480.32
1973.0,482.93
1974.0,519.44
1975.0,538.43
1976.0,349.88
1977.0,169.22
1978.0,127.59
1979.0,118.53
1980.0,128.0
1981.0,138.37
1982.0,168.98
1983.0,235.58
1984.0,359.23
1985.0,374.76
1986.0,585.28
1987.0,839.43
1988.0,798.44
1989.0,706.29
1990.0,589.16
1991.0,560.05
1992.0,531.94
1993.0,525.7
1994.0,523.59
1995.0,522.58
1996.0,521.67
1997.0,522.55
1998.0,541.98
1999.0,525.57
2000.0,328.47
2001.0,153.83
2002.0,105.46
2003.0,120.11
2004.0,103.4
2005.0,118.51
2006.0,139.33
2007.0,259.95
2008.0,305.51
2009.0,301.61
2010.0,400.4
2011.0,644.96
2012.0,638.59
2013.0,572.79
2014.0,491.88
2015.0,455.21
2016.0,494.94
2017.0,515.32
2018.0,524.09
2019.0,536.7
2020.0,544.26
2021.0,572.95
2022.0,609.91
2023.0,554.08
2024.0,232.57
2025.0,110.51
2026.0,89.95
2027.0,94.17
2028.0,101.01
2029.0,135.29
2030.0,187.58
2031.0,263.11
2032.0,309.97
2033.0,289.16
2034.0,325.73
2035.0,590.99
2036.0,576.44
2037.0,524.06
2038.0,368.21
2039.0,356.04
2040.0,375.25
2041.0,359.98
2042.0,316.02
2043.0,323.58
2044.0,294.24
2045.0,262.28
2046.0,299.03
2047.0,295.01
2048.0,204.1
2049.0,97.36
2050.0,84.38
2051.0,91.7
2052.0,91.48
2053.0,126.0
2054.0,144.05
2055.0,190.18
2056.0,188.26
2057.0,207.99
2058.0,178.8
2059.0,215.94
2060.0,215.77
2061.0,171.68
2062.0,134.38
2063.0,105.66
2064.0,74.6
2065.0,46.36
2066.0,38.08
2067.0,30.25
2068.0,24.19
2069.0,21.75
2070.0,27.22
2071.0,30.77
2072.0,25.62
2073.0,19.96
2074.0,20.77
2075.0,12.73
2076.0,14.47
2077.0,20.12
2078.0,25.84
2079.0,31.63
2080.0,45.43
2081.0,52.66
2082.0,100.43
2083.0,227.07
2084.0,276.35
2085.0,256.84
2086.0,226.25
2087.0,219.93
2088.0,402.14
2089.0,341.46
2090.0,329.33
2091.0,347.61
2092.0,398.61
2093.0,397.37
2094.0,398.42
2095.0,359.57
2096.0,222.19
2097.0,161.42
2098.0,117.43
2099.0,105.68
2100.0,104.53
2101.0,93.85
2102.0,106.0
2103.0,100.17
2104.0,104.98
2105.0,90.46
2106.0,117.78
2107.0,173.64
2108.0,161.4
2109.0,144.43
2110.0,105.85
2111.0,100.11
2112.0,101.11
2113.0,107.75
2114.0,98.78
2115.0,87.17
2116.0,78.66
2117.0,88.72
2118.0,146.04
2119.0,176.49
2120.0,118.77
2121.0,118.64
2122.0,84.18
2123.0,66.13
2124.0,58.01
2125.0,59.76
2126.0,59.34
2127.0,57.31
2128.0,57.64
2129.0,59.86
2130.0,134.15
2131.0,211.89
2132.0,251.34
2133.0,212.0
2134.0,185.53
2135.0,149.96
2136.0,144.02
2137.0,123.62
2138.0,131.97
2139.0,115.96
2140.0,104.61
2141.0,108.46
2142.0,173.78
2143.0,227.07
2144.0,139.02
2145.0,65.53
2146.0,71.86
2147.0,70.19
2148.0,76.47
2149.0,89.01
2150.0,107.82
2151.0,138.49
2152.0,175.75
2153.0,165.51
2154.0,304.23
2155.0,636.98
2156.0,610.98
2157.0,371.15
2158.0,208.85
2159.0,163.83
2160.0,112.87
2161.0,102.86
2162.0,88.37
2163.0,75.5
2164.0,53.47
2165.0,61.8
2166.0,87.71
2167.0,96.72
2168.0,82.82
2169.0,67.18
2170.0,74.43
2171.0,75.67
2172.0,81.27
2173.0,78.71
2174.0,86.84
2175.0,102.8
2176.0,110.93
2177.0,130.4
2178.0,150.88
2179.0,209.2
2180.0,208.19
2181.0,136.5
2182.0,98.41
2183.0,62.91
2184.0,59.37
2185.0,80.0
2186.0,76.9
2187.0,90.49
2188.0,98.51
2189.0,106.78
2190.0,122.66
2191.0,167.82
2192.0,110.38
2193.0,48.97
2194.0,38.95
2195.0,31.26
2196.0,36.07
2197.0,42.73
2198.0,41.61
2199.0,50.07
2200.0,69.22
2201.0,72.0
2202.0,158.71
2203.0,278.36
2204.0,279.63
2205.0,157.37
2206.0,128.0
2207.0,112.11
2208.0,77.89
2209.0,72.28
2210.0,82.68
2211.0,78.32
2212.0,81.52
2213.0,108.54
2214.0,190.57
2215.0,176.33
2216.0,65.43
2217.0,15.45
2218.0,13.26
2219.0,13.36
2220.0,12.94
2221.0,15.73
2222.0,19.94
2223.0,29.74
2224.0,29.12
2225.0,31.89
2226.0,51.08
2227.0,88.15
2228.0,89.77
2229.0,69.94
2230.0,36.2
2231.0,29.48
2232.0,32.49
2233.0,34.05
2234.0,33.88
2235.0,35.26
2236.0,40.01
2237.0,41.54
2238.0,60.65
2239.0,64.85
2240.0,54.17
2241.0,50.38
2242.0,83.48
2243.0,76.09
2244.0,72.46
2245.0,62.15
2246.0,56.83
2247.0,42.53
2248.0,43.55
2249.0,49.37
2250.0,61.59
2251.0,96.06
2252.0,93.45
2253.0,76.71
2254.0,50.56
2255.0,44.46
2256.0,22.67
2257.0,23.7
2258.0,26.4
2259.0,26.45
2260.0,26.24
2261.0,32.52
2262.0,35.24
2263.0,36.72
2264.0,31.76
2265.0,24.2
2266.0,20.72
2267.0,20.06
2268.0,18.91
2269.0,16.71
2270.0,16.31
2271.0,14.82
2272.0,15.38
2273.0,16.54
2274.0,19.99
2275.0,28.42
2276.0,23.9
2277.0,19.04
2278.0,15.85
2279.0,9.55
2280.0,7.47
2281.0,4.97
2282.0,5.79
2283.0,8.9
2284.0,11.24
2285.0,16.95
2286.0,24.87
2287.0,29.99
2288.0,24.43
2289.0,26.14
2290.0,23.91
2291.0,22.54
2292.0,26.12
2293.0,27.52
2294.0,36.81
2295.0,39.82
2296.0,40.36
2297.0,40.92
2298.0,44.32
2299.0,73.16
2300.0,58.49
2301.0,37.66
2302.0,24.53
2303.0,18.63
2304.0,9.93
2305.0,8.52
2306.0,7.1
2307.0,8.43
2308.0,12.08
2309.0,15.77
2310.0,26.53
2311.0,22.25
2312.0,19.57
2313.0,22.29
2314.0,22.26
2315.0,23.31
2316.0,27.19
2317.0,40.37
2318.0,49.08
2319.0,68.45
2320.0,76.01
2321.0,69.6
2322.0,68.13
2323.0,82.11
2324.0,75.99
2325.0,52.77
2326.0,43.39
2327.0,33.4
2328.0,25.06
2329.0,23.23
2330.0,21.79
2331.0,22.38
2332.0,23.63
2333.0,24.46
2334.0,41.79
2335.0,47.51
2336.0,25.19
2337.0,27.59
2338.0,27.94
2339.0,36.12
2340.0,45.0
2341.0,76.82
2342.0,170.33
2343.0,268.25
2344.0,308.29
2345.0,278.81
2346.0,243.18
2347.0,161.59
2348.0,122.2
2349.0,80.47
2350.0,58.3
2351.0,42.79
2352.0,21.3
2353.0,22.23
2354.0,22.51
2355.0,21.23
2356.0,17.99
2357.0,19.44
2358.0,28.84
2359.0,27.72
2360.0,23.16
2361.0,21.57
2362.0,22.7
2363.0,24.91
2364.0,30.52
2365.0,33.46
2366.0,40.89
2367.0,35.57
2368.0,32.65
2369.0,30.8
2370.0,31.13
2371.0,35.09
2372.0,38.08
2373.0,29.95
2374.0,22.09
2375.0,19.57
2376.0,16.59
2377.0,14.57
2378.0,14.0
2379.0,13.45
2380.0,13.15
2381.0,14.19
2382.0,17.14
2383.0,18.32
2384.0,18.21
2385.0,18.29
2386.0,18.13
2387.0,17.18
2388.0,18.86
2389.0,18.81
2390.0,19.34
2391.0,19.37
2392.0,20.27
2393.0,19.84
2394.0,22.12
2395.0,22.63
2396.0,24.38
2397.0,17.87
2398.0,13.97
2399.0,11.48
2400.0,5.89
2401.0,3.81
2402.0,3.61
2403.0,4.68
2404.0,4.45
2405.0,8.83
2406.0,11.59
2407.0,13.56
2408.0,13.83
2409.0,13.8
2410.0,13.31
2411.0,14.11
2412.0,14.51
2413.0,15.31
2414.0,15.51
2415.0,14.88
2416.0,14.65
2417.0,17.42
2418.0,19.52
2419.0,22.2
2420.0,20.61
2421.0,17.27
2422.0,13.36
2423.0,10.28
2424.0,13.14
2425.0,11.31
2426.0,11.24
2427.0,10.82
2428.0,10.24
2429.0,10.32
2430.0,11.6
2431.0,11.91
2432.0,9.02
2433.0,12.22
2434.0,9.62
2435.0,2.95
2436.0,1.79
2437.0,1.56
2438.0,1.91
2439.0,2.59
2440.0,3.79
2441.0,4.09
2442.0,8.46
2443.0,7.49
2444.0,5.44
2445.0,4.34
2446.0,4.17
2447.0,2.48
2448.0,7.58
2449.0,7.26
2450.0,7.57
2451.0,7.83
2452.0,9.95
2453.0,16.11
2454.0,20.85
2455.0,27.58
2456.0,21.58
2457.0,23.46
2458.0,22.13
2459.0,23.17
2460.0,24.72
2461.0,23.04
2462.0,23.95
2463.0,24.73
2464.0,26.09
2465.0,26.35
2466.0,23.23
2467.0,31.1
2468.0,33.59
2469.0,24.71
2470.0,15.49
2471.0,15.0
2472.0,11.16
2473.0,12.02
2474.0,12.17
2475.0,13.23
2476.0,15.89
2477.0,19.8
2478.0,24.84
2479.0,25.03
2480.0,27.89
2481.0,27.41
2482.0,24.69
2483.0,26.11
2484.0,23.77
2485.0,23.57
2486.0,24.27
2487.0,23.98
2488.0,28.23
2489.0,30.94
2490.0,28.59
2491.0,40.26
2492.0,48.67
2493.0,26.68
2494.0,20.58
2495.0,17.91
2496.0,18.06
2497.0,16.93
2498.0,16.43
2499.0,16.51
2500.0,17.9
2501.0,20.45
2502.0,41.1
2503.0,40.87
2504.0,38.86
2505.0,37.75
2506.0,27.88
2507.0,25.16
2508.0,23.8
2509.0,25.4
2510.0,24.99
2511.0,26.27
2512.0,27.98
2513.0,32.0
2514.0,40.57
2515.0,51.26
2516.0,28.53
2517.0,11.49
2518.0,7.53
2519.0,5.04
2520.0,1.9
2521.0,0.35
2522.0,0.05
2523.0,1.63
2524.0,2.03
2525.0,2.05
2526.0,4.45
2527.0,7.03
2528.0,7.52
2529.0,7.14
2530.0,6.56
2531.0,5.2
2532.0,5.94
2533.0,9.03
2534.0,6.25
2535.0,8.11
2536.0,12.14
2537.0,17.52
2538.0,22.41
2539.0,34.14
2540.0,15.47
2541.0,6.16
2542.0,3.11
2543.0,2.55
2544.0,-2.01
2545.0,-1.6
2546.0,-1.46
2547.0,0.32
2548.0,1.87
2549.0,5.2
2550.0,11.43
2551.0,11.12
2552.0,15.15
2553.0,17.64
2554.0,19.99
2555.0,21.73
2556.0,23.82
2557.0,25.18
2558.0,30.95
2559.0,31.51
2560.0,30.69
2561.0,32.3
2562.0,39.13
2563.0,44.29
2564.0,38.39
2565.0,25.27
2566.0,20.36
2567.0,16.57
2568.0,13.33
2569.0,11.7
2570.0,11.27
2571.0,11.21
2572.0,12.41
2573.0,13.73
2574.0,15.81
2575.0,17.84
2576.0,21.44
2577.0,22.82
2578.0,20.11
2579.0,19.16
2580.0,18.06
2581.0,17.87
2582.0,15.35
2583.0,16.4
2584.0,20.04
2585.0,19.37
2586.0,23.91
2587.0,27.13
2588.0,15.51
2589.0,11.32
2590.0,4.19
2591.0,3.74
2592.0,0.82
2593.0,0.75
2594.0,0.7
2595.0,1.09
2596.0,2.08
2597.0,3.69
2598.0,9.04
2599.0,10.12
2600.0,11.34
2601.0,12.8
2602.0,12.94
2603.0,13.53
2604.0,16.2
2605.0,20.13
2606.0,20.67
2607.0,27.25
2608.0,41.18
2609.0,49.72
2610.0,64.78
2611.0,79.7
2612.0,47.4
2613.0,28.2
2614.0,19.02
2615.0,15.62
2616.0,14.9
2617.0,13.1
2618.0,13.52
2619.0,13.67
2620.0,14.58
2621.0,16.68
2622.0,21.51
2623.0,21.29
2624.0,22.54
2625.0,23.57
2626.0,23.78
2627.0,26.4
2628.0,31.23
2629.0,41.0
2630.0,52.91
2631.0,70.01
2632.0,104.0
2633.0,87.88
2634.0,68.36
2635.0,56.58
2636.0,35.13
2637.0,25.38
2638.0,16.78
2639.0,14.15
2640.0,13.98
2641.0,13.12
2642.0,12.91
2643.0,13.91
2644.0,15.03
2645.0,16.3
2646.0,19.84
2647.0,20.52
2648.0,22.29
2649.0,24.27
2650.0,22.89
2651.0,23.95
2652.0,22.71
2653.0,26.05
2654.0,31.32
2655.0,36.89
2656.0,39.86
2657.0,40.79
2658.0,39.18
2659.0,42.69
2660.0,27.43
2661.0,15.95
2662.0,9.79
2663.0,8.16
2664.0,2.44
2665.0,2.48
2666.0,3.03
2667.0,3.7
2668.0,4.81
2669.0,6.13
2670.0,10.89
2671.0,7.63
2672.0,6.5
2673.0,5.24
2674.0,5.06
2675.0,6.61
2676.0,7.89
2677.0,7.85
2678.0,8.36
2679.0,10.48
2680.0,12.69
2681.0,12.96
2682.0,16.22
2683.0,42.67
2684.0,42.09
2685.0,22.73
2686.0,11.48
2687.0,11.27
2688.0,16.49
2689.0,16.13
2690.0,14.96
2691.0,15.95
2692.0,16.57
2693.0,18.4
2694.0,21.98
2695.0,23.9
2696.0,27.06
2697.0,29.37
2698.0,30.58
2699.0,33.04
2700.0,35.44
2701.0,42.67
2702.0,59.94
2703.0,77.19
2704.0,90.07
2705.0,89.11
2706.0,72.71
2707.0,56.24
2708.0,37.4
2709.0,28.57
2710.0,22.6
2711.0,12.75
2712.0,4.95
2713.0,4.04
2714.0,4.37
2715.0,6.51
2716.0,6.96
2717.0,8.29
2718.0,12.3
2719.0,14.02
2720.0,16.43
2721.0,17.46
2722.0,17.73
2723.0,19.03
2724.0,17.7
2725.0,17.81
2726.0,21.83
2727.0,23.27
2728.0,40.43
2729.0,38.77
2730.0,29.06
2731.0,26.8
2732.0,26.37
2733.0,20.99
2734.0,16.62
2735.0,14.8
2736.0,11.74
2737.0,11.07
2738.0,11.83
2739.0,13.0
2740.0,13.01
2741.0,13.72
2742.0,14.27
2743.0,15.68
2744.0,16.33
2745.0,16.51
2746.0,18.51
2747.0,20.09
2748.0,23.95
2749.0,23.66
2750.0,30.5
2751.0,38.34
2752.0,38.07
2753.0,33.04
2754.0,30.31
2755.0,30.37
2756.0,24.06
2757.0,21.18
2758.0,18.79
2759.0,16.2
2760.0,16.53
2761.0,14.37
2762.0,13.29
2763.0,15.37
2764.0,14.47
2765.0,14.62
2766.0,14.96
2767.0,13.7
2768.0,13.83
2769.0,15.04
2770.0,14.76
2771.0,15.59
2772.0,17.25
2773.0,16.87
2774.0,16.44
2775.0,20.29
2776.0,18.26
2777.0,16.35
2778.0,27.29
2779.0,15.77
2780.0,17.11
2781.0,11.51
2782.0,10.31
2783.0,7.79
2784.0,2.75
2785.0,1.08
2786.0,-0.03
2787.0,0.53
2788.0,2.49
2789.0,2.54
2790.0,3.82
2791.0,3.89
2792.0,3.45
2793.0,14.49
2794.0,14.31
2795.0,16.03
2796.0,21.44
2797.0,33.11
2798.0,37.08
2799.0,35.31
2800.0,55.92
2801.0,44.57
2802.0,41.37
2803.0,62.45
2804.0,44.88
2805.0,33.24
2806.0,25.99
2807.0,18.42
2808.0,14.34
2809.0,12.05
2810.0,6.75
2811.0,7.33
2812.0,7.75
2813.0,9.88
2814.0,21.48
2815.0,15.83
2816.0,23.49
2817.0,32.22
2818.0,34.86
2819.0,51.63
2820.0,38.62
2821.0,44.07
2822.0,54.4
2823.0,61.08
2824.0,89.44
2825.0,83.03
2826.0,90.21
2827.0,122.31
2828.0,118.96
2829.0,98.41
2830.0,74.46
2831.0,63.29
2832.0,21.19
2833.0,17.55
2834.0,8.65
2835.0,5.42
2836.0,5.66
2837.0,4.89
2838.0,9.7
2839.0,7.2
2840.0,6.44
2841.0,15.59
2842.0,12.19
2843.0,16.15
2844.0,18.3
2845.0,14.2
2846.0,26.41
2847.0,37.82
2848.0,46.05
2849.0,50.09
2850.0,53.03
2851.0,76.64
2852.0,97.9
2853.0,85.34
2854.0,75.91
2855.0,64.48
2856.0,41.52
2857.0,32.51
2858.0,19.09
2859.0,17.25
2860.0,17.37
2861.0,16.84
2862.0,31.21
2863.0,19.71
2864.0,18.26
2865.0,20.67
2866.0,19.25
2867.0,20.44
2868.0,26.87
2869.0,29.07
2870.0,30.22
2871.0,41.06
2872.0,39.21
2873.0,41.1
2874.0,63.56
2875.0,82.06
2876.0,106.1
2877.0,71.82
2878.0,44.52
2879.0,34.05
2880.0,7.94
2881.0,6.4
2882.0,5.37
2883.0,5.75
2884.0,5.09
2885.0,6.55
2886.0,6.18
2887.0,5.75
2888.0,2.62
2889.0,7.76
2890.0,14.57
2891.0,10.85
2892.0,18.2
2893.0,26.24
2894.0,29.31
2895.0,53.08
2896.0,74.74
2897.0,62.24
2898.0,60.85
2899.0,67.49
2900.0,55.83
2901.0,42.89
2902.0,23.66
2903.0,19.22
2904.0,19.28
2905.0,14.37
2906.0,9.95
2907.0,7.07
2908.0,11.28
2909.0,8.99
2910.0,9.33
2911.0,11.21
2912.0,12.78
2913.0,15.42
2914.0,17.85
2915.0,20.04
2916.0,26.07
2917.0,39.18
2918.0,57.08
2919.0,67.55
2920.0,63.75
2921.0,56.61
2922.0,60.5
2923.0,70.13
2924.0,50.07
2925.0,44.92
2926.0,40.88
2927.0,27.28
2928.0,29.39
2929.0,24.96
2930.0,18.21
2931.0,9.35
2932.0,9.75
2933.0,12.56
2934.0,14.96
2935.0,16.67
2936.0,16.22
2937.0,18.72
2938.0,21.12
2939.0,25.21
2940.0,32.86
2941.0,69.03
2942.0,89.36
2943.0,140.29
2944.0,174.28
2945.0,125.01
2946.0,64.54
2947.0,57.29
2948.0,50.21
2949.0,38.82
2950.0,49.12
2951.0,42.73
2952.0,18.63
2953.0,18.07
2954.0,10.52
2955.0,6.81
2956.0,6.85
2957.0,8.68
2958.0,13.37
2959.0,14.74
2960.0,13.8
2961.0,17.35
2962.0,20.51
2963.0,26.41
2964.0,40.77
2965.0,89.88
2966.0,88.32
2967.0,128.1
2968.0,152.61
2969.0,155.3
2970.0,109.24
2971.0,121.58
2972.0,104.38
2973.0,58.2
2974.0,38.98
2975.0,30.63
2976.0,14.49
2977.0,15.15
2978.0,13.2
2979.0,11.15
2980.0,6.35
2981.0,7.18
2982.0,8.15
2983.0,5.89
2984.0,12.91
2985.0,7.4
2986.0,8.91
2987.0,10.07
2988.0,14.7
2989.0,24.13
2990.0,30.38
2991.0,32.28
2992.0,41.03
2993.0,46.12
2994.0,40.79
2995.0,40.68
2996.0,45.59
2997.0,36.44
2998.0,30.54
2999.0,32.9
3000.0,25.21
3001.0,20.2
3002.0,18.93
3003.0,17.66
3004.0,19.39
3005.0,22.21
3006.0,18.6
3007.0,19.15
3008.0,17.63
3009.0,19.13
3010.0,19.98
3011.0,22.56
3012.0,25.02
3013.0,28.35
3014.0,33.1
3015.0,45.49
3016.0,46.05
3017.0,41.33
3018.0,36.93
3019.0,34.56
3020.0,24.5
3021.0,19.55
3022.0,14.51
3023.0,10.6
3024.0,10.06
3025.0,4.47
3026.0,4.67
3027.0,4.27
3028.0,4.9
3029.0,4.89
3030.0,6.85
3031.0,10.77
3032.0,9.13
3033.0,13.17
3034.0,7.93
3035.0,7.31
3036.0,12.0
3037.0,18.57
3038.0,19.81
3039.0,26.8
3040.0,50.81
3041.0,33.69
3042.0,55.72
3043.0,43.56
3044.0,28.61
3045.0,27.71
3046.0,17.77
3047.0,13.68
3048.0,10.07
3049.0,8.16
3050.0,5.45
3051.0,5.0
3052.0,5.69
3053.0,4.88
3054.0,5.34
3055.0,6.14
3056.0,4.58
3057.0,4.37
3058.0,4.79
3059.0,5.08
3060.0,5.41
3061.0,12.84
3062.0,16.45
3063.0,19.82
3064.0,26.32
3065.0,28.28
3066.0,26.22
3067.0,27.18
3068.0,33.65
3069.0,27.32
3070.0,25.55
3071.0,21.94
3072.0,20.12
3073.0,17.23
3074.0,16.07
3075.0,15.35
3076.0,14.85
3077.0,15.04
3078.0,13.85
3079.0,16.87
3080.0,18.38
3081.0,17.37
3082.0,19.63
3083.0,20.32
3084.0,22.55
3085.0,23.54
3086.0,28.39
3087.0,31.1
3088.0,38.88
3089.0,42.89
3090.0,47.69
3091.0,62.41
3092.0,59.5
3093.0,51.07
3094.0,34.13
3095.0,25.61
3096.0,26.25
3097.0,24.21
3098.0,22.5
3099.0,24.17
3100.0,24.72
3101.0,25.65
3102.0,23.67
3103.0,16.61
3104.0,16.47
3105.0,17.35
3106.0,19.04
3107.0,17.68
3108.0,18.72
3109.0,19.35
3110.0,21.09
3111.0,26.72
3112.0,34.9
3113.0,35.45
3114.0,31.99
3115.0,39.4
3116.0,41.52
3117.0,33.17
3118.0,33.44
3119.0,21.42
3120.0,12.33
3121.0,12.62
3122.0,12.13
3123.0,11.83
3124.0,11.98
3125.0,14.07
3126.0,16.22
3127.0,17.42
3128.0,14.1
3129.0,12.19
3130.0,11.19
3131.0,15.29
3132.0,15.45
3133.0,11.21
3134.0,14.02
3135.0,25.2
3136.0,29.69
3137.0,27.94
3138.0,25.72
3139.0,29.78
3140.0,45.98
3141.0,45.0
3142.0,30.13
3143.0,14.88
3144.0,14.1
3145.0,12.75
3146.0,14.63
3147.0,15.99
3148.0,16.78
3149.0,19.38
3150.0,19.14
3151.0,18.45
3152.0,17.64
3153.0,17.31
3154.0,16.86
3155.0,21.03
3156.0,25.72
3157.0,28.04
3158.0,34.04
3159.0,43.53
3160.0,44.3
3161.0,37.7
3162.0,45.74
3163.0,56.9
3164.0,56.89
3165.0,50.04
3166.0,29.6
3167.0,31.66
3168.0,17.16
3169.0,11.88
3170.0,11.7
3171.0,11.14
3172.0,11.2
3173.0,13.59
3174.0,11.23
3175.0,9.97
3176.0,20.91
3177.0,27.85
3178.0,23.27
3179.0,26.51
3180.0,29.61
3181.0,41.58
3182.0,44.47
3183.0,57.92
3184.0,47.46
3185.0,42.37
3186.0,55.63
3187.0,58.16
3188.0,35.86
3189.0,29.2
3190.0,26.69
3191.0,20.87
3192.0,13.47
3193.0,9.15
3194.0,7.86
3195.0,8.66
3196.0,10.53
3197.0,11.45
3198.0,10.31
3199.0,15.81
3200.0,17.0
3201.0,8.83
3202.0,16.73
3203.0,19.21
3204.0,25.11
3205.0,35.99
3206.0,55.41
3207.0,57.78
3208.0,62.54
3209.0,44.45
3210.0,33.32
3211.0,37.71
3212.0,28.98
3213.0,23.02
3214.0,20.88
3215.0,18.03
3216.0,16.08
3217.0,13.54
3218.0,9.06
3219.0,10.03
3220.0,12.57
3221.0,13.48
3222.0,14.45
3223.0,16.17
3224.0,16.41
3225.0,16.4
3226.0,17.81
3227.0,19.62
3228.0,24.08
3229.0,28.51
3230.0,39.22
3231.0,53.45
3232.0,62.63
3233.0,42.14
3234.0,81.15
3235.0,72.65
3236.0,86.28
3237.0,61.92
3238.0,47.51
3239.0,33.4
3240.0,20.77
3241.0,18.15
3242.0,16.89
3243.0,16.43
3244.0,17.09
3245.0,17.3
3246.0,20.05
3247.0,19.88
3248.0,19.96
3249.0,22.14
3250.0,22.59
3251.0,23.97
3252.0,28.58
3253.0,30.68
3254.0,36.84
3255.0,39.99
3256.0,42.21
3257.0,44.35
3258.0,36.11
3259.0,38.85
3260.0,36.82
3261.0,30.71
3262.0,25.95
3263.0,24.18
3264.0,15.74
3265.0,13.85
3266.0,13.25
3267.0,12.59
3268.0,12.46
3269.0,12.69
3270.0,14.06
3271.0,14.2
3272.0,15.27
3273.0,17.65
3274.0,19.17
3275.0,19.95
3276.0,23.01
3277.0,27.72
3278.0,33.62
3279.0,45.22
3280.0,59.5
3281.0,52.83
3282.0,36.16
3283.0,34.07
3284.0,31.28
3285.0,23.12
3286.0,19.92
3287.0,16.58
3288.0,12.12
3289.0,8.67
3290.0,6.45
3291.0,6.48
3292.0,7.52
3293.0,11.04
3294.0,12.86
3295.0,13.77
3296.0,14.6
3297.0,15.61
3298.0,17.07
3299.0,18.4
3300.0,20.83
3301.0,26.83
3302.0,34.53
3303.0,48.24
3304.0,85.87
3305.0,52.24
3306.0,35.29
3307.0,29.11
3308.0,23.16
3309.0,16.78
3310.0,15.47
3311.0,13.58
3312.0,11.55
3313.0,11.59
3314.0,10.69
3315.0,9.79
3316.0,11.05
3317.0,13.17
3318.0,13.77
3319.0,13.85
3320.0,15.29
3321.0,16.67
3322.0,18.42
3323.0,21.01
3324.0,24.83
3325.0,40.07
3326.0,50.61
3327.0,99.95
3328.0,160.84
3329.0,95.22
3330.0,39.8
3331.0,35.16
3332.0,29.6
3333.0,20.22
3334.0,17.64
3335.0,14.93
3336.0,13.65
3337.0,13.11
3338.0,13.77
3339.0,12.22
3340.0,13.2
3341.0,13.66
3342.0,15.82
3343.0,16.1
3344.0,16.18
3345.0,16.87
3346.0,18.51
3347.0,20.1
3348.0,22.51
3349.0,30.98
3350.0,36.57
3351.0,42.12
3352.0,49.2
3353.0,36.92
3354.0,28.75
3355.0,27.65
3356.0,23.94
3357.0,20.47
3358.0,14.99
3359.0,15.52
3360.0,13.84
3361.0,12.24
3362.0,13.41
3363.0,12.77
3364.0,13.6
3365.0,13.78
3366.0,15.9
3367.0,15.28
3368.0,15.55
3369.0,16.3
3370.0,16.85
3371.0,18.25
3372.0,20.43
3373.0,26.35
3374.0,28.98
3375.0,35.94
3376.0,38.74
3377.0,24.03
3378.0,20.97
3379.0,19.0
3380.0,17.39
3381.0,17.06
3382.0,14.57
3383.0,13.86
3384.0,11.86
3385.0,11.85
3386.0,5.1
3387.0,7.99
3388.0,10.18
3389.0,13.66
3390.0,15.6
3391.0,14.77
3392.0,14.59
3393.0,15.2
3394.0,15.71
3395.0,17.71
3396.0,21.04
3397.0,26.34
3398.0,32.23
3399.0,41.78
3400.0,41.89
3401.0,25.93
3402.0,20.82
3403.0,17.54
3404.0,15.75
3405.0,16.06
3406.0,14.76
3407.0,13.16
3408.0,13.08
3409.0,11.97
3410.0,10.28
3411.0,10.0
3412.0,9.95
3413.0,11.21
3414.0,5.9
3415.0,13.33
3416.0,12.99
3417.0,13.43
3418.0,15.18
3419.0,10.46
3420.0,10.8
3421.0,11.85
3422.0,17.5
3423.0,21.03
3424.0,24.48
3425.0,13.44
3426.0,13.8
3427.0,14.18
3428.0,12.73
3429.0,14.56
3430.0,13.4
3431.0,12.17
3432.0,12.26
3433.0,10.68
3434.0,11.0
3435.0,5.83
3436.0,5.09
3437.0,10.56
3438.0,5.69
3439.0,5.55
3440.0,7.45
3441.0,8.47
3442.0,10.26
3443.0,10.18
3444.0,12.8
3445.0,14.62
3446.0,18.12
3447.0,23.62
3448.0,20.43
3449.0,20.79
3450.0,18.03
3451.0,14.88
3452.0,16.62
3453.0,14.42
3454.0,13.64
3455.0,12.31
3456.0,13.59
3457.0,13.68
3458.0,13.23
3459.0,14.56
3460.0,13.41
3461.0,13.25
3462.0,13.51
3463.0,12.35
3464.0,12.78
3465.0,14.64
3466.0,14.82
3467.0,15.66
3468.0,19.07
3469.0,20.16
3470.0,22.66
3471.0,26.07
3472.0,18.85
3473.0,17.17
3474.0,16.86
3475.0,16.67
3476.0,17.66
3477.0,16.96
3478.0,15.55
3479.0,14.56
3480.0,12.58
3481.0,11.78
3482.0,11.27
3483.0,10.95
3484.0,11.22
3485.0,12.72
3486.0,13.84
3487.0,14.33
3488.0,13.75
3489.0,14.24
3490.0,15.0
3491.0,16.22
3492.0,16.57
3493.0,19.13
3494.0,21.47
3495.0,25.1
3496.0,31.1
3497.0,28.11
3498.0,27.02
3499.0,26.07
3500.0,27.82
3501.0,21.29
3502.0,17.69
3503.0,15.43
3504.0,13.62
3505.0,11.16
3506.0,9.1
3507.0,8.4
3508.0,9.4
3509.0,11.82
3510.0,12.43
3511.0,13.29
3512.0,12.68
3513.0,14.05
3514.0,16.69
3515.0,18.84
3516.0,20.83
3517.0,24.95
3518.0,29.74
3519.0,43.82
3520.0,48.98
3521.0,35.48
3522.0,28.66
3523.0,26.04
3524.0,27.59
3525.0,24.12
3526.0,19.24
3527.0,16.93
3528.0,12.63
3529.0,11.54
3530.0,11.2
3531.0,11.5
3532.0,12.41
3533.0,13.57
3534.0,13.7
3535.0,14.09
3536.0,14.58
3537.0,15.8
3538.0,17.2
3539.0,17.68
3540.0,19.18
3541.0,22.33
3542.0,26.48
3543.0,32.84
3544.0,37.73
3545.0,28.45
3546.0,23.71
3547.0,24.1
3548.0,24.23
3549.0,21.71
3550.0,18.4
3551.0,15.45
3552.0,13.39
3553.0,12.68
3554.0,12.56
3555.0,12.31
3556.0,12.38
3557.0,13.38
3558.0,14.59
3559.0,14.37
3560.0,14.89
3561.0,15.4
3562.0,17.04
3563.0,18.66
3564.0,21.88
3565.0,26.75
3566.0,34.68
3567.0,40.77
3568.0,48.52
3569.0,31.77
3570.0,23.43
3571.0,21.0
3572.0,21.19
3573.0,18.68
3574.0,14.85
3575.0,13.34
3576.0,12.33
3577.0,11.74
3578.0,11.13
3579.0,10.9
3580.0,10.24
3581.0,10.11
3582.0,11.56
3583.0,11.83
3584.0,12.3
3585.0,13.14
3586.0,14.99
3587.0,15.86
3588.0,17.04
3589.0,23.65
3590.0,23.78
3591.0,39.81
3592.0,37.6
3593.0,26.93
3594.0,20.96
3595.0,18.34
3596.0,18.47
3597.0,17.41
3598.0,14.1
3599.0,13.38
3600.0,12.21
3601.0,11.62
3602.0,11.09
3603.0,10.95
3604.0,10.99
3605.0,10.54
3606.0,12.08
3607.0,12.67
3608.0,13.38
3609.0,15.63
3610.0,16.35
3611.0,18.11
3612.0,18.9
3613.0,24.6
3614.0,28.52
3615.0,34.65
3616.0,30.54
3617.0,22.17
3618.0,20.46
3619.0,18.41
3620.0,18.75
3621.0,16.97
3622.0,14.65
3623.0,13.43
3624.0,12.9
3625.0,11.9
3626.0,11.56
3627.0,11.5
3628.0,12.77
3629.0,12.91
3630.0,15.11
3631.0,15.98
3632.0,17.86
3633.0,18.8
3634.0,19.95
3635.0,20.75
3636.0,23.58
3637.0,24.15
3638.0,30.81
3639.0,37.31
3640.0,39.96
3641.0,23.12
3642.0,20.23
3643.0,19.51
3644.0,20.66
3645.0,20.59
3646.0,15.77
3647.0,13.7
3648.0,12.43
3649.0,11.48
3650.0,10.94
3651.0,10.57
3652.0,10.84
3653.0,11.58
3654.0,14.02
3655.0,14.42
3656.0,16.37
3657.0,17.84
3658.0,19.38
3659.0,20.83
3660.0,24.52
3661.0,27.75
3662.0,34.09
3663.0,40.47
3664.0,35.35
3665.0,26.12
3666.0,22.25
3667.0,19.54
3668.0,19.05
3669.0,17.78
3670.0,13.98
3671.0,13.02
3672.0,12.12
3673.0,10.61
3674.0,9.59
3675.0,9.41
3676.0,9.67
3677.0,11.48
3678.0,13.52
3679.0,13.89
3680.0,15.1
3681.0,16.26
3682.0,18.79
3683.0,22.07
3684.0,25.4
3685.0,32.85
3686.0,42.84
3687.0,63.95
3688.0,64.9
3689.0,38.16
3690.0,25.83
3691.0,23.54
3692.0,22.96
3693.0,19.48
3694.0,16.5
3695.0,13.9
3696.0,14.02
3697.0,12.85
3698.0,11.65
3699.0,10.27
3700.0,10.87
3701.0,12.13
3702.0,13.92
3703.0,15.7
3704.0,15.17
3705.0,16.84
3706.0,18.98
3707.0,22.97
3708.0,28.21
3709.0,37.02
3710.0,54.77
3711.0,82.12
3712.0,83.07
3713.0,41.74
3714.0,30.78
3715.0,27.26
3716.0,24.25
3717.0,21.8
3718.0,19.23
3719.0,15.65
3720.0,12.22
3721.0,12.03
3722.0,11.95
3723.0,11.3
3724.0,11.3
3725.0,13.04
3726.0,13.87
3727.0,15.15
3728.0,14.67
3729.0,16.0
3730.0,19.82
3731.0,24.5
3732.0,29.5
3733.0,34.7
3734.0,45.34
3735.0,52.72
3736.0,50.07
3737.0,32.14
3738.0,25.29
3739.0,21.3
3740.0,21.35
3741.0,19.6
3742.0,16.25
3743.0,14.58
3744.0,12.62
3745.0,12.15
3746.0,11.16
3747.0,10.64
3748.0,11.29
3749.0,12.1
3750.0,14.05
3751.0,14.79
3752.0,15.71
3753.0,17.37
3754.0,19.46
3755.0,21.49
3756.0,25.33
3757.0,25.22
3758.0,33.0
3759.0,47.47
3760.0,40.57
3761.0,27.57
3762.0,22.9
3763.0,22.22
3764.0,22.53
3765.0,19.02
3766.0,15.98
3767.0,13.92
3768.0,13.8
3769.0,13.17
3770.0,11.54
3771.0,11.68
3772.0,11.4
3773.0,11.42
3774.0,12.33
3775.0,13.1
3776.0,14.51
3777.0,15.87
3778.0,18.08
3779.0,19.35
3780.0,24.71
3781.0,25.01
3782.0,34.24
3783.0,47.38
3784.0,54.73
3785.0,44.31
3786.0,29.54
3787.0,27.39
3788.0,26.82
3789.0,22.21
3790.0,17.11
3791.0,14.83
3792.0,12.2
3793.0,11.32
3794.0,10.44
3795.0,10.44
3796.0,10.81
3797.0,11.14
3798.0,12.32
3799.0,13.09
3800.0,14.79
3801.0,17.53
3802.0,20.14
3803.0,25.72
3804.0,31.2
3805.0,50.97
3806.0,165.75
3807.0,258.74
3808.0,256.07
3809.0,128.84
3810.0,44.49
3811.0,31.14
3812.0,27.57
3813.0,21.71
3814.0,18.18
3815.0,15.22
3816.0,10.73
3817.0,10.98
3818.0,10.31
3819.0,12.58
3820.0,6.68
3821.0,7.58
3822.0,13.47
3823.0,11.67
3824.0,8.53
3825.0,8.45
3826.0,9.15
3827.0,10.64
3828.0,11.6
3829.0,16.01
3830.0,22.76
3831.0,46.14
3832.0,60.4
3833.0,35.17
3834.0,27.13
3835.0,27.44
3836.0,27.52
3837.0,21.28
3838.0,16.78
3839.0,15.78
3840.0,13.94
3841.0,12.31
3842.0,11.26
3843.0,10.76
3844.0,10.69
3845.0,11.37
3846.0,13.11
3847.0,13.1
3848.0,13.62
3849.0,14.96
3850.0,16.93
3851.0,19.48
3852.0,24.06
3853.0,23.32
3854.0,26.4
3855.0,39.24
3856.0,46.05
3857.0,39.8
3858.0,27.83
3859.0,28.39
3860.0,24.52
3861.0,20.0
3862.0,15.87
3863.0,13.86
3864.0,12.34
3865.0,10.14
3866.0,8.32
3867.0,6.97
3868.0,5.97
3869.0,8.33
3870.0,11.47
3871.0,11.89
3872.0,12.1
3873.0,12.82
3874.0,14.71
3875.0,16.79
3876.0,18.54
3877.0,20.86
3878.0,24.57
3879.0,28.96
3880.0,31.03
3881.0,24.74
3882.0,21.43
3883.0,20.13
3884.0,19.85
3885.0,18.35
3886.0,14.15
3887.0,12.51
3888.0,10.57
3889.0,8.1
3890.0,5.35
3891.0,4.44
3892.0,5.05
3893.0,6.21
3894.0,11.18
3895.0,12.15
3896.0,12.13
3897.0,14.94
3898.0,17.01
3899.0,18.83
3900.0,24.65
3901.0,25.86
3902.0,28.99
3903.0,37.27
3904.0,37.54
3905.0,26.64
3906.0,20.87
3907.0,20.13
3908.0,20.19
3909.0,17.47
3910.0,14.03
3911.0,12.34
3912.0,12.25
3913.0,10.86
3914.0,9.52
3915.0,7.83
3916.0,6.89
3917.0,8.29
3918.0,9.45
3919.0,11.13
3920.0,11.83
3921.0,13.19
3922.0,15.29
3923.0,17.64
3924.0,19.67
3925.0,20.75
3926.0,24.16
3927.0,31.92
3928.0,31.38
3929.0,23.03
3930.0,20.59
3931.0,19.64
3932.0,19.78
3933.0,17.27
3934.0,13.27
3935.0,11.92
3936.0,11.39
3937.0,10.65
3938.0,9.17
3939.0,7.42
3940.0,6.02
3941.0,6.2
3942.0,9.31
3943.0,10.89
3944.0,11.91
3945.0,13.97
3946.0,15.67
3947.0,19.26
3948.0,19.87
3949.0,21.93
3950.0,27.26
3951.0,32.51
3952.0,34.9
3953.0,26.55
3954.0,22.29
3955.0,19.98
3956.0,19.97
3957.0,18.31
3958.0,13.67
3959.0,12.0
3960.0,12.1
3961.0,11.45
3962.0,11.05
3963.0,10.37
3964.0,11.02
3965.0,12.89
3966.0,14.75
3967.0,13.97
3968.0,14.22
3969.0,15.75
3970.0,17.47
3971.0,19.25
3972.0,21.32
3973.0,26.36
3974.0,31.29
3975.0,38.61
3976.0,33.92
3977.0,24.63
3978.0,21.43
3979.0,19.89
3980.0,19.11
3981.0,18.32
3982.0,14.53
3983.0,13.06
3984.0,12.99
3985.0,11.37
3986.0,11.55
3987.0,11.37
3988.0,12.01
3989.0,13.41
3990.0,14.57
3991.0,14.36
3992.0,12.4
3993.0,14.72
3994.0,16.41
3995.0,16.26
3996.0,20.62
3997.0,23.78
3998.0,24.11
3999.0,28.61
4000.0,27.67
4001.0,21.72
4002.0,19.01
4003.0,19.03
4004.0,18.21
4005.0,17.64
4006.0,15.0
4007.0,13.45
4008.0,10.81
4009.0,9.73
4010.0,8.67
4011.0,7.79
4012.0,7.83
4013.0,8.94
4014.0,9.29
4015.0,11.61
4016.0,8.4
4017.0,9.79
4018.0,12.01
4019.0,10.92
4020.0,13.42
4021.0,15.59
4022.0,18.5
4023.0,25.36
4024.0,25.95
4025.0,19.96
4026.0,18.69
4027.0,18.49
4028.0,16.12
4029.0,14.7
4030.0,13.33
4031.0,11.61
4032.0,11.18
4033.0,10.19
4034.0,8.78
4035.0,6.9
4036.0,6.57
4037.0,7.94
4038.0,10.5
4039.0,10.78
4040.0,8.89
4041.0,8.78
4042.0,10.69
4043.0,12.64
4044.0,16.21
4045.0,22.89
4046.0,24.54
4047.0,32.95
4048.0,33.5
4049.0,21.14
4050.0,18.46
4051.0,15.04
4052.0,14.41
4053.0,14.5
4054.0,13.36
4055.0,12.41
4056.0,11.64
4057.0,11.03
4058.0,10.46
4059.0,10.3
4060.0,10.57
4061.0,11.66
4062.0,13.7
4063.0,12.25
4064.0,12.93
4065.0,14.22
4066.0,15.85
4067.0,20.31
4068.0,20.91
4069.0,23.73
4070.0,27.26
4071.0,33.57
4072.0,33.98
4073.0,27.08
4074.0,21.73
4075.0,20.43
4076.0,20.39
4077.0,18.48
4078.0,14.51
4079.0,12.74
4080.0,13.25
4081.0,12.21
4082.0,11.78
4083.0,11.36
4084.0,11.33
4085.0,12.09
4086.0,12.42
4087.0,11.89
4088.0,11.79
4089.0,13.77
4090.0,16.42
4091.0,21.77
4092.0,24.0
4093.0,28.7
4094.0,31.85
4095.0,36.04
4096.0,34.73
4097.0,28.24
4098.0,21.57
4099.0,21.08
4100.0,27.88
4101.0,25.58
4102.0,23.23
4103.0,16.33
4104.0,15.8
4105.0,15.2
4106.0,11.93
4107.0,10.64
4108.0,10.61
4109.0,10.95
4110.0,11.82
4111.0,11.18
4112.0,11.94
4113.0,13.1
4114.0,16.03
4115.0,19.25
4116.0,23.16
4117.0,26.13
4118.0,28.46
4119.0,31.87
4120.0,27.72
4121.0,20.31
4122.0,17.82
4123.0,16.51
4124.0,25.6
4125.0,22.99
4126.0,19.84
4127.0,15.17
4128.0,10.86
4129.0,10.09
4130.0,9.02
4131.0,8.75
4132.0,9.16
4133.0,11.1
4134.0,12.27
4135.0,12.16
4136.0,10.73
4137.0,12.08
4138.0,14.02
4139.0,19.1
4140.0,22.62
4141.0,27.24
4142.0,28.23
4143.0,34.02
4144.0,36.9
4145.0,29.92
4146.0,25.28
4147.0,29.35
4148.0,35.47
4149.0,36.62
4150.0,27.61
4151.0,20.67
4152.0,16.7
4153.0,14.37
4154.0,13.04
4155.0,12.57
4156.0,13.06
4157.0,14.53
4158.0,14.36
4159.0,13.93
4160.0,13.89
4161.0,14.7
4162.0,17.53
4163.0,19.52
4164.0,20.62
4165.0,21.47
4166.0,22.75
4167.0,27.24
4168.0,29.15
4169.0,25.08
4170.0,23.15
4171.0,22.68
4172.0,22.94
4173.0,21.32
4174.0,18.98
4175.0,15.72
4176.0,15.26
4177.0,12.21
4178.0,12.48
4179.0,11.89
4180.0,12.02
4181.0,13.0
4182.0,13.04
4183.0,13.86
4184.0,14.7
4185.0,16.83
4186.0,17.88
4187.0,18.89
4188.0,22.96
4189.0,25.29
4190.0,27.48
4191.0,31.77
4192.0,30.41
4193.0,24.11
4194.0,21.03
4195.0,20.36
4196.0,23.56
4197.0,21.63
4198.0,18.96
4199.0,14.97
4200.0,12.63
4201.0,10.51
4202.0,9.84
4203.0,8.62
4204.0,9.27
4205.0,10.82
4206.0,11.5
4207.0,11.62
4208.0,11.96
4209.0,13.6
4210.0,16.62
4211.0,17.38
4212.0,20.97
4213.0,25.12
4214.0,28.34
4215.0,29.12
4216.0,25.09
4217.0,21.21
4218.0,18.99
4219.0,19.2
4220.0,22.31
4221.0,23.69
4222.0,20.59
4223.0,18.5
4224.0,12.27
4225.0,10.9
4226.0,9.06
4227.0,7.93
4228.0,8.17
4229.0,10.08
4230.0,11.38
4231.0,11.54
4232.0,11.76
4233.0,11.6
4234.0,14.65
4235.0,15.0
4236.0,19.86
4237.0,22.81
4238.0,25.32
4239.0,29.09
4240.0,25.6
4241.0,20.85
4242.0,19.47
4243.0,18.57
4244.0,24.67
4245.0,24.58
4246.0,21.16
4247.0,20.01
4248.0,12.87
4249.0,10.22
4250.0,9.06
4251.0,7.45
4252.0,7.78
4253.0,9.52
4254.0,11.49
4255.0,13.69
4256.0,13.02
4257.0,13.05
4258.0,12.48
4259.0,14.61
4260.0,17.27
4261.0,19.91
4262.0,21.35
4263.0,23.38
4264.0,25.37
4265.0,22.39
4266.0,19.64
4267.0,19.84
4268.0,23.24
4269.0,22.64
4270.0,18.27
4271.0,15.66
4272.0,11.83
4273.0,9.17
4274.0,8.6
4275.0,5.93
4276.0,5.44
4277.0,5.88
4278.0,9.46
4279.0,10.0
4280.0,10.16
4281.0,11.34
4282.0,12.49
4283.0,13.66
4284.0,15.67
4285.0,18.55
4286.0,18.26
4287.0,19.73
4288.0,20.09
4289.0,19.15
4290.0,16.94
4291.0,18.07
4292.0,29.62
4293.0,28.53
4294.0,22.04
4295.0,20.02
4296.0,14.71
4297.0,11.38
4298.0,7.8
4299.0,5.87
4300.0,5.71
4301.0,8.83
4302.0,9.94
4303.0,10.86
4304.0,10.9
4305.0,12.22
4306.0,13.76
4307.0,16.12
4308.0,19.53
4309.0,22.4
4310.0,27.36
4311.0,30.29
4312.0,31.52
4313.0,21.65
4314.0,18.57
4315.0,19.55
4316.0,33.22
4317.0,30.71
4318.0,24.21
4319.0,24.77
4320.0,18.78
4321.0,14.16
4322.0,11.01
4323.0,10.48
4324.0,9.89
4325.0,11.12
4326.0,11.06
4327.0,11.86
4328.0,12.13
4329.0,13.56
4330.0,14.21
4331.0,19.99
4332.0,22.92
4333.0,26.13
4334.0,29.36
4335.0,37.38
4336.0,34.71
4337.0,24.85
4338.0,19.82
4339.0,19.36
4340.0,28.49
4341.0,28.52
4342.0,24.53
4343.0,24.36
4344.0,17.61
4345.0,14.69
4346.0,12.54
4347.0,12.06
4348.0,12.22
4349.0,13.31
4350.0,14.55
4351.0,15.15
4352.0,14.89
4353.0,15.99
4354.0,19.36
4355.0,23.83
4356.0,30.88
4357.0,35.08
4358.0,51.64
4359.0,71.48
4360.0,81.32
4361.0,43.8
4362.0,28.77
4363.0,26.5
4364.0,30.69
4365.0,27.76
4366.0,23.4
4367.0,21.17
4368.0,24.22
4369.0,19.25
4370.0,17.36
4371.0,14.22
4372.0,13.35
4373.0,14.92
4374.0,16.43
4375.0,17.02
4376.0,16.02
4377.0,18.69
4378.0,21.95
4379.0,26.14
4380.0,31.5
4381.0,37.59
4382.0,44.67
4383.0,61.08
4384.0,80.01
4385.0,43.31
4386.0,32.3
4387.0,31.67
4388.0,32.7
4389.0,30.88
4390.0,23.83
4391.0,21.7
4392.0,18.24
4393.0,16.92
4394.0,19.66
4395.0,15.02
4396.0,13.94
4397.0,11.43
4398.0,14.09
4399.0,13.55
4400.0,14.76
4401.0,18.59
4402.0,21.61
4403.0,25.51
4404.0,29.44
4405.0,33.7
4406.0,45.72
4407.0,64.83
4408.0,80.01
4409.0,45.31
4410.0,32.26
4411.0,29.36
4412.0,40.92
4413.0,41.2
4414.0,29.48
4415.0,26.04
4416.0,16.57
4417.0,14.07
4418.0,12.05
4419.0,11.84
4420.0,11.51
4421.0,11.42
4422.0,14.14
4423.0,12.85
4424.0,15.88
4425.0,19.35
4426.0,21.71
4427.0,25.75
4428.0,32.54
4429.0,43.67
4430.0,45.42
4431.0,63.93
4432.0,61.67
4433.0,44.3
4434.0,32.95
4435.0,30.76
4436.0,32.63
4437.0,35.19
4438.0,25.28
4439.0,22.96
4440.0,18.42
4441.0,18.27
4442.0,16.02
4443.0,13.91
4444.0,12.55
4445.0,12.1
4446.0,13.59
4447.0,14.24
4448.0,15.19
4449.0,16.06
4450.0,18.69
4451.0,20.72
4452.0,24.53
4453.0,32.69
4454.0,44.52
4455.0,62.55
4456.0,69.42
4457.0,53.32
4458.0,33.06
4459.0,30.53
4460.0,30.27
4461.0,31.65
4462.0,27.03
4463.0,22.61
4464.0,18.31
4465.0,15.35
4466.0,14.7
4467.0,13.75
4468.0,12.56
4469.0,14.2
4470.0,14.95
4471.0,14.69
4472.0,14.95
4473.0,15.19
4474.0,17.24
4475.0,20.32
4476.0,22.37
4477.0,27.3
4478.0,35.01
4479.0,41.3
4480.0,52.51
4481.0,36.88
4482.0,27.71
4483.0,24.63
4484.0,25.67
4485.0,21.63
4486.0,17.85
4487.0,15.59
4488.0,14.74
4489.0,14.08
4490.0,13.13
4491.0,12.47
4492.0,12.78
4493.0,14.06
4494.0,15.31
4495.0,14.99
4496.0,14.97
4497.0,16.47
4498.0,18.52
4499.0,20.81
4500.0,23.08
4501.0,26.56
4502.0,32.91
4503.0,41.24
4504.0,43.38
4505.0,32.54
4506.0,24.03
4507.0,24.81
4508.0,23.52
4509.0,20.63
4510.0,17.21
4511.0,15.37
4512.0,13.81
4513.0,12.26
4514.0,11.51
4515.0,11.35
4516.0,11.52
4517.0,12.43
4518.0,13.09
4519.0,12.72
4520.0,14.36
4521.0,16.08
4522.0,17.94
4523.0,20.87
4524.0,24.11
4525.0,27.72
4526.0,35.03
4527.0,48.57
4528.0,55.08
4529.0,35.72
4530.0,24.66
4531.0,20.99
4532.0,20.38
4533.0,19.62
4534.0,15.56
4535.0,12.41
4536.0,12.41
4537.0,12.06
4538.0,10.35
4539.0,8.35
4540.0,8.58
4541.0,10.26
4542.0,12.08
4543.0,11.84
4544.0,13.68
4545.0,15.58
4546.0,16.93
4547.0,19.84
4548.0,23.44
4549.0,29.73
4550.0,36.11
4551.0,46.32
4552.0,47.07
4553.0,41.86
4554.0,27.74
4555.0,22.4
4556.0,23.08
4557.0,22.8
4558.0,19.67
4559.0,16.3
4560.0,11.51
4561.0,10.25
4562.0,9.36
4563.0,7.47
4564.0,8.04
4565.0,10.73
4566.0,14.94
4567.0,13.27
4568.0,17.0
4569.0,17.38
4570.0,22.34
4571.0,28.92
4572.0,32.1
4573.0,37.81
4574.0,51.93
4575.0,82.01
4576.0,87.48
4577.0,49.14
4578.0,28.74
4579.0,28.16
4580.0,26.65
4581.0,23.49
4582.0,17.67
4583.0,15.42
4584.0,12.99
4585.0,12.47
4586.0,9.72
4587.0,8.56
4588.0,8.03
4589.0,9.45
4590.0,12.09
4591.0,12.64
4592.0,12.43
4593.0,15.19
4594.0,18.82
4595.0,22.41
4596.0,25.84
4597.0,36.16
4598.0,57.8
4599.0,116.36
4600.0,131.23
4601.0,72.13
4602.0,35.42
4603.0,26.75
4604.0,26.25
4605.0,23.52
4606.0,17.97
4607.0,15.83
4608.0,12.22
4609.0,11.66
4610.0,10.36
4611.0,10.01
4612.0,10.31
4613.0,11.27
4614.0,14.7
4615.0,12.91
4616.0,14.28
4617.0,17.54
4618.0,20.96
4619.0,25.6
4620.0,28.34
4621.0,49.96
4622.0,84.5
4623.0,157.7
4624.0,175.07
4625.0,73.76
4626.0,35.79
4627.0,29.57
4628.0,28.34
4629.0,25.66
4630.0,18.26
4631.0,15.17
4632.0,13.49
4633.0,13.76
4634.0,12.23
4635.0,11.91
4636.0,11.92
4637.0,12.23
4638.0,11.97
4639.0,11.91
4640.0,11.98
4641.0,16.16
4642.0,18.29
4643.0,21.39
4644.0,21.85
4645.0,23.82
4646.0,41.38
4647.0,60.98
4648.0,63.84
4649.0,29.66
4650.0,24.91
4651.0,21.2
4652.0,23.01
4653.0,19.67
4654.0,15.74
4655.0,12.8
4656.0,12.94
4657.0,12.67
4658.0,10.94
4659.0,9.22
4660.0,8.52
4661.0,9.19
4662.0,11.31
4663.0,10.92
4664.0,10.44
4665.0,12.16
4666.0,11.53
4667.0,14.32
4668.0,15.72
4669.0,19.75
4670.0,24.58
4671.0,34.73
4672.0,29.6
4673.0,23.95
4674.0,18.23
4675.0,19.06
4676.0,19.28
4677.0,18.95
4678.0,16.14
4679.0,13.33
4680.0,13.16
4681.0,14.18
4682.0,12.49
4683.0,10.93
4684.0,11.06
4685.0,12.15
4686.0,13.46
4687.0,12.59
4688.0,10.88
4689.0,11.08
4690.0,14.1
4691.0,17.02
4692.0,18.75
4693.0,23.72
4694.0,27.37
4695.0,35.37
4696.0,35.51
4697.0,24.52
4698.0,23.92
4699.0,22.99
4700.0,20.84
4701.0,20.51
4702.0,17.73
4703.0,15.15
4704.0,13.5
4705.0,13.33
4706.0,12.46
4707.0,12.41
4708.0,12.7
4709.0,13.93
4710.0,15.02
4711.0,14.95
4712.0,15.16
4713.0,18.51
4714.0,21.21
4715.0,25.62
4716.0,28.52
4717.0,35.0
4718.0,36.11
4719.0,43.43
4720.0,39.87
4721.0,29.62
4722.0,24.81
4723.0,22.73
4724.0,20.54
4725.0,19.79
4726.0,18.21
4727.0,15.15
4728.0,12.41
4729.0,12.22
4730.0,11.29
4731.0,11.11
4732.0,11.67
4733.0,13.21
4734.0,13.39
4735.0,13.41
4736.0,14.0
4737.0,16.58
4738.0,19.26
4739.0,21.86
4740.0,24.78
4741.0,28.62
4742.0,33.28
4743.0,36.2
4744.0,29.56
4745.0,25.55
4746.0,21.48
4747.0,19.83
4748.0,20.7
4749.0,19.25
4750.0,15.22
4751.0,13.6
4752.0,13.52
4753.0,12.8
4754.0,12.46
4755.0,11.86
4756.0,11.81
4757.0,11.88
4758.0,13.47
4759.0,14.15
4760.0,14.89
4761.0,17.4
4762.0,19.36
4763.0,21.57
4764.0,25.66
4765.0,30.98
4766.0,36.15
4767.0,44.79
4768.0,35.46
4769.0,29.37
4770.0,22.94
4771.0,20.39
4772.0,21.07
4773.0,19.9
4774.0,16.13
4775.0,13.57
4776.0,13.07
4777.0,12.26
4778.0,11.5
4779.0,11.06
4780.0,10.98
4781.0,11.2
4782.0,12.45
4783.0,12.02
4784.0,12.68
4785.0,16.54
4786.0,20.11
4787.0,21.38
4788.0,24.65
4789.0,32.01
4790.0,33.91
4791.0,45.26
4792.0,47.26
4793.0,32.24
4794.0,25.7
4795.0,24.19
4796.0,23.56
4797.0,20.22
4798.0,17.7
4799.0,15.07
4800.0,13.86
4801.0,12.56
4802.0,11.92
4803.0,11.3
4804.0,11.45
4805.0,12.43
4806.0,13.46
4807.0,13.96
4808.0,14.46
4809.0,18.11
4810.0,21.1
4811.0,22.96
4812.0,29.13
4813.0,35.76
4814.0,36.47
4815.0,44.1
4816.0,43.33
4817.0,28.43
4818.0,24.32
4819.0,21.99
4820.0,20.33
4821.0,19.77
4822.0,16.37
4823.0,13.57
4824.0,12.3
4825.0,10.68
4826.0,10.26
4827.0,10.05
4828.0,10.69
4829.0,11.41
4830.0,12.21
4831.0,14.02
4832.0,14.83
4833.0,16.15
4834.0,19.26
4835.0,21.94
4836.0,27.26
4837.0,34.62
4838.0,36.5
4839.0,42.29
4840.0,34.43
4841.0,26.49
4842.0,22.3
4843.0,20.17
4844.0,19.16
4845.0,18.5
4846.0,17.48
4847.0,14.48
4848.0,13.8
4849.0,13.14
4850.0,12.27
4851.0,11.9
4852.0,11.9
4853.0,13.22
4854.0,15.28
4855.0,15.95
4856.0,17.21
4857.0,18.39
4858.0,19.77
4859.0,25.21
4860.0,27.14
4861.0,32.42
4862.0,38.08
4863.0,50.43
4864.0,45.0
4865.0,30.04
4866.0,25.16
4867.0,22.34
4868.0,20.49
4869.0,19.93
4870.0,17.34
4871.0,15.46
4872.0,14.54
4873.0,13.48
4874.0,12.87
4875.0,12.15
4876.0,12.55
4877.0,13.2
4878.0,15.53
4879.0,16.72
4880.0,17.91
4881.0,18.52
4882.0,20.64
4883.0,26.34
4884.0,32.21
4885.0,55.0
4886.0,56.69
4887.0,77.53
4888.0,91.83
4889.0,45.15
4890.0,28.91
4891.0,25.35
4892.0,23.88
4893.0,20.71
4894.0,18.14
4895.0,15.25
4896.0,15.98
4897.0,14.68
4898.0,13.65
4899.0,13.42
4900.0,13.37
4901.0,13.95
4902.0,15.98
4903.0,17.37
4904.0,18.52
4905.0,19.07
4906.0,22.6
4907.0,27.32
4908.0,36.13
4909.0,57.68
4910.0,102.66
4911.0,128.43
4912.0,110.73
4913.0,42.84
4914.0,29.01
4915.0,23.42
4916.0,22.95
4917.0,21.16
4918.0,17.87
4919.0,16.26
4920.0,14.74
4921.0,13.32
4922.0,11.79
4923.0,11.43
4924.0,11.4
4925.0,11.49
4926.0,14.04
4927.0,14.63
4928.0,15.58
4929.0,17.43
4930.0,19.37
4931.0,20.7
4932.0,22.75
4933.0,26.11
4934.0,28.14
4935.0,29.23
4936.0,29.31
4937.0,24.28
4938.0,20.67
4939.0,19.01
4940.0,19.45
4941.0,19.21
4942.0,16.31
4943.0,14.61
4944.0,13.81
4945.0,12.54
4946.0,11.66
4947.0,11.77
4948.0,12.03
4949.0,12.12
4950.0,13.85
4951.0,13.6
4952.0,14.52
4953.0,15.66
4954.0,18.18
4955.0,18.8
4956.0,19.1
4957.0,23.61
4958.0,25.0
4959.0,29.48
4960.0,28.26
4961.0,24.83
4962.0,20.53
4963.0,19.06
4964.0,19.56
4965.0,20.1
4966.0,16.28
4967.0,15.08
4968.0,14.08
4969.0,12.86
4970.0,11.97
4971.0,11.55
4972.0,11.91
4973.0,12.95
4974.0,14.24
4975.0,15.03
4976.0,15.71
4977.0,16.94
4978.0,19.12
4979.0,19.5
4980.0,23.02
4981.0,25.78
4982.0,27.87
4983.0,36.42
4984.0,39.82
4985.0,28.32
4986.0,23.77
4987.0,22.67
4988.0,21.08
4989.0,19.58
4990.0,17.62
4991.0,15.19
4992.0,14.56
4993.0,13.05
4994.0,12.28
4995.0,11.96
4996.0,12.16
4997.0,13.07
4998.0,14.65
4999.0,15.21
5000.0,16.51
5001.0,17.33
5002.0,18.75
5003.0,21.1
5004.0,25.13
5005.0,30.32
5006.0,34.53
5007.0,42.53
5008.0,41.55
5009.0,28.79
5010.0,24.57
5011.0,22.23
5012.0,20.53
5013.0,19.48
5014.0,17.34
5015.0,15.49
5016.0,13.53
5017.0,11.85
5018.0,12.04
5019.0,11.6
5020.0,11.74
5021.0,12.15
5022.0,13.68
5023.0,14.74
5024.0,16.16
5025.0,17.27
5026.0,18.26
5027.0,21.24
5028.0,22.39
5029.0,24.17
5030.0,27.65
5031.0,32.67
5032.0,39.04
5033.0,28.78
5034.0,25.08
5035.0,24.57
5036.0,22.79
5037.0,21.46
5038.0,17.94
5039.0,15.11
5040.0,11.84
5041.0,11.42
5042.0,11.07
5043.0,11.09
5044.0,10.91
5045.0,11.68
5046.0,11.9
5047.0,13.13
5048.0,14.33
5049.0,15.79
5050.0,18.1
5051.0,21.46
5052.0,23.73
5053.0,26.29
5054.0,31.1
5055.0,51.76
5056.0,67.21
5057.0,36.19
5058.0,27.72
5059.0,26.13
5060.0,25.79
5061.0,23.59
5062.0,19.34
5063.0,17.67
5064.0,14.54
5065.0,13.33
5066.0,12.76
5067.0,12.69
5068.0,13.26
5069.0,14.15
5070.0,17.42
5071.0,16.77
5072.0,16.12
5073.0,17.41
5074.0,19.43
5075.0,21.66
5076.0,23.72
5077.0,26.98
5078.0,33.55
5079.0,44.87
5080.0,57.07
5081.0,35.5
5082.0,28.86
5083.0,28.7
5084.0,27.32
5085.0,24.1
5086.0,19.86
5087.0,18.93
5088.0,17.33
5089.0,15.48
5090.0,14.77
5091.0,13.92
5092.0,13.66
5093.0,13.39
5094.0,14.65
5095.0,15.05
5096.0,15.85
5097.0,17.28
5098.0,18.92
5099.0,21.82
5100.0,25.73
5101.0,34.55
5102.0,38.4
5103.0,49.16
5104.0,63.47
5105.0,45.48
5106.0,33.48
5107.0,28.56
5108.0,26.36
5109.0,23.62
5110.0,20.64
5111.0,18.65
5112.0,15.15
5113.0,13.55
5114.0,12.74
5115.0,11.81
5116.0,11.73
5117.0,11.59
5118.0,12.58
5119.0,12.68
5120.0,13.9
5121.0,17.05
5122.0,18.86
5123.0,21.61
5124.0,25.52
5125.0,31.04
5126.0,38.46
5127.0,55.16
5128.0,62.64
5129.0,43.85
5130.0,28.86
5131.0,27.68
5132.0,26.52
5133.0,22.71
5134.0,18.67
5135.0,15.81
5136.0,13.8
5137.0,12.57
5138.0,12.14
5139.0,11.68
5140.0,11.87
5141.0,12.57
5142.0,13.87
5143.0,14.42
5144.0,15.22
5145.0,16.6
5146.0,18.68
5147.0,21.9
5148.0,23.5
5149.0,29.93
5150.0,40.39
5151.0,42.63
5152.0,64.09
5153.0,40.53
5154.0,27.59
5155.0,24.75
5156.0,22.82
5157.0,20.9
5158.0,16.43
5159.0,14.44
5160.0,13.55
5161.0,12.5
5162.0,12.09
5163.0,11.79
5164.0,11.81
5165.0,12.34
5166.0,13.26
5167.0,13.63
5168.0,13.93
5169.0,15.59
5170.0,17.92
5171.0,18.83
5172.0,22.4
5173.0,25.48
5174.0,30.84
5175.0,39.72
5176.0,55.12
5177.0,36.87
5178.0,28.41
5179.0,26.35
5180.0,23.05
5181.0,20.3
5182.0,17.63
5183.0,13.76
5184.0,13.97
5185.0,12.9
5186.0,12.79
5187.0,11.98
5188.0,12.88
5189.0,14.1
5190.0,15.75
5191.0,14.3
5192.0,14.73
5193.0,15.04
5194.0,17.4
5195.0,19.83
5196.0,19.22
5197.0,21.11
5198.0,27.88
5199.0,29.56
5200.0,28.41
5201.0,24.83
5202.0,21.95
5203.0,21.68
5204.0,20.68
5205.0,20.66
5206.0,18.35
5207.0,16.01
5208.0,12.72
5209.0,11.58
5210.0,10.67
5211.0,10.21
5212.0,11.25
5213.0,12.74
5214.0,15.07
5215.0,15.78
5216.0,15.37
5217.0,14.99
5218.0,18.24
5219.0,19.58
5220.0,18.78
5221.0,23.18
5222.0,30.76
5223.0,44.84
5224.0,33.74
5225.0,25.58
5226.0,19.62
5227.0,21.34
5228.0,21.81
5229.0,20.25
5230.0,16.63
5231.0,13.47
5232.0,13.12
5233.0,12.16
5234.0,11.7
5235.0,11.02
5236.0,10.84
5237.0,11.31
5238.0,12.26
5239.0,13.07
5240.0,12.21
5241.0,11.41
5242.0,14.93
5243.0,15.99
5244.0,17.06
5245.0,21.99
5246.0,27.82
5247.0,30.09
5248.0,30.22
5249.0,26.12
5250.0,19.83
5251.0,20.81
5252.0,21.87
5253.0,20.35
5254.0,17.96
5255.0,15.14
5256.0,13.41
5257.0,13.09
5258.0,11.79
5259.0,10.91
5260.0,10.91
5261.0,11.15
5262.0,13.68
5263.0,14.98
5264.0,13.94
5265.0,13.41
5266.0,16.41
5267.0,18.22
5268.0,20.98
5269.0,24.29
5270.0,26.27
5271.0,28.24
5272.0,28.31
5273.0,24.35
5274.0,20.69
5275.0,22.8
5276.0,22.95
5277.0,19.93
5278.0,17.63
5279.0,15.5
5280.0,13.15
5281.0,12.07
5282.0,11.33
5283.0,10.55
5284.0,10.77
5285.0,10.93
5286.0,12.89
5287.0,12.9
5288.0,12.86
5289.0,11.97
5290.0,14.47
5291.0,15.72
5292.0,16.47
5293.0,18.92
5294.0,21.92
5295.0,24.76
5296.0,27.02
5297.0,21.48
5298.0,19.03
5299.0,20.66
5300.0,22.19
5301.0,20.37
5302.0,17.52
5303.0,14.61
5304.0,13.82
5305.0,12.37
5306.0,11.33
5307.0,10.87
5308.0,11.07
5309.0,12.04
5310.0,13.6
5311.0,13.34
5312.0,12.53
5313.0,12.93
5314.0,14.85
5315.0,17.02
5316.0,18.02
5317.0,23.48
5318.0,26.1
5319.0,32.02
5320.0,33.83
5321.0,25.39
5322.0,22.13
5323.0,22.73
5324.0,22.85
5325.0,20.02
5326.0,18.04
5327.0,15.91
5328.0,14.71
5329.0,13.48
5330.0,13.17
5331.0,12.16
5332.0,12.55
5333.0,13.71
5334.0,14.77
5335.0,14.38
5336.0,14.42
5337.0,15.21
5338.0,16.14
5339.0,18.82
5340.0,21.68
5341.0,27.64
5342.0,29.94
5343.0,38.58
5344.0,32.97
5345.0,26.28
5346.0,21.95
5347.0,22.84
5348.0,22.64
5349.0,19.96
5350.0,18.48
5351.0,15.71
5352.0,13.82
5353.0,13.38
5354.0,12.17
5355.0,11.78
5356.0,12.37
5357.0,13.01
5358.0,14.84
5359.0,14.2
5360.0,14.06
5361.0,13.94
5362.0,16.33
5363.0,19.32
5364.0,22.62
5365.0,26.34
5366.0,29.88
5367.0,34.7
5368.0,37.04
5369.0,27.72
5370.0,22.99
5371.0,26.11
5372.0,24.9
5373.0,22.14
5374.0,18.33
5375.0,15.19
5376.0,15.37
5377.0,14.46
5378.0,13.66
5379.0,13.32
5380.0,13.28
5381.0,14.12
5382.0,16.69
5383.0,15.74
5384.0,16.71
5385.0,17.09
5386.0,18.96
5387.0,26.5
5388.0,30.04
5389.0,90.68
5390.0,292.11
5391.0,721.47
5392.0,745.84
5393.0,456.37
5394.0,86.85
5395.0,38.06
5396.0,32.81
5397.0,25.69
5398.0,19.9
5399.0,16.63
5400.0,13.26
5401.0,13.74
5402.0,12.88
5403.0,12.3
5404.0,12.31
5405.0,12.82
5406.0,13.15
5407.0,14.06
5408.0,14.8
5409.0,16.77
5410.0,19.2
5411.0,25.5
5412.0,28.63
5413.0,88.78
5414.0,745.57
5415.0,1540.67
5416.0,2015.0
5417.0,615.66
5418.0,129.21
5419.0,37.11
5420.0,29.94
5421.0,26.6
5422.0,20.24
5423.0,18.35
5424.0,17.03
5425.0,15.89
5426.0,15.48
5427.0,14.78
5428.0,14.39
5429.0,14.31
5430.0,15.41
5431.0,16.05
5432.0,17.52
5433.0,21.03
5434.0,23.91
5435.0,29.19
5436.0,33.76
5437.0,91.58
5438.0,250.19
5439.0,644.93
5440.0,644.6
5441.0,339.47
5442.0,82.21
5443.0,35.54
5444.0,33.1
5445.0,29.08
5446.0,22.44
5447.0,19.97
5448.0,18.17
5449.0,17.09
5450.0,15.83
5451.0,15.22
5452.0,14.76
5453.0,14.82
5454.0,15.38
5455.0,15.85
5456.0,17.19
5457.0,19.62
5458.0,23.09
5459.0,28.59
5460.0,32.67
5461.0,63.1
5462.0,109.38
5463.0,194.59
5464.0,242.66
5465.0,148.75
5466.0,43.52
5467.0,34.38
5468.0,31.17
5469.0,28.7
5470.0,21.68
5471.0,19.72
5472.0,18.48
5473.0,16.94
5474.0,16.0
5475.0,15.63
5476.0,15.54
5477.0,16.1
5478.0,18.11
5479.0,18.21
5480.0,19.38
5481.0,22.55
5482.0,24.93
5483.0,30.28
5484.0,32.48
5485.0,54.88
5486.0,69.21
5487.0,100.59
5488.0,116.94
5489.0,52.47
5490.0,37.27
5491.0,32.94
5492.0,30.96
5493.0,27.07
5494.0,21.69
5495.0,19.45
5496.0,18.46
5497.0,17.22
5498.0,16.18
5499.0,15.68
5500.0,15.45
5501.0,15.86
5502.0,17.33
5503.0,17.55
5504.0,17.96
5505.0,19.38
5506.0,23.64
5507.0,28.58
5508.0,31.69
5509.0,45.57
5510.0,85.49
5511.0,103.1
5512.0,115.15
5513.0,51.69
5514.0,36.22
5515.0,33.56
5516.0,30.0
5517.0,25.0
5518.0,20.42
5519.0,18.39
5520.0,17.37
5521.0,15.73
5522.0,14.69
5523.0,13.98
5524.0,13.81
5525.0,14.18
5526.0,15.86
5527.0,15.98
5528.0,16.64
5529.0,18.3
5530.0,21.88
5531.0,24.19
5532.0,27.01
5533.0,31.44
5534.0,49.31
5535.0,66.16
5536.0,81.67
5537.0,40.76
5538.0,31.42
5539.0,28.95
5540.0,26.88
5541.0,22.83
5542.0,18.96
5543.0,16.2
5544.0,16.08
5545.0,14.28
5546.0,13.69
5547.0,13.28
5548.0,13.19
5549.0,13.76
5550.0,15.79
5551.0,15.77
5552.0,16.44
5553.0,18.83
5554.0,20.41
5555.0,22.75
5556.0,25.42
5557.0,29.99
5558.0,37.45
5559.0,59.58
5560.0,65.18
5561.0,37.43
5562.0,29.29
5563.0,27.95
5564.0,26.68
5565.0,22.27
5566.0,18.88
5567.0,16.72
5568.0,15.82
5569.0,14.07
5570.0,13.42
5571.0,12.88
5572.0,12.9
5573.0,13.62
5574.0,15.0
5575.0,15.8
5576.0,16.72
5577.0,18.7
5578.0,20.06
5579.0,23.77
5580.0,25.6
5581.0,28.92
5582.0,37.71
5583.0,55.97
5584.0,55.91
5585.0,33.33
5586.0,28.15
5587.0,27.75
5588.0,25.69
5589.0,21.92
5590.0,19.0
5591.0,16.57
5592.0,16.01
5593.0,14.77
5594.0,13.92
5595.0,13.76
5596.0,13.65
5597.0,13.87
5598.0,16.63
5599.0,17.6
5600.0,18.52
5601.0,18.69
5602.0,21.51
5603.0,25.8
5604.0,29.82
5605.0,38.32
5606.0,45.88
5607.0,65.34
5608.0,67.09
5609.0,42.17
5610.0,30.08
5611.0,28.08
5612.0,26.66
5613.0,21.87
5614.0,18.63
5615.0,16.64
5616.0,15.41
5617.0,14.87
5618.0,14.15
5619.0,13.67
5620.0,13.54
5621.0,13.49
5622.0,15.27
5623.0,15.49
5624.0,16.42
5625.0,17.55
5626.0,20.9
5627.0,25.32
5628.0,29.34
5629.0,38.0
5630.0,36.26
5631.0,49.0
5632.0,52.66
5633.0,35.25
5634.0,27.27
5635.0,26.62
5636.0,25.83
5637.0,21.26
5638.0,19.48
5639.0,16.6
5640.0,15.9
5641.0,14.68
5642.0,13.86
5643.0,13.51
5644.0,13.78
5645.0,14.57
5646.0,18.88
5647.0,18.96
5648.0,20.05
5649.0,24.1
5650.0,24.95
5651.0,30.87
5652.0,33.27
5653.0,40.06
5654.0,48.11
5655.0,62.58
5656.0,66.35
5657.0,46.52
5658.0,33.65
5659.0,32.22
5660.0,32.35
5661.0,25.89
5662.0,20.12
5663.0,18.23
5664.0,16.5
5665.0,15.54
5666.0,14.67
5667.0,14.04
5668.0,14.26
5669.0,15.44
5670.0,17.5
5671.0,17.75
5672.0,18.61
5673.0,20.78
5674.0,23.97
5675.0,28.75
5676.0,33.95
5677.0,45.01
5678.0,59.1
5679.0,100.08
5680.0,114.7
5681.0,57.91
5682.0,39.76
5683.0,33.69
5684.0,30.65
5685.0,26.21
5686.0,20.04
5687.0,18.42
5688.0,17.64
5689.0,16.56
5690.0,15.7
5691.0,15.34
5692.0,15.38
5693.0,16.27
5694.0,16.93
5695.0,17.28
5696.0,18.4
5697.0,19.64
5698.0,24.27
5699.0,27.04
5700.0,28.38
5701.0,32.5
5702.0,35.58
5703.0,38.99
5704.0,44.35
5705.0,35.11
5706.0,28.93
5707.0,28.12
5708.0,26.66
5709.0,23.29
5710.0,19.83
5711.0,17.12
5712.0,16.77
5713.0,15.2
5714.0,14.85
5715.0,14.69
5716.0,15.16
5717.0,16.66
5718.0,20.66
5719.0,20.63
5720.0,21.84
5721.0,24.31
5722.0,26.94
5723.0,30.35
5724.0,34.0
5725.0,50.54
5726.0,87.08
5727.0,104.34
5728.0,115.64
5729.0,57.01
5730.0,38.55
5731.0,33.32
5732.0,30.16
5733.0,26.15
5734.0,19.86
5735.0,17.12
5736.0,16.38
5737.0,14.32
5738.0,13.46
5739.0,13.19
5740.0,13.22
5741.0,14.05
5742.0,15.67
5743.0,15.47
5744.0,15.48
5745.0,17.46
5746.0,20.52
5747.0,26.38
5748.0,30.18
5749.0,40.91
5750.0,89.33
5751.0,149.47
5752.0,178.99
5753.0,74.26
5754.0,39.55
5755.0,31.96
5756.0,27.89
5757.0,21.89
5758.0,20.31
5759.0,19.26
5760.0,16.51
5761.0,15.19
5762.0,13.92
5763.0,12.97
5764.0,13.18
5765.0,13.66
5766.0,16.46
5767.0,16.72
5768.0,19.03
5769.0,20.01
5770.0,24.54
5771.0,29.22
5772.0,34.63
5773.0,56.25
5774.0,172.37
5775.0,250.19
5776.0,270.73
5777.0,76.87
5778.0,41.72
5779.0,33.69
5780.0,30.82
5781.0,25.98
5782.0,21.12
5783.0,17.92
5784.0,17.66
5785.0,16.53
5786.0,16.07
5787.0,15.54
5788.0,15.5
5789.0,15.54
5790.0,17.92
5791.0,18.63
5792.0,19.25
5793.0,20.83
5794.0,24.88
5795.0,28.62
5796.0,32.21
5797.0,41.06
5798.0,53.71
5799.0,74.1
5800.0,83.05
5801.0,55.87
5802.0,37.52
5803.0,35.46
5804.0,30.83
5805.0,25.03
5806.0,20.56
5807.0,17.79
5808.0,16.46
5809.0,14.63
5810.0,13.73
5811.0,13.32
5812.0,13.56
5813.0,14.96
5814.0,15.94
5815.0,16.65
5816.0,17.02
5817.0,18.86
5818.0,21.54
5819.0,26.98
5820.0,30.72
5821.0,34.54
5822.0,53.4
5823.0,110.63
5824.0,140.14
5825.0,77.38
5826.0,42.82
5827.0,36.55
5828.0,32.1
5829.0,27.8
5830.0,23.72
5831.0,20.67
5832.0,18.36
5833.0,17.2
5834.0,16.03
5835.0,16.31
5836.0,16.37
5837.0,17.12
5838.0,17.29
5839.0,16.4
5840.0,17.27
5841.0,17.58
5842.0,19.03
5843.0,22.08
5844.0,28.7
5845.0,33.4
5846.0,33.72
5847.0,41.08
5848.0,41.28
5849.0,33.77
5850.0,28.21
5851.0,30.04
5852.0,25.98
5853.0,21.16
5854.0,22.12
5855.0,18.43
5856.0,18.27
5857.0,17.47
5858.0,16.77
5859.0,16.16
5860.0,16.67
5861.0,17.79
5862.0,19.99
5863.0,20.64
5864.0,19.96
5865.0,22.2
5866.0,22.4
5867.0,24.5
5868.0,29.59
5869.0,30.37
5870.0,32.77
5871.0,41.01
5872.0,41.88
5873.0,34.47
5874.0,29.46
5875.0,31.7
5876.0,31.19
5877.0,24.86
5878.0,22.67
5879.0,20.2
5880.0,19.12
5881.0,17.78
5882.0,16.76
5883.0,16.4
5884.0,16.55
5885.0,17.68
5886.0,22.48
5887.0,22.42
5888.0,20.43
5889.0,20.74
5890.0,22.25
5891.0,24.73
5892.0,26.94
5893.0,30.64
5894.0,34.35
5895.0,35.06
5896.0,32.55
5897.0,28.05
5898.0,26.46
5899.0,28.32
5900.0,26.76
5901.0,25.6
5902.0,22.48
5903.0,21.52
5904.0,18.81
5905.0,17.96
5906.0,17.51
5907.0,17.37
5908.0,17.87
5909.0,18.98
5910.0,22.36
5911.0,22.43
5912.0,21.26
5913.0,21.87
5914.0,22.57
5915.0,25.14
5916.0,27.86
5917.0,32.88
5918.0,32.43
5919.0,35.8
5920.0,34.9
5921.0,28.79
5922.0,25.33
5923.0,25.19
5924.0,24.31
5925.0,21.41
5926.0,19.75
5927.0,18.33
5928.0,16.72
5929.0,15.69
5930.0,15.72
5931.0,15.5
5932.0,15.62
5933.0,15.99
5934.0,19.27
5935.0,17.06
5936.0,18.52
5937.0,20.4
5938.0,22.41
5939.0,24.61
5940.0,27.32
5941.0,31.45
5942.0,32.11
5943.0,36.01
5944.0,37.35
5945.0,27.86
5946.0,24.62
5947.0,23.82
5948.0,22.53
5949.0,20.64
5950.0,17.99
5951.0,17.25
5952.0,16.05
5953.0,14.92
5954.0,14.44
5955.0,14.11
5956.0,13.94
5957.0,14.11
5958.0,16.09
5959.0,15.05
5960.0,15.82
5961.0,17.05
5962.0,17.97
5963.0,19.83
5964.0,23.85
5965.0,26.26
5966.0,30.4
5967.0,34.73
5968.0,38.18
5969.0,30.96
5970.0,27.25
5971.0,26.56
5972.0,23.12
5973.0,19.3
5974.0,15.95
5975.0,14.82
5976.0,14.22
5977.0,13.26
5978.0,13.04
5979.0,12.56
5980.0,12.31
5981.0,12.46
5982.0,14.69
5983.0,13.25
5984.0,14.16
5985.0,15.39
5986.0,16.26
5987.0,16.55
5988.0,19.19
5989.0,24.37
5990.0,29.57
5991.0,33.1
5992.0,28.76
5993.0,21.79
5994.0,20.17
5995.0,19.28
5996.0,18.08
5997.0,16.71
5998.0,13.8
5999.0,12.31
6000.0,13.02
6001.0,11.91
6002.0,10.4
6003.0,9.99
6004.0,10.36
6005.0,11.74
6006.0,14.78
6007.0,13.96
6008.0,12.74
6009.0,11.5
6010.0,12.8
6011.0,17.29
6012.0,19.53
6013.0,20.53
6014.0,19.74
6015.0,19.47
6016.0,18.51
6017.0,18.39
6018.0,17.38
6019.0,19.84
6020.0,19.79
6021.0,19.45
6022.0,17.58
6023.0,16.01
6024.0,14.89
6025.0,14.52
6026.0,14.11
6027.0,14.01
6028.0,13.92
6029.0,15.34
6030.0,17.41
6031.0,16.56
6032.0,16.13
6033.0,17.54
6034.0,17.26
6035.0,18.0
6036.0,22.33
6037.0,21.8
6038.0,21.26
6039.0,20.79
6040.0,21.27
6041.0,19.09
6042.0,19.48
6043.0,19.0
6044.0,18.39
6045.0,17.9
6046.0,17.67
6047.0,16.44
6048.0,14.69
6049.0,14.79
6050.0,14.83
6051.0,14.55
6052.0,14.99
6053.0,16.12
6054.0,21.61
6055.0,20.52
6056.0,19.54
6057.0,19.17
6058.0,20.35
6059.0,20.81
6060.0,22.49
6061.0,22.42
6062.0,23.12
6063.0,24.84
6064.0,24.91
6065.0,24.72
6066.0,24.9
6067.0,25.43
6068.0,24.71
6069.0,21.05
6070.0,20.2
6071.0,17.65
6072.0,15.66
6073.0,14.76
6074.0,14.31
6075.0,13.92
6076.0,13.91
6077.0,14.86
6078.0,18.55
6079.0,18.3
6080.0,17.4
6081.0,18.29
6082.0,19.08
6083.0,20.23
6084.0,21.48
6085.0,24.72
6086.0,26.62
6087.0,29.01
6088.0,29.21
6089.0,25.94
6090.0,24.75
6091.0,25.62
6092.0,21.56
6093.0,19.67
6094.0,18.22
6095.0,15.48
6096.0,13.66
6097.0,12.76
6098.0,11.61
6099.0,10.91
6100.0,11.07
6101.0,11.19
6102.0,13.37
6103.0,13.87
6104.0,15.3
6105.0,17.04
6106.0,18.25
6107.0,20.29
6108.0,23.33
6109.0,25.47
6110.0,31.41
6111.0,40.2
6112.0,44.1
6113.0,35.42
6114.0,31.48
6115.0,28.16
6116.0,24.13
6117.0,20.21
6118.0,18.67
6119.0,17.31
6120.0,16.34
6121.0,15.17
6122.0,14.47
6123.0,13.93
6124.0,13.53
6125.0,13.53
6126.0,14.17
6127.0,14.34
6128.0,15.65
6129.0,17.54
6130.0,19.15
6131.0,20.49
6132.0,21.98
6133.0,28.88
6134.0,32.81
6135.0,38.13
6136.0,37.65
6137.0,29.86
6138.0,23.77
6139.0,24.95
6140.0,20.73
6141.0,19.28
6142.0,17.93
6143.0,16.4
6144.0,14.83
6145.0,13.79
6146.0,13.18
6147.0,12.74
6148.0,12.72
6149.0,13.7
6150.0,16.37
6151.0,16.38
6152.0,17.31
6153.0,18.8
6154.0,19.32
6155.0,21.66
6156.0,22.46
6157.0,27.22
6158.0,30.28
6159.0,37.79
6160.0,39.88
6161.0,28.59
6162.0,25.2
6163.0,25.86
6164.0,21.72
6165.0,19.52
6166.0,18.37
6167.0,15.73
6168.0,16.27
6169.0,15.37
6170.0,14.55
6171.0,14.29
6172.0,14.49
6173.0,15.39
6174.0,18.15
6175.0,17.77
6176.0,18.29
6177.0,19.04
6178.0,20.1
6179.0,23.81
6180.0,27.31
6181.0,37.45
6182.0,45.95
6183.0,61.77
6184.0,65.53
6185.0,49.4
6186.0,34.9
6187.0,32.7
6188.0,25.4
6189.0,21.2
6190.0,18.44
6191.0,17.62
6192.0,16.67
6193.0,15.73
6194.0,15.05
6195.0,14.93
6196.0,15.04
6197.0,16.11
6198.0,26.67
6199.0,37.76
6200.0,34.09
6201.0,28.49
6202.0,23.96
6203.0,28.64
6204.0,35.19
6205.0,45.1
6206.0,56.23
6207.0,68.54
6208.0,75.67
6209.0,50.09
6210.0,49.37
6211.0,47.65
6212.0,43.42
6213.0,37.04
6214.0,33.31
6215.0,30.18
6216.0,22.08
6217.0,20.84
6218.0,20.12
6219.0,19.64
6220.0,20.07
6221.0,21.54
6222.0,25.74
6223.0,26.71
6224.0,22.28
6225.0,22.5
6226.0,21.9
6227.0,23.02
6228.0,26.9
6229.0,31.48
6230.0,33.38
6231.0,41.3
6232.0,37.14
6233.0,33.43
6234.0,29.43
6235.0,36.44
6236.0,33.4
6237.0,27.15
6238.0,22.96
6239.0,22.35
6240.0,18.69
6241.0,17.06
6242.0,16.56
6243.0,16.48
6244.0,16.65
6245.0,17.28
6246.0,20.02
6247.0,18.24
6248.0,16.15
6249.0,16.1
6250.0,16.48
6251.0,19.95
6252.0,20.84
6253.0,23.52
6254.0,26.37
6255.0,28.71
6256.0,27.57
6257.0,23.11
6258.0,23.55
6259.0,36.07
6260.0,44.11
6261.0,26.19
6262.0,20.35
6263.0,17.42
6264.0,16.77
6265.0,15.07
6266.0,13.97
6267.0,13.63
6268.0,13.42
6269.0,14.36
6270.0,15.25
6271.0,14.8
6272.0,13.86
6273.0,15.07
6274.0,16.31
6275.0,17.27
6276.0,18.94
6277.0,18.86
6278.0,22.66
6279.0,22.52
6280.0,20.72
6281.0,18.65
6282.0,19.13
6283.0,25.68
6284.0,28.27
6285.0,22.28
6286.0,18.08
6287.0,15.87
6288.0,12.45
6289.0,11.02
6290.0,9.68
6291.0,8.55
6292.0,8.46
6293.0,10.0
6294.0,13.05
6295.0,12.34
6296.0,12.51
6297.0,14.29
6298.0,14.42
6299.0,15.13
6300.0,15.26
6301.0,16.98
6302.0,17.57
6303.0,18.65
6304.0,19.01
6305.0,17.39
6306.0,17.44
6307.0,22.72
6308.0,24.38
6309.0,19.65
6310.0,16.78
6311.0,12.61
6312.0,11.15
6313.0,10.62
6314.0,10.01
6315.0,11.03
6316.0,11.1
6317.0,12.99
6318.0,17.24
6319.0,30.84
6320.0,17.89
6321.0,15.88
6322.0,15.01
6323.0,17.76
6324.0,17.98
6325.0,19.0
6326.0,19.49
6327.0,20.38
6328.0,20.85
6329.0,21.27
6330.0,18.81
6331.0,33.89
6332.0,36.51
6333.0,24.51
6334.0,18.29
6335.0,20.33
6336.0,13.74
6337.0,13.2
6338.0,12.09
6339.0,12.57
6340.0,13.27
6341.0,15.64
6342.0,20.89
6343.0,18.56
6344.0,15.46
6345.0,14.4
6346.0,14.4
6347.0,15.17
6348.0,16.92
6349.0,17.15
6350.0,17.62
6351.0,18.32
6352.0,19.58
6353.0,19.15
6354.0,21.04
6355.0,43.96
6356.0,43.77
6357.0,28.74
6358.0,19.5
6359.0,18.28
6360.0,13.92
6361.0,13.51
6362.0,13.54
6363.0,13.55
6364.0,14.06
6365.0,14.47
6366.0,19.73
6367.0,19.35
6368.0,16.62
6369.0,16.14
6370.0,16.48
6371.0,16.76
6372.0,17.95
6373.0,19.43
6374.0,20.29
6375.0,22.13
6376.0,23.25
6377.0,20.65
6378.0,21.81
6379.0,53.24
6380.0,48.97
6381.0,28.54
6382.0,19.25
6383.0,15.15
6384.0,15.09
6385.0,14.32
6386.0,13.89
6387.0,13.54
6388.0,13.82
6389.0,15.42
6390.0,17.77
6391.0,17.17
6392.0,15.8
6393.0,15.25
6394.0,16.28
6395.0,18.93
6396.0,19.89
6397.0,22.22
6398.0,25.16
6399.0,28.98
6400.0,38.21
6401.0,27.45
6402.0,25.97
6403.0,35.84
6404.0,30.67
6405.0,23.28
6406.0,18.26
6407.0,13.6
6408.0,12.34
6409.0,10.03
6410.0,7.62
6411.0,6.5
6412.0,8.07
6413.0,11.26
6414.0,13.3
6415.0,13.29
6416.0,14.28
6417.0,14.48
6418.0,15.71
6419.0,18.68
6420.0,19.99
6421.0,21.02
6422.0,25.72
6423.0,36.11
6424.0,33.39
6425.0,22.05
6426.0,23.13
6427.0,42.12
6428.0,30.49
6429.0,18.89
6430.0,15.29
6431.0,12.3
6432.0,10.16
6433.0,8.64
6434.0,5.76
6435.0,5.87
6436.0,5.84
6437.0,6.98
6438.0,10.57
6439.0,9.47
6440.0,11.39
6441.0,9.5
6442.0,11.12
6443.0,11.97
6444.0,13.93
6445.0,14.28
6446.0,15.57
6447.0,23.44
6448.0,23.71
6449.0,15.41
6450.0,17.82
6451.0,35.97
6452.0,30.78
6453.0,20.98
6454.0,15.81
6455.0,14.91
6456.0,8.22
6457.0,6.7
6458.0,5.16
6459.0,3.86
6460.0,3.84
6461.0,5.01
6462.0,8.05
6463.0,7.53
6464.0,8.56
6465.0,8.76
6466.0,10.31
6467.0,11.79
6468.0,14.72
6469.0,16.36
6470.0,19.92
6471.0,29.85
6472.0,36.28
6473.0,23.54
6474.0,18.92
6475.0,36.98
6476.0,28.35
6477.0,18.51
6478.0,12.72
6479.0,10.44
6480.0,5.78
6481.0,4.57
6482.0,2.67
6483.0,3.84
6484.0,4.58
6485.0,7.34
6486.0,10.82
6487.0,7.34
6488.0,6.73
6489.0,2.91
6490.0,1.79
6491.0,2.48
6492.0,2.81
6493.0,4.56
6494.0,5.96
6495.0,7.1
6496.0,6.28
6497.0,7.42
6498.0,14.07
6499.0,27.47
6500.0,23.63
6501.0,19.9
6502.0,16.41
6503.0,14.67
6504.0,14.58
6505.0,13.32
6506.0,12.45
6507.0,11.15
6508.0,11.24
6509.0,13.07
6510.0,15.54
6511.0,15.14
6512.0,13.13
6513.0,14.0
6514.0,14.3
6515.0,13.8
6516.0,14.63
6517.0,15.94
6518.0,17.18
6519.0,18.39
6520.0,21.32
6521.0,24.99
6522.0,27.6
6523.0,39.6
6524.0,27.32
6525.0,20.96
6526.0,17.67
6527.0,14.98
6528.0,11.35
6529.0,9.2
6530.0,3.78
6531.0,1.9
6532.0,2.93
6533.0,9.17
6534.0,9.05
6535.0,10.27
6536.0,10.06
6537.0,11.75
6538.0,13.04
6539.0,14.69
6540.0,18.53
6541.0,19.3
6542.0,25.64
6543.0,38.64
6544.0,40.73
6545.0,27.22
6546.0,25.77
6547.0,37.78
6548.0,29.88
6549.0,16.44
6550.0,15.19
6551.0,13.48
6552.0,10.02
6553.0,8.11
6554.0,5.55
6555.0,6.64
6556.0,8.46
6557.0,11.06
6558.0,13.41
6559.0,30.2
6560.0,30.76
6561.0,23.37
6562.0,17.99
6563.0,14.33
6564.0,14.3
6565.0,16.61
6566.0,20.79
6567.0,27.27
6568.0,29.3
6569.0,34.49
6570.0,31.52
6571.0,55.19
6572.0,38.94
6573.0,22.19
6574.0,29.65
6575.0,21.85
6576.0,24.58
6577.0,19.76
6578.0,19.08
6579.0,16.36
6580.0,18.0
6581.0,22.7
6582.0,25.75
6583.0,24.83
6584.0,22.85
6585.0,17.25
6586.0,13.59
6587.0,13.47
6588.0,11.65
6589.0,14.01
6590.0,25.32
6591.0,28.49
6592.0,27.88
6593.0,40.58
6594.0,36.39
6595.0,74.27
6596.0,23.72
6597.0,20.43
6598.0,14.05
6599.0,9.24
6600.0,37.37
6601.0,36.26
6602.0,35.16
6603.0,35.76
6604.0,35.6
6605.0,35.9
6606.0,36.55
6607.0,32.85
6608.0,11.27
6609.0,5.84
6610.0,3.05
6611.0,3.85
6612.0,8.24
6613.0,11.05
6614.0,13.78
6615.0,18.81
6616.0,25.29
6617.0,41.68
6618.0,74.86
6619.0,94.04
6620.0,62.14
6621.0,44.01
6622.0,59.16
6623.0,78.56
6624.0,43.31
6625.0,49.24
6626.0,45.97
6627.0,50.94
6628.0,43.98
6629.0,49.78
6630.0,55.67
6631.0,53.3
6632.0,24.3
6633.0,16.47
6634.0,16.75
6635.0,19.44
6636.0,22.14
6637.0,21.91
6638.0,23.65
6639.0,33.07
6640.0,33.27
6641.0,32.39
6642.0,62.4
6643.0,85.91
6644.0,52.82
6645.0,45.9
6646.0,31.74
6647.0,36.8
6648.0,18.88
6649.0,14.33
6650.0,13.08
6651.0,13.47
6652.0,18.21
6653.0,19.61
6654.0,26.15
6655.0,23.07
6656.0,14.03
6657.0,10.13
6658.0,8.57
6659.0,10.26
6660.0,12.57
6661.0,11.41
6662.0,23.59
6663.0,26.65
6664.0,40.49
6665.0,31.35
6666.0,72.43
6667.0,93.89
6668.0,50.86
6669.0,28.23
6670.0,25.36
6671.0,26.82
6672.0,23.69
6673.0,23.0
6674.0,23.42
6675.0,30.33
6676.0,37.38
6677.0,44.32
6678.0,56.49
6679.0,64.99
6680.0,28.57
6681.0,20.41
6682.0,24.5
6683.0,22.66
6684.0,24.96
6685.0,34.54
6686.0,45.07
6687.0,62.7
6688.0,66.68
6689.0,63.19
6690.0,57.62
6691.0,69.34
6692.0,48.64
6693.0,35.81
6694.0,30.45
6695.0,33.9
6696.0,37.44
6697.0,30.14
6698.0,27.28
6699.0,26.26
6700.0,35.89
6701.0,51.68
6702.0,59.21
6703.0,52.54
6704.0,24.25
6705.0,16.51
6706.0,18.56
6707.0,20.02
6708.0,27.22
6709.0,33.49
6710.0,39.77
6711.0,53.76
6712.0,64.48
6713.0,45.9
6714.0,86.99
6715.0,97.77
6716.0,61.31
6717.0,30.23
6718.0,23.91
6719.0,25.36
6720.0,17.65
6721.0,16.58
6722.0,16.3
6723.0,17.93
6724.0,25.13
6725.0,36.62
6726.0,50.66
6727.0,43.11
6728.0,23.62
6729.0,16.32
6730.0,18.25
6731.0,21.35
6732.0,23.57
6733.0,27.55
6734.0,31.69
6735.0,38.66
6736.0,39.61
6737.0,28.86
6738.0,122.55
6739.0,105.69
6740.0,41.9
6741.0,24.75
6742.0,23.58
6743.0,23.94
6744.0,21.49
6745.0,19.24
6746.0,19.79
6747.0,19.88
6748.0,24.97
6749.0,31.03
6750.0,36.08
6751.0,45.08
6752.0,27.03
6753.0,20.58
6754.0,18.24
6755.0,18.8
6756.0,21.14
6757.0,32.61
6758.0,40.14
6759.0,53.76
6760.0,58.3
6761.0,41.71
6762.0,99.57
6763.0,99.55
6764.0,70.37
6765.0,38.98
6766.0,35.06
6767.0,33.08
6768.0,27.06
6769.0,23.97
6770.0,25.87
6771.0,26.46
6772.0,31.56
6773.0,30.31
6774.0,32.96
6775.0,31.54
6776.0,21.56
6777.0,21.71
6778.0,25.6
6779.0,26.21
6780.0,38.99
6781.0,51.39
6782.0,83.98
6783.0,134.4
6784.0,164.2
6785.0,104.67
6786.0,99.92
6787.0,94.79
6788.0,49.12
6789.0,39.16
6790.0,30.28
6791.0,25.85
6792.0,20.25
6793.0,19.76
6794.0,18.06
6795.0,16.85
6796.0,17.01
6797.0,16.61
6798.0,16.62
6799.0,17.46
6800.0,14.58
6801.0,15.01
6802.0,17.38
6803.0,21.74
6804.0,25.66
6805.0,31.06
6806.0,41.74
6807.0,63.65
6808.0,67.48
6809.0,42.21
6810.0,66.28
6811.0,74.97
6812.0,37.41
6813.0,26.12
6814.0,23.98
6815.0,20.17
6816.0,19.85
6817.0,17.37
6818.0,16.66
6819.0,15.73
6820.0,15.54
6821.0,9.95
6822.0,18.89
6823.0,17.7
6824.0,13.23
6825.0,7.22
6826.0,6.33
6827.0,10.49
6828.0,15.78
6829.0,28.21
6830.0,45.91
6831.0,81.63
6832.0,112.88
6833.0,79.45
6834.0,81.5
6835.0,82.32
6836.0,61.18
6837.0,48.03
6838.0,29.36
6839.0,25.1
6840.0,27.03
6841.0,26.4
6842.0,24.99
6843.0,22.65
6844.0,24.32
6845.0,27.97
6846.0,29.67
6847.0,29.27
6848.0,18.39
6849.0,18.01
6850.0,22.44
6851.0,23.27
6852.0,23.33
6853.0,30.45
6854.0,38.48
6855.0,55.57
6856.0,66.56
6857.0,45.74
6858.0,76.27
6859.0,90.38
6860.0,62.49
6861.0,30.31
6862.0,21.78
6863.0,18.27
6864.0,17.38
6865.0,10.1
6866.0,7.55
6867.0,6.11
6868.0,8.71
6869.0,12.49
6870.0,12.62
6871.0,13.56
6872.0,9.25
6873.0,10.25
6874.0,12.33
6875.0,14.41
6876.0,14.16
6877.0,15.44
6878.0,20.45
6879.0,34.33
6880.0,61.39
6881.0,36.52
6882.0,52.11
6883.0,53.51
6884.0,34.47
6885.0,20.31
6886.0,20.76
6887.0,17.24
6888.0,7.47
6889.0,4.57
6890.0,4.4
6891.0,3.76
6892.0,4.65
6893.0,7.39
6894.0,9.43
6895.0,6.04
6896.0,2.18
6897.0,0.77
6898.0,1.44
6899.0,2.09
6900.0,1.67
6901.0,4.39
6902.0,7.12
6903.0,13.85
6904.0,10.31
6905.0,17.05
6906.0,28.76
6907.0,39.16
6908.0,22.77
6909.0,18.41
6910.0,12.76
6911.0,11.17
6912.0,15.04
6913.0,12.82
6914.0,12.77
6915.0,13.85
6916.0,17.91
6917.0,22.38
6918.0,32.0
6919.0,31.95
6920.0,28.02
6921.0,22.69
6922.0,21.15
6923.0,20.88
6924.0,22.26
6925.0,25.31
6926.0,25.77
6927.0,29.03
6928.0,30.72
6929.0,25.45
6930.0,29.21
6931.0,29.15
6932.0,20.42
6933.0,13.48
6934.0,9.73
6935.0,8.11
6936.0,2.72
6937.0,2.11
6938.0,1.4
6939.0,1.4
6940.0,2.93
6941.0,2.7
6942.0,3.31
6943.0,2.97
6944.0,2.44
6945.0,1.31
6946.0,1.43
6947.0,1.78
6948.0,3.55
6949.0,5.13
6950.0,8.78
6951.0,10.55
6952.0,12.08
6953.0,13.29
6954.0,22.25
6955.0,27.05
6956.0,15.67
6957.0,7.11
6958.0,4.69
6959.0,5.69
6960.0,0.99
6961.0,0.9
6962.0,0.51
6963.0,0.08
6964.0,0.6
6965.0,2.12
6966.0,3.81
6967.0,3.38
6968.0,6.18
6969.0,11.37
6970.0,13.01
6971.0,20.18
6972.0,25.17
6973.0,39.41
6974.0,45.06
6975.0,66.75
6976.0,75.58
6977.0,52.8
6978.0,45.46
6979.0,48.35
6980.0,31.06
6981.0,19.17
6982.0,19.72
6983.0,20.24
6984.0,23.01
6985.0,22.44
6986.0,22.7
6987.0,22.39
6988.0,22.91
6989.0,26.33
6990.0,34.57
6991.0,43.6
6992.0,33.6
6993.0,33.46
6994.0,34.16
6995.0,38.03
6996.0,53.97
6997.0,64.9
6998.0,73.85
6999.0,97.49
7000.0,95.81
7001.0,48.69
7002.0,49.26
7003.0,47.66
7004.0,33.57
7005.0,26.83
7006.0,22.75
7007.0,21.6
7008.0,20.19
7009.0,20.13
7010.0,20.36
7011.0,18.69
7012.0,20.39
7013.0,23.72
7014.0,32.18
7015.0,33.02
7016.0,28.21
7017.0,23.29
7018.0,18.6
7019.0,17.35
7020.0,14.51
7021.0,12.31
7022.0,13.2
7023.0,24.06
7024.0,23.14
7025.0,21.77
7026.0,29.06
7027.0,32.81
7028.0,19.14
7029.0,12.99
7030.0,9.93
7031.0,6.03
7032.0,12.32
7033.0,12.34
7034.0,13.11
7035.0,13.66
7036.0,16.15
7037.0,23.95
7038.0,27.98
7039.0,26.59
7040.0,23.59
7041.0,19.91
7042.0,17.17
7043.0,16.24
7044.0,13.33
7045.0,20.43
7046.0,12.72
7047.0,22.77
7048.0,21.05
7049.0,14.22
7050.0,15.42
7051.0,26.88
7052.0,13.97
7053.0,7.09
7054.0,4.18
7055.0,2.9
7056.0,2.49
7057.0,0.22
7058.0,-0.17
7059.0,1.6
7060.0,3.25
7061.0,5.15
7062.0,7.04
7063.0,2.87
7064.0,0.87
7065.0,-0.86
7066.0,-0.67
7067.0,0.01
7068.0,0.44
7069.0,3.89
7070.0,4.92
7071.0,7.45
7072.0,11.39
7073.0,15.03
7074.0,24.7
7075.0,30.4
7076.0,9.52
7077.0,6.03
7078.0,4.22
7079.0,2.13
7080.0,2.55
7081.0,3.15
7082.0,1.91
7083.0,2.3
7084.0,5.15
7085.0,3.58
7086.0,5.47
7087.0,0.44
7088.0,-0.6
7089.0,-3.2
7090.0,-5.78
7091.0,-3.6
7092.0,-1.76
7093.0,-1.54
7094.0,0.16
7095.0,-0.07
7096.0,7.04
7097.0,14.83
7098.0,32.2
7099.0,48.92
7100.0,32.47
7101.0,28.18
7102.0,27.23
7103.0,25.48
7104.0,41.12
7105.0,34.9
7106.0,33.58
7107.0,32.39
7108.0,32.94
7109.0,37.66
7110.0,37.36
7111.0,38.32
7112.0,36.21
7113.0,32.6
7114.0,31.5
7115.0,29.18
7116.0,28.5
7117.0,23.69
7118.0,21.92
7119.0,19.62
7120.0,19.09
7121.0,13.88
7122.0,14.03
7123.0,10.56
7124.0,2.85
7125.0,-0.96
7126.0,0.02
7127.0,-1.84
7128.0,-2.56
7129.0,-2.16
7130.0,-2.84
7131.0,-2.64
7132.0,-0.11
7133.0,1.62
7134.0,1.46
7135.0,1.13
7136.0,3.99
7137.0,5.11
7138.0,9.93
7139.0,15.73
7140.0,18.35
7141.0,22.12
7142.0,23.08
7143.0,26.37
7144.0,19.3
7145.0,12.89
7146.0,14.95
7147.0,15.87
7148.0,9.4
7149.0,2.92
7150.0,2.42
7151.0,3.25
7152.0,5.16
7153.0,4.52
7154.0,2.49
7155.0,0.81
7156.0,2.11
7157.0,4.33
7158.0,6.57
7159.0,15.18
7160.0,13.68
7161.0,11.3
7162.0,5.86
7163.0,5.66
7164.0,5.84
7165.0,6.5
7166.0,7.61
7167.0,6.32
7168.0,9.74
7169.0,15.24
7170.0,20.62
7171.0,35.12
7172.0,21.53
7173.0,13.02
7174.0,16.69
7175.0,18.41
7176.0,71.69
7177.0,67.47
7178.0,69.36
7179.0,73.15
7180.0,76.7
7181.0,103.25
7182.0,115.78
7183.0,122.81
7184.0,110.36
7185.0,93.45
7186.0,83.76
7187.0,69.2
7188.0,73.12
7189.0,64.22
7190.0,59.08
7191.0,73.56
7192.0,81.06
7193.0,93.42
7194.0,116.34
7195.0,139.2
7196.0,112.45
7197.0,86.57
7198.0,88.73
7199.0,80.53
7200.0,84.31
7201.0,80.77
7202.0,91.19
7203.0,90.37
7204.0,105.31
7205.0,111.89
7206.0,167.07
7207.0,173.64
7208.0,158.58
7209.0,81.56
7210.0,59.7
7211.0,50.56
7212.0,49.0
7213.0,43.05
7214.0,42.47
7215.0,43.56
7216.0,43.25
7217.0,49.04
7218.0,66.57
7219.0,79.78
7220.0,60.41
7221.0,48.21
7222.0,47.31
7223.0,59.39
7224.0,27.87
7225.0,25.83
7226.0,24.58
7227.0,24.1
7228.0,24.87
7229.0,30.06
7230.0,35.46
7231.0,47.23
7232.0,32.01
7233.0,19.94
7234.0,18.31
7235.0,17.65
7236.0,19.4
7237.0,20.63
7238.0,19.78
7239.0,20.51
7240.0,23.05
7241.0,30.88
7242.0,76.95
7243.0,97.71
7244.0,73.77
7245.0,46.88
7246.0,44.33
7247.0,45.83
7248.0,40.39
7249.0,35.83
7250.0,36.1
7251.0,39.56
7252.0,40.74
7253.0,57.2
7254.0,82.25
7255.0,75.46
7256.0,64.78
7257.0,46.14
7258.0,35.49
7259.0,32.33
7260.0,30.89
7261.0,26.77
7262.0,25.08
7263.0,27.44
7264.0,29.18
7265.0,29.26
7266.0,35.82
7267.0,34.9
7268.0,30.16
7269.0,24.02
7270.0,24.32
7271.0,17.92
7272.0,25.77
7273.0,20.94
7274.0,19.08
7275.0,19.98
7276.0,19.98
7277.0,21.51
7278.0,29.27
7279.0,30.61
7280.0,28.09
7281.0,23.44
7282.0,24.29
7283.0,23.25
7284.0,23.85
7285.0,22.82
7286.0,24.18
7287.0,27.92
7288.0,30.1
7289.0,44.26
7290.0,60.18
7291.0,43.94
7292.0,35.95
7293.0,33.21
7294.0,27.54
7295.0,23.84
7296.0,12.5
7297.0,12.11
7298.0,12.44
7299.0,7.24
7300.0,7.38
7301.0,7.48
7302.0,10.96
7303.0,13.54
7304.0,12.55
7305.0,13.37
7306.0,16.29
7307.0,18.36
7308.0,19.84
7309.0,23.97
7310.0,22.82
7311.0,25.86
7312.0,30.72
7313.0,39.7
7314.0,66.01
7315.0,66.89
7316.0,45.24
7317.0,36.44
7318.0,42.0
7319.0,31.5
7320.0,29.06
7321.0,24.07
7322.0,21.27
7323.0,22.53
7324.0,22.69
7325.0,28.09
7326.0,31.01
7327.0,56.03
7328.0,53.17
7329.0,49.14
7330.0,41.3
7331.0,32.88
7332.0,31.53
7333.0,32.56
7334.0,31.91
7335.0,30.36
7336.0,34.96
7337.0,38.03
7338.0,68.68
7339.0,49.64
7340.0,37.21
7341.0,25.25
7342.0,23.28
7343.0,20.71
7344.0,14.52
7345.0,6.62
7346.0,4.19
7347.0,4.26
7348.0,4.57
7349.0,7.34
7350.0,8.43
7351.0,20.32
7352.0,13.61
7353.0,12.78
7354.0,12.08
7355.0,10.16
7356.0,9.42
7357.0,9.24
7358.0,12.13
7359.0,9.01
7360.0,10.74
7361.0,13.78
7362.0,31.82
7363.0,17.59
7364.0,10.39
7365.0,7.29
7366.0,5.18
7367.0,5.04
7368.0,2.77
7369.0,4.94
7370.0,3.35
7371.0,3.36
7372.0,3.61
7373.0,3.64
7374.0,6.75
7375.0,14.2
7376.0,10.36
7377.0,9.33
7378.0,13.79
7379.0,14.69
7380.0,15.9
7381.0,15.91
7382.0,16.85
7383.0,18.72
7384.0,19.03
7385.0,33.45
7386.0,62.01
7387.0,32.21
7388.0,23.41
7389.0,20.38
7390.0,18.56
7391.0,16.54
7392.0,15.35
7393.0,9.55
7394.0,7.39
7395.0,7.64
7396.0,9.66
7397.0,13.07
7398.0,19.02
7399.0,26.01
7400.0,23.52
7401.0,23.79
7402.0,25.33
7403.0,27.62
7404.0,30.99
7405.0,34.51
7406.0,43.97
7407.0,42.13
7408.0,47.09
7409.0,48.85
7410.0,91.42
7411.0,65.62
7412.0,42.77
7413.0,40.72
7414.0,36.45
7415.0,36.46
7416.0,30.45
7417.0,30.71
7418.0,29.98
7419.0,26.58
7420.0,26.33
7421.0,28.64
7422.0,31.09
7423.0,43.4
7424.0,43.82
7425.0,37.91
7426.0,34.45
7427.0,34.83
7428.0,38.55
7429.0,48.27
7430.0,48.12
7431.0,51.11
7432.0,49.46
7433.0,42.88
7434.0,53.81
7435.0,35.47
7436.0,34.24
7437.0,24.72
7438.0,20.67
7439.0,16.16
7440.0,14.99
7441.0,8.43
7442.0,6.69
7443.0,6.52
7444.0,7.44
7445.0,10.37
7446.0,12.06
7447.0,15.52
7448.0,16.77
7449.0,20.96
7450.0,25.76
7451.0,20.2
7452.0,15.1
7453.0,14.34
7454.0,14.32
7455.0,13.88
7456.0,12.93
7457.0,18.59
7458.0,32.81
7459.0,20.67
7460.0,15.18
7461.0,9.97
7462.0,7.07
7463.0,5.27
7464.0,3.78
7465.0,2.69
7466.0,0.64
7467.0,0.8
7468.0,0.5
7469.0,1.06
7470.0,-0.84
7471.0,0.56
7472.0,1.01
7473.0,1.48
7474.0,0.95
7475.0,1.78
7476.0,2.86
7477.0,4.34
7478.0,7.07
7479.0,8.13
7480.0,7.4
7481.0,17.44
7482.0,40.06
7483.0,22.73
7484.0,12.63
7485.0,10.5
7486.0,7.29
7487.0,3.86
7488.0,2.69
7489.0,1.2
7490.0,0.24
7491.0,0.33
7492.0,-0.36
7493.0,1.78
7494.0,2.17
7495.0,4.62
7496.0,4.3
7497.0,1.89
7498.0,2.36
7499.0,1.92
7500.0,4.65
7501.0,12.02
7502.0,12.05
7503.0,14.6
7504.0,18.96
7505.0,19.12
7506.0,42.74
7507.0,30.92
7508.0,19.62
7509.0,13.75
7510.0,12.04
7511.0,11.13
7512.0,9.8
7513.0,13.13
7514.0,12.9
7515.0,13.18
7516.0,13.39
7517.0,14.26
7518.0,14.86
7519.0,24.65
7520.0,19.6
7521.0,24.02
7522.0,23.9
7523.0,27.14
7524.0,40.86
7525.0,47.25
7526.0,51.56
7527.0,50.32
7528.0,60.99
7529.0,78.99
7530.0,151.81
7531.0,87.82
7532.0,47.84
7533.0,36.8
7534.0,33.42
7535.0,29.25
7536.0,24.26
7537.0,23.23
7538.0,21.68
7539.0,20.47
7540.0,20.21
7541.0,22.75
7542.0,28.76
7543.0,35.22
7544.0,33.84
7545.0,35.09
7546.0,31.93
7547.0,33.89
7548.0,37.09
7549.0,42.31
7550.0,41.58
7551.0,38.0
7552.0,41.67
7553.0,44.83
7554.0,97.74
7555.0,57.87
7556.0,51.3
7557.0,42.01
7558.0,31.32
7559.0,29.56
7560.0,25.46
7561.0,18.93
7562.0,18.39
7563.0,17.78
7564.0,18.51
7565.0,19.73
7566.0,20.94
7567.0,29.78
7568.0,25.72
7569.0,20.39
7570.0,21.18
7571.0,22.5
7572.0,23.52
7573.0,25.97
7574.0,37.11
7575.0,45.56
7576.0,50.14
7577.0,70.21
7578.0,77.21
7579.0,45.93
7580.0,35.01
7581.0,25.73
7582.0,23.0
7583.0,19.85
7584.0,17.03
7585.0,6.34
7586.0,6.7
7587.0,9.63
7588.0,13.28
7589.0,16.85
7590.0,19.45
7591.0,28.82
7592.0,31.48
7593.0,31.52
7594.0,31.76
7595.0,36.78
7596.0,48.72
7597.0,43.05
7598.0,46.08
7599.0,42.09
7600.0,38.09
7601.0,43.98
7602.0,57.99
7603.0,41.9
7604.0,36.55
7605.0,28.37
7606.0,28.13
7607.0,22.65
7608.0,22.65
7609.0,22.84
7610.0,19.62
7611.0,19.54
7612.0,17.83
7613.0,17.46
7614.0,15.16
7615.0,16.56
7616.0,15.38
7617.0,13.53
7618.0,8.43
7619.0,5.64
7620.0,6.41
7621.0,7.24
7622.0,7.68
7623.0,7.76
7624.0,11.36
7625.0,14.45
7626.0,37.85
7627.0,20.72
7628.0,17.3
7629.0,12.91
7630.0,9.66
7631.0,9.76
7632.0,5.5
7633.0,18.03
7634.0,19.46
7635.0,18.86
7636.0,23.27
7637.0,29.57
7638.0,35.6
7639.0,30.09
7640.0,25.84
7641.0,23.01
7642.0,24.04
7643.0,24.99
7644.0,22.47
7645.0,27.17
7646.0,24.05
7647.0,22.5
7648.0,21.6
7649.0,26.54
7650.0,51.45
7651.0,43.16
7652.0,37.64
7653.0,32.98
7654.0,31.17
7655.0,31.15
7656.0,25.06
7657.0,24.05
7658.0,20.33
7659.0,21.4
7660.0,28.42
7661.0,35.69
7662.0,42.02
7663.0,53.1
7664.0,46.78
7665.0,22.03
7666.0,25.82
7667.0,28.74
7668.0,25.46
7669.0,27.24
7670.0,29.49
7671.0,27.01
7672.0,28.69
7673.0,38.85
7674.0,75.21
7675.0,70.08
7676.0,57.68
7677.0,52.18
7678.0,42.85
7679.0,35.64
7680.0,33.19
7681.0,29.73
7682.0,32.77
7683.0,36.11
7684.0,36.94
7685.0,36.73
7686.0,51.0
7687.0,74.34
7688.0,51.72
7689.0,32.97
7690.0,27.1
7691.0,25.03
7692.0,21.24
7693.0,19.46
7694.0,19.08
7695.0,18.96
7696.0,19.2
7697.0,19.81
7698.0,35.34
7699.0,38.19
7700.0,34.83
7701.0,23.72
7702.0,19.7
7703.0,15.27
7704.0,13.87
7705.0,11.44
7706.0,11.09
7707.0,11.58
7708.0,11.91
7709.0,12.35
7710.0,14.87
7711.0,26.23
7712.0,22.11
7713.0,6.34
7714.0,6.53
7715.0,3.2
7716.0,1.49
7717.0,0.88
7718.0,1.22
7719.0,1.09
7720.0,2.09
7721.0,4.16
7722.0,28.03
7723.0,27.35
7724.0,20.15
7725.0,15.14
7726.0,11.46
7727.0,11.41
7728.0,10.62
7729.0,6.57
7730.0,4.78
7731.0,4.37
7732.0,6.27
7733.0,8.42
7734.0,12.1
7735.0,22.1
7736.0,39.41
7737.0,12.98
7738.0,4.71
7739.0,3.94
7740.0,3.94
7741.0,2.9
7742.0,4.02
7743.0,2.95
7744.0,5.76
7745.0,9.83
7746.0,48.86
7747.0,43.81
7748.0,35.81
7749.0,22.82
7750.0,17.12
7751.0,15.07
7752.0,11.24
7753.0,12.24
7754.0,11.18
7755.0,11.66
7756.0,12.97
7757.0,15.26
7758.0,24.14
7759.0,30.57
7760.0,31.67
7761.0,17.56
7762.0,18.1
7763.0,17.59
7764.0,21.1
7765.0,23.1
7766.0,27.32
7767.0,29.67
7768.0,29.74
7769.0,29.11
7770.0,64.24
7771.0,40.46
7772.0,35.12
7773.0,31.24
7774.0,26.94
7775.0,25.68
7776.0,24.59
7777.0,26.8
7778.0,28.2
7779.0,27.54
7780.0,28.61
7781.0,30.18
7782.0,29.1
7783.0,29.88
7784.0,33.69
7785.0,25.02
7786.0,24.63
7787.0,23.63
7788.0,21.6
7789.0,21.73
7790.0,21.72
7791.0,25.89
7792.0,25.52
7793.0,28.79
7794.0,47.97
7795.0,40.41
7796.0,32.03
7797.0,29.96
7798.0,30.21
7799.0,31.81
7800.0,28.95
7801.0,35.39
7802.0,35.12
7803.0,35.29
7804.0,35.39
7805.0,41.88
7806.0,46.26
7807.0,54.83
7808.0,47.53
7809.0,22.36
7810.0,19.54
7811.0,18.73
7812.0,17.77
7813.0,18.88
7814.0,20.62
7815.0,20.05
7816.0,23.57
7817.0,27.42
7818.0,59.84
7819.0,60.09
7820.0,51.68
7821.0,46.61
7822.0,41.52
7823.0,42.09
7824.0,38.61
7825.0,31.35
7826.0,28.95
7827.0,30.51
7828.0,30.76
7829.0,31.01
7830.0,34.33
7831.0,44.86
7832.0,43.5
7833.0,27.26
7834.0,25.15
7835.0,18.66
7836.0,16.24
7837.0,13.74
7838.0,11.07
7839.0,7.47
7840.0,6.35
7841.0,7.84
7842.0,28.7
7843.0,34.22
7844.0,28.02
7845.0,21.92
7846.0,19.1
7847.0,15.88
7848.0,13.13
7849.0,10.51
7850.0,8.88
7851.0,9.84
7852.0,10.44
7853.0,11.4
7854.0,13.8
7855.0,18.37
7856.0,15.09
7857.0,0.62
7858.0,1.26
7859.0,1.11
7860.0,0.73
7861.0,1.54
7862.0,1.94
7863.0,1.45
7864.0,1.06
7865.0,2.76
7866.0,27.03
7867.0,37.87
7868.0,32.51
7869.0,30.89
7870.0,28.02
7871.0,25.2
7872.0,24.32
7873.0,25.13
7874.0,20.93
7875.0,29.02
7876.0,34.28
7877.0,39.49
7878.0,46.66
7879.0,57.15
7880.0,65.18
7881.0,27.27
7882.0,27.68
7883.0,28.98
7884.0,27.51
7885.0,24.94
7886.0,21.88
7887.0,19.85
7888.0,18.38
7889.0,20.7
7890.0,51.18
7891.0,45.9
7892.0,41.71
7893.0,36.94
7894.0,31.42
7895.0,23.96
7896.0,23.38
7897.0,26.07
7898.0,25.05
7899.0,24.88
7900.0,25.47
7901.0,28.28
7902.0,31.89
7903.0,37.87
7904.0,34.35
7905.0,16.94
7906.0,18.75
7907.0,22.15
7908.0,18.8
7909.0,19.48
7910.0,18.0
7911.0,18.85
7912.0,18.8
7913.0,23.44
7914.0,37.46
7915.0,40.79
7916.0,34.47
7917.0,28.45
7918.0,26.86
7919.0,25.78
7920.0,24.15
7921.0,36.22
7922.0,37.49
7923.0,35.3
7924.0,33.34
7925.0,34.6
7926.0,37.47
7927.0,40.3
7928.0,40.21
7929.0,26.78
7930.0,23.06
7931.0,18.64
7932.0,17.88
7933.0,19.71
7934.0,19.8
7935.0,18.51
7936.0,17.93
7937.0,23.66
7938.0,50.6
7939.0,54.34
7940.0,57.08
7941.0,52.42
7942.0,57.74
7943.0,48.69
7944.0,44.72
7945.0,47.03
7946.0,48.69
7947.0,50.43
7948.0,51.48
7949.0,56.02
7950.0,58.03
7951.0,57.1
7952.0,55.34
7953.0,37.01
7954.0,26.67
7955.0,24.34
7956.0,23.5
7957.0,23.12
7958.0,21.94
7959.0,20.14
7960.0,20.67
7961.0,26.26
7962.0,63.58
7963.0,77.0
7964.0,74.9
7965.0,66.24
7966.0,65.29
7967.0,56.5
7968.0,54.48
7969.0,55.86
7970.0,53.8
7971.0,49.23
7972.0,49.71
7973.0,50.98
7974.0,55.15
7975.0,56.45
7976.0,56.08
7977.0,23.45
7978.0,19.24
7979.0,19.47
7980.0,16.32
7981.0,14.3
7982.0,12.75
7983.0,12.1
7984.0,11.26
7985.0,14.17
7986.0,38.88
7987.0,46.85
7988.0,44.23
7989.0,37.04
7990.0,37.73
7991.0,36.3
7992.0,32.62
7993.0,27.59
7994.0,29.43
7995.0,32.93
7996.0,36.78
7997.0,36.65
7998.0,49.36
7999.0,62.59
8000.0,69.15
8001.0,33.72
8002.0,26.7
8003.0,25.25
8004.0,20.91
8005.0,19.18
8006.0,18.6
8007.0,18.01
8008.0,17.78
8009.0,20.84
8010.0,65.5
8011.0,69.06
8012.0,58.32
8013.0,45.68
8014.0,40.29
8015.0,36.38
8016.0,34.33
8017.0,30.68
8018.0,29.83
8019.0,30.99
8020.0,31.98
8021.0,34.92
8022.0,51.16
8023.0,69.87
8024.0,47.66
8025.0,16.73
8026.0,11.56
8027.0,9.91
8028.0,9.25
8029.0,10.26
8030.0,9.53
8031.0,9.46
8032.0,9.26
8033.0,15.14
8034.0,57.45
8035.0,43.65
8036.0,41.36
8037.0,35.43
8038.0,39.44
8039.0,33.82
8040.0,34.65
8041.0,19.84
8042.0,20.85
8043.0,23.8
8044.0,22.62
8045.0,24.21
8046.0,28.14
8047.0,33.48
8048.0,24.81
8049.0,7.45
8050.0,3.94
8051.0,1.27
8052.0,0.83
8053.0,1.19
8054.0,2.52
8055.0,2.17
8056.0,3.27
8057.0,9.22
8058.0,35.08
8059.0,45.48
8060.0,42.61
8061.0,40.22
8062.0,38.81
8063.0,31.92
8064.0,30.28
8065.0,31.73
8066.0,31.39
8067.0,32.67
8068.0,36.1
8069.0,37.74
8070.0,41.63
8071.0,51.22
8072.0,48.14
8073.0,16.81
8074.0,9.19
8075.0,5.87
8076.0,10.4
8077.0,16.21
8078.0,17.5
8079.0,17.83
8080.0,18.8
8081.0,22.15
8082.0,64.06
8083.0,75.5
8084.0,74.62
8085.0,74.51
8086.0,66.11
8087.0,58.22
8088.0,53.37
8089.0,58.46
8090.0,55.71
8091.0,55.47
8092.0,54.36
8093.0,57.17
8094.0,66.43
8095.0,80.88
8096.0,77.77
8097.0,36.76
8098.0,22.93
8099.0,21.09
8100.0,19.32
8101.0,18.34
8102.0,17.61
8103.0,17.22
8104.0,17.35
8105.0,20.4
8106.0,61.96
8107.0,71.99
8108.0,68.31
8109.0,62.69
8110.0,63.05
8111.0,59.56
8112.0,59.42
8113.0,40.39
8114.0,37.69
8115.0,39.47
8116.0,39.18
8117.0,38.99
8118.0,44.51
8119.0,47.74
8120.0,50.82
8121.0,38.29
8122.0,33.02
8123.0,28.23
8124.0,24.1
8125.0,21.75
8126.0,21.14
8127.0,20.24
8128.0,21.82
8129.0,25.37
8130.0,50.11
8131.0,50.09
8132.0,45.54
8133.0,42.61
8134.0,44.3
8135.0,42.16
8136.0,40.08
8137.0,38.87
8138.0,38.62
8139.0,38.11
8140.0,38.24
8141.0,37.88
8142.0,41.73
8143.0,41.1
8144.0,40.82
8145.0,23.91
8146.0,20.54
8147.0,19.39
8148.0,18.27
8149.0,17.35
8150.0,16.34
8151.0,15.91
8152.0,16.18
8153.0,17.41
8154.0,43.85
8155.0,51.52
8156.0,50.08
8157.0,47.24
8158.0,44.65
8159.0,41.54
8160.0,39.92
8161.0,47.61
8162.0,46.53
8163.0,47.33
8164.0,47.14
8165.0,49.86
8166.0,55.93
8167.0,82.51
8168.0,73.59
8169.0,29.69
8170.0,23.4
8171.0,21.27
8172.0,19.76
8173.0,19.1
8174.0,18.05
8175.0,17.5
8176.0,17.25
8177.0,19.71
8178.0,59.21
8179.0,60.53
8180.0,59.59
8181.0,55.98
8182.0,51.78
8183.0,49.31
8184.0,46.53
8185.0,40.11
8186.0,39.41
8187.0,40.08
8188.0,40.52
8189.0,42.3
8190.0,53.7
8191.0,67.88
8192.0,63.56
8193.0,27.37
8194.0,20.51
8195.0,18.83
8196.0,17.79
8197.0,17.32
8198.0,16.94
8199.0,16.73
8200.0,17.03
8201.0,20.15
8202.0,46.44
8203.0,55.68
8204.0,50.26
8205.0,45.24
8206.0,44.22
8207.0,38.78
8208.0,37.42
8209.0,26.4
8210.0,24.52
8211.0,25.41
8212.0,25.24
8213.0,29.99
8214.0,34.79
8215.0,41.75
8216.0,39.77
8217.0,21.38
8218.0,19.26
8219.0,17.78
8220.0,18.3
8221.0,18.69
8222.0,19.01
8223.0,18.7
8224.0,18.22
8225.0,20.54
8226.0,46.64
8227.0,41.98
8228.0,33.15
8229.0,28.37
8230.0,27.99
8231.0,25.38
8232.0,19.14
8233.0,8.45
8234.0,7.83
8235.0,9.06
8236.0,9.55
8237.0,12.96
8238.0,19.96
8239.0,34.51
8240.0,31.02
8241.0,17.6
8242.0,16.02
8243.0,19.99
8244.0,19.27
8245.0,18.78
8246.0,16.45
8247.0,15.88
8248.0,14.0
8249.0,16.56
8250.0,30.97
8251.0,24.78
8252.0,24.14
8253.0,21.54
8254.0,22.45
8255.0,17.46
8256.0,11.24
8257.0,11.8
8258.0,10.22
8259.0,11.0
8260.0,14.09
8261.0,15.94
8262.0,19.78
8263.0,20.36
8264.0,20.04
8265.0,15.77
8266.0,14.64
8267.0,14.86
8268.0,15.03
8269.0,15.5
8270.0,14.98
8271.0,14.23
8272.0,14.59
8273.0,18.81
8274.0,45.21
8275.0,29.23
8276.0,25.31
8277.0,23.16
8278.0,22.73
8279.0,20.23
8280.0,19.04
8281.0,19.84
8282.0,19.76
8283.0,20.36
8284.0,18.97
8285.0,20.42
8286.0,21.5
8287.0,23.16
8288.0,27.67
8289.0,28.45
8290.0,27.83
8291.0,26.13
8292.0,23.81
8293.0,21.29
8294.0,19.46
8295.0,19.21
8296.0,17.91
8297.0,18.86
8298.0,24.77
8299.0,21.76
8300.0,19.42
8301.0,15.9
8302.0,13.48
8303.0,12.21
8304.0,8.61
8305.0,12.76
8306.0,13.9
8307.0,15.52
8308.0,17.02
8309.0,17.77
8310.0,19.52
8311.0,19.39
8312.0,17.33
8313.0,16.8
8314.0,13.6
8315.0,9.37
8316.0,6.85
8317.0,5.04
8318.0,6.07
8319.0,4.3
8320.0,5.44
8321.0,11.32
8322.0,19.55
8323.0,24.77
8324.0,26.14
8325.0,36.68
8326.0,35.85
8327.0,25.88
8328.0,25.01
8329.0,33.29
8330.0,32.46
8331.0,32.7
8332.0,32.16
8333.0,33.63
8334.0,39.31
8335.0,76.73
8336.0,68.83
8337.0,36.61
8338.0,25.58
8339.0,22.34
8340.0,21.56
8341.0,21.98
8342.0,21.31
8343.0,21.16
8344.0,20.62
8345.0,17.93
8346.0,26.51
8347.0,24.8
8348.0,21.98
8349.0,19.39
8350.0,19.32
8351.0,17.87
8352.0,15.6
8353.0,24.03
8354.0,25.36
8355.0,29.28
8356.0,31.11
8357.0,34.63
8358.0,40.23
8359.0,53.15
8360.0,46.02
8361.0,31.84
8362.0,26.57
8363.0,21.97
8364.0,15.24
8365.0,12.12
8366.0,9.95
8367.0,5.82
8368.0,3.4
8369.0,9.01
8370.0,23.21
8371.0,27.3
8372.0,31.61
8373.0,35.54
8374.0,36.39
8375.0,36.07
8376.0,35.8
8377.0,48.03
8378.0,48.31
8379.0,48.67
8380.0,44.24
8381.0,39.61
8382.0,41.49
8383.0,60.33
8384.0,64.97
8385.0,44.31
8386.0,36.86
8387.0,35.29
8388.0,31.07
8389.0,28.53
8390.0,27.89
8391.0,28.73
8392.0,27.78
8393.0,29.42
8394.0,58.58
8395.0,57.77
8396.0,49.0
8397.0,46.0
8398.0,39.35
8399.0,35.31
8400.0,34.7
8401.0,31.03
8402.0,31.67
8403.0,30.38
8404.0,30.78
8405.0,31.55
8406.0,36.11
8407.0,75.63
8408.0,68.4
8409.0,42.56
8410.0,35.68
8411.0,32.6
8412.0,31.58
8413.0,29.02
8414.0,28.29
8415.0,29.82
8416.0,29.32
8417.0,33.11
8418.0,46.76
8419.0,45.34
8420.0,38.8
8421.0,33.04
8422.0,28.56
8423.0,26.63
8424.0,26.14
8425.0,27.29
8426.0,29.32
8427.0,29.87
8428.0,29.84
8429.0,32.0
8430.0,36.14
8431.0,47.66
8432.0,45.27
8433.0,28.77
8434.0,23.16
8435.0,18.44
8436.0,15.54
8437.0,18.37
8438.0,23.79
8439.0,25.18
8440.0,29.58
8441.0,34.48
8442.0,47.07
8443.0,21.99
8444.0,22.38
8445.0,20.65
8446.0,19.53
8447.0,18.57
8448.0,16.12
8449.0,26.2
8450.0,25.75
8451.0,26.04
8452.0,24.69
8453.0,25.01
8454.0,24.57
8455.0,25.22
8456.0,25.83
8457.0,24.65
8458.0,24.77
8459.0,25.61
8460.0,23.55
8461.0,23.05
8462.0,21.37
8463.0,20.48
8464.0,20.21
8465.0,22.33
8466.0,42.02
8467.0,39.98
8468.0,29.78
8469.0,29.59
8470.0,22.84
8471.0,24.33
8472.0,21.12
8473.0,20.64
8474.0,18.16
8475.0,17.58
8476.0,17.54
8477.0,17.42
8478.0,17.84
8479.0,19.76
8480.0,21.68
8481.0,23.2
8482.0,26.6
8483.0,28.53
8484.0,23.05
8485.0,21.05
8486.0,20.44
8487.0,19.75
8488.0,19.98
8489.0,21.99
8490.0,44.52
8491.0,30.56
8492.0,26.08
8493.0,22.57
8494.0,21.15
8495.0,19.19
8496.0,19.13
8497.0,16.71
8498.0,15.98
8499.0,16.06
8500.0,16.5
8501.0,17.25
8502.0,19.97
8503.0,31.05
8504.0,36.5
8505.0,30.79
8506.0,25.01
8507.0,22.8
8508.0,20.76
8509.0,19.16
8510.0,18.82
8511.0,18.46
8512.0,18.74
8513.0,20.19
8514.0,37.99
8515.0,23.54
8516.0,21.22
8517.0,20.61
8518.0,20.38
8519.0,19.32
8520.0,18.46
8521.0,19.55
8522.0,18.43
8523.0,18.51
8524.0,17.32
8525.0,17.14
8526.0,17.43
8527.0,29.41
8528.0,26.51
8529.0,17.61
8530.0,13.86
8531.0,16.12
8532.0,11.43
8533.0,6.09
8534.0,3.22
8535.0,3.31
8536.0,4.51
8537.0,4.69
8538.0,13.88
8539.0,9.12
8540.0,7.97
8541.0,6.63
8542.0,4.12
8543.0,2.18
8544.0,1.23
8545.0,1.45
8546.0,1.2
8547.0,1.37
8548.0,1.5
8549.0,4.02
8550.0,10.56
8551.0,17.68
8552.0,19.19
8553.0,18.61
8554.0,17.95
8555.0,15.44
8556.0,12.24
8557.0,10.36
8558.0,9.43
8559.0,7.5
8560.0,4.57
8561.0,10.5
8562.0,33.23
8563.0,17.03
8564.0,18.04
8565.0,18.42
8566.0,19.73
8567.0,19.8
8568.0,18.35
8569.0,18.76
8570.0,19.88
8571.0,21.02
8572.0,20.65
8573.0,19.37
8574.0,20.76
8575.0,31.55
8576.0,31.5
8577.0,29.7
8578.0,21.8
8579.0,19.55
8580.0,16.1
8581.0,12.59
8582.0,12.15
8583.0,12.51
8584.0,13.71
8585.0,17.96
8586.0,32.9
8587.0,34.26
8588.0,30.84
8589.0,27.84
8590.0,27.27
8591.0,20.88
8592.0,20.75
8593.0,18.93
8594.0,18.01
8595.0,18.09
8596.0,18.7
8597.0,19.11
8598.0,21.2
8599.0,27.11
8600.0,31.97
8601.0,33.71
8602.0,32.71
8603.0,29.15
8604.0,24.36
8605.0,20.82
8606.0,18.35
8607.0,17.89
8608.0,17.56
8609.0,18.88
8610.0,29.38
8611.0,21.84
8612.0,19.95
8613.0,19.25
8614.0,18.24
8615.0,17.52
8616.0,16.27
8617.0,15.78
8618.0,14.98
8619.0,15.48
8620.0,16.29
8621.0,17.0
8622.0,18.06
8623.0,23.06
8624.0,23.37
8625.0,20.48
8626.0,21.01
8627.0,17.32
8628.0,16.45
8629.0,15.03
8630.0,12.63
8631.0,10.19
8632.0,9.52
8633.0,14.72
8634.0,26.77
8635.0,18.0
8636.0,15.49
8637.0,12.2
8638.0,8.85
8639.0,4.52
8640.0,2.99
8641.0,1.9
8642.0,1.25
8643.0,1.16
8644.0,1.17
8645.0,2.08
8646.0,4.43
8647.0,11.82
8648.0,16.23
8649.0,17.2
8650.0,21.17
8651.0,19.23
8652.0,18.45
8653.0,18.36
8654.0,19.07
8655.0,18.98
8656.0,18.84
8657.0,20.92
8658.0,46.97
8659.0,30.41
8660.0,19.96
8661.0,19.06
8662.0,18.12
8663.0,16.7
8664.0,16.33
8665.0,15.45
8666.0,14.58
8667.0,14.95
8668.0,15.43
8669.0,17.51
8670.0,18.47
8671.0,20.44
8672.0,24.04
8673.0,24.91
8674.0,29.95
8675.0,28.9
8676.0,21.86
8677.0,20.8
8678.0,19.42
8679.0,18.99
8680.0,18.24
8681.0,18.96
8682.0,36.56
8683.0,24.59
8684.0,21.34
8685.0,21.03
8686.0,19.16
8687.0,17.86
8688.0,15.76
8689.0,15.3
8690.0,13.11
8691.0,11.75
8692.0,9.28
8693.0,10.07
8694.0,12.18
8695.0,16.51
8696.0,16.32
8697.0,12.34
8698.0,10.56
8699.0,6.58
8700.0,4.79
8701.0,5.0
8702.0,6.32
8703.0,9.51
8704.0,13.08
8705.0,13.91
8706.0,28.24
8707.0,25.31
8708.0,25.8
8709.0,23.22
8710.0,20.4
8711.0,18.37
8712.0,18.73
8713.0,18.01
8714.0,17.37
8715.0,15.64
8716.0,11.87
8717.0,7.17
8718.0,8.33
8719.0,10.87
8720.0,9.52
8721.0,8.8
8722.0,9.43
8723.0,9.46
8724.0,11.85
8725.0,12.69
8726.0,12.36
8727.0,13.74
8728.0,14.34
8729.0,16.68
8730.0,39.02
8731.0,29.87
8732.0,28.23
8733.0,26.92
8734.0,22.58
8735.0,20.02
8736.0,20.23
8737.0,23.78
8738.0,22.07
8739.0,24.28
8740.0,22.79
8741.0,20.95
8742.0,25.21
8743.0,33.16
8744.0,35.28
8745.0,33.69
8746.0,32.31
8747.0,30.56
8748.0,29.17
8749.0,26.21
8750.0,20.98
8751.0,20.28
8752.0,20.09
8753.0,22.44
8754.0,43.89
8755.0,37.25
8756.0,28.27
8757.0,27.75
8758.0,26.08
8759.0,25.43
8760.0,24.58
8761.0,18.36
8762.0,17.69
8763.0,17.23
8764.0,17.33
8765.0,17.37
8766.0,18.21
8767.0,18.37
8768.0,19.8
8769.0,24.54
8770.0,21.75
8771.0,18.48
8772.0,18.19
8773.0,17.44
8774.0,16.37
8775.0,16.17
8776.0,16.06
8777.0,18.4
8778.0,33.72
8779.0,34.31
8780.0,26.78
8781.0,26.67
8782.0,22.61
8783.0,19.49
8784.0,19.43
