hours,price
1.0,22.39
2.0,18.59
3.0,18.53
4.0,18.74
5.0,18.64
6.0,21.1
7.0,30.13
8.0,31.87
9.0,31.37
10.0,19.62
11.0,20.6
12.0,18.62
13.0,18.07
14.0,16.24
15.0,15.03
16.0,14.25
17.0,15.42
18.0,19.63
19.0,18.71
20.0,17.1
21.0,15.68
22.0,15.45
23.0,15.75
24.0,14.65
25.0,13.3
26.0,13.67
27.0,13.84
28.0,13.75
29.0,14.04
30.0,15.3
31.0,16.97
32.0,19.52
33.0,19.91
34.0,19.21
35.0,18.5
36.0,17.32
37.0,17.19
38.0,16.57
39.0,15.74
40.0,15.72
41.0,18.1
42.0,26.1
43.0,22.67
44.0,20.05
45.0,18.86
46.0,18.75
47.0,17.42
48.0,15.97
49.0,16.17
50.0,15.48
51.0,15.5
52.0,15.48
53.0,16.02
54.0,17.45
55.0,29.26
56.0,28.56
57.0,22.0
58.0,17.97
59.0,17.81
60.0,16.77
61.0,16.74
62.0,16.69
63.0,16.58
64.0,16.26
65.0,18.65
66.0,32.8
67.0,31.96
68.0,22.09
69.0,22.3
70.0,19.71
71.0,18.58
72.0,18.09
73.0,17.73
74.0,17.31
75.0,17.51
76.0,17.3
77.0,17.84
78.0,20.85
79.0,36.47
80.0,31.53
81.0,20.97
82.0,19.98
83.0,18.99
84.0,16.82
85.0,16.68
86.0,15.92
87.0,15.01
88.0,14.8
89.0,17.28
90.0,25.5
91.0,19.75
92.0,18.62
93.0,18.24
94.0,15.64
95.0,14.62
96.0,9.81
97.0,4.24
98.0,4.19
99.0,4.16
100.0,4.69
101.0,4.9
102.0,8.5
103.0,15.23
104.0,14.71
105.0,13.38
106.0,11.14
107.0,8.98
108.0,6.22
109.0,6.39
110.0,7.32
111.0,7.52
112.0,7.41
113.0,14.24
114.0,27.35
115.0,28.27
116.0,23.05
117.0,25.3
118.0,22.41
119.0,18.03
120.0,18.31
121.0,9.33
122.0,7.83
123.0,8.7
124.0,11.66
125.0,15.29
126.0,19.18
127.0,25.94
128.0,26.63
129.0,24.73
130.0,20.08
131.0,19.29
132.0,18.0
133.0,17.42
134.0,17.37
135.0,17.27
136.0,17.49
137.0,19.37
138.0,42.32
139.0,41.46
140.0,26.62
141.0,24.2
142.0,20.82
143.0,19.5
144.0,19.6
145.0,18.81
146.0,18.52
147.0,18.73
148.0,19.18
149.0,19.98
150.0,23.35
151.0,49.02
152.0,48.56
153.0,40.92
154.0,30.01
155.0,25.27
156.0,21.23
157.0,19.16
158.0,18.25
159.0,18.0
160.0,17.92
161.0,19.79
162.0,32.27
163.0,30.22
164.0,24.25
165.0,23.48
166.0,22.85
167.0,21.13
168.0,20.94
169.0,19.96
170.0,19.44
171.0,19.69
172.0,20.41
173.0,20.45
174.0,26.13
175.0,28.41
176.0,35.48
177.0,35.95
178.0,29.99
179.0,23.15
180.0,20.88
181.0,19.94
182.0,18.26
183.0,17.08
184.0,16.91
185.0,17.33
186.0,26.13
187.0,21.55
188.0,19.83
189.0,20.31
190.0,20.77
191.0,19.79
192.0,18.42
193.0,23.3
194.0,22.9
195.0,22.04
196.0,21.71
197.0,21.74
198.0,23.02
199.0,25.04
200.0,27.63
201.0,28.3
202.0,29.59
203.0,30.23
204.0,28.47
205.0,29.12
206.0,24.87
207.0,24.68
208.0,26.48
209.0,28.05
210.0,52.72
211.0,54.76
212.0,49.8
213.0,41.73
214.0,35.39
215.0,30.29
216.0,25.87
217.0,26.03
218.0,24.83
219.0,25.31
220.0,25.66
221.0,26.39
222.0,34.39
223.0,75.86
224.0,73.07
225.0,56.69
226.0,42.73
227.0,31.4
228.0,28.23
229.0,25.29
230.0,21.99
231.0,20.92
232.0,20.84
233.0,24.08
234.0,45.49
235.0,53.84
236.0,40.41
237.0,36.5
238.0,30.15
239.0,25.77
240.0,22.94
241.0,23.13
242.0,21.83
243.0,22.03
244.0,22.21
245.0,23.18
246.0,27.67
247.0,63.77
248.0,61.86
249.0,34.95
250.0,29.22
251.0,23.97
252.0,23.06
253.0,21.46
254.0,20.0
255.0,18.58
256.0,18.21
257.0,22.38
258.0,37.26
259.0,35.58
260.0,27.11
261.0,23.63
262.0,21.66
263.0,20.82
264.0,18.93
265.0,17.0
266.0,16.74
267.0,17.0
268.0,17.45
269.0,17.76
270.0,20.35
271.0,38.01
272.0,33.3
273.0,24.19
274.0,22.65
275.0,21.35
276.0,19.72
277.0,18.53
278.0,17.96
279.0,17.54
280.0,17.29
281.0,18.03
282.0,26.25
283.0,23.17
284.0,19.52
285.0,19.7
286.0,17.21
287.0,15.05
288.0,12.97
289.0,14.89
290.0,14.12
291.0,14.07
292.0,14.78
293.0,15.87
294.0,17.44
295.0,31.52
296.0,26.82
297.0,15.78
298.0,6.75
299.0,1.33
300.0,0.42
301.0,1.22
302.0,2.59
303.0,7.12
304.0,12.54
305.0,17.74
306.0,38.97
307.0,40.05
308.0,29.05
309.0,27.02
310.0,21.93
311.0,19.19
312.0,20.59
313.0,20.63
314.0,19.54
315.0,18.82
316.0,18.28
317.0,18.51
318.0,21.74
319.0,44.15
320.0,36.58
321.0,26.36
322.0,20.38
323.0,17.38
324.0,15.44
325.0,13.12
326.0,12.01
327.0,11.7
328.0,12.62
329.0,17.0
330.0,30.17
331.0,30.64
332.0,28.07
333.0,27.43
334.0,26.29
335.0,23.28
336.0,22.22
337.0,20.77
338.0,19.98
339.0,20.88
340.0,22.24
341.0,26.48
342.0,30.38
343.0,41.25
344.0,47.69
345.0,47.41
346.0,31.5
347.0,27.36
348.0,21.33
349.0,20.85
350.0,19.83
351.0,18.12
352.0,18.25
353.0,18.3
354.0,27.35
355.0,28.13
356.0,22.85
357.0,22.04
358.0,22.23
359.0,24.11
360.0,22.24
361.0,22.89
362.0,20.86
363.0,21.48
364.0,21.71
365.0,22.36
366.0,22.84
367.0,29.84
368.0,37.47
369.0,40.37
370.0,28.45
371.0,20.69
372.0,19.05
373.0,18.29
374.0,17.98
375.0,17.5
376.0,17.47
377.0,18.13
378.0,33.9
379.0,35.45
380.0,23.64
381.0,20.38
382.0,19.05
383.0,19.13
384.0,17.88
385.0,17.49
386.0,15.74
387.0,15.28
388.0,14.85
389.0,14.65
390.0,17.57
391.0,20.54
392.0,24.51
393.0,19.19
394.0,15.09
395.0,13.18
396.0,12.66
397.0,15.11
398.0,16.0
399.0,16.59
400.0,17.57
401.0,22.41
402.0,31.38
403.0,23.14
404.0,18.65
405.0,18.12
406.0,17.3
407.0,16.55
408.0,15.25
409.0,11.95
410.0,10.18
411.0,9.35
412.0,9.67
413.0,12.47
414.0,15.42
415.0,19.36
416.0,21.71
417.0,21.2
418.0,21.76
419.0,19.27
420.0,18.36
421.0,18.26
422.0,18.44
423.0,17.81
424.0,17.81
425.0,19.51
426.0,28.16
427.0,34.18
428.0,29.35
429.0,31.83
430.0,27.36
431.0,23.62
432.0,22.01
433.0,22.43
434.0,21.03
435.0,22.24
436.0,21.51
437.0,21.6
438.0,23.14
439.0,37.91
440.0,40.99
441.0,35.22
442.0,33.99
443.0,30.47
444.0,24.85
445.0,21.09
446.0,19.97
447.0,18.63
448.0,18.35
449.0,20.15
450.0,33.93
451.0,27.56
452.0,24.22
453.0,23.5
454.0,21.82
455.0,19.06
456.0,17.03
457.0,16.63
458.0,15.24
459.0,14.82
460.0,15.0
461.0,15.57
462.0,16.68
463.0,21.22
464.0,21.48
465.0,21.75
466.0,26.14
467.0,27.91
468.0,24.36
469.0,22.35
470.0,21.0
471.0,19.37
472.0,18.25
473.0,21.01
474.0,36.51
475.0,26.0
476.0,20.84
477.0,20.31
478.0,19.8
479.0,18.43
480.0,17.3
481.0,17.9
482.0,16.58
483.0,16.5
484.0,16.42
485.0,17.25
486.0,20.4
487.0,25.26
488.0,25.8
489.0,25.44
490.0,26.12
491.0,24.48
492.0,22.33
493.0,23.14
494.0,22.4
495.0,21.64
496.0,21.81
497.0,25.06
498.0,44.07
499.0,31.64
500.0,22.65
501.0,21.93
502.0,21.8
503.0,21.35
504.0,19.6
505.0,21.47
506.0,18.11
507.0,17.83
508.0,17.65
509.0,17.53
510.0,18.35
511.0,21.24
512.0,21.58
513.0,27.93
514.0,32.67
515.0,24.62
516.0,21.53
517.0,18.58
518.0,16.85
519.0,15.52
520.0,15.98
521.0,17.76
522.0,29.31
523.0,23.45
524.0,19.2
525.0,17.94
526.0,18.36
527.0,17.53
528.0,14.86
529.0,16.85
530.0,15.55
531.0,16.0
532.0,17.06
533.0,17.39
534.0,17.93
535.0,19.37
536.0,20.7
537.0,20.91
538.0,22.52
539.0,22.82
540.0,22.74
541.0,21.39
542.0,19.34
543.0,18.71
544.0,18.71
545.0,19.37
546.0,27.0
547.0,26.2
548.0,21.34
549.0,21.81
550.0,19.56
551.0,18.36
552.0,14.68
553.0,9.84
554.0,4.16
555.0,3.76
556.0,3.52
557.0,5.86
558.0,7.9
559.0,12.63
560.0,15.72
561.0,9.87
562.0,4.62
563.0,3.95
564.0,3.18
565.0,3.57
566.0,3.64
567.0,4.22
568.0,6.47
569.0,12.68
570.0,24.48
571.0,30.56
572.0,22.13
573.0,19.98
574.0,19.97
575.0,17.45
576.0,17.16
577.0,18.34
578.0,18.06
579.0,18.17
580.0,17.73
581.0,18.48
582.0,20.21
583.0,35.36
584.0,34.71
585.0,27.18
586.0,26.09
587.0,25.14
588.0,19.06
589.0,19.09
590.0,17.66
591.0,17.53
592.0,17.28
593.0,18.95
594.0,28.4
595.0,26.01
596.0,20.66
597.0,21.15
598.0,19.23
599.0,18.91
600.0,16.92
601.0,21.11
602.0,17.46
603.0,17.14
604.0,16.53
605.0,16.74
606.0,19.06
607.0,23.48
608.0,25.93
609.0,25.0
610.0,22.57
611.0,21.5
612.0,19.2
613.0,19.63
614.0,18.12
615.0,18.35
616.0,18.64
617.0,20.82
618.0,47.58
619.0,45.53
620.0,31.23
621.0,29.14
622.0,22.45
623.0,20.47
624.0,19.33
625.0,19.08
626.0,18.75
627.0,18.74
628.0,19.16
629.0,20.75
630.0,26.81
631.0,54.59
632.0,54.88
633.0,36.38
634.0,30.95
635.0,26.56
636.0,21.27
637.0,20.83
638.0,18.49
639.0,18.21
640.0,17.8
641.0,18.66
642.0,27.89
643.0,27.89
644.0,20.84
645.0,23.58
646.0,21.89
647.0,19.75
648.0,18.69
649.0,17.14
650.0,16.74
651.0,16.68
652.0,16.81
653.0,17.24
654.0,19.42
655.0,31.2
656.0,31.53
657.0,23.09
658.0,17.18
659.0,13.76
660.0,12.47
661.0,14.25
662.0,13.92
663.0,13.42
664.0,13.92
665.0,15.99
666.0,23.83
667.0,20.79
668.0,18.01
669.0,17.82
670.0,15.52
671.0,11.23
672.0,10.19
673.0,2.02
674.0,0.33
675.0,1.27
676.0,1.98
677.0,3.22
678.0,4.19
679.0,5.46
680.0,7.29
681.0,6.14
682.0,3.19
683.0,0.92
684.0,0.89
685.0,0.73
686.0,-0.13
687.0,0.29
688.0,0.46
689.0,6.32
690.0,17.95
691.0,26.04
692.0,21.93
693.0,23.96
694.0,23.31
695.0,20.22
696.0,19.47
697.0,18.09
698.0,17.84
699.0,16.2
700.0,13.29
701.0,13.1
702.0,14.49
703.0,16.39
704.0,18.04
705.0,18.57
706.0,17.94
707.0,15.38
708.0,15.69
709.0,16.71
710.0,16.97
711.0,17.43
712.0,17.83
713.0,17.7
714.0,31.52
715.0,41.03
716.0,28.26
717.0,25.47
718.0,26.08
719.0,22.1
720.0,21.72
721.0,21.56
722.0,20.3
723.0,20.74
724.0,22.06
725.0,22.16
726.0,27.01
727.0,47.07
728.0,52.68
729.0,35.57
730.0,26.45
731.0,22.4
732.0,19.77
733.0,19.54
734.0,18.57
735.0,17.87
736.0,17.53
737.0,18.66
738.0,27.43
739.0,33.48
740.0,22.54
741.0,21.01
742.0,21.06
743.0,20.33
744.0,18.45
745.0,17.69
746.0,17.14
747.0,16.85
748.0,17.22
749.0,17.09
750.0,18.32
751.0,35.61
752.0,32.0
753.0,19.97
754.0,13.71
755.0,13.06
756.0,13.49
757.0,14.49
758.0,15.74
759.0,16.11
760.0,16.66
761.0,18.63
762.0,39.98
763.0,34.37
764.0,21.37
765.0,20.05
766.0,18.3
767.0,18.64
768.0,16.92
769.0,17.83
770.0,17.68
771.0,17.11
772.0,17.65
773.0,18.92
774.0,21.34
775.0,33.0
776.0,33.03
777.0,28.62
778.0,24.8
779.0,21.62
780.0,19.31
781.0,19.66
782.0,19.43
783.0,18.73
784.0,16.97
785.0,18.18
786.0,24.9
787.0,27.7
788.0,19.8
789.0,16.91
790.0,15.86
791.0,9.82
792.0,4.42
793.0,1.5
794.0,0.71
795.0,1.52
796.0,3.2
797.0,3.93
798.0,7.85
799.0,18.02
800.0,20.58
801.0,17.45
802.0,15.65
803.0,10.47
804.0,6.65
805.0,6.99
806.0,9.79
807.0,12.11
808.0,15.37
809.0,17.49
810.0,28.41
811.0,40.56
812.0,26.37
813.0,24.44
814.0,24.12
815.0,23.1
816.0,20.76
817.0,18.55
818.0,18.27
819.0,18.77
820.0,19.29
821.0,20.32
822.0,26.63
823.0,37.82
824.0,40.55
825.0,29.98
826.0,23.91
827.0,24.22
828.0,22.91
829.0,20.28
830.0,19.12
831.0,18.7
832.0,18.44
833.0,18.71
834.0,34.49
835.0,34.68
836.0,22.53
837.0,21.65
838.0,20.84
839.0,21.11
840.0,19.01
841.0,20.67
842.0,19.96
843.0,19.76
844.0,19.96
845.0,20.64
846.0,23.93
847.0,22.25
848.0,23.01
849.0,20.9
850.0,18.52
851.0,11.94
852.0,10.74
853.0,9.98
854.0,12.28
855.0,15.79
856.0,18.22
857.0,19.6
858.0,34.83
859.0,58.78
860.0,33.69
861.0,25.93
862.0,23.02
863.0,24.94
864.0,22.08
865.0,23.72
866.0,20.18
867.0,18.69
868.0,18.86
869.0,18.75
870.0,21.43
871.0,22.66
872.0,24.17
873.0,21.47
874.0,14.98
875.0,14.12
876.0,13.98
877.0,14.95
878.0,15.87
879.0,15.9
880.0,16.02
881.0,18.6
882.0,31.97
883.0,27.34
884.0,19.57
885.0,19.19
886.0,17.07
887.0,14.61
888.0,11.23
889.0,4.79
890.0,5.58
891.0,8.69
892.0,11.61
893.0,15.46
894.0,19.98
895.0,24.72
896.0,27.53
897.0,29.88
898.0,24.51
899.0,24.31
900.0,22.67
901.0,23.62
902.0,24.48
903.0,23.57
904.0,22.79
905.0,25.89
906.0,42.59
907.0,61.47
908.0,29.64
909.0,25.32
910.0,25.22
911.0,21.32
912.0,20.75
913.0,19.29
914.0,18.9
915.0,19.28
916.0,19.72
917.0,19.8
918.0,23.13
919.0,35.76
920.0,42.42
921.0,34.82
922.0,34.66
923.0,35.49
924.0,30.75
925.0,26.89
926.0,25.05
927.0,23.71
928.0,22.61
929.0,24.0
930.0,33.14
931.0,30.49
932.0,25.9
933.0,25.33
934.0,24.4
935.0,22.9
936.0,21.51
937.0,26.48
938.0,26.27
939.0,25.81
940.0,27.7
941.0,24.15
942.0,28.76
943.0,52.6
944.0,53.64
945.0,50.69
946.0,45.01
947.0,39.33
948.0,33.04
949.0,32.4
950.0,29.09
951.0,28.44
952.0,28.96
953.0,32.01
954.0,40.5
955.0,44.59
956.0,38.6
957.0,34.63
958.0,31.38
959.0,27.72
960.0,27.44
961.0,40.19
962.0,38.66
963.0,38.11
964.0,38.33
965.0,37.1
966.0,47.0
967.0,72.04
968.0,75.44
969.0,73.49
970.0,73.89
971.0,68.58
972.0,56.92
973.0,51.0
974.0,47.88
975.0,45.23
976.0,43.77
977.0,52.37
978.0,68.25
979.0,97.36
980.0,67.92
981.0,59.68
982.0,53.59
983.0,42.66
984.0,43.71
985.0,89.73
986.0,86.8
987.0,88.13
988.0,92.28
989.0,93.64
990.0,111.59
991.0,220.42
992.0,289.13
993.0,255.23
994.0,275.05
995.0,203.13
996.0,156.9
997.0,123.05
998.0,115.59
999.0,108.94
1000.0,107.46
1001.0,125.09
1002.0,164.7
1003.0,277.93
1004.0,177.5
1005.0,155.14
1006.0,134.21
1007.0,103.91
1008.0,97.94
1009.0,448.93
1010.0,470.81
1011.0,503.72
1012.0,503.71
1013.0,505.56
1014.0,638.76
1015.0,1001.58
1016.0,2053.4
1017.0,2019.28
1018.0,2067.86
1019.0,1461.86
1020.0,1251.6
1021.0,1208.28
1022.0,1121.01
1023.0,1113.52
1024.0,1097.06
1025.0,1215.06
1026.0,1578.42
1027.0,2055.22
1028.0,2053.46
1029.0,1599.94
1030.0,1015.67
1031.0,918.32
1032.0,812.78
1033.0,2081.01
1034.0,2081.92
1035.0,2010.87
1036.0,2011.68
1037.0,2009.01
1038.0,2516.54
1039.0,6004.07
1040.0,6002.97
1041.0,6991.51
1042.0,5033.53
1043.0,5013.91
1044.0,4055.53
1045.0,3104.77
1046.0,3009.32
1047.0,3015.05
1048.0,3016.47
1049.0,3111.38
1050.0,5710.73
1051.0,7006.27
1052.0,6225.3
1053.0,5071.78
1054.0,4005.22
1055.0,3003.98
1056.0,2712.55
1057.0,3061.24
1058.0,3325.12
1059.0,3004.1
1060.0,4115.86
1061.0,4500.96
1062.0,7500.98
1063.0,7869.53
1064.0,7552.52
1065.0,7775.47
1066.0,7760.69
1067.0,7698.61
1068.0,7771.41
1069.0,7551.41
1070.0,7494.86
1071.0,7492.0
1072.0,6821.75
1073.0,6003.43
1074.0,7519.95
1075.0,7149.68
1076.0,7894.03
1077.0,7188.43
1078.0,6996.99
1079.0,7528.22
1080.0,7007.77
1081.0,7895.52
1082.0,7502.09
1083.0,7998.61
1084.0,7999.5
1085.0,7999.53
1086.0,8001.42
1087.0,7688.65
1088.0,7522.05
1089.0,7504.58
1090.0,7505.0
1091.0,7502.44
1092.0,7500.88
1093.0,6825.95
1094.0,6001.01
1095.0,5558.25
1096.0,5567.53
1097.0,4078.34
1098.0,6011.5
1099.0,6487.55
1100.0,6508.06
1101.0,6004.51
1102.0,6000.91
1103.0,7500.55
1104.0,7498.72
1105.0,9017.27
1106.0,9018.63
1107.0,9017.87
1108.0,9018.79
1109.0,9017.69
1110.0,9016.59
1111.0,8987.92
1112.0,9030.65
1113.0,9028.17
1114.0,9001.28
1115.0,8915.34
1116.0,9001.99
1117.0,8999.24
1118.0,8999.14
1119.0,8951.21
1120.0,8923.41
1121.0,8517.58
1122.0,8996.64
1123.0,8997.42
1124.0,8980.83
1125.0,8723.72
1126.0,6999.55
1127.0,8748.67
1128.0,8499.54
1129.0,7523.92
1130.0,7527.62
1131.0,7528.24
1132.0,7527.33
1133.0,7828.03
1134.0,8018.56
1135.0,8014.84
1136.0,8510.62
1137.0,8508.4
1138.0,8534.82
1139.0,8520.04
1140.0,8751.9
1141.0,8528.16
1142.0,8539.04
1143.0,8065.71
1144.0,8025.82
1145.0,7455.27
1146.0,8002.68
1147.0,8711.16
1148.0,8526.97
1149.0,7994.1
1150.0,7987.06
1151.0,7991.87
1152.0,7994.82
1153.0,8491.19
1154.0,8498.04
1155.0,8497.11
1156.0,8499.38
1157.0,8499.49
1158.0,8501.01
1159.0,8708.82
1160.0,8762.82
1161.0,8705.67
1162.0,8492.69
1163.0,8492.64
1164.0,5992.42
1165.0,3623.42
1166.0,1523.17
1167.0,1077.15
1168.0,998.63
1169.0,879.72
1170.0,1519.22
1171.0,2520.2
1172.0,3465.48
1173.0,3235.17
1174.0,2505.66
1175.0,2982.63
1176.0,2384.04
1177.0,165.11
1178.0,155.91
1179.0,154.48
1180.0,153.42
1181.0,210.27
1182.0,299.65
1183.0,150.97
1184.0,203.65
1185.0,154.04
1186.0,90.37
1187.0,58.33
1188.0,45.01
1189.0,35.86
1190.0,6.18
1191.0,2.1
1192.0,2.05
1193.0,1.26
1194.0,10.66
1195.0,15.46
1196.0,15.58
1197.0,12.73
1198.0,10.88
1199.0,40.39
1200.0,35.76
1201.0,13.47
1202.0,12.51
1203.0,11.84
1204.0,11.87
1205.0,12.56
1206.0,13.68
1207.0,11.11
1208.0,17.39
1209.0,21.47
1210.0,24.97
1211.0,25.48
1212.0,25.4
1213.0,25.16
1214.0,18.4
1215.0,17.37
1216.0,17.69
1217.0,19.71
1218.0,25.17
1219.0,35.0
1220.0,30.02
1221.0,26.13
1222.0,25.31
1223.0,28.04
1224.0,25.04
1225.0,22.28
1226.0,22.21
1227.0,21.64
1228.0,22.22
1229.0,22.38
1230.0,25.04
1231.0,47.98
1232.0,44.03
1233.0,32.92
1234.0,30.0
1235.0,26.71
1236.0,24.81
1237.0,23.46
1238.0,22.4
1239.0,22.23
1240.0,21.47
1241.0,23.5
1242.0,31.58
1243.0,38.0
1244.0,35.81
1245.0,30.63
1246.0,25.31
1247.0,22.71
1248.0,12.3
1249.0,15.23
1250.0,14.34
1251.0,14.48
1252.0,15.71
1253.0,17.29
1254.0,20.88
1255.0,33.49
1256.0,34.2
1257.0,26.24
1258.0,22.33
1259.0,21.68
1260.0,17.65
1261.0,15.59
1262.0,13.79
1263.0,11.48
1264.0,9.01
1265.0,10.96
1266.0,15.72
1267.0,18.65
1268.0,16.86
1269.0,16.22
1270.0,12.88
1271.0,3.41
1272.0,1.88
1273.0,-0.52
1274.0,-0.21
1275.0,-0.09
1276.0,0.24
1277.0,3.06
1278.0,4.84
1279.0,17.61
1280.0,18.36
1281.0,17.96
1282.0,16.17
1283.0,15.89
1284.0,15.88
1285.0,17.37
1286.0,18.53
1287.0,18.0
1288.0,18.57
1289.0,19.99
1290.0,26.02
1291.0,34.34
1292.0,24.12
1293.0,19.47
1294.0,18.43
1295.0,13.98
1296.0,5.86
1297.0,3.99
1298.0,3.0
1299.0,4.99
1300.0,8.0
1301.0,12.34
1302.0,15.67
1303.0,18.5
1304.0,20.32
1305.0,21.39
1306.0,21.11
1307.0,21.32
1308.0,21.06
1309.0,20.66
1310.0,19.36
1311.0,18.89
1312.0,19.01
1313.0,19.78
1314.0,23.87
1315.0,44.36
1316.0,27.99
1317.0,26.89
1318.0,22.54
1319.0,20.11
1320.0,18.66
1321.0,19.16
1322.0,18.89
1323.0,18.99
1324.0,18.95
1325.0,19.72
1326.0,20.5
1327.0,32.23
1328.0,32.23
1329.0,27.02
1330.0,26.17
1331.0,21.58
1332.0,19.18
1333.0,18.53
1334.0,18.35
1335.0,17.82
1336.0,18.16
1337.0,19.59
1338.0,23.23
1339.0,43.29
1340.0,23.08
1341.0,21.19
1342.0,20.81
1343.0,18.81
1344.0,17.18
1345.0,19.98
1346.0,18.58
1347.0,18.36
1348.0,18.85
1349.0,19.9
1350.0,17.91
1351.0,18.22
1352.0,19.05
1353.0,20.22
1354.0,23.76
1355.0,22.12
1356.0,19.45
1357.0,17.93
1358.0,17.59
1359.0,16.67
1360.0,17.11
1361.0,18.27
1362.0,21.84
1363.0,43.61
1364.0,21.53
1365.0,20.99
1366.0,18.53
1367.0,16.73
1368.0,15.57
1369.0,11.73
1370.0,10.09
1371.0,10.33
1372.0,12.54
1373.0,16.16
1374.0,14.72
1375.0,16.76
1376.0,16.59
1377.0,16.27
1378.0,16.21
1379.0,16.08
1380.0,16.3
1381.0,16.51
1382.0,17.51
1383.0,16.81
1384.0,16.61
1385.0,16.73
1386.0,18.91
1387.0,26.68
1388.0,19.93
1389.0,17.71
1390.0,15.86
1391.0,15.0
1392.0,14.2
1393.0,0.97
1394.0,0.95
1395.0,1.25
1396.0,2.99
1397.0,3.75
1398.0,8.19
1399.0,21.63
1400.0,26.57
1401.0,26.35
1402.0,26.12
1403.0,25.35
1404.0,24.55
1405.0,24.65
1406.0,17.71
1407.0,17.25
1408.0,17.62
1409.0,18.81
1410.0,23.52
1411.0,40.79
1412.0,34.25
1413.0,31.06
1414.0,25.96
1415.0,20.81
1416.0,18.99
1417.0,18.36
1418.0,17.75
1419.0,17.43
1420.0,17.3
1421.0,17.58
1422.0,23.03
1423.0,47.99
1424.0,52.64
1425.0,35.73
1426.0,32.58
1427.0,28.82
1428.0,26.13
1429.0,22.35
1430.0,18.53
1431.0,17.79
1432.0,17.55
1433.0,18.49
1434.0,28.77
1435.0,55.0
1436.0,30.26
1437.0,26.8
1438.0,20.74
1439.0,19.43
1440.0,17.38
1441.0,15.34
1442.0,15.07
1443.0,15.22
1444.0,15.18
1445.0,16.3
1446.0,18.39
1447.0,30.91
1448.0,36.63
1449.0,28.28
1450.0,23.29
1451.0,19.96
1452.0,20.51
1453.0,19.23
1454.0,20.39
1455.0,20.07
1456.0,19.59
1457.0,19.83
1458.0,27.36
1459.0,49.61
1460.0,24.57
1461.0,19.99
1462.0,19.42
1463.0,18.43
1464.0,13.53
1465.0,3.64
1466.0,3.29
1467.0,5.97
1468.0,8.96
1469.0,13.81
1470.0,17.57
1471.0,23.11
1472.0,22.2
1473.0,17.09
1474.0,15.86
1475.0,14.53
1476.0,13.29
1477.0,11.13
1478.0,8.87
1479.0,8.17
1480.0,7.45
1481.0,7.29
1482.0,10.58
1483.0,16.41
1484.0,15.94
1485.0,16.18
1486.0,15.12
1487.0,14.79
1488.0,12.36
1489.0,9.89
1490.0,3.99
1491.0,3.96
1492.0,3.89
1493.0,7.96
1494.0,13.59
1495.0,15.02
1496.0,15.95
1497.0,10.87
1498.0,5.75
1499.0,3.59
1500.0,2.85
1501.0,2.59
1502.0,2.12
1503.0,1.74
1504.0,1.13
1505.0,2.02
1506.0,4.8
1507.0,14.9
1508.0,19.18
1509.0,28.55
1510.0,29.69
1511.0,27.96
1512.0,21.98
1513.0,29.17
1514.0,22.79
1515.0,21.83
1516.0,21.92
1517.0,25.8
1518.0,23.43
1519.0,24.89
1520.0,31.39
1521.0,31.4
1522.0,33.42
1523.0,29.42
1524.0,25.77
1525.0,25.39
1526.0,20.45
1527.0,18.93
1528.0,17.26
1529.0,17.16
1530.0,18.51
1531.0,31.37
1532.0,20.16
1533.0,19.71
1534.0,18.12
1535.0,16.92
1536.0,18.72
1537.0,14.25
1538.0,13.75
1539.0,14.57
1540.0,14.93
1541.0,15.85
1542.0,20.3
1543.0,16.72
1544.0,18.12
1545.0,22.09
1546.0,20.49
1547.0,16.09
1548.0,15.59
1549.0,16.94
1550.0,18.87
1551.0,18.36
1552.0,17.31
1553.0,16.53
1554.0,16.88
1555.0,22.16
1556.0,20.39
1557.0,17.53
1558.0,16.8
1559.0,16.66
1560.0,14.97
1561.0,14.12
1562.0,14.07
1563.0,14.61
1564.0,14.62
1565.0,15.08
1566.0,17.14
1567.0,27.92
1568.0,22.97
1569.0,14.04
1570.0,6.33
1571.0,5.57
1572.0,3.47
1573.0,2.1
1574.0,2.4
1575.0,2.66
1576.0,2.34
1577.0,3.37
1578.0,6.87
1579.0,15.96
1580.0,9.26
1581.0,3.76
1582.0,3.38
1583.0,8.89
1584.0,4.98
1585.0,-0.77
1586.0,-1.76
1587.0,-1.8
1588.0,-1.83
1589.0,-0.69
1590.0,-0.42
1591.0,4.64
1592.0,5.33
1593.0,2.94
1594.0,0.96
1595.0,0.45
1596.0,0.52
1597.0,0.82
1598.0,1.56
1599.0,1.44
1600.0,0.36
1601.0,1.02
1602.0,3.37
1603.0,12.74
1604.0,6.62
1605.0,4.76
1606.0,1.5
1607.0,1.9
1608.0,-0.15
1609.0,-0.05
1610.0,-1.25
1611.0,-0.92
1612.0,-0.26
1613.0,-0.29
1614.0,5.66
1615.0,1.62
1616.0,3.56
1617.0,3.7
1618.0,2.82
1619.0,3.02
1620.0,5.04
1621.0,5.8
1622.0,6.23
1623.0,7.04
1624.0,5.97
1625.0,5.83
1626.0,6.94
1627.0,18.98
1628.0,9.98
1629.0,7.05
1630.0,3.31
1631.0,10.16
1632.0,9.58
1633.0,-1.06
1634.0,-0.56
1635.0,0.57
1636.0,3.5
1637.0,7.33
1638.0,13.12
1639.0,18.63
1640.0,18.69
1641.0,19.71
1642.0,17.3
1643.0,21.05
1644.0,23.69
1645.0,24.91
1646.0,28.25
1647.0,26.4
1648.0,27.47
1649.0,29.13
1650.0,26.01
1651.0,28.43
1652.0,20.65
1653.0,16.17
1654.0,13.38
1655.0,12.39
1656.0,10.25
1657.0,12.05
1658.0,8.06
1659.0,8.5
1660.0,9.39
1661.0,9.95
1662.0,14.45
1663.0,14.91
1664.0,15.84
1665.0,15.22
1666.0,17.08
1667.0,18.48
1668.0,21.57
1669.0,21.03
1670.0,23.22
1671.0,23.69
1672.0,25.19
1673.0,29.47
1674.0,28.82
1675.0,40.65
1676.0,21.7
1677.0,19.77
1678.0,15.49
1679.0,16.39
1680.0,17.37
1681.0,15.61
1682.0,13.8
1683.0,10.96
1684.0,9.52
1685.0,8.51
1686.0,5.32
1687.0,5.12
1688.0,3.57
1689.0,3.67
1690.0,3.09
1691.0,2.38
1692.0,3.34
1693.0,1.53
1694.0,3.03
1695.0,3.78
1696.0,4.86
1697.0,10.56
1698.0,15.1
1699.0,20.16
1700.0,19.39
1701.0,25.38
1702.0,23.01
1703.0,21.41
1704.0,17.36
1705.0,18.1
1706.0,15.48
1707.0,14.29
1708.0,13.75
1709.0,14.6
1710.0,12.79
1711.0,15.15
1712.0,16.88
1713.0,18.22
1714.0,8.98
1715.0,3.56
1716.0,2.92
1717.0,3.57
1718.0,3.58
1719.0,3.97
1720.0,3.43
1721.0,4.01
1722.0,12.27
1723.0,27.17
1724.0,30.02
1725.0,19.37
1726.0,18.52
1727.0,17.25
1728.0,12.06
1729.0,7.23
1730.0,9.02
1731.0,9.65
1732.0,10.61
1733.0,18.66
1734.0,18.8
1735.0,21.94
1736.0,23.07
1737.0,23.0
1738.0,23.71
1739.0,25.41
1740.0,29.18
1741.0,32.64
1742.0,33.7
1743.0,39.95
1744.0,42.27
1745.0,40.82
1746.0,59.46
1747.0,72.88
1748.0,49.3
1749.0,28.65
1750.0,22.78
1751.0,20.03
1752.0,19.76
1753.0,15.9
1754.0,14.77
1755.0,14.68
1756.0,15.23
1757.0,18.81
1758.0,19.98
1759.0,22.8
1760.0,23.87
1761.0,21.54
1762.0,24.36
1763.0,23.89
1764.0,23.39
1765.0,23.52
1766.0,26.53
1767.0,23.45
1768.0,27.51
1769.0,26.81
1770.0,34.1
1771.0,27.44
1772.0,21.03
1773.0,17.86
1774.0,18.03
1775.0,14.53
1776.0,11.93
1777.0,8.23
1778.0,3.8
1779.0,4.09
1780.0,9.96
1781.0,14.31
1782.0,15.77
1783.0,17.01
1784.0,15.03
1785.0,9.81
1786.0,7.61
1787.0,5.66
1788.0,3.91
1789.0,4.99
1790.0,3.51
1791.0,5.56
1792.0,6.55
1793.0,9.69
1794.0,21.17
1795.0,34.12
1796.0,36.48
1797.0,23.67
1798.0,22.09
1799.0,20.13
1800.0,15.36
1801.0,11.67
1802.0,7.25
1803.0,8.27
1804.0,11.17
1805.0,15.67
1806.0,24.22
1807.0,26.25
1808.0,26.11
1809.0,20.89
1810.0,19.13
1811.0,19.28
1812.0,18.56
1813.0,17.79
1814.0,17.83
1815.0,19.92
1816.0,20.36
1817.0,20.12
1818.0,31.74
1819.0,64.85
1820.0,45.11
1821.0,26.04
1822.0,24.21
1823.0,19.72
1824.0,16.21
1825.0,15.55
1826.0,16.15
1827.0,16.7
1828.0,18.87
1829.0,28.2
1830.0,46.96
1831.0,57.47
1832.0,41.33
1833.0,29.78
1834.0,28.04
1835.0,29.07
1836.0,29.46
1837.0,26.04
1838.0,24.85
1839.0,24.62
1840.0,24.78
1841.0,26.33
1842.0,30.9
1843.0,37.72
1844.0,30.61
1845.0,24.06
1846.0,21.77
1847.0,19.36
1848.0,20.42
1849.0,17.9
1850.0,17.67
1851.0,17.02
1852.0,17.03
1853.0,20.74
1854.0,31.52
1855.0,33.95
1856.0,33.47
1857.0,29.5
1858.0,21.81
1859.0,20.64
1860.0,23.75
1861.0,22.29
1862.0,18.98
1863.0,17.07
1864.0,13.95
1865.0,13.43
1866.0,19.92
1867.0,28.13
1868.0,20.44
1869.0,16.37
1870.0,13.21
1871.0,12.29
1872.0,10.53
1873.0,7.33
1874.0,7.01
1875.0,7.75
1876.0,8.95
1877.0,11.33
1878.0,8.57
1879.0,15.72
1880.0,18.33
1881.0,9.0
1882.0,3.38
1883.0,2.73
1884.0,2.52
1885.0,2.94
1886.0,2.9
1887.0,3.0
1888.0,1.4
1889.0,3.29
1890.0,9.95
1891.0,21.43
1892.0,18.34
1893.0,7.93
1894.0,7.6
1895.0,5.82
1896.0,4.0
1897.0,2.32
1898.0,2.23
1899.0,2.73
1900.0,5.51
1901.0,12.79
1902.0,12.24
1903.0,14.16
1904.0,15.31
1905.0,9.46
1906.0,9.51
1907.0,9.19
1908.0,8.4
1909.0,10.88
1910.0,9.46
1911.0,10.04
1912.0,8.91
1913.0,12.72
1914.0,19.05
1915.0,37.06
1916.0,27.9
1917.0,22.49
1918.0,24.26
1919.0,20.91
1920.0,14.78
1921.0,14.72
1922.0,15.53
1923.0,16.6
1924.0,17.74
1925.0,24.52
1926.0,26.27
1927.0,26.68
1928.0,26.72
1929.0,24.77
1930.0,24.72
1931.0,28.3
1932.0,31.56
1933.0,34.42
1934.0,38.99
1935.0,45.94
1936.0,50.39
1937.0,46.98
1938.0,60.08
1939.0,80.27
1940.0,35.78
1941.0,22.53
1942.0,17.39
1943.0,15.64
1944.0,12.97
1945.0,7.26
1946.0,4.72
1947.0,7.88
1948.0,11.62
1949.0,14.44
1950.0,19.3
1951.0,21.76
1952.0,21.66
1953.0,18.99
1954.0,19.55
1955.0,21.08
1956.0,23.59
1957.0,26.19
1958.0,28.39
1959.0,34.88
1960.0,37.14
1961.0,35.12
1962.0,40.03
1963.0,55.08
1964.0,30.0
1965.0,22.82
1966.0,17.49
1967.0,16.63
1968.0,16.74
1969.0,16.42
1970.0,17.21
1971.0,17.21
1972.0,17.18
1973.0,17.65
1974.0,26.73
1975.0,25.94
1976.0,25.12
1977.0,22.09
1978.0,20.44
1979.0,21.68
1980.0,21.31
1981.0,18.63
1982.0,21.2
1983.0,24.01
1984.0,27.49
1985.0,28.58
1986.0,49.67
1987.0,99.0
1988.0,41.24
1989.0,28.41
1990.0,20.48
1991.0,17.72
1992.0,13.78
1993.0,5.95
1994.0,4.16
1995.0,6.34
1996.0,9.6
1997.0,13.34
1998.0,15.33
1999.0,15.2
2000.0,13.63
2001.0,12.74
2002.0,9.04
2003.0,5.54
2004.0,7.44
2005.0,10.61
2006.0,13.84
2007.0,15.73
2008.0,18.05
2009.0,20.07
2010.0,36.79
2011.0,50.86
2012.0,31.29
2013.0,20.39
2014.0,17.05
2015.0,20.38
2016.0,23.6
2017.0,17.51
2018.0,19.5
2019.0,17.12
2020.0,17.49
2021.0,17.82
2022.0,22.48
2023.0,21.88
2024.0,22.84
2025.0,19.26
2026.0,19.51
2027.0,21.78
2028.0,24.95
2029.0,24.53
2030.0,25.81
2031.0,27.51
2032.0,27.94
2033.0,25.18
2034.0,30.54
2035.0,28.95
2036.0,23.83
2037.0,19.83
2038.0,18.05
2039.0,16.06
2040.0,14.45
2041.0,13.08
2042.0,12.8
2043.0,13.66
2044.0,16.32
2045.0,18.69
2046.0,19.17
2047.0,27.42
2048.0,23.92
2049.0,19.92
2050.0,20.64
2051.0,20.38
2052.0,20.6
2053.0,21.1
2054.0,21.82
2055.0,20.97
2056.0,23.15
2057.0,25.09
2058.0,32.18
2059.0,70.77
2060.0,39.66
2061.0,24.82
2062.0,21.29
2063.0,17.52
2064.0,20.54
2065.0,12.83
2066.0,7.85
2067.0,9.13
2068.0,12.97
2069.0,18.74
2070.0,22.99
2071.0,23.84
2072.0,18.78
2073.0,12.25
2074.0,6.4
2075.0,2.6
2076.0,1.5
2077.0,1.72
2078.0,2.24
2079.0,3.16
2080.0,3.79
2081.0,2.77
2082.0,11.27
2083.0,21.57
2084.0,16.47
2085.0,9.71
2086.0,6.39
2087.0,4.23
2088.0,4.48
2089.0,-0.46
2090.0,-0.33
2091.0,0.0
2092.0,1.01
2093.0,7.95
2094.0,8.59
2095.0,9.64
2096.0,9.49
2097.0,9.25
2098.0,8.44
2099.0,13.63
2100.0,17.11
2101.0,19.93
2102.0,30.67
2103.0,49.93
2104.0,57.06
2105.0,34.61
2106.0,35.95
2107.0,33.68
2108.0,28.74
2109.0,20.08
2110.0,18.05
2111.0,17.27
2112.0,14.45
2113.0,6.84
2114.0,1.9
2115.0,0.98
2116.0,1.52
2117.0,3.98
2118.0,9.6
2119.0,9.7
2120.0,9.78
2121.0,7.12
2122.0,6.46
2123.0,7.99
2124.0,11.35
2125.0,15.24
2126.0,13.89
2127.0,13.82
2128.0,16.73
2129.0,15.79
2130.0,26.96
2131.0,51.98
2132.0,56.91
2133.0,32.27
2134.0,24.62
2135.0,23.96
2136.0,21.26
2137.0,19.51
2138.0,20.46
2139.0,17.72
2140.0,19.12
2141.0,24.59
2142.0,48.4
2143.0,52.53
2144.0,32.99
2145.0,27.7
2146.0,19.84
2147.0,19.91
2148.0,20.06
2149.0,19.17
2150.0,17.98
2151.0,16.93
2152.0,16.91
2153.0,16.91
2154.0,20.28
2155.0,31.0
2156.0,22.09
2157.0,17.06
2158.0,18.12
2159.0,16.69
2160.0,9.63
2161.0,4.68
2162.0,3.72
2163.0,7.85
2164.0,10.4
2165.0,14.25
2166.0,17.92
2167.0,18.8
2168.0,13.35
2169.0,4.5
2170.0,-0.38
2171.0,-2.34
2172.0,-2.51
2173.0,-2.71
2174.0,1.22
2175.0,-0.91
2176.0,-0.39
2177.0,-1.44
2178.0,1.5
2179.0,13.46
2180.0,14.35
2181.0,11.26
2182.0,12.77
2183.0,9.36
2184.0,10.92
2185.0,12.48
2186.0,15.27
2187.0,16.5
2188.0,18.63
2189.0,22.77
2190.0,18.14
2191.0,19.27
2192.0,21.28
2193.0,19.97
2194.0,20.55
2195.0,20.36
2196.0,20.29
2197.0,20.77
2198.0,19.81
2199.0,19.8
2200.0,20.01
2201.0,21.39
2202.0,24.69
2203.0,38.14
2204.0,26.65
2205.0,20.74
2206.0,18.82
2207.0,17.68
2208.0,18.43
2209.0,18.34
2210.0,18.35
2211.0,19.02
2212.0,19.39
2213.0,19.14
2214.0,20.08
2215.0,20.88
2216.0,22.9
2217.0,27.86
2218.0,25.92
2219.0,25.66
2220.0,26.04
2221.0,21.99
2222.0,23.37
2223.0,22.92
2224.0,22.09
2225.0,21.63
2226.0,25.77
2227.0,31.46
2228.0,23.92
2229.0,20.08
2230.0,17.46
2231.0,16.29
2232.0,15.8
2233.0,12.88
2234.0,11.87
2235.0,12.88
2236.0,13.39
2237.0,17.38
2238.0,21.42
2239.0,22.8
2240.0,17.05
2241.0,10.51
2242.0,3.83
2243.0,2.23
2244.0,2.23
2245.0,3.83
2246.0,4.42
2247.0,3.63
2248.0,2.48
2249.0,2.16
2250.0,11.88
2251.0,19.78
2252.0,13.16
2253.0,3.86
2254.0,5.16
2255.0,4.8
2256.0,-2.38
2257.0,-5.13
2258.0,-6.06
2259.0,-4.9
2260.0,-3.24
2261.0,-1.91
2262.0,-1.07
2263.0,-1.04
2264.0,-1.27
2265.0,-0.61
2266.0,-1.94
2267.0,-1.68
2268.0,-0.59
2269.0,0.56
2270.0,2.99
2271.0,3.39
2272.0,3.72
2273.0,4.01
2274.0,5.66
2275.0,12.28
2276.0,9.87
2277.0,4.58
2278.0,5.01
2279.0,4.3
2280.0,5.91
2281.0,1.74
2282.0,1.62
2283.0,3.34
2284.0,5.43
2285.0,14.92
2286.0,18.53
2287.0,19.32
2288.0,18.89
2289.0,17.99
2290.0,19.98
2291.0,22.08
2292.0,27.23
2293.0,33.7
2294.0,35.62
2295.0,51.66
2296.0,89.17
2297.0,74.14
2298.0,71.78
2299.0,111.35
2300.0,103.17
2301.0,34.01
2302.0,24.73
2303.0,21.08
2304.0,15.88
2305.0,14.96
2306.0,13.97
2307.0,13.17
2308.0,14.77
2309.0,17.08
2310.0,26.86
2311.0,24.36
2312.0,25.0
2313.0,24.98
2314.0,25.13
2315.0,30.94
2316.0,37.36
2317.0,51.21
2318.0,67.64
2319.0,150.63
2320.0,220.96
2321.0,201.86
2322.0,176.79
2323.0,188.59
2324.0,114.14
2325.0,28.75
2326.0,21.46
2327.0,17.33
2328.0,12.31
2329.0,8.73
2330.0,3.82
2331.0,8.88
2332.0,10.28
2333.0,14.04
2334.0,14.86
2335.0,15.61
2336.0,17.2
2337.0,14.52
2338.0,12.35
2339.0,12.84
2340.0,10.89
2341.0,12.97
2342.0,17.53
2343.0,28.69
2344.0,39.95
2345.0,29.48
2346.0,13.16
2347.0,22.83
2348.0,18.17
2349.0,8.69
2350.0,5.43
2351.0,3.95
2352.0,3.72
2353.0,5.75
2354.0,6.83
2355.0,9.47
2356.0,13.51
2357.0,18.43
2358.0,23.88
2359.0,22.82
2360.0,23.59
2361.0,20.63
2362.0,22.64
2363.0,24.58
2364.0,25.13
2365.0,25.8
2366.0,28.37
2367.0,33.02
2368.0,40.93
2369.0,42.8
2370.0,44.73
2371.0,85.48
2372.0,47.25
2373.0,24.36
2374.0,19.81
2375.0,17.17
2376.0,14.49
2377.0,6.52
2378.0,0.66
2379.0,-1.85
2380.0,-1.6
2381.0,0.31
2382.0,3.38
2383.0,5.92
2384.0,4.28
2385.0,6.17
2386.0,7.18
2387.0,11.39
2388.0,17.04
2389.0,20.13
2390.0,24.53
2391.0,30.68
2392.0,50.9
2393.0,68.55
2394.0,70.6
2395.0,128.51
2396.0,100.41
2397.0,31.36
2398.0,23.8
2399.0,20.09
2400.0,19.31
2401.0,17.05
2402.0,9.93
2403.0,5.16
2404.0,4.13
2405.0,5.09
2406.0,7.37
2407.0,6.73
2408.0,6.05
2409.0,5.48
2410.0,7.29
2411.0,11.7
2412.0,20.15
2413.0,29.47
2414.0,38.78
2415.0,61.84
2416.0,61.46
2417.0,53.84
2418.0,40.18
2419.0,59.93
2420.0,50.06
2421.0,21.73
2422.0,19.48
2423.0,15.79
2424.0,14.45
2425.0,11.28
2426.0,10.1
2427.0,10.57
2428.0,8.77
2429.0,11.42
2430.0,11.1
2431.0,13.17
2432.0,13.97
2433.0,16.66
2434.0,16.43
2435.0,18.5
2436.0,18.81
2437.0,20.33
2438.0,26.97
2439.0,49.63
2440.0,71.35
2441.0,66.8
2442.0,67.82
2443.0,80.45
2444.0,98.67
2445.0,32.62
2446.0,24.18
2447.0,21.89
2448.0,27.36
2449.0,24.38
2450.0,23.52
2451.0,22.68
2452.0,23.48
2453.0,24.87
2454.0,26.7
2455.0,27.03
2456.0,27.18
2457.0,29.29
2458.0,33.08
2459.0,43.81
2460.0,56.58
2461.0,70.95
2462.0,115.29
2463.0,132.95
2464.0,151.67
2465.0,121.68
2466.0,107.54
2467.0,120.91
2468.0,114.58
2469.0,35.55
2470.0,26.75
2471.0,24.28
2472.0,18.89
2473.0,17.68
2474.0,17.71
2475.0,17.98
2476.0,19.21
2477.0,22.37
2478.0,29.95
2479.0,29.57
2480.0,29.7
2481.0,35.27
2482.0,30.77
2483.0,31.55
2484.0,33.99
2485.0,32.06
2486.0,31.71
2487.0,34.73
2488.0,37.95
2489.0,34.76
2490.0,31.23
2491.0,36.08
2492.0,40.12
2493.0,24.96
2494.0,24.44
2495.0,20.21
2496.0,17.92
2497.0,17.43
2498.0,17.26
2499.0,17.5
2500.0,18.54
2501.0,21.51
2502.0,37.0
2503.0,33.46
2504.0,34.38
2505.0,34.45
2506.0,27.74
2507.0,22.15
2508.0,19.31
2509.0,20.08
2510.0,18.24
2511.0,21.27
2512.0,20.91
2513.0,18.05
2514.0,15.09
2515.0,13.67
2516.0,4.95
2517.0,-0.52
2518.0,0.76
2519.0,1.45
2520.0,21.25
2521.0,14.59
2522.0,17.41
2523.0,18.92
2524.0,20.53
2525.0,20.63
2526.0,21.02
2527.0,21.89
2528.0,24.31
2529.0,22.16
2530.0,23.39
2531.0,23.83
2532.0,24.67
2533.0,23.82
2534.0,24.97
2535.0,29.75
2536.0,26.91
2537.0,28.81
2538.0,39.17
2539.0,93.71
2540.0,112.61
2541.0,59.97
2542.0,37.64
2543.0,32.89
2544.0,28.72
2545.0,25.61
2546.0,25.25
2547.0,24.3
2548.0,24.37
2549.0,26.18
2550.0,32.6
2551.0,36.68
2552.0,42.82
2553.0,40.21
2554.0,35.01
2555.0,31.5
2556.0,35.12
2557.0,30.97
2558.0,30.51
2559.0,37.37
2560.0,39.88
2561.0,57.15
2562.0,98.76
2563.0,213.23
2564.0,220.01
2565.0,136.02
2566.0,39.59
2567.0,36.19
2568.0,27.81
2569.0,25.28
2570.0,20.61
2571.0,19.13
2572.0,19.34
2573.0,25.77
2574.0,74.99
2575.0,89.75
2576.0,69.98
2577.0,46.53
2578.0,39.96
2579.0,29.87
2580.0,29.41
2581.0,30.0
2582.0,28.58
2583.0,30.77
2584.0,35.72
2585.0,38.87
2586.0,56.6
2587.0,81.05
2588.0,53.02
2589.0,22.02
2590.0,18.41
2591.0,13.01
2592.0,1.96
2593.0,-0.72
2594.0,-1.52
2595.0,-0.67
2596.0,2.49
2597.0,3.28
2598.0,9.51
2599.0,7.98
2600.0,2.81
2601.0,1.16
2602.0,0.32
2603.0,-3.1
2604.0,-3.74
2605.0,-4.23
2606.0,-0.06
2607.0,4.11
2608.0,9.05
2609.0,14.52
2610.0,21.77
2611.0,74.95
2612.0,65.08
2613.0,24.41
2614.0,19.56
2615.0,18.59
2616.0,16.03
2617.0,16.32
2618.0,17.28
2619.0,19.1
2620.0,21.76
2621.0,29.36
2622.0,62.5
2623.0,74.12
2624.0,36.52
2625.0,27.24
2626.0,24.38
2627.0,23.22
2628.0,23.11
2629.0,20.39
2630.0,20.01
2631.0,20.11
2632.0,19.82
2633.0,19.43
2634.0,21.05
2635.0,35.6
2636.0,35.39
2637.0,22.5
2638.0,20.62
2639.0,17.17
2640.0,17.18
2641.0,15.45
2642.0,13.18
2643.0,13.2
2644.0,12.95
2645.0,20.39
2646.0,33.4
2647.0,28.65
2648.0,18.45
2649.0,17.23
2650.0,8.25
2651.0,5.09
2652.0,3.92
2653.0,3.3
2654.0,2.87
2655.0,2.05
2656.0,0.54
2657.0,-1.43
2658.0,6.8
2659.0,19.37
2660.0,19.79
2661.0,10.69
2662.0,8.39
2663.0,6.43
2664.0,10.74
2665.0,8.7
2666.0,7.93
2667.0,8.58
2668.0,9.72
2669.0,15.53
2670.0,22.84
2671.0,22.73
2672.0,21.05
2673.0,20.62
2674.0,21.06
2675.0,21.86
2676.0,16.26
2677.0,16.48
2678.0,16.12
2679.0,10.34
2680.0,9.31
2681.0,2.29
2682.0,4.45
2683.0,19.81
2684.0,20.38
2685.0,12.94
2686.0,15.53
2687.0,15.96
2688.0,14.42
2689.0,12.27
2690.0,14.4
2691.0,14.55
2692.0,17.43
2693.0,19.32
2694.0,21.49
2695.0,21.21
2696.0,21.4
2697.0,24.19
2698.0,25.43
2699.0,29.11
2700.0,39.01
2701.0,45.53
2702.0,56.85
2703.0,94.98
2704.0,147.68
2705.0,152.81
2706.0,105.84
2707.0,144.31
2708.0,74.62
2709.0,28.8
2710.0,22.76
2711.0,19.06
2712.0,16.07
2713.0,9.98
2714.0,6.06
2715.0,2.09
2716.0,2.1
2717.0,2.87
2718.0,6.15
2719.0,4.35
2720.0,1.38
2721.0,-0.22
2722.0,-4.19
2723.0,-3.79
2724.0,-3.02
2725.0,1.38
2726.0,3.92
2727.0,9.7
2728.0,17.94
2729.0,12.55
2730.0,13.19
2731.0,29.65
2732.0,21.17
2733.0,11.68
2734.0,3.13
2735.0,1.39
2736.0,-0.39
2737.0,-1.37
2738.0,-3.81
2739.0,-2.13
2740.0,-1.32
2741.0,2.43
2742.0,5.0
2743.0,4.27
2744.0,0.13
2745.0,0.37
2746.0,0.09
2747.0,0.29
2748.0,1.67
2749.0,9.68
2750.0,13.42
2751.0,22.2
2752.0,25.83
2753.0,21.39
2754.0,22.95
2755.0,32.02
2756.0,20.93
2757.0,11.54
2758.0,5.22
2759.0,0.91
2760.0,2.29
2761.0,0.55
2762.0,0.05
2763.0,1.61
2764.0,5.03
2765.0,18.0
2766.0,19.8
2767.0,19.51
2768.0,20.66
2769.0,20.62
2770.0,13.93
2771.0,7.5
2772.0,5.32
2773.0,9.06
2774.0,7.59
2775.0,8.11
2776.0,13.2
2777.0,13.55
2778.0,18.57
2779.0,23.12
2780.0,23.92
2781.0,11.3
2782.0,16.24
2783.0,18.69
2784.0,21.02
2785.0,19.13
2786.0,18.72
2787.0,20.35
2788.0,21.24
2789.0,25.71
2790.0,29.46
2791.0,24.79
2792.0,21.54
2793.0,22.34
2794.0,24.08
2795.0,27.43
2796.0,30.3
2797.0,37.39
2798.0,39.82
2799.0,52.05
2800.0,85.12
2801.0,56.07
2802.0,43.15
2803.0,37.71
2804.0,34.27
2805.0,28.04
2806.0,24.54
2807.0,21.2
2808.0,21.57
2809.0,18.43
2810.0,16.53
2811.0,16.25
2812.0,17.98
2813.0,20.18
2814.0,22.51
2815.0,18.19
2816.0,16.18
2817.0,17.74
2818.0,16.97
2819.0,15.32
2820.0,18.62
2821.0,19.3
2822.0,18.82
2823.0,19.89
2824.0,20.94
2825.0,24.01
2826.0,29.4
2827.0,46.19
2828.0,68.79
2829.0,31.8
2830.0,30.58
2831.0,27.01
2832.0,22.92
2833.0,20.85
2834.0,19.95
2835.0,19.72
2836.0,19.52
2837.0,21.15
2838.0,25.13
2839.0,26.99
2840.0,28.14
2841.0,27.51
2842.0,24.02
2843.0,23.54
2844.0,29.95
2845.0,30.61
2846.0,30.11
2847.0,30.4
2848.0,33.81
2849.0,34.45
2850.0,35.96
2851.0,54.72
2852.0,75.9
2853.0,34.65
2854.0,32.08
2855.0,29.19
2856.0,33.91
2857.0,25.83
2858.0,24.02
2859.0,23.66
2860.0,23.73
2861.0,24.5
2862.0,29.96
2863.0,29.13
2864.0,33.08
2865.0,38.31
2866.0,38.57
2867.0,36.63
2868.0,38.7
2869.0,36.14
2870.0,36.19
2871.0,38.11
2872.0,38.93
2873.0,35.92
2874.0,35.13
2875.0,47.4
2876.0,49.85
2877.0,34.65
2878.0,30.59
2879.0,25.94
2880.0,20.33
2881.0,19.2
2882.0,18.39
2883.0,17.0
2884.0,17.03
2885.0,16.83
2886.0,19.47
2887.0,19.19
2888.0,20.58
2889.0,20.59
2890.0,19.92
2891.0,19.34
2892.0,16.02
2893.0,14.28
2894.0,14.17
2895.0,15.76
2896.0,17.07
2897.0,17.38
2898.0,19.43
2899.0,28.37
2900.0,26.63
2901.0,19.21
2902.0,16.76
2903.0,13.82
2904.0,9.08
2905.0,0.45
2906.0,-0.01
2907.0,0.48
2908.0,2.27
2909.0,8.23
2910.0,16.1
2911.0,16.57
2912.0,18.48
2913.0,12.76
2914.0,14.95
2915.0,20.7
2916.0,26.71
2917.0,33.66
2918.0,53.34
2919.0,65.59
2920.0,84.82
2921.0,52.7
2922.0,44.27
2923.0,44.82
2924.0,40.13
2925.0,31.88
2926.0,21.38
2927.0,18.56
2928.0,18.26
2929.0,17.04
2930.0,14.75
2931.0,14.66
2932.0,15.11
2933.0,17.13
2934.0,18.96
2935.0,14.75
2936.0,9.79
2937.0,7.43
2938.0,8.42
2939.0,14.59
2940.0,16.23
2941.0,19.93
2942.0,22.66
2943.0,24.83
2944.0,28.77
2945.0,27.27
2946.0,32.21
2947.0,61.38
2948.0,70.6
2949.0,29.1
2950.0,24.73
2951.0,20.99
2952.0,20.22
2953.0,17.63
2954.0,16.2
2955.0,15.47
2956.0,15.81
2957.0,20.82
2958.0,24.22
2959.0,23.14
2960.0,22.09
2961.0,21.28
2962.0,18.62
2963.0,19.13
2964.0,19.72
2965.0,22.01
2966.0,24.03
2967.0,28.6
2968.0,37.69
2969.0,35.26
2970.0,33.51
2971.0,41.18
2972.0,32.37
2973.0,20.87
2974.0,17.36
2975.0,14.02
2976.0,14.72
2977.0,14.45
2978.0,14.25
2979.0,16.55
2980.0,19.83
2981.0,20.48
2982.0,23.41
2983.0,22.38
2984.0,22.73
2985.0,22.27
2986.0,23.02
2987.0,27.54
2988.0,25.94
2989.0,27.86
2990.0,28.93
2991.0,34.3
2992.0,41.39
2993.0,44.81
2994.0,33.77
2995.0,56.68
2996.0,36.02
2997.0,25.46
2998.0,22.16
2999.0,19.89
3000.0,15.28
3001.0,11.45
3002.0,9.32
3003.0,3.24
3004.0,6.2
3005.0,12.69
3006.0,21.17
3007.0,14.23
3008.0,9.12
3009.0,3.13
3010.0,-2.94
3011.0,-3.73
3012.0,-2.96
3013.0,-0.23
3014.0,1.66
3015.0,1.83
3016.0,3.17
3017.0,-3.68
3018.0,-0.18
3019.0,6.14
3020.0,3.66
3021.0,-1.3
3022.0,-0.33
3023.0,-1.44
3024.0,-2.51
3025.0,-4.47
3026.0,-5.83
3027.0,-6.15
3028.0,-6.0
3029.0,-6.36
3030.0,-4.19
3031.0,-4.31
3032.0,-3.7
3033.0,-3.39
3034.0,-3.71
3035.0,-3.71
3036.0,-2.37
3037.0,-0.84
3038.0,0.02
3039.0,-0.29
3040.0,1.58
3041.0,-1.85
3042.0,-1.43
3043.0,4.09
3044.0,9.55
3045.0,4.81
3046.0,1.16
3047.0,0.84
3048.0,7.22
3049.0,7.03
3050.0,4.52
3051.0,5.66
3052.0,9.16
3053.0,14.77
3054.0,19.03
3055.0,18.03
3056.0,19.32
3057.0,17.14
3058.0,15.12
3059.0,19.53
3060.0,29.01
3061.0,28.16
3062.0,29.62
3063.0,44.31
3064.0,60.31
3065.0,46.53
3066.0,33.24
3067.0,36.26
3068.0,36.72
3069.0,26.51
3070.0,22.73
3071.0,18.28
3072.0,17.99
3073.0,13.5
3074.0,15.03
3075.0,18.1
3076.0,21.2
3077.0,23.83
3078.0,24.49
3079.0,23.45
3080.0,22.95
3081.0,23.47
3082.0,24.77
3083.0,25.0
3084.0,26.86
3085.0,28.62
3086.0,31.64
3087.0,32.09
3088.0,34.74
3089.0,26.5
3090.0,24.4
3091.0,26.75
3092.0,25.79
3093.0,21.09
3094.0,19.17
3095.0,19.59
3096.0,22.64
3097.0,21.87
3098.0,21.77
3099.0,21.83
3100.0,22.56
3101.0,24.66
3102.0,27.1
3103.0,24.95
3104.0,24.53
3105.0,24.63
3106.0,21.24
3107.0,22.28
3108.0,25.02
3109.0,25.07
3110.0,24.34
3111.0,23.82
3112.0,24.1
3113.0,19.81
3114.0,17.22
3115.0,25.3
3116.0,30.28
3117.0,18.86
3118.0,21.51
3119.0,19.02
3120.0,17.02
3121.0,17.06
3122.0,16.69
3123.0,16.55
3124.0,16.17
3125.0,16.68
3126.0,18.67
3127.0,16.09
3128.0,18.72
3129.0,21.79
3130.0,22.49
3131.0,25.44
3132.0,27.08
3133.0,28.44
3134.0,29.09
3135.0,30.01
3136.0,31.48
3137.0,32.29
3138.0,35.74
3139.0,44.22
3140.0,48.08
3141.0,30.05
3142.0,24.54
3143.0,21.83
3144.0,21.88
3145.0,19.8
3146.0,19.92
3147.0,20.43
3148.0,21.22
3149.0,22.92
3150.0,28.05
3151.0,26.95
3152.0,26.36
3153.0,26.59
3154.0,26.06
3155.0,26.62
3156.0,27.65
3157.0,28.01
3158.0,29.12
3159.0,31.34
3160.0,32.77
3161.0,28.73
3162.0,26.15
3163.0,33.06
3164.0,24.97
3165.0,19.38
3166.0,20.5
3167.0,17.9
3168.0,17.66
3169.0,13.89
3170.0,12.63
3171.0,11.95
3172.0,14.81
3173.0,19.57
3174.0,24.32
3175.0,21.67
3176.0,18.52
3177.0,13.95
3178.0,7.37
3179.0,7.75
3180.0,12.64
3181.0,13.67
3182.0,16.12
3183.0,17.79
3184.0,15.11
3185.0,9.67
3186.0,16.86
3187.0,20.01
3188.0,22.3
3189.0,16.82
3190.0,14.59
3191.0,12.92
3192.0,1.72
3193.0,-1.0
3194.0,-0.62
3195.0,0.31
3196.0,2.68
3197.0,9.37
3198.0,16.54
3199.0,14.23
3200.0,2.83
3201.0,-0.71
3202.0,-0.01
3203.0,-0.82
3204.0,3.86
3205.0,6.57
3206.0,13.23
3207.0,23.39
3208.0,30.88
3209.0,27.37
3210.0,24.41
3211.0,30.55
3212.0,29.67
3213.0,25.8
3214.0,19.53
3215.0,18.11
3216.0,21.49
3217.0,19.79
3218.0,19.41
3219.0,19.65
3220.0,20.48
3221.0,20.54
3222.0,22.87
3223.0,21.17
3224.0,22.1
3225.0,23.12
3226.0,23.48
3227.0,24.91
3228.0,26.68
3229.0,32.21
3230.0,38.17
3231.0,37.5
3232.0,36.07
3233.0,24.85
3234.0,24.21
3235.0,32.1
3236.0,30.56
3237.0,23.1
3238.0,20.43
3239.0,19.7
3240.0,14.46
3241.0,10.57
3242.0,12.28
3243.0,15.07
3244.0,16.11
3245.0,19.67
3246.0,21.13
3247.0,20.94
3248.0,19.47
3249.0,20.55
3250.0,21.77
3251.0,26.27
3252.0,27.46
3253.0,30.14
3254.0,29.99
3255.0,28.51
3256.0,28.32
3257.0,20.54
3258.0,22.11
3259.0,25.58
3260.0,27.13
3261.0,23.15
3262.0,18.31
3263.0,17.72
3264.0,16.42
3265.0,15.96
3266.0,16.2
3267.0,16.16
3268.0,16.98
3269.0,20.37
3270.0,20.2
3271.0,18.02
3272.0,17.81
3273.0,18.56
3274.0,19.37
3275.0,22.18
3276.0,23.03
3277.0,26.82
3278.0,31.61
3279.0,31.61
3280.0,31.31
3281.0,26.6
3282.0,23.9
3283.0,31.04
3284.0,29.28
3285.0,22.9
3286.0,22.31
3287.0,21.23
3288.0,20.54
3289.0,19.23
3290.0,19.17
3291.0,19.4
3292.0,19.62
3293.0,22.07
3294.0,23.14
3295.0,23.17
3296.0,21.53
3297.0,19.85
3298.0,20.59
3299.0,25.34
3300.0,29.05
3301.0,35.34
3302.0,44.57
3303.0,32.24
3304.0,28.63
3305.0,23.17
3306.0,21.84
3307.0,27.5
3308.0,27.12
3309.0,21.96
3310.0,20.06
3311.0,19.21
3312.0,19.21
3313.0,18.09
3314.0,17.08
3315.0,17.79
3316.0,18.15
3317.0,21.2
3318.0,23.93
3319.0,20.36
3320.0,19.93
3321.0,19.75
3322.0,19.4
3323.0,20.97
3324.0,24.8
3325.0,26.98
3326.0,25.25
3327.0,28.76
3328.0,30.47
3329.0,19.37
3330.0,16.26
3331.0,26.82
3332.0,27.1
3333.0,19.95
3334.0,17.11
3335.0,15.38
3336.0,10.44
3337.0,3.5
3338.0,1.83
3339.0,6.43
3340.0,10.05
3341.0,14.39
3342.0,21.08
3343.0,17.66
3344.0,15.13
3345.0,8.85
3346.0,4.75
3347.0,9.53
3348.0,5.85
3349.0,16.53
3350.0,13.85
3351.0,15.06
3352.0,13.35
3353.0,2.19
3354.0,1.73
3355.0,8.29
3356.0,13.86
3357.0,10.29
3358.0,10.39
3359.0,8.99
3360.0,9.86
3361.0,12.41
3362.0,16.38
3363.0,18.83
3364.0,20.5
3365.0,19.86
3366.0,19.96
3367.0,21.54
3368.0,25.57
3369.0,27.22
3370.0,27.32
3371.0,31.26
3372.0,33.27
3373.0,25.32
3374.0,23.68
3375.0,18.62
3376.0,18.53
3377.0,16.6
3378.0,17.39
3379.0,22.12
3380.0,22.23
3381.0,17.34
3382.0,16.2
3383.0,14.45
3384.0,13.99
3385.0,11.66
3386.0,7.98
3387.0,10.97
3388.0,13.89
3389.0,15.25
3390.0,18.88
3391.0,17.99
3392.0,16.72
3393.0,8.32
3394.0,7.14
3395.0,3.47
3396.0,3.18
3397.0,4.43
3398.0,5.43
3399.0,5.68
3400.0,11.15
3401.0,6.81
3402.0,8.89
3403.0,8.18
3404.0,12.51
3405.0,6.19
3406.0,5.89
3407.0,8.74
3408.0,12.5
3409.0,11.9
3410.0,11.39
3411.0,14.36
3412.0,16.1
3413.0,19.44
3414.0,21.73
3415.0,21.98
3416.0,21.65
3417.0,22.5
3418.0,23.06
3419.0,26.53
3420.0,34.23
3421.0,31.92
3422.0,30.08
3423.0,27.69
3424.0,26.65
3425.0,21.44
3426.0,21.33
3427.0,25.03
3428.0,26.25
3429.0,21.52
3430.0,19.78
3431.0,19.04
3432.0,17.17
3433.0,15.71
3434.0,15.55
3435.0,15.6
3436.0,17.2
3437.0,19.13
3438.0,22.78
3439.0,22.49
3440.0,22.7
3441.0,19.41
3442.0,18.87
3443.0,21.23
3444.0,23.18
3445.0,29.85
3446.0,32.36
3447.0,37.91
3448.0,36.87
3449.0,26.65
3450.0,24.87
3451.0,26.24
3452.0,22.0
3453.0,19.47
3454.0,19.43
3455.0,17.45
3456.0,16.9
3457.0,15.67
3458.0,15.65
3459.0,15.89
3460.0,17.04
3461.0,18.99
3462.0,24.36
3463.0,24.27
3464.0,22.2
3465.0,21.98
3466.0,23.63
3467.0,24.22
3468.0,27.76
3469.0,32.93
3470.0,31.4
3471.0,21.85
3472.0,24.92
3473.0,17.78
3474.0,14.8
3475.0,29.53
3476.0,21.14
3477.0,8.85
3478.0,9.13
3479.0,9.59
3480.0,3.43
3481.0,0.07
3482.0,-0.42
3483.0,-0.35
3484.0,-0.42
3485.0,7.92
3486.0,11.41
3487.0,14.69
3488.0,6.69
3489.0,2.31
3490.0,4.66
3491.0,10.03
3492.0,17.69
3493.0,19.77
3494.0,26.79
3495.0,27.96
3496.0,31.84
3497.0,32.62
3498.0,23.81
3499.0,31.47
3500.0,32.24
3501.0,29.69
3502.0,22.37
3503.0,21.95
3504.0,20.38
3505.0,19.58
3506.0,18.45
3507.0,18.31
3508.0,18.48
3509.0,18.87
3510.0,24.25
3511.0,25.13
3512.0,23.53
3513.0,20.01
3514.0,22.78
3515.0,25.44
3516.0,27.73
3517.0,29.54
3518.0,34.55
3519.0,39.93
3520.0,34.61
3521.0,25.47
3522.0,23.09
3523.0,29.78
3524.0,33.91
3525.0,32.01
3526.0,24.74
3527.0,23.24
3528.0,20.33
3529.0,18.82
3530.0,18.06
3531.0,17.93
3532.0,17.98
3533.0,18.31
3534.0,20.95
3535.0,20.34
3536.0,23.41
3537.0,25.95
3538.0,26.14
3539.0,25.52
3540.0,29.15
3541.0,34.78
3542.0,32.95
3543.0,32.47
3544.0,33.95
3545.0,25.77
3546.0,24.44
3547.0,26.04
3548.0,26.02
3549.0,23.55
3550.0,22.1
3551.0,20.05
3552.0,19.54
3553.0,18.51
3554.0,16.75
3555.0,16.18
3556.0,16.17
3557.0,16.67
3558.0,18.32
3559.0,18.35
3560.0,19.17
3561.0,20.0
3562.0,18.44
3563.0,16.67
3564.0,15.21
3565.0,18.99
3566.0,20.46
3567.0,21.19
3568.0,31.06
3569.0,20.76
3570.0,21.8
3571.0,25.14
3572.0,29.23
3573.0,23.12
3574.0,22.27
3575.0,19.04
3576.0,17.92
3577.0,16.32
3578.0,15.01
3579.0,15.16
3580.0,15.26
3581.0,15.83
3582.0,19.94
3583.0,19.41
3584.0,20.07
3585.0,21.23
3586.0,22.32
3587.0,22.46
3588.0,23.65
3589.0,25.68
3590.0,26.82
3591.0,34.05
3592.0,39.4
3593.0,31.46
3594.0,31.53
3595.0,35.03
3596.0,47.5
3597.0,30.04
3598.0,26.04
3599.0,25.35
3600.0,19.75
3601.0,19.17
3602.0,18.65
3603.0,18.41
3604.0,18.77
3605.0,19.74
3606.0,22.91
3607.0,22.89
3608.0,24.41
3609.0,23.92
3610.0,27.07
3611.0,27.88
3612.0,27.92
3613.0,31.59
3614.0,37.28
3615.0,41.92
3616.0,45.45
3617.0,36.38
3618.0,30.26
3619.0,32.64
3620.0,33.35
3621.0,28.29
3622.0,24.83
3623.0,21.8
3624.0,18.78
3625.0,18.03
3626.0,17.17
3627.0,16.72
3628.0,17.32
3629.0,17.99
3630.0,19.36
3631.0,19.37
3632.0,21.03
3633.0,22.05
3634.0,23.37
3635.0,23.88
3636.0,27.49
3637.0,30.0
3638.0,32.18
3639.0,36.56
3640.0,38.4
3641.0,34.27
3642.0,29.61
3643.0,30.89
3644.0,31.92
3645.0,28.01
3646.0,21.66
3647.0,20.62
3648.0,19.4
3649.0,18.5
3650.0,17.86
3651.0,17.7
3652.0,18.07
3653.0,18.99
3654.0,21.43
3655.0,21.23
3656.0,21.29
3657.0,23.88
3658.0,26.02
3659.0,28.95
3660.0,28.72
3661.0,33.43
3662.0,35.35
3663.0,36.14
3664.0,37.17
3665.0,32.49
3666.0,28.88
3667.0,30.01
3668.0,33.09
3669.0,26.24
3670.0,22.9
3671.0,22.0
3672.0,18.64
3673.0,17.7
3674.0,17.47
3675.0,17.57
3676.0,18.15
3677.0,19.24
3678.0,22.48
3679.0,22.57
3680.0,23.3
3681.0,22.7
3682.0,22.57
3683.0,25.04
3684.0,25.87
3685.0,29.76
3686.0,33.05
3687.0,34.71
3688.0,33.61
3689.0,27.85
3690.0,25.55
3691.0,25.19
3692.0,28.51
3693.0,24.01
3694.0,22.21
3695.0,20.39
3696.0,18.98
3697.0,17.55
3698.0,16.7
3699.0,16.67
3700.0,16.77
3701.0,17.1
3702.0,20.15
3703.0,19.73
3704.0,22.54
3705.0,20.54
3706.0,20.68
3707.0,22.16
3708.0,23.87
3709.0,27.36
3710.0,32.67
3711.0,33.45
3712.0,35.42
3713.0,32.61
3714.0,26.22
3715.0,28.16
3716.0,27.79
3717.0,23.19
3718.0,17.99
3719.0,17.35
3720.0,18.7
3721.0,16.23
3722.0,15.79
3723.0,15.98
3724.0,16.29
3725.0,16.59
3726.0,18.89
3727.0,18.37
3728.0,20.2
3729.0,18.58
3730.0,18.82
3731.0,19.65
3732.0,22.94
3733.0,28.27
3734.0,32.63
3735.0,34.92
3736.0,38.07
3737.0,34.76
3738.0,30.65
3739.0,34.67
3740.0,29.59
3741.0,27.07
3742.0,21.44
3743.0,20.27
3744.0,19.3
3745.0,17.16
3746.0,16.61
3747.0,17.13
3748.0,18.18
3749.0,19.66
3750.0,23.78
3751.0,21.08
3752.0,18.63
3753.0,18.01
3754.0,19.98
3755.0,22.4
3756.0,25.87
3757.0,30.97
3758.0,39.51
3759.0,48.46
3760.0,47.75
3761.0,34.97
3762.0,26.07
3763.0,30.07
3764.0,30.26
3765.0,27.34
3766.0,23.22
3767.0,21.81
3768.0,20.62
3769.0,20.92
3770.0,20.04
3771.0,19.45
3772.0,19.55
3773.0,20.54
3774.0,19.99
3775.0,19.29
3776.0,19.36
3777.0,19.36
3778.0,22.73
3779.0,24.54
3780.0,27.1
3781.0,37.45
3782.0,55.59
3783.0,69.15
3784.0,67.78
3785.0,36.09
3786.0,26.1
3787.0,27.27
3788.0,27.4
3789.0,20.12
3790.0,21.2
3791.0,16.19
3792.0,14.05
3793.0,13.87
3794.0,15.05
3795.0,16.34
3796.0,17.59
3797.0,19.98
3798.0,20.53
3799.0,18.89
3800.0,18.73
3801.0,21.47
3802.0,22.59
3803.0,24.13
3804.0,27.46
3805.0,34.61
3806.0,56.7
3807.0,70.3
3808.0,56.64
3809.0,33.52
3810.0,21.54
3811.0,24.02
3812.0,23.36
3813.0,18.37
3814.0,18.23
3815.0,16.97
3816.0,19.04
3817.0,18.87
3818.0,18.77
3819.0,18.65
3820.0,19.07
3821.0,20.5
3822.0,21.69
3823.0,21.97
3824.0,19.52
3825.0,21.05
3826.0,21.67
3827.0,21.91
3828.0,27.79
3829.0,29.99
3830.0,34.03
3831.0,47.74
3832.0,46.34
3833.0,28.3
3834.0,19.82
3835.0,26.74
3836.0,22.94
3837.0,15.22
3838.0,12.68
3839.0,11.63
3840.0,13.3
3841.0,12.64
3842.0,12.3
3843.0,13.08
3844.0,14.35
3845.0,17.04
3846.0,19.56
3847.0,19.62
3848.0,18.93
3849.0,17.81
3850.0,18.55
3851.0,19.57
3852.0,21.63
3853.0,26.18
3854.0,33.45
3855.0,37.63
3856.0,34.03
3857.0,22.25
3858.0,19.91
3859.0,26.8
3860.0,25.45
3861.0,21.08
3862.0,20.24
3863.0,19.08
3864.0,18.37
3865.0,19.11
3866.0,18.86
3867.0,19.11
3868.0,20.71
3869.0,21.68
3870.0,30.01
3871.0,29.0
3872.0,30.0
3873.0,29.35
3874.0,31.26
3875.0,34.28
3876.0,35.84
3877.0,39.41
3878.0,43.58
3879.0,59.76
3880.0,67.95
3881.0,50.28
3882.0,43.87
3883.0,44.99
3884.0,43.08
3885.0,39.86
3886.0,30.08
3887.0,28.0
3888.0,21.31
3889.0,20.73
3890.0,20.35
3891.0,20.12
3892.0,19.64
3893.0,20.03
3894.0,22.67
3895.0,22.27
3896.0,24.61
3897.0,28.1
3898.0,31.4
3899.0,33.4
3900.0,38.52
3901.0,45.38
3902.0,73.98
3903.0,109.64
3904.0,165.77
3905.0,163.11
3906.0,63.33
3907.0,53.49
3908.0,57.32
3909.0,39.47
3910.0,29.09
3911.0,26.07
3912.0,21.53
3913.0,20.0
3914.0,19.44
3915.0,19.4
3916.0,19.59
3917.0,20.58
3918.0,22.89
3919.0,22.23
3920.0,24.07
3921.0,26.86
3922.0,30.69
3923.0,34.81
3924.0,39.69
3925.0,44.68
3926.0,119.07
3927.0,166.42
3928.0,222.59
3929.0,116.69
3930.0,49.11
3931.0,42.02
3932.0,38.6
3933.0,34.03
3934.0,29.03
3935.0,25.57
3936.0,24.76
3937.0,22.1
3938.0,21.84
3939.0,21.95
3940.0,22.15
3941.0,23.38
3942.0,26.28
3943.0,24.12
3944.0,27.86
3945.0,29.94
3946.0,35.65
3947.0,39.42
3948.0,59.63
3949.0,302.75
3950.0,952.69
3951.0,1435.11
3952.0,1440.46
3953.0,1348.86
3954.0,280.32
3955.0,105.93
3956.0,65.02
3957.0,42.32
3958.0,32.1
3959.0,28.8
3960.0,22.0
3961.0,20.46
3962.0,19.17
3963.0,19.17
3964.0,19.4
3965.0,19.91
3966.0,23.15
3967.0,22.79
3968.0,28.5
3969.0,29.34
3970.0,30.01
3971.0,36.28
3972.0,53.14
3973.0,118.2
3974.0,302.08
3975.0,381.69
3976.0,265.29
3977.0,135.91
3978.0,52.84
3979.0,48.01
3980.0,41.8
3981.0,35.53
3982.0,24.43
3983.0,22.47
3984.0,19.85
3985.0,18.34
3986.0,18.53
3987.0,18.43
3988.0,18.84
3989.0,19.35
3990.0,21.61
3991.0,22.05
3992.0,22.37
3993.0,24.12
3994.0,26.3
3995.0,30.18
3996.0,30.35
3997.0,36.24
3998.0,59.42
3999.0,81.42
4000.0,72.66
4001.0,40.06
4002.0,33.46
4003.0,40.87
4004.0,39.65
4005.0,29.28
4006.0,23.62
4007.0,21.8
4008.0,21.02
4009.0,18.81
4010.0,17.19
4011.0,17.59
4012.0,17.55
4013.0,18.27
4014.0,20.97
4015.0,21.5
4016.0,22.18
4017.0,23.38
4018.0,26.59
4019.0,29.84
4020.0,34.45
4021.0,34.34
4022.0,62.71
4023.0,104.71
4024.0,92.46
4025.0,38.32
4026.0,33.8
4027.0,35.72
4028.0,33.13
4029.0,26.47
4030.0,23.2
4031.0,21.74
4032.0,21.05
4033.0,18.74
4034.0,16.96
4035.0,16.74
4036.0,17.07
4037.0,17.09
4038.0,20.07
4039.0,20.92
4040.0,21.92
4041.0,22.35
4042.0,27.34
4043.0,30.32
4044.0,43.7
4045.0,74.93
4046.0,115.43
4047.0,111.75
4048.0,84.59
4049.0,48.39
4050.0,31.91
4051.0,36.5
4052.0,33.36
4053.0,26.35
4054.0,21.61
4055.0,16.7
4056.0,13.01
4057.0,11.76
4058.0,7.04
4059.0,6.27
4060.0,6.73
4061.0,6.39
4062.0,13.09
4063.0,13.9
4064.0,9.4
4065.0,9.9
4066.0,16.76
4067.0,20.83
4068.0,22.68
4069.0,21.84
4070.0,30.76
4071.0,40.88
4072.0,42.63
4073.0,32.53
4074.0,27.09
4075.0,27.19
4076.0,26.6
4077.0,25.21
4078.0,11.65
4079.0,7.22
4080.0,13.31
4081.0,10.21
4082.0,10.72
4083.0,12.32
4084.0,14.78
4085.0,16.99
4086.0,18.78
4087.0,20.81
4088.0,22.13
4089.0,23.0
4090.0,24.43
4091.0,25.78
4092.0,23.04
4093.0,29.29
4094.0,31.64
4095.0,31.04
4096.0,22.77
4097.0,11.87
4098.0,4.51
4099.0,7.59
4100.0,15.25
4101.0,20.71
4102.0,19.12
4103.0,21.35
4104.0,28.72
4105.0,25.0
4106.0,25.0
4107.0,23.51
4108.0,23.84
4109.0,24.97
4110.0,26.34
4111.0,25.88
4112.0,26.76
4113.0,26.58
4114.0,26.23
4115.0,26.44
4116.0,30.14
4117.0,26.65
4118.0,29.64
4119.0,31.44
4120.0,31.73
4121.0,25.86
4122.0,29.71
4123.0,33.92
4124.0,32.58
4125.0,28.59
4126.0,26.38
4127.0,22.92
4128.0,12.97
4129.0,11.89
4130.0,10.29
4131.0,9.77
4132.0,11.08
4133.0,13.39
4134.0,11.9
4135.0,11.68
4136.0,5.3
4137.0,4.25
4138.0,4.14
4139.0,6.67
4140.0,5.12
4141.0,17.66
4142.0,19.7
4143.0,30.3
4144.0,25.8
4145.0,13.66
4146.0,20.83
4147.0,25.03
4148.0,22.34
4149.0,16.5
4150.0,10.66
4151.0,6.64
4152.0,10.75
4153.0,10.43
4154.0,7.08
4155.0,7.89
4156.0,9.74
4157.0,13.56
4158.0,15.42
4159.0,17.53
4160.0,10.12
4161.0,4.35
4162.0,7.16
4163.0,9.32
4164.0,7.63
4165.0,13.28
4166.0,19.29
4167.0,30.12
4168.0,30.98
4169.0,13.96
4170.0,11.2
4171.0,23.91
4172.0,29.62
4173.0,22.99
4174.0,21.07
4175.0,14.76
4176.0,15.28
4177.0,12.16
4178.0,10.06
4179.0,10.27
4180.0,12.02
4181.0,16.57
4182.0,18.73
4183.0,18.68
4184.0,9.94
4185.0,4.54
4186.0,3.44
4187.0,4.07
4188.0,1.87
4189.0,13.95
4190.0,26.67
4191.0,32.77
4192.0,43.13
4193.0,19.24
4194.0,17.43
4195.0,25.17
4196.0,26.14
4197.0,22.0
4198.0,20.19
4199.0,12.99
4200.0,18.54
4201.0,17.25
4202.0,14.62
4203.0,13.82
4204.0,14.11
4205.0,15.65
4206.0,18.52
4207.0,19.01
4208.0,18.76
4209.0,18.04
4210.0,22.35
4211.0,26.51
4212.0,25.79
4213.0,31.61
4214.0,37.73
4215.0,42.84
4216.0,50.45
4217.0,38.39
4218.0,35.7
4219.0,43.38
4220.0,39.26
4221.0,36.39
4222.0,31.23
4223.0,28.55
4224.0,25.63
4225.0,23.31
4226.0,22.68
4227.0,22.45
4228.0,23.31
4229.0,23.14
4230.0,25.35
4231.0,25.22
4232.0,26.69
4233.0,29.73
4234.0,34.37
4235.0,34.57
4236.0,39.48
4237.0,41.93
4238.0,53.65
4239.0,58.79
4240.0,63.58
4241.0,57.99
4242.0,39.49
4243.0,43.97
4244.0,42.29
4245.0,39.32
4246.0,31.55
4247.0,27.55
4248.0,22.81
4249.0,21.82
4250.0,20.72
4251.0,20.2
4252.0,20.8
4253.0,21.23
4254.0,23.09
4255.0,23.16
4256.0,25.91
4257.0,29.3
4258.0,33.62
4259.0,33.9
4260.0,35.34
4261.0,34.54
4262.0,40.9
4263.0,46.23
4264.0,43.19
4265.0,39.78
4266.0,34.48
4267.0,35.18
4268.0,32.62
4269.0,30.62
4270.0,28.99
4271.0,24.34
4272.0,24.47
4273.0,22.31
4274.0,21.44
4275.0,21.01
4276.0,20.98
4277.0,21.95
4278.0,23.41
4279.0,23.17
4280.0,23.89
4281.0,26.61
4282.0,29.31
4283.0,30.62
4284.0,30.05
4285.0,31.23
4286.0,38.31
4287.0,48.57
4288.0,48.79
4289.0,39.3
4290.0,33.89
4291.0,34.58
4292.0,33.26
4293.0,33.29
4294.0,28.78
4295.0,24.94
4296.0,24.11
4297.0,22.97
4298.0,21.52
4299.0,20.95
4300.0,20.93
4301.0,22.01
4302.0,24.65
4303.0,24.98
4304.0,26.18
4305.0,27.97
4306.0,30.79
4307.0,33.98
4308.0,37.44
4309.0,37.68
4310.0,43.06
4311.0,54.05
4312.0,58.89
4313.0,44.51
4314.0,40.44
4315.0,41.09
4316.0,41.35
4317.0,35.56
4318.0,28.15
4319.0,26.07
4320.0,24.97
4321.0,24.84
4322.0,23.74
4323.0,23.27
4324.0,23.28
4325.0,23.38
4326.0,27.01
4327.0,26.18
4328.0,29.16
4329.0,29.81
4330.0,32.7
4331.0,34.26
4332.0,41.31
4333.0,43.2
4334.0,51.51
4335.0,61.53
4336.0,62.46
4337.0,44.25
4338.0,45.76
4339.0,46.77
4340.0,46.21
4341.0,39.19
4342.0,31.83
4343.0,29.7
4344.0,26.51
4345.0,26.53
4346.0,24.01
4347.0,23.35
4348.0,23.29
4349.0,23.66
4350.0,28.2
4351.0,29.29
4352.0,29.15
4353.0,30.88
4354.0,32.84
4355.0,31.18
4356.0,40.73
4357.0,38.73
4358.0,45.77
4359.0,58.28
4360.0,68.9
4361.0,48.86
4362.0,43.97
4363.0,45.21
4364.0,41.82
4365.0,35.82
4366.0,31.22
4367.0,29.49
4368.0,27.38
4369.0,26.83
4370.0,25.44
4371.0,24.6
4372.0,24.16
4373.0,23.76
4374.0,24.34
4375.0,25.09
4376.0,24.55
4377.0,25.03
4378.0,27.39
4379.0,31.23
4380.0,33.59
4381.0,34.56
4382.0,37.07
4383.0,45.33
4384.0,48.77
4385.0,41.78
4386.0,35.67
4387.0,36.02
4388.0,33.49
4389.0,30.48
4390.0,30.48
4391.0,28.12
4392.0,26.12
4393.0,25.96
4394.0,24.14
4395.0,24.02
4396.0,23.44
4397.0,22.24
4398.0,21.44
4399.0,22.6
4400.0,24.37
4401.0,25.08
4402.0,25.55
4403.0,29.28
4404.0,31.38
4405.0,33.83
4406.0,34.99
4407.0,42.55
4408.0,43.23
4409.0,37.78
4410.0,34.67
4411.0,34.4
4412.0,31.06
4413.0,29.9
4414.0,28.55
4415.0,26.7
4416.0,25.3
4417.0,23.83
4418.0,22.49
4419.0,21.76
4420.0,22.1
4421.0,22.54
4422.0,23.1
4423.0,23.4
4424.0,25.03
4425.0,24.36
4426.0,28.43
4427.0,31.55
4428.0,32.03
4429.0,34.75
4430.0,38.17
4431.0,42.74
4432.0,42.3
4433.0,40.57
4434.0,34.88
4435.0,35.01
4436.0,32.6
4437.0,31.0
4438.0,30.31
4439.0,27.14
4440.0,31.38
4441.0,25.04
4442.0,24.03
4443.0,24.05
4444.0,24.15
4445.0,24.42
4446.0,24.91
4447.0,26.51
4448.0,30.26
4449.0,29.02
4450.0,31.02
4451.0,33.43
4452.0,33.26
4453.0,38.48
4454.0,38.2
4455.0,47.75
4456.0,48.61
4457.0,45.48
4458.0,37.51
4459.0,37.14
4460.0,34.18
4461.0,32.05
4462.0,32.02
4463.0,28.68
4464.0,28.69
4465.0,26.49
4466.0,25.16
4467.0,24.26
4468.0,24.47
4469.0,25.06
4470.0,26.66
4471.0,27.0
4472.0,28.18
4473.0,28.09
4474.0,30.01
4475.0,29.79
4476.0,30.07
4477.0,33.39
4478.0,37.21
4479.0,45.6
4480.0,46.99
4481.0,39.58
4482.0,36.62
4483.0,40.41
4484.0,36.65
4485.0,33.63
4486.0,31.11
4487.0,30.01
4488.0,30.02
4489.0,26.52
4490.0,25.16
4491.0,24.55
4492.0,25.07
4493.0,26.01
4494.0,30.01
4495.0,28.9
4496.0,28.91
4497.0,30.03
4498.0,32.52
4499.0,31.56
4500.0,40.38
4501.0,40.01
4502.0,41.49
4503.0,50.17
4504.0,43.35
4505.0,39.64
4506.0,34.78
4507.0,45.07
4508.0,44.18
4509.0,30.6
4510.0,30.38
4511.0,28.19
4512.0,25.0
4513.0,23.67
4514.0,22.64
4515.0,22.66
4516.0,24.28
4517.0,25.0
4518.0,25.01
4519.0,25.01
4520.0,25.88
4521.0,28.44
4522.0,32.88
4523.0,30.96
4524.0,31.81
4525.0,34.85
4526.0,39.39
4527.0,44.3
4528.0,56.22
4529.0,35.22
4530.0,34.85
4531.0,35.83
4532.0,33.95
4533.0,29.48
4534.0,27.81
4535.0,25.66
4536.0,24.0
4537.0,21.1
4538.0,19.17
4539.0,19.17
4540.0,19.29
4541.0,19.27
4542.0,22.23
4543.0,23.29
4544.0,24.51
4545.0,24.57
4546.0,24.41
4547.0,24.43
4548.0,26.51
4549.0,28.83
4550.0,34.59
4551.0,39.02
4552.0,39.55
4553.0,30.95
4554.0,29.9
4555.0,34.0
4556.0,31.51
4557.0,27.16
4558.0,24.61
4559.0,23.92
4560.0,25.0
4561.0,25.0
4562.0,25.0
4563.0,24.15
4564.0,24.53
4565.0,23.81
4566.0,25.0
4567.0,25.0
4568.0,26.98
4569.0,26.99
4570.0,29.85
4571.0,33.09
4572.0,37.76
4573.0,39.12
4574.0,46.7
4575.0,51.29
4576.0,65.49
4577.0,60.43
4578.0,45.65
4579.0,47.93
4580.0,50.18
4581.0,42.92
4582.0,33.07
4583.0,29.19
4584.0,24.61
4585.0,23.26
4586.0,21.66
4587.0,20.96
4588.0,21.72
4589.0,22.75
4590.0,24.89
4591.0,24.75
4592.0,25.55
4593.0,28.54
4594.0,30.83
4595.0,34.53
4596.0,38.62
4597.0,43.23
4598.0,45.81
4599.0,60.96
4600.0,61.72
4601.0,46.1
4602.0,38.4
4603.0,44.65
4604.0,37.09
4605.0,30.85
4606.0,28.22
4607.0,24.31
4608.0,24.98
4609.0,23.47
4610.0,21.43
4611.0,20.42
4612.0,20.66
4613.0,21.63
4614.0,22.79
4615.0,24.32
4616.0,24.54
4617.0,24.24
4618.0,26.24
4619.0,27.39
4620.0,35.44
4621.0,35.0
4622.0,38.98
4623.0,52.08
4624.0,50.17
4625.0,32.27
4626.0,28.48
4627.0,34.84
4628.0,31.11
4629.0,26.08
4630.0,23.79
4631.0,20.12
4632.0,19.02
4633.0,17.59
4634.0,15.45
4635.0,15.79
4636.0,17.54
4637.0,18.7
4638.0,19.84
4639.0,21.31
4640.0,19.15
4641.0,13.11
4642.0,12.6
4643.0,11.32
4644.0,14.44
4645.0,22.1
4646.0,27.26
4647.0,34.4
4648.0,37.16
4649.0,20.9
4650.0,19.27
4651.0,26.81
4652.0,29.22
4653.0,23.66
4654.0,19.42
4655.0,17.3
4656.0,14.98
4657.0,13.99
4658.0,13.4
4659.0,14.78
4660.0,17.38
4661.0,19.09
4662.0,20.99
4663.0,20.72
4664.0,19.55
4665.0,16.06
4666.0,15.34
4667.0,19.35
4668.0,25.46
4669.0,30.54
4670.0,40.22
4671.0,48.08
4672.0,45.77
4673.0,34.42
4674.0,27.67
4675.0,35.89
4676.0,33.69
4677.0,28.87
4678.0,27.27
4679.0,25.46
4680.0,22.25
4681.0,19.02
4682.0,17.42
4683.0,17.88
4684.0,18.97
4685.0,20.56
4686.0,25.05
4687.0,27.75
4688.0,24.96
4689.0,24.93
4690.0,24.56
4691.0,29.18
4692.0,31.03
4693.0,36.44
4694.0,38.13
4695.0,43.05
4696.0,58.07
4697.0,33.09
4698.0,31.43
4699.0,37.86
4700.0,36.49
4701.0,29.36
4702.0,27.82
4703.0,25.8
4704.0,24.96
4705.0,22.3
4706.0,20.17
4707.0,20.3
4708.0,20.83
4709.0,26.06
4710.0,26.59
4711.0,27.43
4712.0,26.76
4713.0,26.15
4714.0,31.66
4715.0,28.38
4716.0,35.33
4717.0,38.35
4718.0,41.9
4719.0,52.96
4720.0,50.63
4721.0,40.06
4722.0,30.99
4723.0,47.58
4724.0,54.65
4725.0,35.67
4726.0,33.77
4727.0,28.25
4728.0,24.11
4729.0,22.55
4730.0,21.4
4731.0,21.32
4732.0,21.39
4733.0,21.93
4734.0,23.71
4735.0,24.85
4736.0,24.32
4737.0,25.15
4738.0,29.8
4739.0,31.49
4740.0,38.52
4741.0,39.91
4742.0,56.14
4743.0,69.79
4744.0,100.69
4745.0,47.3
4746.0,37.87
4747.0,48.86
4748.0,67.23
4749.0,42.77
4750.0,33.38
4751.0,28.26
4752.0,25.06
4753.0,23.63
4754.0,22.17
4755.0,21.74
4756.0,21.7
4757.0,24.98
4758.0,26.35
4759.0,26.55
4760.0,26.76
4761.0,30.0
4762.0,35.06
4763.0,34.25
4764.0,37.87
4765.0,58.43
4766.0,88.96
4767.0,144.56
4768.0,158.04
4769.0,79.23
4770.0,54.04
4771.0,55.2
4772.0,55.24
4773.0,52.39
4774.0,33.03
4775.0,29.23
4776.0,25.81
4777.0,23.05
4778.0,22.45
4779.0,21.94
4780.0,22.06
4781.0,22.74
4782.0,24.24
4783.0,24.1
4784.0,24.76
4785.0,25.59
4786.0,27.39
4787.0,30.54
4788.0,33.74
4789.0,34.31
4790.0,36.51
4791.0,43.03
4792.0,44.22
4793.0,38.01
4794.0,35.04
4795.0,39.56
4796.0,39.37
4797.0,35.52
4798.0,30.47
4799.0,26.07
4800.0,24.74
4801.0,23.61
4802.0,22.62
4803.0,22.16
4804.0,22.59
4805.0,23.49
4806.0,24.77
4807.0,24.6
4808.0,24.76
4809.0,25.11
4810.0,29.19
4811.0,32.4
4812.0,37.16
4813.0,42.22
4814.0,54.53
4815.0,56.96
4816.0,54.45
4817.0,44.07
4818.0,41.08
4819.0,43.13
4820.0,39.85
4821.0,31.17
4822.0,27.95
4823.0,25.05
4824.0,23.36
4825.0,21.0
4826.0,20.12
4827.0,19.8
4828.0,20.46
4829.0,20.91
4830.0,25.56
4831.0,25.28
4832.0,25.31
4833.0,26.09
4834.0,27.79
4835.0,30.26
4836.0,38.11
4837.0,45.08
4838.0,47.69
4839.0,59.99
4840.0,57.5
4841.0,46.03
4842.0,39.66
4843.0,39.29
4844.0,38.01
4845.0,31.7
4846.0,27.65
4847.0,25.31
4848.0,22.53
4849.0,20.16
4850.0,17.95
4851.0,17.47
4852.0,18.85
4853.0,20.1
4854.0,22.59
4855.0,23.6
4856.0,23.76
4857.0,23.84
4858.0,22.53
4859.0,27.61
4860.0,28.12
4861.0,36.05
4862.0,39.4
4863.0,49.06
4864.0,56.19
4865.0,44.53
4866.0,39.92
4867.0,39.74
4868.0,35.81
4869.0,32.53
4870.0,29.0
4871.0,26.72
4872.0,21.56
4873.0,17.05
4874.0,12.95
4875.0,10.83
4876.0,12.98
4877.0,15.11
4878.0,22.17
4879.0,23.75
4880.0,25.56
4881.0,26.63
4882.0,27.37
4883.0,27.73
4884.0,27.35
4885.0,31.94
4886.0,35.52
4887.0,45.44
4888.0,64.18
4889.0,53.62
4890.0,43.16
4891.0,45.35
4892.0,39.13
4893.0,32.75
4894.0,28.71
4895.0,26.46
4896.0,22.36
4897.0,19.29
4898.0,15.27
4899.0,15.97
4900.0,15.03
4901.0,17.29
4902.0,22.0
4903.0,25.05
4904.0,26.3
4905.0,27.1
4906.0,27.54
4907.0,31.39
4908.0,36.44
4909.0,41.44
4910.0,50.71
4911.0,69.13
4912.0,104.16
4913.0,71.6
4914.0,48.7
4915.0,53.93
4916.0,50.6
4917.0,39.06
4918.0,31.37
4919.0,26.67
4920.0,25.19
4921.0,22.44
4922.0,21.42
4923.0,21.1
4924.0,21.25
4925.0,22.62
4926.0,25.98
4927.0,26.05
4928.0,27.65
4929.0,30.01
4930.0,30.34
4931.0,32.98
4932.0,37.49
4933.0,97.7
4934.0,235.23
4935.0,324.05
4936.0,379.13
4937.0,243.99
4938.0,91.67
4939.0,109.78
4940.0,75.87
4941.0,48.81
4942.0,35.21
4943.0,28.99
4944.0,25.94
4945.0,24.8
4946.0,22.85
4947.0,22.3
4948.0,22.01
4949.0,23.06
4950.0,24.69
4951.0,25.32
4952.0,24.91
4953.0,27.66
4954.0,30.0
4955.0,30.43
4956.0,36.85
4957.0,82.62
4958.0,196.94
4959.0,315.41
4960.0,385.15
4961.0,240.33
4962.0,84.41
4963.0,76.33
4964.0,57.64
4965.0,42.78
4966.0,35.0
4967.0,30.31
4968.0,28.21
4969.0,26.5
4970.0,24.81
4971.0,23.59
4972.0,23.4
4973.0,26.01
4974.0,26.99
4975.0,27.52
4976.0,27.58
4977.0,29.8
4978.0,35.27
4979.0,39.49
4980.0,46.86
4981.0,59.9
4982.0,120.02
4983.0,140.11
4984.0,156.15
4985.0,86.75
4986.0,53.16
4987.0,53.77
4988.0,46.27
4989.0,40.71
4990.0,35.09
4991.0,32.45
4992.0,28.5
4993.0,27.2
4994.0,25.73
4995.0,24.9
4996.0,25.06
4997.0,26.46
4998.0,30.3
4999.0,28.23
5000.0,27.67
5001.0,30.18
5002.0,33.57
5003.0,36.99
5004.0,37.38
5005.0,66.56
5006.0,147.1
5007.0,171.46
5008.0,197.17
5009.0,98.08
5010.0,60.53
5011.0,53.92
5012.0,51.22
5013.0,44.57
5014.0,36.88
5015.0,30.85
5016.0,31.45
5017.0,31.32
5018.0,30.79
5019.0,29.71
5020.0,29.58
5021.0,30.11
5022.0,29.75
5023.0,29.27
5024.0,28.74
5025.0,31.47
5026.0,31.45
5027.0,37.15
5028.0,40.41
5029.0,63.71
5030.0,142.21
5031.0,188.6
5032.0,194.4
5033.0,101.21
5034.0,57.05
5035.0,54.01
5036.0,48.96
5037.0,44.19
5038.0,37.8
5039.0,31.42
5040.0,29.15
5041.0,27.12
5042.0,24.51
5043.0,23.2
5044.0,22.4
5045.0,23.02
5046.0,27.55
5047.0,26.98
5048.0,28.28
5049.0,29.32
5050.0,33.41
5051.0,37.41
5052.0,38.48
5053.0,44.89
5054.0,92.99
5055.0,140.29
5056.0,149.65
5057.0,90.64
5058.0,56.15
5059.0,59.88
5060.0,56.66
5061.0,47.63
5062.0,36.23
5063.0,31.95
5064.0,29.19
5065.0,28.59
5066.0,25.13
5067.0,23.8
5068.0,23.5
5069.0,23.25
5070.0,26.03
5071.0,26.43
5072.0,27.08
5073.0,26.33
5074.0,32.88
5075.0,38.58
5076.0,42.66
5077.0,57.91
5078.0,83.78
5079.0,96.87
5080.0,84.38
5081.0,67.85
5082.0,52.74
5083.0,53.63
5084.0,49.31
5085.0,46.98
5086.0,36.85
5087.0,32.89
5088.0,28.87
5089.0,27.03
5090.0,24.97
5091.0,24.33
5092.0,24.19
5093.0,25.04
5094.0,27.68
5095.0,26.17
5096.0,26.96
5097.0,27.65
5098.0,32.48
5099.0,35.96
5100.0,39.19
5101.0,43.9
5102.0,46.75
5103.0,57.7
5104.0,60.28
5105.0,46.3
5106.0,41.88
5107.0,47.29
5108.0,45.99
5109.0,37.39
5110.0,34.63
5111.0,31.57
5112.0,28.17
5113.0,26.07
5114.0,24.46
5115.0,23.68
5116.0,24.08
5117.0,25.48
5118.0,30.13
5119.0,28.18
5120.0,27.47
5121.0,28.42
5122.0,28.57
5123.0,34.01
5124.0,34.98
5125.0,38.98
5126.0,45.23
5127.0,54.38
5128.0,52.13
5129.0,42.14
5130.0,42.67
5131.0,50.42
5132.0,44.21
5133.0,36.35
5134.0,34.34
5135.0,29.38
5136.0,27.43
5137.0,26.7
5138.0,25.22
5139.0,24.8
5140.0,25.52
5141.0,26.08
5142.0,30.04
5143.0,28.27
5144.0,28.74
5145.0,29.48
5146.0,30.89
5147.0,35.15
5148.0,35.79
5149.0,38.48
5150.0,53.97
5151.0,65.78
5152.0,67.37
5153.0,45.55
5154.0,45.75
5155.0,48.93
5156.0,43.81
5157.0,38.88
5158.0,36.38
5159.0,30.63
5160.0,29.5
5161.0,27.95
5162.0,26.59
5163.0,25.48
5164.0,25.59
5165.0,26.41
5166.0,29.03
5167.0,26.92
5168.0,28.3
5169.0,29.54
5170.0,31.92
5171.0,33.09
5172.0,33.22
5173.0,39.46
5174.0,60.89
5175.0,87.34
5176.0,84.2
5177.0,59.38
5178.0,46.79
5179.0,49.69
5180.0,46.78
5181.0,38.79
5182.0,32.62
5183.0,29.22
5184.0,26.37
5185.0,23.75
5186.0,22.65
5187.0,21.63
5188.0,22.0
5189.0,23.3
5190.0,26.35
5191.0,27.56
5192.0,26.91
5193.0,27.1
5194.0,27.92
5195.0,30.5
5196.0,33.25
5197.0,34.78
5198.0,44.1
5199.0,56.68
5200.0,51.55
5201.0,40.67
5202.0,35.28
5203.0,42.6
5204.0,39.25
5205.0,32.19
5206.0,30.64
5207.0,27.84
5208.0,20.95
5209.0,19.07
5210.0,19.08
5211.0,17.83
5212.0,17.76
5213.0,18.61
5214.0,23.11
5215.0,22.87
5216.0,22.1
5217.0,15.03
5218.0,12.57
5219.0,17.45
5220.0,16.21
5221.0,26.25
5222.0,37.55
5223.0,41.95
5224.0,37.72
5225.0,24.59
5226.0,23.56
5227.0,35.72
5228.0,34.78
5229.0,30.82
5230.0,23.99
5231.0,19.29
5232.0,15.74
5233.0,14.75
5234.0,13.61
5235.0,11.74
5236.0,12.08
5237.0,12.41
5238.0,17.11
5239.0,18.68
5240.0,16.67
5241.0,9.01
5242.0,11.49
5243.0,11.0
5244.0,13.37
5245.0,21.36
5246.0,27.73
5247.0,28.28
5248.0,37.23
5249.0,31.27
5250.0,26.16
5251.0,37.87
5252.0,33.73
5253.0,29.89
5254.0,23.94
5255.0,20.21
5256.0,13.81
5257.0,11.75
5258.0,11.62
5259.0,12.18
5260.0,14.66
5261.0,19.4
5262.0,19.81
5263.0,20.7
5264.0,16.47
5265.0,8.82
5266.0,10.41
5267.0,12.31
5268.0,18.69
5269.0,25.67
5270.0,40.59
5271.0,42.76
5272.0,44.73
5273.0,30.87
5274.0,27.77
5275.0,29.92
5276.0,29.64
5277.0,25.49
5278.0,25.23
5279.0,16.66
5280.0,16.01
5281.0,13.85
5282.0,11.2
5283.0,13.46
5284.0,16.35
5285.0,19.72
5286.0,22.41
5287.0,23.44
5288.0,19.62
5289.0,9.35
5290.0,9.38
5291.0,12.8
5292.0,22.03
5293.0,28.4
5294.0,35.11
5295.0,41.73
5296.0,43.05
5297.0,28.56
5298.0,26.19
5299.0,33.08
5300.0,35.5
5301.0,30.69
5302.0,29.86
5303.0,25.73
5304.0,20.93
5305.0,18.96
5306.0,17.71
5307.0,17.27
5308.0,18.64
5309.0,21.92
5310.0,25.27
5311.0,26.51
5312.0,25.22
5313.0,16.19
5314.0,17.4
5315.0,23.32
5316.0,26.57
5317.0,31.27
5318.0,53.45
5319.0,59.55
5320.0,60.38
5321.0,38.57
5322.0,36.71
5323.0,39.09
5324.0,38.59
5325.0,33.22
5326.0,31.05
5327.0,27.03
5328.0,26.36
5329.0,23.85
5330.0,21.6
5331.0,20.65
5332.0,21.84
5333.0,22.84
5334.0,26.96
5335.0,27.21
5336.0,27.67
5337.0,26.41
5338.0,28.66
5339.0,31.42
5340.0,41.47
5341.0,59.06
5342.0,72.53
5343.0,87.34
5344.0,80.51
5345.0,51.84
5346.0,46.0
5347.0,47.84
5348.0,47.28
5349.0,40.65
5350.0,33.57
5351.0,29.98
5352.0,26.8
5353.0,26.08
5354.0,24.45
5355.0,24.03
5356.0,24.22
5357.0,25.61
5358.0,29.98
5359.0,29.44
5360.0,29.84
5361.0,31.94
5362.0,34.63
5363.0,41.89
5364.0,46.76
5365.0,60.06
5366.0,81.11
5367.0,98.18
5368.0,87.32
5369.0,52.34
5370.0,47.91
5371.0,51.31
5372.0,47.62
5373.0,42.75
5374.0,37.01
5375.0,32.86
5376.0,29.88
5377.0,27.44
5378.0,26.3
5379.0,25.11
5380.0,25.02
5381.0,25.24
5382.0,27.81
5383.0,27.6
5384.0,30.15
5385.0,33.78
5386.0,36.31
5387.0,42.95
5388.0,46.79
5389.0,59.02
5390.0,76.92
5391.0,97.68
5392.0,107.12
5393.0,70.1
5394.0,52.67
5395.0,51.03
5396.0,48.01
5397.0,42.66
5398.0,38.4
5399.0,35.14
5400.0,28.58
5401.0,27.31
5402.0,27.13
5403.0,26.33
5404.0,24.57
5405.0,24.7
5406.0,26.31
5407.0,25.8
5408.0,27.76
5409.0,29.13
5410.0,32.54
5411.0,37.22
5412.0,43.21
5413.0,49.45
5414.0,57.4
5415.0,64.49
5416.0,67.8
5417.0,56.97
5418.0,51.2
5419.0,50.59
5420.0,44.29
5421.0,37.51
5422.0,35.06
5423.0,30.98
5424.0,26.9
5425.0,25.15
5426.0,24.0
5427.0,23.63
5428.0,23.8
5429.0,25.47
5430.0,26.37
5431.0,26.5
5432.0,26.86
5433.0,28.46
5434.0,31.46
5435.0,34.85
5436.0,39.82
5437.0,58.23
5438.0,64.81
5439.0,67.26
5440.0,61.52
5441.0,48.55
5442.0,43.17
5443.0,48.43
5444.0,46.76
5445.0,39.6
5446.0,36.25
5447.0,31.71
5448.0,27.98
5449.0,25.89
5450.0,24.37
5451.0,23.76
5452.0,23.36
5453.0,24.77
5454.0,26.35
5455.0,26.26
5456.0,28.72
5457.0,30.79
5458.0,32.13
5459.0,36.6
5460.0,39.56
5461.0,47.93
5462.0,57.81
5463.0,58.38
5464.0,50.4
5465.0,43.77
5466.0,38.12
5467.0,41.09
5468.0,39.72
5469.0,33.47
5470.0,33.01
5471.0,28.84
5472.0,26.48
5473.0,23.7
5474.0,22.84
5475.0,22.5
5476.0,21.97
5477.0,22.85
5478.0,24.2
5479.0,25.34
5480.0,25.05
5481.0,24.25
5482.0,23.88
5483.0,26.1
5484.0,25.95
5485.0,32.85
5486.0,37.77
5487.0,40.33
5488.0,40.72
5489.0,35.52
5490.0,32.36
5491.0,31.48
5492.0,28.93
5493.0,26.35
5494.0,25.88
5495.0,24.9
5496.0,29.51
5497.0,25.55
5498.0,24.83
5499.0,23.58
5500.0,24.09
5501.0,26.07
5502.0,28.77
5503.0,26.07
5504.0,25.69
5505.0,19.13
5506.0,19.42
5507.0,24.66
5508.0,29.16
5509.0,38.02
5510.0,44.31
5511.0,48.96
5512.0,50.73
5513.0,36.7
5514.0,33.09
5515.0,35.81
5516.0,33.92
5517.0,30.06
5518.0,31.93
5519.0,27.97
5520.0,26.87
5521.0,23.7
5522.0,21.33
5523.0,19.92
5524.0,20.04
5525.0,21.41
5526.0,23.94
5527.0,24.29
5528.0,22.22
5529.0,14.71
5530.0,14.6
5531.0,24.06
5532.0,26.11
5533.0,33.62
5534.0,47.56
5535.0,56.04
5536.0,61.17
5537.0,40.77
5538.0,35.58
5539.0,37.74
5540.0,35.76
5541.0,30.2
5542.0,30.29
5543.0,26.33
5544.0,26.0
5545.0,24.05
5546.0,22.76
5547.0,21.19
5548.0,20.85
5549.0,22.82
5550.0,24.67
5551.0,25.92
5552.0,27.97
5553.0,27.82
5554.0,31.57
5555.0,31.29
5556.0,41.1
5557.0,41.35
5558.0,58.43
5559.0,74.0
5560.0,58.69
5561.0,40.02
5562.0,39.4
5563.0,48.56
5564.0,49.04
5565.0,36.24
5566.0,32.55
5567.0,28.84
5568.0,27.67
5569.0,27.25
5570.0,24.73
5571.0,22.98
5572.0,22.66
5573.0,23.18
5574.0,24.9
5575.0,25.96
5576.0,28.23
5577.0,26.18
5578.0,25.51
5579.0,27.04
5580.0,24.6
5581.0,30.37
5582.0,33.96
5583.0,34.88
5584.0,42.75
5585.0,32.75
5586.0,33.53
5587.0,51.25
5588.0,39.44
5589.0,32.55
5590.0,29.76
5591.0,26.89
5592.0,25.53
5593.0,22.45
5594.0,21.08
5595.0,20.52
5596.0,21.07
5597.0,23.45
5598.0,26.95
5599.0,27.6
5600.0,28.45
5601.0,27.27
5602.0,24.25
5603.0,27.93
5604.0,32.5
5605.0,36.81
5606.0,56.32
5607.0,71.19
5608.0,47.18
5609.0,34.23
5610.0,32.82
5611.0,41.8
5612.0,39.58
5613.0,34.42
5614.0,30.3
5615.0,27.41
5616.0,21.18
5617.0,18.89
5618.0,17.65
5619.0,18.61
5620.0,19.18
5621.0,20.73
5622.0,24.77
5623.0,26.58
5624.0,27.36
5625.0,23.04
5626.0,24.97
5627.0,28.66
5628.0,34.38
5629.0,34.76
5630.0,54.66
5631.0,84.06
5632.0,74.59
5633.0,37.78
5634.0,43.07
5635.0,47.31
5636.0,45.18
5637.0,37.07
5638.0,31.31
5639.0,26.77
5640.0,22.46
5641.0,20.06
5642.0,18.79
5643.0,19.25
5644.0,19.99
5645.0,22.39
5646.0,25.7
5647.0,26.46
5648.0,26.12
5649.0,26.51
5650.0,29.36
5651.0,31.51
5652.0,35.81
5653.0,52.45
5654.0,81.08
5655.0,111.45
5656.0,95.85
5657.0,52.77
5658.0,47.9
5659.0,53.7
5660.0,50.02
5661.0,38.21
5662.0,34.11
5663.0,29.1
5664.0,27.09
5665.0,25.33
5666.0,23.66
5667.0,23.96
5668.0,24.31
5669.0,26.39
5670.0,30.33
5671.0,30.82
5672.0,31.84
5673.0,34.82
5674.0,35.05
5675.0,36.83
5676.0,52.13
5677.0,75.58
5678.0,112.98
5679.0,127.1
5680.0,94.04
5681.0,54.19
5682.0,48.97
5683.0,51.09
5684.0,46.2
5685.0,38.56
5686.0,33.84
5687.0,28.12
5688.0,29.86
5689.0,25.79
5690.0,24.49
5691.0,23.76
5692.0,24.4
5693.0,26.33
5694.0,29.19
5695.0,29.07
5696.0,30.28
5697.0,33.42
5698.0,32.5
5699.0,37.05
5700.0,37.88
5701.0,38.29
5702.0,52.82
5703.0,62.35
5704.0,41.71
5705.0,42.9
5706.0,43.71
5707.0,44.99
5708.0,43.91
5709.0,34.64
5710.0,30.65
5711.0,27.75
5712.0,28.61
5713.0,25.36
5714.0,24.54
5715.0,24.46
5716.0,24.92
5717.0,26.47
5718.0,28.73
5719.0,27.0
5720.0,29.13
5721.0,30.98
5722.0,32.17
5723.0,32.51
5724.0,35.22
5725.0,34.99
5726.0,41.21
5727.0,42.59
5728.0,47.01
5729.0,42.95
5730.0,40.83
5731.0,41.95
5732.0,35.99
5733.0,33.05
5734.0,30.73
5735.0,30.47
5736.0,29.0
5737.0,27.12
5738.0,25.82
5739.0,25.73
5740.0,26.08
5741.0,27.29
5742.0,28.96
5743.0,30.0
5744.0,32.0
5745.0,33.77
5746.0,35.94
5747.0,39.23
5748.0,41.33
5749.0,45.35
5750.0,52.31
5751.0,57.26
5752.0,76.67
5753.0,62.73
5754.0,56.81
5755.0,56.08
5756.0,50.02
5757.0,43.8
5758.0,36.72
5759.0,33.03
5760.0,31.76
5761.0,29.24
5762.0,28.29
5763.0,28.01
5764.0,28.52
5765.0,30.03
5766.0,37.85
5767.0,37.05
5768.0,40.28
5769.0,43.64
5770.0,39.23
5771.0,37.49
5772.0,49.64
5773.0,92.57
5774.0,124.26
5775.0,184.77
5776.0,185.43
5777.0,97.33
5778.0,72.11
5779.0,72.23
5780.0,58.04
5781.0,50.24
5782.0,40.31
5783.0,33.46
5784.0,32.28
5785.0,28.63
5786.0,27.36
5787.0,26.31
5788.0,26.88
5789.0,28.64
5790.0,35.93
5791.0,35.94
5792.0,37.06
5793.0,39.62
5794.0,31.2
5795.0,34.88
5796.0,44.2
5797.0,97.7
5798.0,171.83
5799.0,264.97
5800.0,264.94
5801.0,131.57
5802.0,72.95
5803.0,72.72
5804.0,56.26
5805.0,45.33
5806.0,36.34
5807.0,30.9
5808.0,27.71
5809.0,25.3
5810.0,23.23
5811.0,22.25
5812.0,22.89
5813.0,24.0
5814.0,29.04
5815.0,28.46
5816.0,31.08
5817.0,31.54
5818.0,27.98
5819.0,35.03
5820.0,37.17
5821.0,47.94
5822.0,73.28
5823.0,86.07
5824.0,75.64
5825.0,52.74
5826.0,52.12
5827.0,55.8
5828.0,54.19
5829.0,42.33
5830.0,34.25
5831.0,28.9
5832.0,29.35
5833.0,26.54
5834.0,25.49
5835.0,24.15
5836.0,24.34
5837.0,26.15
5838.0,29.9
5839.0,30.1
5840.0,32.37
5841.0,31.27
5842.0,30.7
5843.0,33.54
5844.0,35.49
5845.0,40.06
5846.0,52.41
5847.0,58.22
5848.0,59.79
5849.0,43.89
5850.0,51.47
5851.0,55.73
5852.0,52.0
5853.0,41.79
5854.0,34.13
5855.0,30.88
5856.0,30.95
5857.0,26.9
5858.0,25.01
5859.0,22.55
5860.0,24.94
5861.0,28.0
5862.0,32.51
5863.0,33.53
5864.0,33.99
5865.0,35.08
5866.0,30.38
5867.0,32.44
5868.0,35.54
5869.0,44.82
5870.0,54.73
5871.0,54.02
5872.0,61.49
5873.0,44.25
5874.0,50.88
5875.0,57.0
5876.0,51.83
5877.0,40.24
5878.0,36.24
5879.0,31.57
5880.0,30.78
5881.0,26.69
5882.0,24.59
5883.0,21.56
5884.0,23.92
5885.0,25.3
5886.0,31.52
5887.0,32.21
5888.0,31.7
5889.0,34.23
5890.0,33.2
5891.0,32.5
5892.0,34.89
5893.0,34.56
5894.0,41.45
5895.0,61.42
5896.0,75.06
5897.0,66.09
5898.0,70.45
5899.0,73.98
5900.0,56.87
5901.0,49.56
5902.0,40.01
5903.0,35.73
5904.0,32.15
5905.0,31.09
5906.0,28.84
5907.0,28.05
5908.0,27.52
5909.0,27.96
5910.0,31.48
5911.0,31.31
5912.0,33.01
5913.0,32.56
5914.0,33.33
5915.0,35.91
5916.0,39.48
5917.0,40.55
5918.0,51.66
5919.0,63.61
5920.0,65.27
5921.0,57.94
5922.0,55.17
5923.0,61.95
5924.0,54.48
5925.0,45.45
5926.0,38.14
5927.0,33.67
5928.0,30.38
5929.0,29.66
5930.0,28.84
5931.0,27.66
5932.0,27.19
5933.0,27.78
5934.0,32.0
5935.0,31.0
5936.0,33.0
5937.0,34.01
5938.0,36.39
5939.0,41.81
5940.0,44.22
5941.0,45.11
5942.0,57.55
5943.0,76.69
5944.0,89.47
5945.0,76.32
5946.0,60.13
5947.0,59.56
5948.0,54.92
5949.0,44.0
5950.0,34.93
5951.0,31.57
5952.0,30.46
5953.0,26.47
5954.0,24.65
5955.0,20.2
5956.0,22.31
5957.0,25.96
5958.0,31.67
5959.0,32.0
5960.0,32.0
5961.0,32.97
5962.0,30.44
5963.0,32.23
5964.0,33.01
5965.0,38.43
5966.0,58.24
5967.0,86.19
5968.0,115.08
5969.0,73.68
5970.0,66.46
5971.0,64.61
5972.0,55.46
5973.0,45.5
5974.0,36.55
5975.0,31.49
5976.0,29.64
5977.0,26.69
5978.0,26.33
5979.0,25.28
5980.0,26.67
5981.0,29.96
5982.0,32.53
5983.0,33.06
5984.0,32.35
5985.0,32.83
5986.0,31.84
5987.0,31.54
5988.0,29.05
5989.0,33.21
5990.0,37.37
5991.0,50.16
5992.0,66.84
5993.0,59.22
5994.0,60.42
5995.0,65.04
5996.0,55.64
5997.0,45.19
5998.0,38.2
5999.0,33.21
6000.0,34.62
6001.0,30.97
6002.0,28.45
6003.0,27.87
6004.0,28.28
6005.0,29.33
6006.0,32.0
6007.0,30.82
6008.0,32.02
6009.0,32.47
6010.0,31.31
6011.0,29.63
6012.0,32.39
6013.0,34.63
6014.0,37.73
6015.0,52.02
6016.0,61.99
6017.0,51.2
6018.0,57.36
6019.0,61.16
6020.0,49.99
6021.0,40.4
6022.0,34.76
6023.0,32.06
6024.0,24.76
6025.0,21.28
6026.0,17.63
6027.0,15.26
6028.0,17.97
6029.0,23.09
6030.0,31.64
6031.0,31.56
6032.0,31.06
6033.0,31.6
6034.0,30.4
6035.0,29.4
6036.0,30.33
6037.0,29.28
6038.0,27.77
6039.0,47.33
6040.0,41.49
6041.0,27.49
6042.0,50.96
6043.0,53.59
6044.0,40.66
6045.0,37.11
6046.0,30.34
6047.0,25.61
6048.0,23.76
6049.0,18.83
6050.0,15.92
6051.0,13.28
6052.0,16.11
6053.0,18.03
6054.0,27.36
6055.0,29.77
6056.0,34.79
6057.0,32.62
6058.0,33.57
6059.0,34.74
6060.0,36.57
6061.0,36.26
6062.0,41.53
6063.0,52.74
6064.0,62.67
6065.0,57.35
6066.0,57.33
6067.0,52.74
6068.0,42.23
6069.0,36.52
6070.0,33.61
6071.0,27.93
6072.0,22.78
6073.0,18.48
6074.0,16.08
6075.0,16.15
6076.0,17.7
6077.0,19.83
6078.0,29.15
6079.0,29.75
6080.0,33.44
6081.0,32.94
6082.0,39.47
6083.0,38.25
6084.0,41.62
6085.0,40.19
6086.0,49.8
6087.0,57.27
6088.0,59.18
6089.0,59.32
6090.0,59.84
6091.0,61.22
6092.0,47.61
6093.0,39.65
6094.0,34.98
6095.0,31.57
6096.0,32.87
6097.0,29.89
6098.0,27.77
6099.0,28.79
6100.0,30.89
6101.0,35.0
6102.0,35.0
6103.0,38.16
6104.0,38.49
6105.0,36.17
6106.0,39.79
6107.0,36.4
6108.0,43.21
6109.0,38.16
6110.0,34.67
6111.0,38.93
6112.0,40.16
6113.0,31.27
6114.0,49.7
6115.0,55.2
6116.0,40.46
6117.0,35.94
6118.0,34.61
6119.0,30.36
6120.0,33.54
6121.0,31.51
6122.0,31.33
6123.0,31.33
6124.0,32.81
6125.0,35.93
6126.0,38.5
6127.0,40.23
6128.0,41.7
6129.0,39.75
6130.0,39.95
6131.0,38.46
6132.0,36.7
6133.0,35.6
6134.0,47.5
6135.0,63.05
6136.0,58.63
6137.0,46.24
6138.0,68.39
6139.0,67.24
6140.0,51.27
6141.0,42.7
6142.0,40.45
6143.0,37.47
6144.0,31.82
6145.0,29.6
6146.0,29.85
6147.0,30.0
6148.0,32.48
6149.0,38.85
6150.0,41.87
6151.0,43.87
6152.0,44.52
6153.0,38.87
6154.0,40.05
6155.0,35.95
6156.0,35.5
6157.0,31.02
6158.0,42.43
6159.0,49.08
6160.0,51.57
6161.0,58.58
6162.0,74.84
6163.0,78.78
6164.0,59.01
6165.0,47.87
6166.0,41.01
6167.0,38.23
6168.0,36.01
6169.0,34.32
6170.0,31.48
6171.0,30.94
6172.0,31.59
6173.0,35.05
6174.0,36.9
6175.0,37.59
6176.0,36.79
6177.0,36.45
6178.0,35.88
6179.0,33.76
6180.0,33.6
6181.0,35.3
6182.0,37.15
6183.0,47.01
6184.0,51.16
6185.0,49.53
6186.0,64.07
6187.0,72.22
6188.0,55.05
6189.0,43.01
6190.0,39.35
6191.0,35.36
6192.0,35.89
6193.0,30.38
6194.0,28.83
6195.0,26.73
6196.0,29.08
6197.0,31.83
6198.0,38.66
6199.0,38.66
6200.0,39.35
6201.0,39.77
6202.0,35.11
6203.0,32.72
6204.0,38.43
6205.0,44.32
6206.0,49.61
6207.0,73.42
6208.0,79.4
6209.0,67.74
6210.0,74.95
6211.0,76.54
6212.0,61.44
6213.0,47.57
6214.0,41.77
6215.0,40.18
6216.0,40.74
6217.0,36.25
6218.0,36.11
6219.0,35.24
6220.0,35.43
6221.0,35.18
6222.0,38.13
6223.0,39.07
6224.0,42.78
6225.0,43.7
6226.0,42.19
6227.0,39.78
6228.0,36.25
6229.0,43.19
6230.0,43.66
6231.0,55.0
6232.0,73.16
6233.0,69.85
6234.0,77.67
6235.0,75.17
6236.0,65.18
6237.0,51.7
6238.0,46.36
6239.0,42.86
6240.0,37.83
6241.0,35.51
6242.0,33.95
6243.0,33.16
6244.0,32.56
6245.0,32.94
6246.0,35.49
6247.0,35.28
6248.0,34.94
6249.0,36.69
6250.0,37.32
6251.0,37.59
6252.0,36.34
6253.0,36.98
6254.0,45.25
6255.0,49.37
6256.0,55.85
6257.0,49.91
6258.0,65.63
6259.0,70.55
6260.0,55.12
6261.0,42.15
6262.0,38.66
6263.0,34.2
6264.0,21.35
6265.0,13.9
6266.0,11.51
6267.0,13.58
6268.0,14.86
6269.0,18.82
6270.0,24.6
6271.0,29.69
6272.0,26.45
6273.0,19.37
6274.0,22.26
6275.0,33.36
6276.0,37.18
6277.0,31.95
6278.0,36.0
6279.0,63.98
6280.0,79.24
6281.0,70.63
6282.0,76.51
6283.0,65.73
6284.0,46.89
6285.0,40.33
6286.0,39.32
6287.0,32.99
6288.0,27.93
6289.0,21.85
6290.0,20.42
6291.0,16.61
6292.0,14.96
6293.0,13.04
6294.0,19.15
6295.0,13.78
6296.0,6.71
6297.0,0.7
6298.0,-0.11
6299.0,0.36
6300.0,0.9
6301.0,6.6
6302.0,16.07
6303.0,32.27
6304.0,33.07
6305.0,22.15
6306.0,41.34
6307.0,61.43
6308.0,52.51
6309.0,45.28
6310.0,37.47
6311.0,35.32
6312.0,36.01
6313.0,33.51
6314.0,31.86
6315.0,30.7
6316.0,31.32
6317.0,33.69
6318.0,35.89
6319.0,35.8
6320.0,31.79
6321.0,29.73
6322.0,28.95
6323.0,30.78
6324.0,30.19
6325.0,27.63
6326.0,28.92
6327.0,28.45
6328.0,27.66
6329.0,28.37
6330.0,63.78
6331.0,73.71
6332.0,48.26
6333.0,39.17
6334.0,33.88
6335.0,34.12
6336.0,33.31
6337.0,27.92
6338.0,26.14
6339.0,25.51
6340.0,25.66
6341.0,26.94
6342.0,33.29
6343.0,33.36
6344.0,29.73
6345.0,28.55
6346.0,26.44
6347.0,25.78
6348.0,29.03
6349.0,30.78
6350.0,29.73
6351.0,29.53
6352.0,36.03
6353.0,34.96
6354.0,51.63
6355.0,48.68
6356.0,33.34
6357.0,32.17
6358.0,24.56
6359.0,21.57
6360.0,10.44
6361.0,4.42
6362.0,4.72
6363.0,5.24
6364.0,10.85
6365.0,18.44
6366.0,29.66
6367.0,28.05
6368.0,26.87
6369.0,29.3
6370.0,27.55
6371.0,29.27
6372.0,28.58
6373.0,30.43
6374.0,28.69
6375.0,34.43
6376.0,45.49
6377.0,48.82
6378.0,53.53
6379.0,47.87
6380.0,38.4
6381.0,35.0
6382.0,34.37
6383.0,29.9
6384.0,28.22
6385.0,24.83
6386.0,18.68
6387.0,20.12
6388.0,25.44
6389.0,28.0
6390.0,33.18
6391.0,35.38
6392.0,34.29
6393.0,36.71
6394.0,36.24
6395.0,34.86
6396.0,34.97
6397.0,30.93
6398.0,31.1
6399.0,38.26
6400.0,49.0
6401.0,51.91
6402.0,54.39
6403.0,50.98
6404.0,40.32
6405.0,38.54
6406.0,36.0
6407.0,32.59
6408.0,28.57
6409.0,22.03
6410.0,17.78
6411.0,16.3
6412.0,17.32
6413.0,16.63
6414.0,26.14
6415.0,27.81
6416.0,32.04
6417.0,33.42
6418.0,25.87
6419.0,29.33
6420.0,31.72
6421.0,29.75
6422.0,33.94
6423.0,41.64
6424.0,52.66
6425.0,50.86
6426.0,57.03
6427.0,51.59
6428.0,38.87
6429.0,34.1
6430.0,28.69
6431.0,22.47
6432.0,15.3
6433.0,12.18
6434.0,11.34
6435.0,13.85
6436.0,19.15
6437.0,25.9
6438.0,31.97
6439.0,33.47
6440.0,31.47
6441.0,34.83
6442.0,34.93
6443.0,34.08
6444.0,34.8
6445.0,44.82
6446.0,47.58
6447.0,61.45
6448.0,86.66
6449.0,71.86
6450.0,57.72
6451.0,58.31
6452.0,48.53
6453.0,39.72
6454.0,36.94
6455.0,33.83
6456.0,35.32
6457.0,31.5
6458.0,29.16
6459.0,27.12
6460.0,27.32
6461.0,34.78
6462.0,36.09
6463.0,38.79
6464.0,37.36
6465.0,37.27
6466.0,39.3
6467.0,36.71
6468.0,38.99
6469.0,46.93
6470.0,49.58
6471.0,52.89
6472.0,53.41
6473.0,47.16
6474.0,46.96
6475.0,50.58
6476.0,42.95
6477.0,39.34
6478.0,37.13
6479.0,35.14
6480.0,35.65
6481.0,32.56
6482.0,31.16
6483.0,31.98
6484.0,33.12
6485.0,37.95
6486.0,55.23
6487.0,47.93
6488.0,41.16
6489.0,37.08
6490.0,33.92
6491.0,34.78
6492.0,39.29
6493.0,41.26
6494.0,39.02
6495.0,41.4
6496.0,48.62
6497.0,57.51
6498.0,67.37
6499.0,59.86
6500.0,48.45
6501.0,42.21
6502.0,38.96
6503.0,34.81
6504.0,36.5
6505.0,31.16
6506.0,29.78
6507.0,32.87
6508.0,36.83
6509.0,43.96
6510.0,52.14
6511.0,47.58
6512.0,41.54
6513.0,38.26
6514.0,38.5
6515.0,40.9
6516.0,46.31
6517.0,61.91
6518.0,67.05
6519.0,67.44
6520.0,63.3
6521.0,57.59
6522.0,52.65
6523.0,55.78
6524.0,53.12
6525.0,43.83
6526.0,43.42
6527.0,42.11
6528.0,41.32
6529.0,36.91
6530.0,36.17
6531.0,36.2
6532.0,37.82
6533.0,43.09
6534.0,49.7
6535.0,49.43
6536.0,46.98
6537.0,47.2
6538.0,46.08
6539.0,44.94
6540.0,53.22
6541.0,55.64
6542.0,60.38
6543.0,63.36
6544.0,65.38
6545.0,62.4
6546.0,69.16
6547.0,67.21
6548.0,60.61
6549.0,50.09
6550.0,49.81
6551.0,43.97
6552.0,51.78
6553.0,43.44
6554.0,38.7
6555.0,37.52
6556.0,37.38
6557.0,38.3
6558.0,42.61
6559.0,42.84
6560.0,45.06
6561.0,44.62
6562.0,43.73
6563.0,41.77
6564.0,43.11
6565.0,43.18
6566.0,40.9
6567.0,50.7
6568.0,50.21
6569.0,53.61
6570.0,73.1
6571.0,75.95
6572.0,62.27
6573.0,54.36
6574.0,51.47
6575.0,47.94
6576.0,45.54
6577.0,40.33
6578.0,37.83
6579.0,36.48
6580.0,36.11
6581.0,36.53
6582.0,36.5
6583.0,35.86
6584.0,38.01
6585.0,38.76
6586.0,37.41
6587.0,38.82
6588.0,42.23
6589.0,44.13
6590.0,47.97
6591.0,56.48
6592.0,67.07
6593.0,68.92
6594.0,96.96
6595.0,92.22
6596.0,65.85
6597.0,56.27
6598.0,50.3
6599.0,46.65
6600.0,46.83
6601.0,39.35
6602.0,36.97
6603.0,36.61
6604.0,37.21
6605.0,40.73
6606.0,49.78
6607.0,48.86
6608.0,50.18
6609.0,44.22
6610.0,42.48
6611.0,42.62
6612.0,57.53
6613.0,50.65
6614.0,57.88
6615.0,68.49
6616.0,84.94
6617.0,82.34
6618.0,139.12
6619.0,112.18
6620.0,77.1
6621.0,57.78
6622.0,47.77
6623.0,43.36
6624.0,36.85
6625.0,34.77
6626.0,33.71
6627.0,33.92
6628.0,34.84
6629.0,38.12
6630.0,44.58
6631.0,43.96
6632.0,44.19
6633.0,40.03
6634.0,38.54
6635.0,35.38
6636.0,36.23
6637.0,38.25
6638.0,41.96
6639.0,57.91
6640.0,77.4
6641.0,69.83
6642.0,97.42
6643.0,81.55
6644.0,57.78
6645.0,48.35
6646.0,45.44
6647.0,40.61
6648.0,37.89
6649.0,34.7
6650.0,34.35
6651.0,34.39
6652.0,34.77
6653.0,37.62
6654.0,39.8
6655.0,41.34
6656.0,41.78
6657.0,38.5
6658.0,37.1
6659.0,35.84
6660.0,36.74
6661.0,41.26
6662.0,38.77
6663.0,49.73
6664.0,62.28
6665.0,49.4
6666.0,96.6
6667.0,70.29
6668.0,52.44
6669.0,46.17
6670.0,39.39
6671.0,34.47
6672.0,39.44
6673.0,32.9
6674.0,28.78
6675.0,28.36
6676.0,30.75
6677.0,35.13
6678.0,42.57
6679.0,40.07
6680.0,39.14
6681.0,31.92
6682.0,32.04
6683.0,26.25
6684.0,26.1
6685.0,31.01
6686.0,37.51
6687.0,44.27
6688.0,60.94
6689.0,42.52
6690.0,76.68
6691.0,57.08
6692.0,40.63
6693.0,28.07
6694.0,25.38
6695.0,21.21
6696.0,13.4
6697.0,7.06
6698.0,3.38
6699.0,2.92
6700.0,4.03
6701.0,9.52
6702.0,29.21
6703.0,24.58
6704.0,23.81
6705.0,14.06
6706.0,7.71
6707.0,14.33
6708.0,16.07
6709.0,31.09
6710.0,29.78
6711.0,35.11
6712.0,43.41
6713.0,32.48
6714.0,117.34
6715.0,62.3
6716.0,37.7
6717.0,27.13
6718.0,19.16
6719.0,11.59
6720.0,0.16
6721.0,-1.53
6722.0,-3.55
6723.0,-2.6
6724.0,-2.94
6725.0,-2.16
6726.0,-0.94
6727.0,-0.97
6728.0,3.72
6729.0,-0.96
6730.0,-1.06
6731.0,0.73
6732.0,-1.23
6733.0,2.83
6734.0,-0.44
6735.0,6.82
6736.0,13.66
6737.0,18.31
6738.0,38.02
6739.0,31.66
6740.0,5.34
6741.0,0.68
6742.0,0.57
6743.0,-0.51
6744.0,0.41
6745.0,-1.13
6746.0,-1.13
6747.0,-0.93
6748.0,-0.44
6749.0,0.17
6750.0,3.74
6751.0,7.92
6752.0,15.19
6753.0,8.69
6754.0,5.01
6755.0,3.98
6756.0,1.54
6757.0,16.38
6758.0,15.0
6759.0,13.46
6760.0,17.61
6761.0,0.01
6762.0,13.0
6763.0,21.05
6764.0,15.51
6765.0,8.96
6766.0,17.75
6767.0,20.4
6768.0,39.22
6769.0,38.5
6770.0,36.86
6771.0,41.75
6772.0,44.53
6773.0,42.59
6774.0,50.04
6775.0,51.2
6776.0,52.84
6777.0,50.49
6778.0,45.02
6779.0,39.8
6780.0,28.51
6781.0,32.76
6782.0,40.9
6783.0,50.44
6784.0,44.01
6785.0,38.04
6786.0,67.17
6787.0,62.13
6788.0,39.45
6789.0,19.99
6790.0,6.08
6791.0,2.12
6792.0,0.36
6793.0,-0.14
6794.0,-0.6
6795.0,-0.55
6796.0,-0.42
6797.0,1.4
6798.0,10.78
6799.0,15.4
6800.0,16.4
6801.0,3.68
6802.0,-0.06
6803.0,-1.81
6804.0,-3.73
6805.0,0.88
6806.0,-7.5
6807.0,-6.85
6808.0,2.0
6809.0,0.27
6810.0,4.88
6811.0,5.72
6812.0,1.7
6813.0,0.26
6814.0,0.23
6815.0,0.08
6816.0,-1.78
6817.0,-1.29
6818.0,-0.15
6819.0,5.95
6820.0,23.32
6821.0,32.77
6822.0,40.58
6823.0,53.18
6824.0,53.33
6825.0,53.05
6826.0,51.89
6827.0,49.84
6828.0,49.56
6829.0,60.19
6830.0,70.08
6831.0,82.79
6832.0,86.98
6833.0,87.8
6834.0,82.37
6835.0,73.89
6836.0,60.4
6837.0,53.87
6838.0,45.29
6839.0,40.64
6840.0,46.52
6841.0,38.35
6842.0,36.31
6843.0,35.68
6844.0,38.96
6845.0,46.15
6846.0,65.73
6847.0,72.59
6848.0,64.69
6849.0,59.08
6850.0,47.88
6851.0,43.66
6852.0,34.14
6853.0,35.98
6854.0,39.54
6855.0,41.46
6856.0,43.31
6857.0,49.57
6858.0,119.99
6859.0,109.29
6860.0,70.35
6861.0,59.78
6862.0,46.17
6863.0,44.12
6864.0,48.56
6865.0,42.34
6866.0,44.02
6867.0,40.68
6868.0,39.47
6869.0,35.28
6870.0,24.76
6871.0,12.47
6872.0,2.2
6873.0,-3.43
6874.0,-6.95
6875.0,-6.77
6876.0,-7.66
6877.0,-4.26
6878.0,-4.11
6879.0,-2.21
6880.0,-1.15
6881.0,5.19
6882.0,74.6
6883.0,115.86
6884.0,90.53
6885.0,67.89
6886.0,56.48
6887.0,54.81
6888.0,59.86
6889.0,51.32
6890.0,43.11
6891.0,40.36
6892.0,43.04
6893.0,43.51
6894.0,49.2
6895.0,58.28
6896.0,52.6
6897.0,46.29
6898.0,43.84
6899.0,39.34
6900.0,38.85
6901.0,39.46
6902.0,39.0
6903.0,37.28
6904.0,40.14
6905.0,53.4
6906.0,92.25
6907.0,118.99
6908.0,82.21
6909.0,70.55
6910.0,65.73
6911.0,61.12
6912.0,54.54
6913.0,39.81
6914.0,36.98
6915.0,35.47
6916.0,35.59
6917.0,35.97
6918.0,41.04
6919.0,44.36
6920.0,42.97
6921.0,43.42
6922.0,39.06
6923.0,39.28
6924.0,36.42
6925.0,37.44
6926.0,35.32
6927.0,33.91
6928.0,40.69
6929.0,49.99
6930.0,88.25
6931.0,69.18
6932.0,44.47
6933.0,42.1
6934.0,34.56
6935.0,29.65
6936.0,28.84
6937.0,23.07
6938.0,22.7
6939.0,28.95
6940.0,35.32
6941.0,43.99
6942.0,52.81
6943.0,45.17
6944.0,40.79
6945.0,39.5
6946.0,32.26
6947.0,25.41
6948.0,23.39
6949.0,17.77
6950.0,8.23
6951.0,4.14
6952.0,-2.36
6953.0,-5.33
6954.0,20.81
6955.0,29.94
6956.0,5.84
6957.0,4.08
6958.0,1.21
6959.0,0.74
6960.0,0.01
6961.0,-0.32
6962.0,-0.4
6963.0,-0.41
6964.0,-0.2
6965.0,1.09
6966.0,4.82
6967.0,7.18
6968.0,13.18
6969.0,9.41
6970.0,2.77
6971.0,4.03
6972.0,5.11
6973.0,21.87
6974.0,16.76
6975.0,17.77
6976.0,18.43
6977.0,24.28
6978.0,60.65
6979.0,51.24
6980.0,24.32
6981.0,11.99
6982.0,8.6
6983.0,5.05
6984.0,1.15
6985.0,1.35
6986.0,2.91
6987.0,13.85
6988.0,25.55
6989.0,32.65
6990.0,35.6
6991.0,40.62
6992.0,42.18
6993.0,42.85
6994.0,46.61
6995.0,52.64
6996.0,59.7
6997.0,74.88
6998.0,146.91
6999.0,203.61
7000.0,247.06
7001.0,272.97
7002.0,418.6
7003.0,302.11
7004.0,110.01
7005.0,68.72
7006.0,52.65
7007.0,43.04
7008.0,34.29
7009.0,32.24
7010.0,31.48
7011.0,31.53
7012.0,33.16
7013.0,38.37
7014.0,56.01
7015.0,59.31
7016.0,59.08
7017.0,59.16
7018.0,58.28
7019.0,67.4
7020.0,86.68
7021.0,110.88
7022.0,198.96
7023.0,327.18
7024.0,478.76
7025.0,495.87
7026.0,498.87
7027.0,291.43
7028.0,95.42
7029.0,64.17
7030.0,46.41
7031.0,41.16
7032.0,35.12
7033.0,32.11
7034.0,31.0
7035.0,31.15
7036.0,32.65
7037.0,36.62
7038.0,50.28
7039.0,52.37
7040.0,51.18
7041.0,44.59
7042.0,46.6
7043.0,50.07
7044.0,50.03
7045.0,52.6
7046.0,62.84
7047.0,69.47
7048.0,67.74
7049.0,70.07
7050.0,88.91
7051.0,70.15
7052.0,46.81
7053.0,38.13
7054.0,30.38
7055.0,18.57
7056.0,0.34
7057.0,-1.25
7058.0,-1.02
7059.0,-1.07
7060.0,-0.65
7061.0,-0.62
7062.0,0.07
7063.0,4.26
7064.0,8.77
7065.0,1.8
7066.0,0.45
7067.0,0.86
7068.0,1.3
7069.0,6.34
7070.0,4.72
7071.0,8.13
7072.0,8.56
7073.0,13.46
7074.0,33.77
7075.0,23.0
7076.0,2.33
7077.0,0.11
7078.0,-0.59
7079.0,-2.14
7080.0,-2.29
7081.0,-3.65
7082.0,-3.47
7083.0,-3.37
7084.0,-3.0
7085.0,-1.72
7086.0,-1.24
7087.0,-0.17
7088.0,2.28
7089.0,0.75
7090.0,0.24
7091.0,5.96
7092.0,21.49
7093.0,36.61
7094.0,46.94
7095.0,53.51
7096.0,68.71
7097.0,91.06
7098.0,140.58
7099.0,124.55
7100.0,85.22
7101.0,68.68
7102.0,51.67
7103.0,43.84
7104.0,38.2
7105.0,33.38
7106.0,30.43
7107.0,30.11
7108.0,31.01
7109.0,35.07
7110.0,48.42
7111.0,52.32
7112.0,55.25
7113.0,56.12
7114.0,57.1
7115.0,60.61
7116.0,70.58
7117.0,77.21
7118.0,107.84
7119.0,141.6
7120.0,130.53
7121.0,103.06
7122.0,131.47
7123.0,85.12
7124.0,53.54
7125.0,40.21
7126.0,31.27
7127.0,13.29
7128.0,-0.88
7129.0,-1.66
7130.0,-2.54
7131.0,-2.59
7132.0,-2.44
7133.0,-1.33
7134.0,3.34
7135.0,6.53
7136.0,1.48
7137.0,-2.2
7138.0,-4.56
7139.0,-4.12
7140.0,-3.31
7141.0,-0.33
7142.0,0.34
7143.0,1.7
7144.0,-0.06
7145.0,0.93
7146.0,21.48
7147.0,29.08
7148.0,20.37
7149.0,18.23
7150.0,16.62
7151.0,19.74
7152.0,5.43
7153.0,0.34
7154.0,0.12
7155.0,-0.96
7156.0,-1.81
7157.0,-2.51
7158.0,-4.63
7159.0,-3.59
7160.0,-4.87
7161.0,-6.9
7162.0,-10.3
7163.0,-12.52
7164.0,-12.73
7165.0,-5.22
7166.0,-5.47
7167.0,-2.97
7168.0,-2.5
7169.0,0.11
7170.0,16.82
7171.0,50.46
7172.0,48.39
7173.0,42.85
7174.0,31.59
7175.0,27.04
7176.0,32.58
7177.0,24.68
7178.0,16.59
7179.0,12.88
7180.0,11.87
7181.0,13.31
7182.0,20.01
7183.0,20.2
7184.0,11.55
7185.0,0.07
7186.0,-1.98
7187.0,-3.73
7188.0,-5.88
7189.0,-2.08
7190.0,-2.4
7191.0,-1.43
7192.0,-1.9
7193.0,0.85
7194.0,37.37
7195.0,70.96
7196.0,53.94
7197.0,48.43
7198.0,41.88
7199.0,39.83
7200.0,44.81
7201.0,30.5
7202.0,28.97
7203.0,26.94
7204.0,26.5
7205.0,30.96
7206.0,47.88
7207.0,49.81
7208.0,41.65
7209.0,36.84
7210.0,15.5
7211.0,13.41
7212.0,17.11
7213.0,30.31
7214.0,38.48
7215.0,41.34
7216.0,36.65
7217.0,53.12
7218.0,125.65
7219.0,150.16
7220.0,105.67
7221.0,79.22
7222.0,63.27
7223.0,58.85
7224.0,61.03
7225.0,55.25
7226.0,49.87
7227.0,50.17
7228.0,51.01
7229.0,52.55
7230.0,71.64
7231.0,66.99
7232.0,52.31
7233.0,38.23
7234.0,35.02
7235.0,36.09
7236.0,38.38
7237.0,38.59
7238.0,38.31
7239.0,39.66
7240.0,44.12
7241.0,67.0
7242.0,124.08
7243.0,72.27
7244.0,54.32
7245.0,44.83
7246.0,41.64
7247.0,39.35
7248.0,37.68
7249.0,35.02
7250.0,35.58
7251.0,37.97
7252.0,40.16
7253.0,44.09
7254.0,46.62
7255.0,46.24
7256.0,46.16
7257.0,35.62
7258.0,30.92
7259.0,32.97
7260.0,37.85
7261.0,41.06
7262.0,41.74
7263.0,45.89
7264.0,46.54
7265.0,61.19
7266.0,102.26
7267.0,73.79
7268.0,55.49
7269.0,49.64
7270.0,46.89
7271.0,42.99
7272.0,40.59
7273.0,36.08
7274.0,35.57
7275.0,36.64
7276.0,44.29
7277.0,46.57
7278.0,58.28
7279.0,66.88
7280.0,61.24
7281.0,59.9
7282.0,49.04
7283.0,47.38
7284.0,52.25
7285.0,54.52
7286.0,56.77
7287.0,61.08
7288.0,64.41
7289.0,94.33
7290.0,116.71
7291.0,89.19
7292.0,61.52
7293.0,48.28
7294.0,45.06
7295.0,40.88
7296.0,48.36
7297.0,39.32
7298.0,37.38
7299.0,36.87
7300.0,39.63
7301.0,42.08
7302.0,52.39
7303.0,58.48
7304.0,51.88
7305.0,46.17
7306.0,45.94
7307.0,48.59
7308.0,51.57
7309.0,55.47
7310.0,59.34
7311.0,63.98
7312.0,69.02
7313.0,81.27
7314.0,89.08
7315.0,76.63
7316.0,73.18
7317.0,60.21
7318.0,51.72
7319.0,47.84
7320.0,67.49
7321.0,58.06
7322.0,54.06
7323.0,52.23
7324.0,52.69
7325.0,60.63
7326.0,68.15
7327.0,65.36
7328.0,64.35
7329.0,74.08
7330.0,66.94
7331.0,71.5
7332.0,78.42
7333.0,68.47
7334.0,66.03
7335.0,73.43
7336.0,78.02
7337.0,107.91
7338.0,128.22
7339.0,114.6
7340.0,91.95
7341.0,83.06
7342.0,82.67
7343.0,75.94
7344.0,80.76
7345.0,75.96
7346.0,73.92
7347.0,74.36
7348.0,74.8
7349.0,90.85
7350.0,142.25
7351.0,145.94
7352.0,132.79
7353.0,112.99
7354.0,86.35
7355.0,74.74
7356.0,70.57
7357.0,64.28
7358.0,63.22
7359.0,61.11
7360.0,63.21
7361.0,82.66
7362.0,148.9
7363.0,121.25
7364.0,92.02
7365.0,74.23
7366.0,68.24
7367.0,59.92
7368.0,67.08
7369.0,61.59
7370.0,60.98
7371.0,61.19
7372.0,73.44
7373.0,93.64
7374.0,126.86
7375.0,141.53
7376.0,107.3
7377.0,59.54
7378.0,52.1
7379.0,43.78
7380.0,42.85
7381.0,41.87
7382.0,39.11
7383.0,40.36
7384.0,46.39
7385.0,61.88
7386.0,91.74
7387.0,70.87
7388.0,61.28
7389.0,49.17
7390.0,44.16
7391.0,38.94
7392.0,42.59
7393.0,38.03
7394.0,38.52
7395.0,39.99
7396.0,44.45
7397.0,48.02
7398.0,62.8
7399.0,75.89
7400.0,81.89
7401.0,67.13
7402.0,54.17
7403.0,49.28
7404.0,47.66
7405.0,40.83
7406.0,38.03
7407.0,36.07
7408.0,37.61
7409.0,54.71
7410.0,68.4
7411.0,54.07
7412.0,47.49
7413.0,42.0
7414.0,32.3
7415.0,26.1
7416.0,15.37
7417.0,11.29
7418.0,25.13
7419.0,19.47
7420.0,25.69
7421.0,31.15
7422.0,37.71
7423.0,51.25
7424.0,51.3
7425.0,44.35
7426.0,20.62
7427.0,11.97
7428.0,12.33
7429.0,12.33
7430.0,12.58
7431.0,2.96
7432.0,0.64
7433.0,17.62
7434.0,84.17
7435.0,58.72
7436.0,24.03
7437.0,8.64
7438.0,4.61
7439.0,3.88
7440.0,12.38
7441.0,1.05
7442.0,0.92
7443.0,2.59
7444.0,2.07
7445.0,8.27
7446.0,20.47
7447.0,44.03
7448.0,43.61
7449.0,15.86
7450.0,0.92
7451.0,6.82
7452.0,10.57
7453.0,16.22
7454.0,27.16
7455.0,21.08
7456.0,28.76
7457.0,46.78
7458.0,69.08
7459.0,51.7
7460.0,34.06
7461.0,23.72
7462.0,18.0
7463.0,15.17
7464.0,8.9
7465.0,3.19
7466.0,5.46
7467.0,7.15
7468.0,19.29
7469.0,30.58
7470.0,43.63
7471.0,37.48
7472.0,46.95
7473.0,47.78
7474.0,46.61
7475.0,45.82
7476.0,46.24
7477.0,52.14
7478.0,54.64
7479.0,53.34
7480.0,52.64
7481.0,61.78
7482.0,112.06
7483.0,66.3
7484.0,49.73
7485.0,38.37
7486.0,38.98
7487.0,35.11
7488.0,23.72
7489.0,15.36
7490.0,7.38
7491.0,4.79
7492.0,6.6
7493.0,9.95
7494.0,12.27
7495.0,19.07
7496.0,15.68
7497.0,1.65
7498.0,-0.18
7499.0,-0.03
7500.0,-0.37
7501.0,0.52
7502.0,1.89
7503.0,2.75
7504.0,7.26
7505.0,32.57
7506.0,71.72
7507.0,71.85
7508.0,68.17
7509.0,61.68
7510.0,59.53
7511.0,48.35
7512.0,40.04
7513.0,38.41
7514.0,33.68
7515.0,35.65
7516.0,39.57
7517.0,42.5
7518.0,47.6
7519.0,58.06
7520.0,57.59
7521.0,48.17
7522.0,44.67
7523.0,46.8
7524.0,52.38
7525.0,54.33
7526.0,50.3
7527.0,48.66
7528.0,49.12
7529.0,77.76
7530.0,142.64
7531.0,80.42
7532.0,76.99
7533.0,56.78
7534.0,46.06
7535.0,31.46
7536.0,24.38
7537.0,16.35
7538.0,5.33
7539.0,6.19
7540.0,6.93
7541.0,14.23
7542.0,31.04
7543.0,47.75
7544.0,51.97
7545.0,34.77
7546.0,18.62
7547.0,8.69
7548.0,1.82
7549.0,0.54
7550.0,5.0
7551.0,11.72
7552.0,25.9
7553.0,46.58
7554.0,130.02
7555.0,98.52
7556.0,89.64
7557.0,74.0
7558.0,65.55
7559.0,55.38
7560.0,51.46
7561.0,49.11
7562.0,39.7
7563.0,38.5
7564.0,39.18
7565.0,39.79
7566.0,45.94
7567.0,62.1
7568.0,56.01
7569.0,40.88
7570.0,32.21
7571.0,30.96
7572.0,14.1
7573.0,2.59
7574.0,-0.02
7575.0,-0.54
7576.0,-1.33
7577.0,12.9
7578.0,60.61
7579.0,42.85
7580.0,25.04
7581.0,8.4
7582.0,4.49
7583.0,5.34
7584.0,3.12
7585.0,34.2
7586.0,34.14
7587.0,32.79
7588.0,35.95
7589.0,37.23
7590.0,33.86
7591.0,38.36
7592.0,37.29
7593.0,35.9
7594.0,30.72
7595.0,27.69
7596.0,27.63
7597.0,32.09
7598.0,32.47
7599.0,35.26
7600.0,37.57
7601.0,56.54
7602.0,122.2
7603.0,69.3
7604.0,57.64
7605.0,49.67
7606.0,44.62
7607.0,42.56
7608.0,39.64
7609.0,35.46
7610.0,32.98
7611.0,32.84
7612.0,31.49
7613.0,32.07
7614.0,38.4
7615.0,51.86
7616.0,47.42
7617.0,33.96
7618.0,31.48
7619.0,33.9
7620.0,37.35
7621.0,38.96
7622.0,39.83
7623.0,37.33
7624.0,39.16
7625.0,55.76
7626.0,103.85
7627.0,54.76
7628.0,46.14
7629.0,35.57
7630.0,30.88
7631.0,23.39
7632.0,12.67
7633.0,-0.25
7634.0,-0.1
7635.0,0.0
7636.0,0.8
7637.0,2.29
7638.0,8.37
7639.0,14.86
7640.0,16.99
7641.0,4.76
7642.0,1.92
7643.0,2.19
7644.0,2.68
7645.0,1.37
7646.0,4.01
7647.0,3.12
7648.0,3.78
7649.0,20.58
7650.0,104.6
7651.0,43.29
7652.0,13.92
7653.0,0.38
7654.0,-0.02
7655.0,0.14
7656.0,-0.51
7657.0,0.18
7658.0,0.17
7659.0,0.17
7660.0,0.5
7661.0,6.04
7662.0,17.93
7663.0,32.53
7664.0,35.42
7665.0,35.69
7666.0,26.92
7667.0,24.37
7668.0,33.09
7669.0,33.97
7670.0,38.27
7671.0,25.65
7672.0,15.32
7673.0,31.42
7674.0,63.31
7675.0,24.0
7676.0,19.88
7677.0,17.97
7678.0,8.97
7679.0,13.64
7680.0,9.3
7681.0,0.21
7682.0,1.35
7683.0,3.73
7684.0,12.39
7685.0,24.06
7686.0,34.85
7687.0,47.37
7688.0,50.61
7689.0,42.3
7690.0,29.96
7691.0,30.13
7692.0,31.72
7693.0,36.09
7694.0,36.8
7695.0,35.29
7696.0,35.58
7697.0,48.19
7698.0,124.54
7699.0,110.32
7700.0,79.88
7701.0,67.29
7702.0,60.07
7703.0,50.19
7704.0,43.93
7705.0,36.71
7706.0,35.72
7707.0,35.59
7708.0,33.76
7709.0,35.9
7710.0,51.58
7711.0,94.09
7712.0,83.88
7713.0,43.42
7714.0,34.82
7715.0,30.57
7716.0,27.93
7717.0,28.41
7718.0,27.44
7719.0,27.11
7720.0,26.76
7721.0,30.68
7722.0,55.34
7723.0,34.32
7724.0,22.89
7725.0,12.39
7726.0,1.8
7727.0,3.55
7728.0,0.88
7729.0,-0.36
7730.0,-0.7
7731.0,-0.78
7732.0,-0.41
7733.0,-0.22
7734.0,1.54
7735.0,10.83
7736.0,14.78
7737.0,18.41
7738.0,16.71
7739.0,25.44
7740.0,31.88
7741.0,31.05
7742.0,31.68
7743.0,30.77
7744.0,32.34
7745.0,52.28
7746.0,87.98
7747.0,54.62
7748.0,33.25
7749.0,30.61
7750.0,31.18
7751.0,24.13
7752.0,19.08
7753.0,23.8
7754.0,16.45
7755.0,14.81
7756.0,19.28
7757.0,27.83
7758.0,31.19
7759.0,42.97
7760.0,35.07
7761.0,26.79
7762.0,1.26
7763.0,-0.59
7764.0,-0.92
7765.0,-1.73
7766.0,-1.7
7767.0,0.66
7768.0,14.7
7769.0,36.11
7770.0,69.84
7771.0,75.8
7772.0,64.79
7773.0,61.49
7774.0,56.05
7775.0,47.35
7776.0,41.27
7777.0,33.39
7778.0,31.49
7779.0,31.84
7780.0,31.24
7781.0,34.52
7782.0,42.53
7783.0,60.04
7784.0,62.83
7785.0,52.22
7786.0,33.61
7787.0,32.72
7788.0,33.42
7789.0,34.7
7790.0,33.47
7791.0,35.85
7792.0,35.74
7793.0,48.71
7794.0,110.39
7795.0,70.06
7796.0,52.38
7797.0,43.56
7798.0,38.04
7799.0,37.29
7800.0,36.1
7801.0,29.35
7802.0,26.41
7803.0,24.79
7804.0,24.99
7805.0,28.48
7806.0,33.89
7807.0,42.77
7808.0,38.56
7809.0,30.12
7810.0,21.77
7811.0,16.06
7812.0,11.02
7813.0,6.08
7814.0,1.8
7815.0,-0.13
7816.0,-0.02
7817.0,1.87
7818.0,22.41
7819.0,8.68
7820.0,0.81
7821.0,0.27
7822.0,0.17
7823.0,-0.09
7824.0,-0.24
7825.0,-3.72
7826.0,-3.08
7827.0,-2.39
7828.0,-1.08
7829.0,-0.23
7830.0,0.01
7831.0,0.7
7832.0,2.87
7833.0,3.71
7834.0,8.93
7835.0,10.75
7836.0,20.04
7837.0,27.83
7838.0,35.73
7839.0,36.3
7840.0,36.99
7841.0,53.37
7842.0,75.75
7843.0,50.71
7844.0,39.23
7845.0,37.4
7846.0,34.62
7847.0,36.04
7848.0,25.89
7849.0,5.95
7850.0,0.16
7851.0,-0.03
7852.0,-1.71
7853.0,-1.8
7854.0,-1.05
7855.0,-3.73
7856.0,-2.91
7857.0,-2.8
7858.0,-2.53
7859.0,-1.29
7860.0,-1.62
7861.0,2.07
7862.0,16.17
7863.0,30.84
7864.0,29.58
7865.0,30.76
7866.0,59.15
7867.0,51.83
7868.0,45.36
7869.0,46.16
7870.0,44.74
7871.0,41.51
7872.0,40.55
7873.0,51.81
7874.0,34.98
7875.0,37.74
7876.0,38.14
7877.0,39.65
7878.0,45.95
7879.0,60.63
7880.0,63.03
7881.0,53.88
7882.0,42.44
7883.0,41.14
7884.0,35.0
7885.0,30.65
7886.0,29.97
7887.0,29.0
7888.0,30.59
7889.0,43.13
7890.0,69.95
7891.0,44.26
7892.0,39.37
7893.0,36.97
7894.0,35.12
7895.0,34.88
7896.0,30.35
7897.0,29.07
7898.0,27.07
7899.0,27.55
7900.0,32.48
7901.0,36.24
7902.0,44.03
7903.0,35.63
7904.0,37.14
7905.0,42.44
7906.0,43.57
7907.0,49.11
7908.0,44.95
7909.0,37.26
7910.0,38.29
7911.0,40.87
7912.0,39.36
7913.0,48.14
7914.0,75.29
7915.0,67.86
7916.0,54.47
7917.0,48.96
7918.0,45.04
7919.0,45.15
7920.0,43.62
7921.0,35.52
7922.0,32.72
7923.0,29.45
7924.0,26.78
7925.0,26.93
7926.0,30.97
7927.0,32.39
7928.0,31.03
7929.0,37.64
7930.0,32.89
7931.0,34.84
7932.0,35.82
7933.0,32.26
7934.0,30.0
7935.0,29.55
7936.0,30.74
7937.0,38.17
7938.0,70.23
7939.0,66.44
7940.0,52.83
7941.0,45.25
7942.0,38.43
7943.0,44.67
7944.0,37.1
7945.0,36.79
7946.0,31.94
7947.0,31.09
7948.0,30.46
7949.0,34.04
7950.0,37.26
7951.0,54.98
7952.0,56.14
7953.0,38.34
7954.0,32.85
7955.0,34.89
7956.0,34.58
7957.0,34.81
7958.0,32.0
7959.0,30.81
7960.0,32.68
7961.0,58.57
7962.0,93.48
7963.0,47.72
7964.0,39.68
7965.0,31.55
7966.0,27.35
7967.0,25.42
7968.0,16.42
7969.0,4.91
7970.0,1.29
7971.0,8.3
7972.0,17.08
7973.0,28.7
7974.0,33.62
7975.0,38.36
7976.0,39.29
7977.0,36.54
7978.0,33.26
7979.0,35.12
7980.0,35.83
7981.0,36.37
7982.0,34.55
7983.0,34.05
7984.0,33.85
7985.0,42.88
7986.0,85.76
7987.0,61.67
7988.0,45.06
7989.0,38.53
7990.0,36.93
7991.0,34.17
7992.0,33.01
7993.0,26.0
7994.0,25.47
7995.0,26.63
7996.0,29.65
7997.0,32.68
7998.0,34.78
7999.0,52.35
8000.0,53.6
8001.0,44.67
8002.0,37.97
8003.0,36.1
8004.0,37.23
8005.0,37.31
8006.0,34.83
8007.0,36.6
8008.0,39.69
8009.0,62.94
8010.0,113.18
8011.0,80.86
8012.0,58.01
8013.0,49.68
8014.0,45.54
8015.0,37.96
8016.0,34.86
8017.0,27.25
8018.0,25.6
8019.0,25.87
8020.0,26.33
8021.0,28.2
8022.0,36.44
8023.0,59.41
8024.0,49.25
8025.0,35.61
8026.0,28.52
8027.0,29.0
8028.0,26.24
8029.0,25.75
8030.0,26.36
8031.0,24.17
8032.0,26.1
8033.0,51.86
8034.0,87.2
8035.0,37.05
8036.0,29.72
8037.0,22.54
8038.0,19.14
8039.0,12.95
8040.0,2.91
8041.0,-4.02
8042.0,-4.13
8043.0,-3.35
8044.0,2.19
8045.0,14.68
8046.0,24.44
8047.0,27.46
8048.0,29.75
8049.0,27.05
8050.0,24.87
8051.0,24.19
8052.0,24.37
8053.0,24.27
8054.0,24.03
8055.0,22.49
8056.0,24.57
8057.0,47.47
8058.0,88.13
8059.0,47.0
8060.0,35.13
8061.0,32.01
8062.0,29.35
8063.0,29.08
8064.0,26.9
8065.0,27.37
8066.0,26.77
8067.0,26.22
8068.0,26.82
8069.0,26.64
8070.0,28.31
8071.0,33.85
8072.0,28.84
8073.0,27.84
8074.0,27.4
8075.0,29.7
8076.0,32.08
8077.0,38.36
8078.0,37.52
8079.0,36.12
8080.0,39.35
8081.0,53.04
8082.0,100.62
8083.0,59.95
8084.0,45.25
8085.0,39.6
8086.0,40.64
8087.0,37.67
8088.0,35.72
8089.0,38.81
8090.0,29.17
8091.0,26.86
8092.0,25.07
8093.0,24.0
8094.0,23.14
8095.0,27.24
8096.0,25.33
8097.0,26.01
8098.0,21.91
8099.0,18.65
8100.0,16.52
8101.0,9.12
8102.0,13.34
8103.0,8.79
8104.0,12.6
8105.0,26.95
8106.0,57.23
8107.0,39.06
8108.0,26.41
8109.0,22.23
8110.0,24.85
8111.0,23.29
8112.0,18.33
8113.0,11.2
8114.0,7.46
8115.0,4.11
8116.0,0.81
8117.0,-0.61
8118.0,1.33
8119.0,3.0
8120.0,9.26
8121.0,10.47
8122.0,0.28
8123.0,3.85
8124.0,14.99
8125.0,26.65
8126.0,31.91
8127.0,29.05
8128.0,30.29
8129.0,45.67
8130.0,99.3
8131.0,71.02
8132.0,50.11
8133.0,48.64
8134.0,44.98
8135.0,38.79
8136.0,33.72
8137.0,35.52
8138.0,30.2
8139.0,26.84
8140.0,22.83
8141.0,21.71
8142.0,24.74
8143.0,43.0
8144.0,35.49
8145.0,18.4
8146.0,11.8
8147.0,11.4
8148.0,14.79
8149.0,16.96
8150.0,21.08
8151.0,21.5
8152.0,23.0
8153.0,29.33
8154.0,78.44
8155.0,54.51
8156.0,31.86
8157.0,29.31
8158.0,27.43
8159.0,27.05
8160.0,26.29
8161.0,26.44
8162.0,24.96
8163.0,26.27
8164.0,26.41
8165.0,29.52
8166.0,36.1
8167.0,75.78
8168.0,64.48
8169.0,44.43
8170.0,37.84
8171.0,35.78
8172.0,33.85
8173.0,31.34
8174.0,29.05
8175.0,29.05
8176.0,28.37
8177.0,37.3
8178.0,59.18
8179.0,32.61
8180.0,22.47
8181.0,13.1
8182.0,7.74
8183.0,3.4
8184.0,0.42
8185.0,-0.56
8186.0,-0.97
8187.0,-0.82
8188.0,-0.13
8189.0,2.55
8190.0,7.26
8191.0,20.75
8192.0,29.72
8193.0,26.73
8194.0,25.99
8195.0,28.19
8196.0,18.87
8197.0,15.65
8198.0,11.99
8199.0,9.68
8200.0,14.41
8201.0,30.98
8202.0,70.06
8203.0,33.79
8204.0,22.71
8205.0,17.22
8206.0,12.86
8207.0,10.92
8208.0,4.06
8209.0,5.71
8210.0,5.78
8211.0,4.9
8212.0,5.54
8213.0,8.83
8214.0,15.74
8215.0,36.02
8216.0,33.0
8217.0,30.97
8218.0,22.55
8219.0,15.81
8220.0,5.7
8221.0,2.91
8222.0,7.08
8223.0,7.32
8224.0,7.64
8225.0,18.92
8226.0,49.62
8227.0,29.61
8228.0,18.58
8229.0,13.28
8230.0,12.1
8231.0,8.21
8232.0,6.74
8233.0,5.48
8234.0,4.17
8235.0,2.71
8236.0,2.96
8237.0,14.31
8238.0,27.6
8239.0,31.11
8240.0,36.03
8241.0,35.07
8242.0,28.18
8243.0,27.47
8244.0,28.43
8245.0,28.64
8246.0,24.69
8247.0,24.86
8248.0,24.3
8249.0,36.15
8250.0,74.26
8251.0,50.17
8252.0,32.19
8253.0,31.16
8254.0,28.93
8255.0,28.92
8256.0,26.73
8257.0,23.61
8258.0,19.11
8259.0,15.2
8260.0,14.06
8261.0,14.01
8262.0,16.29
8263.0,21.98
8264.0,22.54
8265.0,15.69
8266.0,3.43
8267.0,2.4
8268.0,3.5
8269.0,2.08
8270.0,4.57
8271.0,3.27
8272.0,3.34
8273.0,15.03
8274.0,39.22
8275.0,26.23
8276.0,7.25
8277.0,2.4
8278.0,1.21
8279.0,1.68
8280.0,1.75
8281.0,-0.67
8282.0,-0.02
8283.0,0.53
8284.0,1.97
8285.0,2.33
8286.0,11.33
8287.0,34.2
8288.0,29.68
8289.0,23.68
8290.0,17.31
8291.0,22.33
8292.0,23.0
8293.0,21.67
8294.0,19.97
8295.0,15.61
8296.0,14.06
8297.0,25.98
8298.0,56.67
8299.0,28.27
8300.0,15.19
8301.0,8.78
8302.0,5.84
8303.0,4.68
8304.0,2.15
8305.0,2.09
8306.0,0.84
8307.0,1.02
8308.0,3.17
8309.0,5.28
8310.0,9.33
8311.0,22.12
8312.0,22.87
8313.0,18.25
8314.0,13.63
8315.0,15.56
8316.0,16.62
8317.0,15.5
8318.0,15.02
8319.0,12.98
8320.0,12.2
8321.0,22.62
8322.0,47.45
8323.0,28.16
8324.0,6.18
8325.0,1.53
8326.0,1.56
8327.0,1.56
8328.0,0.46
8329.0,-2.03
8330.0,-3.39
8331.0,-3.71
8332.0,-3.58
8333.0,-2.42
8334.0,-2.15
8335.0,0.55
8336.0,-0.64
8337.0,-1.93
8338.0,-1.94
8339.0,-1.33
8340.0,-0.75
8341.0,-0.09
8342.0,0.74
8343.0,1.89
8344.0,2.97
8345.0,10.38
8346.0,37.0
8347.0,34.59
8348.0,30.09
8349.0,25.49
8350.0,27.23
8351.0,22.51
8352.0,23.44
8353.0,26.73
8354.0,25.98
8355.0,29.43
8356.0,31.44
8357.0,36.44
8358.0,36.42
8359.0,35.94
8360.0,41.35
8361.0,35.34
8362.0,34.62
8363.0,32.96
8364.0,34.07
8365.0,41.37
8366.0,44.67
8367.0,45.07
8368.0,47.68
8369.0,70.93
8370.0,121.21
8371.0,61.77
8372.0,53.85
8373.0,39.06
8374.0,36.1
8375.0,33.55
8376.0,31.17
8377.0,30.61
8378.0,25.69
8379.0,24.18
8380.0,22.26
8381.0,22.51
8382.0,24.46
8383.0,27.47
8384.0,27.06
8385.0,25.35
8386.0,26.0
8387.0,26.35
8388.0,23.95
8389.0,23.49
8390.0,28.87
8391.0,32.38
8392.0,34.77
8393.0,48.35
8394.0,85.63
8395.0,48.65
8396.0,35.94
8397.0,33.49
8398.0,34.5
8399.0,29.69
8400.0,27.57
8401.0,26.93
8402.0,14.89
8403.0,7.26
8404.0,4.82
8405.0,2.17
8406.0,0.88
8407.0,-0.26
8408.0,-0.98
8409.0,-1.13
8410.0,-3.15
8411.0,-3.16
8412.0,-2.27
8413.0,-0.13
8414.0,1.46
8415.0,2.33
8416.0,3.49
8417.0,15.95
8418.0,34.63
8419.0,30.75
8420.0,29.49
8421.0,30.65
8422.0,31.11
8423.0,32.05
8424.0,29.14
8425.0,30.02
8426.0,29.41
8427.0,29.0
8428.0,29.56
8429.0,30.06
8430.0,31.29
8431.0,35.54
8432.0,38.61
8433.0,45.25
8434.0,40.98
8435.0,38.1
8436.0,31.67
8437.0,28.68
8438.0,25.3
8439.0,25.09
8440.0,26.05
8441.0,33.97
8442.0,70.73
8443.0,58.01
8444.0,49.53
8445.0,40.71
8446.0,37.6
8447.0,34.61
8448.0,30.22
8449.0,24.57
8450.0,24.12
8451.0,24.03
8452.0,24.46
8453.0,26.15
8454.0,33.29
8455.0,50.89
8456.0,59.08
8457.0,50.83
8458.0,41.03
8459.0,37.14
8460.0,32.15
8461.0,28.47
8462.0,26.63
8463.0,25.75
8464.0,26.41
8465.0,35.62
8466.0,78.05
8467.0,63.36
8468.0,51.62
8469.0,45.36
8470.0,42.85
8471.0,36.39
8472.0,33.97
8473.0,26.63
8474.0,24.47
8475.0,24.83
8476.0,25.67
8477.0,28.16
8478.0,34.12
8479.0,66.53
8480.0,55.85
8481.0,42.14
8482.0,33.18
8483.0,28.62
8484.0,27.41
8485.0,25.2
8486.0,24.29
8487.0,23.09
8488.0,23.17
8489.0,27.17
8490.0,47.65
8491.0,38.33
8492.0,32.78
8493.0,31.75
8494.0,30.3
8495.0,27.41
8496.0,27.61
8497.0,25.23
8498.0,24.81
8499.0,25.83
8500.0,25.92
8501.0,28.53
8502.0,32.85
8503.0,55.59
8504.0,55.26
8505.0,37.21
8506.0,29.57
8507.0,27.99
8508.0,27.96
8509.0,26.99
8510.0,26.14
8511.0,25.28
8512.0,25.85
8513.0,29.11
8514.0,48.98
8515.0,37.97
8516.0,29.71
8517.0,28.85
8518.0,26.89
8519.0,24.74
8520.0,18.99
8521.0,18.94
8522.0,5.78
8523.0,5.52
8524.0,7.62
8525.0,11.04
8526.0,19.2
8527.0,21.52
8528.0,22.16
8529.0,27.16
8530.0,22.03
8531.0,25.39
8532.0,30.59
8533.0,26.22
8534.0,22.57
8535.0,17.44
8536.0,14.98
8537.0,21.86
8538.0,69.51
8539.0,25.32
8540.0,11.19
8541.0,1.95
8542.0,1.08
8543.0,0.69
8544.0,-1.1
8545.0,-1.89
8546.0,-2.17
8547.0,-2.68
8548.0,-2.19
8549.0,-1.76
8550.0,-0.65
8551.0,1.45
8552.0,3.48
8553.0,3.1
8554.0,0.42
8555.0,0.41
8556.0,0.25
8557.0,0.22
8558.0,0.01
8559.0,-0.02
8560.0,-0.03
8561.0,0.0
8562.0,20.41
8563.0,7.55
8564.0,3.98
8565.0,2.64
8566.0,2.87
8567.0,2.64
8568.0,1.0
8569.0,2.52
8570.0,0.94
8571.0,2.34
8572.0,2.79
8573.0,5.2
8574.0,9.53
8575.0,19.64
8576.0,24.31
8577.0,25.55
8578.0,21.87
8579.0,20.84
8580.0,23.78
8581.0,24.65
8582.0,25.55
8583.0,28.94
8584.0,25.84
8585.0,30.67
8586.0,88.74
8587.0,49.68
8588.0,33.42
8589.0,27.85
8590.0,25.93
8591.0,27.48
8592.0,27.33
8593.0,33.1
8594.0,19.24
8595.0,10.12
8596.0,4.38
8597.0,3.17
8598.0,2.86
8599.0,7.73
8600.0,10.58
8601.0,7.07
8602.0,0.29
8603.0,0.45
8604.0,0.4
8605.0,0.73
8606.0,0.26
8607.0,0.39
8608.0,0.19
8609.0,15.6
8610.0,53.75
8611.0,40.07
8612.0,27.76
8613.0,23.79
8614.0,23.27
8615.0,25.74
8616.0,20.61
8617.0,17.89
8618.0,17.01
8619.0,16.97
8620.0,20.91
8621.0,25.58
8622.0,31.15
8623.0,23.43
8624.0,24.81
8625.0,27.61
8626.0,26.35
8627.0,26.58
8628.0,29.05
8629.0,29.49
8630.0,32.67
8631.0,32.06
8632.0,29.59
8633.0,35.26
8634.0,45.21
8635.0,30.9
8636.0,30.12
8637.0,28.04
8638.0,28.36
8639.0,24.79
8640.0,17.08
8641.0,16.93
8642.0,11.43
8643.0,7.73
8644.0,12.55
8645.0,15.93
8646.0,19.1
8647.0,24.2
8648.0,25.23
8649.0,23.17
8650.0,15.11
8651.0,8.58
8652.0,0.48
8653.0,1.27
8654.0,9.09
8655.0,13.95
8656.0,23.63
8657.0,28.94
8658.0,56.42
8659.0,41.79
8660.0,40.17
8661.0,37.74
8662.0,28.43
8663.0,25.42
8664.0,24.84
8665.0,26.13
8666.0,23.64
8667.0,22.4
8668.0,21.98
8669.0,22.26
8670.0,24.73
8671.0,28.66
8672.0,27.34
8673.0,25.6
8674.0,16.62
8675.0,4.87
8676.0,-1.33
8677.0,-1.82
8678.0,-1.22
8679.0,-1.41
8680.0,0.06
8681.0,22.16
8682.0,77.72
8683.0,50.54
8684.0,36.85
8685.0,32.78
8686.0,28.95
8687.0,25.43
8688.0,24.89
8689.0,26.07
8690.0,24.22
8691.0,22.1
8692.0,20.99
8693.0,21.5
8694.0,25.09
8695.0,24.72
8696.0,27.06
8697.0,28.34
8698.0,24.93
8699.0,25.86
8700.0,25.05
8701.0,25.06
8702.0,24.68
8703.0,19.64
8704.0,19.99
8705.0,23.23
8706.0,59.22
8707.0,39.74
8708.0,30.52
8709.0,28.85
8710.0,26.58
8711.0,25.2
8712.0,25.5
8713.0,23.71
8714.0,19.55
8715.0,18.07
8716.0,18.66
8717.0,20.58
8718.0,25.54
8719.0,26.87
8720.0,26.15
8721.0,26.51
8722.0,27.7
8723.0,27.16
8724.0,28.24
8725.0,32.46
8726.0,35.47
8727.0,33.06
8728.0,32.18
8729.0,36.36
8730.0,47.11
8731.0,35.36
8732.0,29.85
8733.0,26.25
8734.0,30.05
8735.0,27.85
8736.0,26.82
8737.0,34.87
8738.0,26.42
8739.0,23.51
8740.0,16.77
8741.0,8.98
8742.0,10.68
8743.0,7.01
8744.0,6.93
8745.0,5.29
8746.0,2.61
8747.0,1.53
8748.0,2.55
8749.0,1.65
8750.0,1.5
8751.0,0.93
8752.0,0.92
8753.0,12.52
8754.0,31.39
8755.0,22.52
8756.0,18.51
8757.0,15.0
8758.0,13.01
8759.0,17.1
8760.0,16.97
