Source,Location ID,City,State,Country,Latitude,Longitude,Time Zone,Elevation,Local Time Zone,Dew Point Units,DHI Units,DNI Units,GHI Units,Temperature Units,Pressure Units,Wind Direction Units,Wind Speed Units,Surface Albedo Units,Version
NSRDB,183949,-,-,-,35.29,-119.46,0,280,-8,c,w/m2,w/m2,w/m2,c,mbar,Degrees,m/s,N/A,3.2.2
Year,Month,Day,Hour,Minute,Dew Point,DHI,DNI,GHI,Surface Albedo,Pressure,Temperature,Wind Direction,Wind Speed
2000,1,1,0,30,0.5,24,24,26,0.18,980,10.700000000000001,297,1.1
2000,1,1,1,30,0.9,0,0,0,0.18,981,9.4,285,1.2000000000000002
2000,1,1,2,30,1.5,0,0,0,0.18,981,8.5,271,1.5
2000,1,1,3,30,2.3000000000000003,0,0,0,0.18,982,7.6000000000000005,264,1.8
2000,1,1,4,30,3.1,0,0,0,0.18,982,7,261,2
2000,1,1,5,30,4,0,0,0,0.18,982,6.4,258,2
2000,1,1,6,30,4.800000000000001,0,0,0,0.18,982,5.9,259,1.8
2000,1,1,7,30,5.2,0,0,0,0.18,982,5.4,263,1.7000000000000002
2000,1,1,8,30,5.2,0,0,0,0.18,983,5.2,269,1.5
2000,1,1,9,30,5.1000000000000005,0,0,0,0.18,982,5.1000000000000005,275,1.3
2000,1,1,10,30,5,0,0,0,0.18,982,5.2,280,1.1
2000,1,1,11,30,4.9,0,0,0,0.18,982,5.5,279,1
2000,1,1,12,30,4.800000000000001,0,0,0,0.18,982,5.7,273,1
2000,1,1,13,30,4.7,0,0,0,0.18,982,5.7,268,1.1
2000,1,1,14,30,4.6000000000000005,0,0,0,0.18,983,5.800000000000001,268,1.2000000000000002
2000,1,1,15,30,4.5,27,116,34,0.18,983,6.300000000000001,272,1.6
2000,1,1,16,30,4.3,84,16,88,0.18,984,7.5,273,1.9000000000000001
2000,1,1,17,30,3.9000000000000004,149,48,166,0.18,984,9.200000000000001,269,2
2000,1,1,18,30,3.3000000000000003,105,787,473,0.18,984,10.9,270,2.1
2000,1,1,19,30,2.7,231,248,359,0.18,983,12.3,282,2.3000000000000003
2000,1,1,20,30,2.3000000000000003,227,280,372,0.18,983,13.100000000000001,301,2.5
2000,1,1,21,30,2.2,175,414,370,0.18,982,13.100000000000001,320,2.6
2000,1,1,22,30,2.5,132,395,280,0.18,982,12.5,330,2.2
2000,1,1,23,30,2.8000000000000003,62,618,208,0.18,982,12.100000000000001,333,1.8
2000,1,2,0,30,3.3000000000000003,27,249,44,0.18,983,9.4,326,0.9
2000,1,2,1,30,4.1000000000000005,0,0,0,0.18,983,8.700000000000001,303,0.9
2000,1,2,2,30,4.800000000000001,0,0,0,0.18,983,8.4,276,1.1
2000,1,2,3,30,5.300000000000001,0,0,0,0.18,983,8.200000000000001,274,1.8
2000,1,2,4,30,5.5,0,0,0,0.18,983,8,282,2.8000000000000003
2000,1,2,5,30,5.4,0,0,0,0.18,984,7.6000000000000005,287,3.6
2000,1,2,6,30,4.9,0,0,0,0.18,984,7.1000000000000005,289,3.8000000000000003
2000,1,2,7,30,4.5,0,0,0,0.18,984,6.4,289,3.6
2000,1,2,8,30,4.2,0,0,0,0.18,984,5.9,290,3.4000000000000004
2000,1,2,9,30,4.2,0,0,0,0.18,984,5.7,291,3.4000000000000004
2000,1,2,10,30,4.4,0,0,0,0.18,985,5.800000000000001,295,3.4000000000000004
2000,1,2,11,30,4.5,0,0,0,0.18,985,5.800000000000001,301,3.4000000000000004
2000,1,2,12,30,4.4,0,0,0,0.18,986,5.7,304,3.2
2000,1,2,13,30,4.2,0,0,0,0.18,987,5.5,306,3.1
2000,1,2,14,30,4.1000000000000005,0,0,0,0.18,988,5.300000000000001,308,3
2000,1,2,15,30,4,28,136,36,0.18,989,5.5,312,3.1
2000,1,2,16,30,3.9000000000000004,79,490,191,0.18,990,6.1000000000000005,319,3.4000000000000004
2000,1,2,17,30,3.6,96,701,354,0.18,990,6.9,324,3.4000000000000004
2000,1,2,18,30,2.8000000000000003,103,799,477,0.18,990,8.1,325,3.4000000000000004
2000,1,2,19,30,1.6,99,853,543,0.18,990,9.5,327,3.5
2000,1,2,20,30,-0.2,86,891,551,0.18,989,10.600000000000001,331,3.6
2000,1,2,21,30,-1.8,78,874,491,0.18,989,11.200000000000001,337,3.8000000000000003
2000,1,2,22,30,-3.3000000000000003,67,823,376,0.18,989,11.100000000000001,341,3.8000000000000003
2000,1,2,23,30,-4.5,50,701,217,0.18,989,10.9,342,3.6
2000,1,3,0,30,-4.800000000000001,24,354,49,0.19,989,7,345,1.6
2000,1,3,1,30,-4.9,0,0,0,0.19,990,5.5,342,1.4000000000000001
2000,1,3,2,30,-5,0,0,0,0.19,990,4.9,336,1.4000000000000001
2000,1,3,3,30,-5.2,0,0,0,0.19,991,4.4,329,1.4000000000000001
2000,1,3,4,30,-5.1000000000000005,0,0,0,0.19,991,4.1000000000000005,320,1.4000000000000001
2000,1,3,5,30,-4.800000000000001,0,0,0,0.19,991,3.8000000000000003,307,1.3
2000,1,3,6,30,-4.1000000000000005,0,0,0,0.19,991,3.4000000000000004,294,1.3
2000,1,3,7,30,-3.3000000000000003,0,0,0,0.19,991,3,286,1.3
2000,1,3,8,30,-2.4000000000000004,0,0,0,0.19,991,2.7,282,1.2000000000000002
2000,1,3,9,30,-1.6,0,0,0,0.19,991,2.5,278,1.2000000000000002
2000,1,3,10,30,-1,0,0,0,0.19,992,2.2,268,1.1
2000,1,3,11,30,-0.5,0,0,0,0.19,992,1.7000000000000002,256,1
2000,1,3,12,30,0,0,0,0,0.19,992,1.3,247,1.1
2000,1,3,13,30,0.4,0,0,0,0.19,993,1,243,1.1
2000,1,3,14,30,0.6000000000000001,0,0,0,0.19,993,1.4000000000000001,243,1
2000,1,3,15,30,0.8,21,335,41,0.19,994,3.7,249,1.3
2000,1,3,16,30,0.8,48,687,205,0.19,994,7,265,1.4000000000000001
2000,1,3,17,30,-0.5,61,826,366,0.19,994,10.3,230,1
2000,1,3,18,30,-3.3000000000000003,67,895,486,0.19,994,13.3,201,0.7000000000000001
2000,1,3,19,30,-5.1000000000000005,70,926,553,0.19,993,15.200000000000001,267,0.8
2000,1,3,20,30,-5.6000000000000005,70,927,555,0.19,992,16.3,323,1.2000000000000002
2000,1,3,21,30,-5.6000000000000005,68,900,495,0.19,992,16.6,335,1.7000000000000002
2000,1,3,22,30,-5.300000000000001,62,838,378,0.19,992,16,344,2.1
2000,1,3,23,30,-4.7,49,709,220,0.19,992,15.4,348,2.3000000000000003
2000,1,4,0,30,-3.4000000000000004,24,381,52,0.19,993,9.3,354,1.3
2000,1,4,1,30,-2.9000000000000004,0,0,0,0.19,994,7.2,181,1.2000000000000002
2000,1,4,2,30,-2.5,0,0,0,0.19,994,6.9,9,0.9
2000,1,4,3,30,-2.5,0,0,0,0.19,994,7.2,100,0.6000000000000001
2000,1,4,4,30,-2.6,0,0,0,0.19,994,7,194,0.6000000000000001
2000,1,4,5,30,-2.7,0,0,0,0.19,994,6.5,210,0.9
2000,1,4,6,30,-2.7,0,0,0,0.19,994,6.2,233,0.9
2000,1,4,7,30,-2.6,0,0,0,0.19,994,6.2,250,0.9
2000,1,4,8,30,-2.4000000000000004,0,0,0,0.19,994,6.4,251,0.9
2000,1,4,9,30,-2.3000000000000003,0,0,0,0.19,994,6.6000000000000005,239,0.8
2000,1,4,10,30,-2.3000000000000003,0,0,0,0.19,994,6.6000000000000005,230,0.8
2000,1,4,11,30,-2.3000000000000003,0,0,0,0.19,994,6.4,227,0.7000000000000001
2000,1,4,12,30,-2.3000000000000003,0,0,0,0.19,993,6.300000000000001,207,0.6000000000000001
2000,1,4,13,30,-2.5,0,0,0,0.19,993,6.1000000000000005,182,0.7000000000000001
2000,1,4,14,30,-2.7,0,0,0,0.19,993,6.1000000000000005,188,0.8
2000,1,4,15,30,-2.7,20,345,41,0.19,994,7.7,214,0.7000000000000001
2000,1,4,16,30,-2.2,48,684,204,0.19,994,10.600000000000001,232,0.7000000000000001
2000,1,4,17,30,-2.5,61,827,367,0.19,994,13.5,290,0.8
2000,1,4,18,30,-3.5,181,380,359,0.19,994,15.600000000000001,343,1.5
2000,1,4,19,30,-3.6,72,923,554,0.19,993,16.400000000000002,339,2.7
2000,1,4,20,30,-3.2,72,927,559,0.19,992,16.5,342,3.2
2000,1,4,21,30,-2.9000000000000004,69,905,500,0.19,991,16.1,343,3.1
2000,1,4,22,30,-2.5,62,838,381,0.19,991,15.100000000000001,335,2.7
2000,1,4,23,30,-2.1,49,711,223,0.19,990,14.4,329,2.5
2000,1,5,0,30,-1.5,24,414,55,0.21,990,9,314,1.3
2000,1,5,1,30,-0.8,0,0,0,0.21,991,6.9,317,1.3
2000,1,5,2,30,-0.1,0,0,0,0.21,991,6.1000000000000005,309,1.3
2000,1,5,3,30,0.5,0,0,0,0.21,990,5.5,293,1.2000000000000002
2000,1,5,4,30,1.2000000000000002,0,0,0,0.21,990,4.800000000000001,284,1.2000000000000002
2000,1,5,5,30,2,0,0,0,0.21,990,4.2,285,1.3
2000,1,5,6,30,2.8000000000000003,0,0,0,0.21,990,3.8000000000000003,288,1.3
2000,1,5,7,30,3.3000000000000003,0,0,0,0.21,990,3.6,284,1.3
2000,1,5,8,30,3.2,0,0,0,0.21,990,3.2,273,1.2000000000000002
2000,1,5,9,30,3.1,0,0,0,0.21,989,3.1,269,1.3
2000,1,5,10,30,3.4000000000000004,0,0,0,0.21,989,3.4000000000000004,275,1.5
2000,1,5,11,30,3.5,0,0,0,0.21,989,3.5,276,1.6
2000,1,5,12,30,3.5,0,0,0,0.21,988,3.5,271,1.5
2000,1,5,13,30,3.9000000000000004,0,0,0,0.21,988,3.9000000000000004,271,1.7000000000000002
2000,1,5,14,30,4.1000000000000005,0,0,0,0.21,989,4.5,279,2.1
2000,1,5,15,30,4,25,225,39,0.21,989,5,285,2.3000000000000003
2000,1,5,16,30,3.7,11,0,11,0.21,989,5.5,284,2.3000000000000003
2000,1,5,17,30,3.5,89,0,89,0.21,989,6.4,283,2.4000000000000004
2000,1,5,18,30,3.1,56,0,56,0.21,988,7.9,288,2.4000000000000004
2000,1,5,19,30,2.4000000000000004,43,0,43,0.21,988,9.700000000000001,298,2.7
2000,1,5,20,30,1.4000000000000001,242,171,332,0.21,987,11.100000000000001,310,3.1
2000,1,5,21,30,0.8,214,185,302,0.21,987,11.600000000000001,317,3.3000000000000003
2000,1,5,22,30,0.4,56,817,369,0.21,987,11.3,318,3.2
2000,1,5,23,30,0.30000000000000004,57,685,226,0.21,987,10.9,319,3.1
2000,1,6,0,30,0.6000000000000001,28,352,55,0.21,987,6.7,312,1.4000000000000001
2000,1,6,1,30,1,0,0,0,0.21,988,5.4,310,1.2000000000000002
2000,1,6,2,30,1,0,0,0,0.21,988,5.300000000000001,307,1.2000000000000002
2000,1,6,3,30,0.9,0,0,0,0.21,989,5.2,291,1.1
2000,1,6,4,30,0.7000000000000001,0,0,0,0.21,989,5.1000000000000005,260,1
2000,1,6,5,30,0.5,0,0,0,0.21,989,5.1000000000000005,234,0.9
2000,1,6,6,30,0.1,0,0,0,0.21,990,5.1000000000000005,211,0.9
2000,1,6,7,30,-0.7000000000000001,0,0,0,0.21,990,4.7,182,1
2000,1,6,8,30,-1.9000000000000001,0,0,0,0.21,990,3.9000000000000004,158,1.1
2000,1,6,9,30,-3.3000000000000003,0,0,0,0.21,990,3.1,143,1.3
2000,1,6,10,30,-5.300000000000001,0,0,0,0.21,990,2.7,133,1.5
2000,1,6,11,30,-7.6000000000000005,0,0,0,0.21,990,2.4000000000000004,130,1.7000000000000002
2000,1,6,12,30,-9.200000000000001,0,0,0,0.21,991,2.1,132,1.8
2000,1,6,13,30,-10.200000000000001,0,0,0,0.21,991,1.8,133,1.9000000000000001
2000,1,6,14,30,-10.700000000000001,0,0,0,0.21,992,2.3000000000000003,134,1.9000000000000001
2000,1,6,15,30,-10.8,21,396,45,0.21,993,5.300000000000001,134,2.4000000000000004
2000,1,6,16,30,-10.4,54,0,54,0.21,993,9.700000000000001,138,3.2
2000,1,6,17,30,-11.4,110,0,110,0.21,993,13.5,145,3.1
2000,1,6,18,30,-13,67,946,513,0.21,993,16.6,154,2.6
2000,1,6,19,30,-14.100000000000001,69,974,581,0.21,992,18.8,169,1.9000000000000001
2000,1,6,20,30,-14.600000000000001,70,975,585,0.21,991,20,192,1.2000000000000002
2000,1,6,21,30,-14.4,67,942,519,0.21,991,20.3,257,0.8
2000,1,6,22,30,-13.600000000000001,61,882,401,0.21,991,19.200000000000003,325,0.7000000000000001
2000,1,6,23,30,-9.1,92,244,153,0.21,990,18.2,342,0.8
2000,1,7,0,30,-8.5,29,120,39,0.21,991,13.4,184,1
2000,1,7,1,30,-8.700000000000001,0,0,0,0.21,991,12.5,22,0.8
2000,1,7,2,30,-8.4,0,0,0,0.21,992,12.4,81,0.5
2000,1,7,3,30,-8.3,0,0,0,0.21,992,12.100000000000001,162,0.4
2000,1,7,4,30,-8.3,0,0,0,0.21,992,11.600000000000001,197,0.6000000000000001
2000,1,7,5,30,-8.4,0,0,0,0.21,992,10.9,195,0.8
2000,1,7,6,30,-8.5,0,0,0,0.21,991,10.4,192,0.9
2000,1,7,7,30,-8.700000000000001,0,0,0,0.21,991,10,197,0.9
2000,1,7,8,30,-8.6,0,0,0,0.21,990,9.8,207,0.8
2000,1,7,9,30,-8.4,0,0,0,0.21,990,9.200000000000001,215,0.6000000000000001
2000,1,7,10,30,-8.200000000000001,0,0,0,0.21,990,8.4,215,0.5
2000,1,7,11,30,-8.1,0,0,0,0.21,990,7.6000000000000005,223,0.5
2000,1,7,12,30,-8,0,0,0,0.21,990,6.9,249,0.6000000000000001
2000,1,7,13,30,-7.7,0,0,0,0.21,990,6.4,261,0.7000000000000001
2000,1,7,14,30,-7.4,0,0,0,0.21,990,6,252,0.8
2000,1,7,15,30,-7,22,15,23,0.21,990,7.1000000000000005,233,0.8
2000,1,7,16,30,-6,67,438,168,0.21,990,9.9,226,0.9
2000,1,7,17,30,-7.2,155,200,229,0.21,990,13,263,0.9
2000,1,7,18,30,-8,185,367,359,0.21,990,15.5,310,1
2000,1,7,19,30,-8.3,142,630,474,0.21,989,16.7,328,1.8
2000,1,7,20,30,-8.4,78,934,573,0.21,989,16.8,334,2.7
2000,1,7,21,30,-8.200000000000001,189,374,370,0.21,988,16.2,335,3
2000,1,7,22,30,-7.800000000000001,153,298,268,0.21,988,14.9,336,2.9000000000000004
2000,1,7,23,30,-7.1000000000000005,73,451,187,0.21,988,14.100000000000001,337,2.7
2000,1,8,0,30,-6.1000000000000005,29,180,44,0.2,989,8.6,328,1.5
2000,1,8,1,30,-5.9,0,0,0,0.2,990,6.2,323,1.3
2000,1,8,2,30,-5.7,0,0,0,0.2,990,5.1000000000000005,317,1.2000000000000002
2000,1,8,3,30,-5.6000000000000005,0,0,0,0.2,990,4.6000000000000005,304,1.1
2000,1,8,4,30,-5.4,0,0,0,0.2,990,4.3,270,1
2000,1,8,5,30,-5.300000000000001,0,0,0,0.2,990,3.9000000000000004,239,1
2000,1,8,6,30,-5.1000000000000005,0,0,0,0.2,989,3.5,235,1
2000,1,8,7,30,-5.2,0,0,0,0.2,989,3.4000000000000004,247,1
2000,1,8,8,30,-5.300000000000001,0,0,0,0.2,989,3.3000000000000003,266,1
2000,1,8,9,30,-5.5,0,0,0,0.2,989,3.1,280,1
2000,1,8,10,30,-5.4,0,0,0,0.2,989,2.7,286,1.1
2000,1,8,11,30,-5.1000000000000005,0,0,0,0.2,988,2.3000000000000003,288,1.1
2000,1,8,12,30,-4.6000000000000005,0,0,0,0.2,989,2,284,1.1
2000,1,8,13,30,-4.1000000000000005,0,0,0,0.2,989,1.6,275,1
2000,1,8,14,30,-3.7,0,0,0,0.2,989,1.6,267,1
2000,1,8,15,30,-3.3000000000000003,22,17,23,0.2,989,3.8000000000000003,257,1.1
2000,1,8,16,30,-3,87,34,95,0.2,990,7.1000000000000005,254,1.3
2000,1,8,17,30,-3.2,146,288,254,0.2,990,9.9,279,1.5
2000,1,8,18,30,-4,71,915,505,0.2,989,12.3,305,1.9000000000000001
2000,1,8,19,30,-4.5,74,946,574,0.2,988,13.8,313,2.3000000000000003
2000,1,8,20,30,-5,74,941,575,0.2,987,14.700000000000001,315,2.7
2000,1,8,21,30,-5.1000000000000005,73,914,516,0.2,987,14.700000000000001,313,2.7
2000,1,8,22,30,-5.1000000000000005,64,860,400,0.2,987,14.100000000000001,314,2.6
2000,1,8,23,30,-4.800000000000001,97,204,149,0.2,987,13.600000000000001,318,2.6
2000,1,9,0,30,-3.7,28,408,63,0.2,987,9.1,265,0.8
2000,1,9,1,30,-3.1,0,0,0,0.2,987,7.800000000000001,221,0.8
2000,1,9,2,30,-2.8000000000000003,0,0,0,0.2,987,7.1000000000000005,201,0.9
2000,1,9,3,30,-2,0,0,0,0.2,988,6.4,209,1
2000,1,9,4,30,-1.2000000000000002,0,0,0,0.2,988,6.1000000000000005,218,1
2000,1,9,5,30,-0.5,0,0,0,0.2,988,5.9,224,1
2000,1,9,6,30,0.4,0,0,0,0.2,988,5.7,225,1
2000,1,9,7,30,1.4000000000000001,0,0,0,0.2,988,5.5,230,1.1
2000,1,9,8,30,2.5,0,0,0,0.2,988,5.300000000000001,233,1.1
2000,1,9,9,30,3.2,0,0,0,0.2,988,4.800000000000001,233,1.1
2000,1,9,10,30,3.7,0,0,0,0.2,988,4.1000000000000005,232,1.1
2000,1,9,11,30,3.7,0,0,0,0.2,988,3.7,231,1.2000000000000002
2000,1,9,12,30,3.4000000000000004,0,0,0,0.2,988,3.4000000000000004,233,1.2000000000000002
2000,1,9,13,30,3.3000000000000003,0,0,0,0.2,989,3.3000000000000003,231,1.2000000000000002
2000,1,9,14,30,3.6,0,0,0,0.2,989,3.6,224,1.1
2000,1,9,15,30,3.9000000000000004,24,231,39,0.2,989,5.5,218,1.5
2000,1,9,16,30,3.8000000000000003,61,606,201,0.2,990,8.200000000000001,215,1.9000000000000001
2000,1,9,17,30,3.5,152,247,244,0.2,990,10.5,225,1.7000000000000002
2000,1,9,18,30,2.7,184,383,366,0.2,989,12.700000000000001,266,1.6
2000,1,9,19,30,2,193,466,440,0.2,989,14.3,307,2
2000,1,9,20,30,1.3,87,878,557,0.2,988,15.100000000000001,322,2.3000000000000003
2000,1,9,21,30,1.1,194,363,371,0.2,988,15.3,328,2.2
2000,1,9,22,30,1,74,791,385,0.2,988,14.8,328,1.9000000000000001
2000,1,9,23,30,1.2000000000000002,84,369,179,0.2,987,14.3,326,1.8
2000,1,10,0,30,1.8,32,91,40,0.2,987,10.200000000000001,221,0.6000000000000001
2000,1,10,1,30,2.5,0,0,0,0.2,988,8.5,177,0.6000000000000001
2000,1,10,2,30,2.9000000000000004,0,0,0,0.2,988,7.9,169,0.7000000000000001
2000,1,10,3,30,3,0,0,0,0.2,988,7.5,182,0.8
2000,1,10,4,30,3,0,0,0,0.2,988,7.2,201,0.8
2000,1,10,5,30,2.9000000000000004,0,0,0,0.2,988,6.7,211,0.9
2000,1,10,6,30,2.9000000000000004,0,0,0,0.2,988,6.1000000000000005,224,1
2000,1,10,7,30,3.1,0,0,0,0.2,987,5.6000000000000005,245,1
2000,1,10,8,30,3.4000000000000004,0,0,0,0.2,987,5.1000000000000005,258,1
2000,1,10,9,30,3.7,0,0,0,0.2,987,4.5,258,1
2000,1,10,10,30,3.8000000000000003,0,0,0,0.2,987,3.8000000000000003,256,0.9
2000,1,10,11,30,3.5,0,0,0,0.2,986,3.5,251,0.9
2000,1,10,12,30,3.2,0,0,0,0.2,987,3.2,238,1
2000,1,10,13,30,3,0,0,0,0.2,987,3,229,1
2000,1,10,14,30,3.3000000000000003,0,0,0,0.2,988,3.3000000000000003,228,1.1
2000,1,10,15,30,4.2,25,233,39,0.2,988,5.300000000000001,233,1.6
2000,1,10,16,30,4.4,62,613,204,0.2,988,7.7,256,2.1
2000,1,10,17,30,4.7,78,783,371,0.2,989,9.700000000000001,292,2.2
2000,1,10,18,30,5,97,826,491,0.2,988,11.5,313,2.4000000000000004
2000,1,10,19,30,5.300000000000001,97,874,562,0.2,987,13.100000000000001,319,2.5
2000,1,10,20,30,5.4,93,888,570,0.2,986,14.200000000000001,326,2.5
2000,1,10,21,30,5.2,88,867,513,0.2,986,14.4,335,2.5
2000,1,10,22,30,5.1000000000000005,78,809,398,0.2,986,13.9,340,2.3000000000000003
2000,1,10,23,30,5.300000000000001,61,682,238,0.2,986,13.600000000000001,340,2.1
2000,1,11,0,30,5.6000000000000005,31,383,67,0.2,986,9.600000000000001,256,0.6000000000000001
2000,1,11,1,30,5.800000000000001,0,0,0,0.2,986,7.800000000000001,158,0.8
2000,1,11,2,30,5.9,0,0,0,0.2,986,7.2,165,0.9
2000,1,11,3,30,5.9,0,0,0,0.2,986,6.800000000000001,172,0.9
2000,1,11,4,30,6,0,0,0,0.2,986,6.300000000000001,178,0.9
2000,1,11,5,30,6.1000000000000005,0,0,0,0.2,986,6.1000000000000005,182,1
2000,1,11,6,30,6,0,0,0,0.2,986,6,185,1
2000,1,11,7,30,5.9,0,0,0,0.2,985,5.9,189,1
2000,1,11,8,30,5.800000000000001,0,0,0,0.2,985,5.800000000000001,195,1
2000,1,11,9,30,5.7,0,0,0,0.2,985,5.7,200,0.9
2000,1,11,10,30,5.5,0,0,0,0.2,985,5.5,202,0.8
2000,1,11,11,30,5.4,0,0,0,0.2,985,5.4,202,0.8
2000,1,11,12,30,5.2,0,0,0,0.2,985,5.2,204,0.8
2000,1,11,13,30,4.9,0,0,0,0.2,986,4.9,206,0.9
2000,1,11,14,30,5.1000000000000005,0,0,0,0.2,986,5.1000000000000005,207,0.9
2000,1,11,15,30,5.800000000000001,17,0,17,0.2,987,6.6000000000000005,206,1.4000000000000001
2000,1,11,16,30,5.9,83,7,85,0.2,987,8.9,206,1.6
2000,1,11,17,30,6.1000000000000005,116,493,301,0.2,987,11.4,239,1.2000000000000002
2000,1,11,18,30,6.2,76,866,491,0.2,987,13.9,292,1.4000000000000001
2000,1,11,19,30,6.1000000000000005,81,890,557,0.2,986,15.200000000000001,317,1.9000000000000001
2000,1,11,20,30,6.2,83,890,562,0.2,985,15.5,325,2
2000,1,11,21,30,6.4,80,862,506,0.2,985,15.3,335,1.7000000000000002
2000,1,11,22,30,6.6000000000000005,71,805,392,0.2,985,14.9,344,1.3
2000,1,11,23,30,6.9,71,509,204,0.2,985,14.5,347,1.1
2000,1,12,0,30,7.2,34,124,46,0.2,985,11.5,109,0.9
2000,1,12,1,30,7.4,0,0,0,0.2,985,10.100000000000001,125,1
2000,1,12,2,30,7.6000000000000005,0,0,0,0.2,985,9.8,136,1
2000,1,12,3,30,8,0,0,0,0.2,985,9.8,145,1.1
2000,1,12,4,30,8.3,0,0,0,0.2,985,9.9,157,1
2000,1,12,5,30,8.700000000000001,0,0,0,0.2,985,9.9,172,0.9
2000,1,12,6,30,9.1,0,0,0,0.2,985,9.8,182,0.8
2000,1,12,7,30,9.3,0,0,0,0.2,985,9.700000000000001,184,0.7000000000000001
2000,1,12,8,30,9.5,0,0,0,0.2,985,9.8,174,0.6000000000000001
2000,1,12,9,30,9.5,0,0,0,0.2,985,9.8,134,0.4
2000,1,12,10,30,9.3,0,0,0,0.2,985,9.600000000000001,91,0.5
2000,1,12,11,30,9.200000000000001,0,0,0,0.2,985,9.200000000000001,82,0.6000000000000001
2000,1,12,12,30,8.9,0,0,0,0.2,985,8.9,89,0.7000000000000001
2000,1,12,13,30,8.8,0,0,0,0.2,986,8.8,98,0.7000000000000001
2000,1,12,14,30,8.6,0,0,0,0.2,986,8.8,111,0.7000000000000001
2000,1,12,15,30,8.5,25,204,38,0.2,987,9.700000000000001,128,1.1
2000,1,12,16,30,8.6,65,564,197,0.2,987,11.4,136,1.4000000000000001
2000,1,12,17,30,8.4,160,167,223,0.2,987,13.5,130,1
2000,1,12,18,30,7.800000000000001,190,362,364,0.2,987,15.8,214,0.6000000000000001
2000,1,12,19,30,7,218,35,237,0.2,986,17.6,308,0.9
2000,1,12,20,30,6.4,98,794,529,0.2,986,18.6,317,1.7000000000000002
2000,1,12,21,30,6.2,81,862,508,0.2,985,18.7,325,2.4000000000000004
2000,1,12,22,30,6.2,76,797,396,0.2,985,18.1,331,2.6
2000,1,12,23,30,6.4,62,666,239,0.2,986,17.7,334,2.7
2000,1,13,0,30,6.7,32,388,70,0.19,986,13.100000000000001,172,1.2000000000000002
2000,1,13,1,30,7,0,0,0,0.19,986,11.3,15,1
2000,1,13,2,30,7.1000000000000005,0,0,0,0.19,987,11,54,0.9
2000,1,13,3,30,7.1000000000000005,0,0,0,0.19,987,10.600000000000001,100,0.8
2000,1,13,4,30,7,0,0,0,0.19,988,10,134,0.8
2000,1,13,5,30,6.9,0,0,0,0.19,988,9.3,150,0.8
2000,1,13,6,30,7,0,0,0,0.19,988,8.6,153,0.9
2000,1,13,7,30,7,0,0,0,0.19,988,7.800000000000001,151,1
2000,1,13,8,30,7.1000000000000005,0,0,0,0.19,988,7.1000000000000005,150,1.1
2000,1,13,9,30,6.800000000000001,0,0,0,0.19,988,6.800000000000001,151,1.1
2000,1,13,10,30,6.6000000000000005,0,0,0,0.19,988,6.6000000000000005,154,1.2000000000000002
2000,1,13,11,30,6.5,0,0,0,0.19,988,6.5,157,1.2000000000000002
2000,1,13,12,30,6.5,0,0,0,0.19,988,6.5,161,1.2000000000000002
2000,1,13,13,30,6.4,0,0,0,0.19,988,6.4,166,1.2000000000000002
2000,1,13,14,30,6.7,0,0,0,0.19,988,6.7,169,1.2000000000000002
2000,1,13,15,30,7.1000000000000005,22,354,44,0.19,988,9.3,170,1.6
2000,1,13,16,30,7,49,711,216,0.19,989,13.5,162,1.9000000000000001
2000,1,13,17,30,6.2,63,846,384,0.19,989,17.3,151,1.6
2000,1,13,18,30,2.6,69,916,511,0.19,988,20.6,156,1.4000000000000001
2000,1,13,19,30,-0.30000000000000004,72,946,581,0.19,987,22.700000000000003,177,1.4000000000000001
2000,1,13,20,30,-2.4000000000000004,72,955,592,0.19,986,24,219,1.2000000000000002
2000,1,13,21,30,-4.1000000000000005,174,481,414,0.19,986,24.400000000000002,279,1.3
2000,1,13,22,30,-4.800000000000001,147,389,305,0.19,986,23.200000000000003,323,1.4000000000000001
2000,1,13,23,30,-2.8000000000000003,88,382,191,0.19,986,22.1,335,1.2000000000000002
2000,1,14,0,30,-1.5,35,206,55,0.19,987,15.200000000000001,348,1.3
2000,1,14,1,30,-0.6000000000000001,0,0,0,0.19,987,12.8,346,1.3
2000,1,14,2,30,0.5,0,0,0,0.19,988,11.700000000000001,330,1.1
2000,1,14,3,30,1.3,0,0,0,0.19,988,11,300,1.1
2000,1,14,4,30,2.2,0,0,0,0.19,988,10.3,272,1.1
2000,1,14,5,30,3.2,0,0,0,0.19,988,9.700000000000001,254,1.1
2000,1,14,6,30,4,0,0,0,0.19,987,9.4,239,1
2000,1,14,7,30,4.3,0,0,0,0.19,987,9.1,224,1
2000,1,14,8,30,4.1000000000000005,0,0,0,0.19,987,9,208,1.1
2000,1,14,9,30,3.5,0,0,0,0.19,986,9.200000000000001,193,1.1
2000,1,14,10,30,2.6,0,0,0,0.19,986,9.600000000000001,181,1.2000000000000002
2000,1,14,11,30,1.5,0,0,0,0.19,985,9.9,176,1.2000000000000002
2000,1,14,12,30,0.6000000000000001,0,0,0,0.19,985,10,178,1.2000000000000002
2000,1,14,13,30,-0.1,0,0,0,0.19,985,10.100000000000001,182,1.2000000000000002
2000,1,14,14,30,-0.30000000000000004,0,0,0,0.19,985,10.4,194,1.1
2000,1,14,15,30,-0.30000000000000004,23,57,27,0.19,986,12.200000000000001,217,1
2000,1,14,16,30,0.30000000000000004,92,125,122,0.19,986,15.5,243,1.3
2000,1,14,17,30,0.6000000000000001,161,107,202,0.19,987,18,276,1.7000000000000002
2000,1,14,18,30,0.30000000000000004,70,0,70,0.19,987,19,304,2
2000,1,14,19,30,0.8,215,29,231,0.19,987,19,316,2.3000000000000003
2000,1,14,20,30,1.7000000000000002,220,391,434,0.19,986,18.7,335,2.3000000000000003
2000,1,14,21,30,2.6,193,401,395,0.19,986,18.2,185,2
2000,1,14,22,30,3.3000000000000003,165,45,184,0.19,985,17.2,48,1.6
2000,1,14,23,30,3.7,109,103,137,0.19,985,16.7,72,1.4000000000000001
2000,1,15,0,30,3.8000000000000003,37,33,40,0.18,985,13.600000000000001,122,1
2000,1,15,1,30,3.6,0,0,0,0.18,985,12.5,138,1.1
2000,1,15,2,30,3.1,0,0,0,0.18,985,11.9,146,1.1
2000,1,15,3,30,2.3000000000000003,0,0,0,0.18,985,11.8,151,1.2000000000000002
2000,1,15,4,30,1.6,0,0,0,0.18,985,11.9,156,1.2000000000000002
2000,1,15,5,30,1.1,0,0,0,0.18,985,12.200000000000001,157,1.2000000000000002
2000,1,15,6,30,0.8,0,0,0,0.18,985,12.600000000000001,155,1.1
2000,1,15,7,30,0.6000000000000001,0,0,0,0.18,985,12.9,150,1
2000,1,15,8,30,0.6000000000000001,0,0,0,0.18,984,12.9,132,0.9
2000,1,15,9,30,0.7000000000000001,0,0,0,0.18,983,12.3,111,1
2000,1,15,10,30,0.8,0,0,0,0.18,983,11.600000000000001,103,1.2000000000000002
2000,1,15,11,30,1,0,0,0,0.18,982,11.700000000000001,112,1.1
2000,1,15,12,30,1.3,0,0,0,0.18,982,12,139,0.9
2000,1,15,13,30,1.5,0,0,0,0.18,982,11.600000000000001,170,0.9
2000,1,15,14,30,1.7000000000000002,0,0,0,0.18,982,11.3,188,1
2000,1,15,15,30,1.8,23,68,28,0.18,982,12.700000000000001,189,1.1
2000,1,15,16,30,2,34,0,34,0.18,982,16,170,1.6
2000,1,15,17,30,2.2,162,97,199,0.18,982,19.1,149,2.3000000000000003
2000,1,15,18,30,2.3000000000000003,203,49,227,0.18,981,21.400000000000002,150,2.4000000000000004
2000,1,15,19,30,1.9000000000000001,171,3,173,0.18,980,23,185,2.1
2000,1,15,20,30,1.6,248,86,295,0.18,980,23.200000000000003,232,1.9000000000000001
2000,1,15,21,30,2.1,108,0,108,0.18,980,21.8,259,1.9000000000000001
2000,1,15,22,30,2.2,85,0,85,0.18,980,19.900000000000002,277,1.7000000000000002
2000,1,15,23,30,3.2,4,0,4,0.18,980,19.200000000000003,286,1.6
2000,1,16,0,30,4.1000000000000005,23,0,23,0.18,981,15.700000000000001,311,1.3
2000,1,16,1,30,4.7,0,0,0,0.18,981,14.8,333,1
2000,1,16,2,30,4.9,0,0,0,0.18,981,14.5,202,0.8
2000,1,16,3,30,4.800000000000001,0,0,0,0.18,981,14.100000000000001,77,1
2000,1,16,4,30,4.5,0,0,0,0.18,981,13.9,114,1.1
2000,1,16,5,30,4,0,0,0,0.18,982,14.100000000000001,143,1.2000000000000002
2000,1,16,6,30,3.5,0,0,0,0.18,982,14.200000000000001,170,1.3
2000,1,16,7,30,3.7,0,0,0,0.18,983,13.9,182,1.4000000000000001
2000,1,16,8,30,4.7,0,0,0,0.18,983,13.5,176,1.4000000000000001
2000,1,16,9,30,6,0,0,0,0.18,983,13,159,1.6
2000,1,16,10,30,6.9,0,0,0,0.18,983,12.600000000000001,144,1.8
2000,1,16,11,30,7.5,0,0,0,0.18,983,12.3,139,1.9000000000000001
2000,1,16,12,30,8,0,0,0,0.18,983,12.3,145,2
2000,1,16,13,30,8.5,0,0,0,0.18,983,12.200000000000001,153,2
2000,1,16,14,30,9,0,0,0,0.18,984,12.3,160,1.9000000000000001
2000,1,16,15,30,9.5,23,3,23,0.18,984,12.9,166,1.7000000000000002
2000,1,16,16,30,10.100000000000001,72,0,72,0.18,985,13.9,167,1.7000000000000002
2000,1,16,17,30,10.5,163,104,203,0.18,985,14.700000000000001,174,1.7000000000000002
2000,1,16,18,30,10.5,110,0,110,0.18,985,15.100000000000001,208,1.6
2000,1,16,19,30,10.4,178,5,181,0.18,985,15.200000000000001,255,1.7000000000000002
2000,1,16,20,30,10.200000000000001,216,26,230,0.18,985,14.9,288,1.9000000000000001
2000,1,16,21,30,10,222,74,260,0.18,985,14.5,311,2
2000,1,16,22,30,9.9,164,34,178,0.18,985,13.9,327,1.8
2000,1,16,23,30,9.9,30,0,30,0.18,985,13.600000000000001,333,1.6
2000,1,17,0,30,9.9,21,0,21,0.18,985,12.3,342,0.9
2000,1,17,1,30,10,0,0,0,0.18,985,11.9,349,0.6000000000000001
2000,1,17,2,30,10,0,0,0,0.18,985,11.700000000000001,351,0.5
2000,1,17,3,30,10,0,0,0,0.18,986,11.600000000000001,342,0.5
2000,1,17,4,30,10.100000000000001,0,0,0,0.18,986,11.600000000000001,336,0.5
2000,1,17,5,30,10,0,0,0,0.18,986,11.600000000000001,176,0.5
2000,1,17,6,30,10,0,0,0,0.18,986,11.4,21,0.5
2000,1,17,7,30,10,0,0,0,0.18,986,11.200000000000001,32,0.6000000000000001
2000,1,17,8,30,10.100000000000001,0,0,0,0.18,985,11.100000000000001,47,0.6000000000000001
2000,1,17,9,30,10.100000000000001,0,0,0,0.18,985,11.100000000000001,62,0.6000000000000001
2000,1,17,10,30,10.100000000000001,0,0,0,0.18,985,11.3,81,0.5
2000,1,17,11,30,10.100000000000001,0,0,0,0.18,985,11.5,107,0.5
2000,1,17,12,30,10.100000000000001,0,0,0,0.18,985,11.600000000000001,123,0.6000000000000001
2000,1,17,13,30,10.100000000000001,0,0,0,0.18,985,11.5,125,0.6000000000000001
2000,1,17,14,30,10.200000000000001,0,0,0,0.18,985,11.5,121,0.7000000000000001
2000,1,17,15,30,10.3,15,0,15,0.18,986,12,110,0.7000000000000001
2000,1,17,16,30,10.8,79,0,79,0.18,986,13,107,1
2000,1,17,17,30,11.4,158,243,252,0.18,986,14.200000000000001,115,1.5
2000,1,17,18,30,11.9,75,0,75,0.18,986,15.3,124,1.7000000000000002
2000,1,17,19,30,12.5,94,0,94,0.18,985,16.3,138,1.7000000000000002
2000,1,17,20,30,12.9,248,76,291,0.18,985,17.1,163,1.5
2000,1,17,21,30,12.8,97,0,97,0.18,985,17.400000000000002,185,1.1
2000,1,17,22,30,12.700000000000001,87,0,87,0.18,985,17.1,116,0.7000000000000001
2000,1,17,23,30,12.8,40,0,40,0.18,985,16.7,39,0.6000000000000001
2000,1,18,0,30,12.5,12,0,12,0.18,985,14.5,73,0.9
2000,1,18,1,30,12.200000000000001,0,0,0,0.18,985,13.8,102,1
2000,1,18,2,30,11.8,0,0,0,0.18,984,13.3,123,1.1
2000,1,18,3,30,11.4,0,0,0,0.18,984,12.8,140,1.1
2000,1,18,4,30,11,0,0,0,0.18,984,12.600000000000001,153,1.3
2000,1,18,5,30,10.700000000000001,0,0,0,0.18,985,12.600000000000001,158,1.5
2000,1,18,6,30,10.8,0,0,0,0.18,985,12.600000000000001,154,1.5
2000,1,18,7,30,10.8,0,0,0,0.18,985,12.600000000000001,147,1.5
2000,1,18,8,30,10.9,0,0,0,0.18,985,12.600000000000001,136,1.5
2000,1,18,9,30,11,0,0,0,0.18,984,12.700000000000001,129,1.7000000000000002
2000,1,18,10,30,11.100000000000001,0,0,0,0.18,984,12.8,128,1.8
2000,1,18,11,30,11.200000000000001,0,0,0,0.18,983,12.9,129,1.8
2000,1,18,12,30,11.200000000000001,0,0,0,0.18,983,12.700000000000001,132,1.5
2000,1,18,13,30,11,0,0,0,0.18,984,12.200000000000001,128,1.3
2000,1,18,14,30,10.8,0,0,0,0.18,984,12.4,118,1.1
2000,1,18,15,30,11.3,21,0,21,0.18,984,14.3,107,1.3
2000,1,18,16,30,12.600000000000001,13,0,13,0.18,985,16.7,98,1.7000000000000002
2000,1,18,17,30,12.5,33,0,33,0.18,985,18.6,101,1.5
2000,1,18,18,30,11.8,75,0,75,0.18,985,20.200000000000003,172,1.2000000000000002
2000,1,18,19,30,10.9,183,7,186,0.18,984,21.1,252,1.6
2000,1,18,20,30,10.5,194,11,200,0.18,984,21.3,272,2
2000,1,18,21,30,10.4,59,0,59,0.18,983,21.1,285,2.1
2000,1,18,22,30,10.4,81,0,81,0.18,984,20.6,295,1.9000000000000001
2000,1,18,23,30,10.700000000000001,113,180,165,0.18,984,20.1,300,1.8
2000,1,19,0,30,11.600000000000001,30,0,30,0.18,985,16.5,329,0.8
2000,1,19,1,30,11.3,0,0,0,0.18,985,15.100000000000001,347,0.8
2000,1,19,2,30,11.600000000000001,0,0,0,0.18,986,14.700000000000001,195,0.7000000000000001
2000,1,19,3,30,11.700000000000001,0,0,0,0.18,986,14.4,54,0.6000000000000001
2000,1,19,4,30,11.700000000000001,0,0,0,0.18,986,14.100000000000001,89,0.6000000000000001
2000,1,19,5,30,11.600000000000001,0,0,0,0.18,986,13.700000000000001,107,0.7000000000000001
2000,1,19,6,30,11.5,0,0,0,0.18,986,13.100000000000001,114,0.9
2000,1,19,7,30,11.3,0,0,0,0.18,986,12.5,117,1
2000,1,19,8,30,11.200000000000001,0,0,0,0.18,985,12,122,1
2000,1,19,9,30,11,0,0,0,0.18,985,11.600000000000001,128,1.1
2000,1,19,10,30,10.9,0,0,0,0.18,985,11.200000000000001,135,1.1
2000,1,19,11,30,10.8,0,0,0,0.18,984,11.100000000000001,148,1.1
2000,1,19,12,30,10.8,0,0,0,0.18,985,11.3,157,1
2000,1,19,13,30,10.700000000000001,0,0,0,0.18,985,11.5,155,1
2000,1,19,14,30,10.600000000000001,0,0,0,0.18,985,11.9,150,0.9
2000,1,19,15,30,10.700000000000001,24,0,24,0.18,986,13.700000000000001,147,1.3
2000,1,19,16,30,11.4,78,373,169,0.18,986,16.2,147,1.6
2000,1,19,17,30,11.700000000000001,135,415,297,0.18,987,18.2,160,1.4000000000000001
2000,1,19,18,30,11.5,79,855,503,0.18,986,19.8,201,1.3
2000,1,19,19,30,11.200000000000001,244,291,405,0.18,986,20.3,247,1.5
2000,1,19,20,30,11,229,386,446,0.18,985,20.1,273,1.8
2000,1,19,21,30,10.9,220,311,380,0.18,985,19.700000000000003,291,1.8
2000,1,19,22,30,11,177,253,285,0.18,985,18.8,306,1.3
2000,1,19,23,30,11.700000000000001,111,35,121,0.18,985,18.2,311,0.9
2000,1,20,0,30,11.600000000000001,26,0,26,0.18,985,15.700000000000001,337,0.8
2000,1,20,1,30,11.4,0,0,0,0.18,985,15,348,0.7000000000000001
2000,1,20,2,30,11.5,0,0,0,0.18,985,14.600000000000001,190,0.7000000000000001
2000,1,20,3,30,11.5,0,0,0,0.18,985,14.200000000000001,39,0.6000000000000001
2000,1,20,4,30,11.600000000000001,0,0,0,0.18,985,14.100000000000001,68,0.4
2000,1,20,5,30,11.700000000000001,0,0,0,0.18,985,14,163,0.30000000000000004
2000,1,20,6,30,11.700000000000001,0,0,0,0.18,985,13.5,250,0.6000000000000001
2000,1,20,7,30,11.700000000000001,0,0,0,0.18,985,12.9,262,0.8
2000,1,20,8,30,11.600000000000001,0,0,0,0.18,985,12.700000000000001,275,0.6000000000000001
2000,1,20,9,30,11.4,0,0,0,0.18,984,12.5,187,0.4
2000,1,20,10,30,11.3,0,0,0,0.18,984,12.200000000000001,101,0.4
2000,1,20,11,30,11.3,0,0,0,0.18,984,12.100000000000001,123,0.5
2000,1,20,12,30,11.3,0,0,0,0.18,983,12,138,0.6000000000000001
2000,1,20,13,30,11.3,0,0,0,0.18,984,11.9,146,0.7000000000000001
2000,1,20,14,30,11.3,0,0,0,0.18,984,12.100000000000001,148,0.8
2000,1,20,15,30,11.5,15,0,15,0.18,984,13.5,152,1.4000000000000001
2000,1,20,16,30,11.9,65,0,65,0.18,984,15.600000000000001,169,2
2000,1,20,17,30,11.9,75,748,367,0.18,984,17.2,202,2
2000,1,20,18,30,11.5,194,390,388,0.18,984,17.900000000000002,237,2.1
2000,1,20,19,30,11.200000000000001,259,163,350,0.18,983,17.900000000000002,259,2.4000000000000004
2000,1,20,20,30,11,262,116,327,0.18,983,17.5,272,2.5
2000,1,20,21,30,10.8,177,7,181,0.18,983,17,281,2.6
2000,1,20,22,30,10.600000000000001,180,65,208,0.18,983,16.400000000000002,287,2.6
2000,1,20,23,30,10.5,119,119,153,0.18,983,16,289,2.6
2000,1,21,0,30,10.4,37,0,37,0.2,983,14.200000000000001,292,1.6
2000,1,21,1,30,10.100000000000001,0,0,0,0.2,984,13.3,292,1.4000000000000001
2000,1,21,2,30,9.8,0,0,0,0.2,984,12.700000000000001,292,1.5
2000,1,21,3,30,9.600000000000001,0,0,0,0.2,984,12.100000000000001,293,1.4000000000000001
2000,1,21,4,30,9.3,0,0,0,0.2,984,11.5,295,1.2000000000000002
2000,1,21,5,30,9.1,0,0,0,0.2,984,10.8,292,1
2000,1,21,6,30,8.8,0,0,0,0.2,984,10.200000000000001,288,1
2000,1,21,7,30,8.5,0,0,0,0.2,984,9.8,288,1.1
2000,1,21,8,30,8.1,0,0,0,0.2,983,9.4,292,1.2000000000000002
2000,1,21,9,30,7.7,0,0,0,0.2,983,8.9,293,1.3
2000,1,21,10,30,7.2,0,0,0,0.2,983,8.5,289,1.5
2000,1,21,11,30,6.6000000000000005,0,0,0,0.2,983,8.1,283,1.7000000000000002
2000,1,21,12,30,5.9,0,0,0,0.2,983,7.800000000000001,277,1.7000000000000002
2000,1,21,13,30,5.1000000000000005,0,0,0,0.2,983,7.6000000000000005,272,1.7000000000000002
2000,1,21,14,30,4.3,0,0,0,0.2,984,7.6000000000000005,271,1.8
2000,1,21,15,30,3.7,25,0,25,0.2,985,8.6,273,1.9000000000000001
2000,1,21,16,30,3.6,9,0,9,0.2,985,10.5,296,2.1
2000,1,21,17,30,4.4,165,221,251,0.2,985,12.200000000000001,322,2.4000000000000004
2000,1,21,18,30,4.7,194,25,206,0.2,985,13.3,331,2.8000000000000003
2000,1,21,19,30,4.9,258,114,322,0.2,984,14,335,2.8000000000000003
2000,1,21,20,30,5,170,2,171,0.2,983,14.3,334,2.7
2000,1,21,21,30,4.9,127,0,127,0.2,983,14.200000000000001,329,2.4000000000000004
2000,1,21,22,30,4.9,184,229,282,0.2,983,13.8,321,2
2000,1,21,23,30,5,120,95,148,0.2,983,13.5,316,1.8
2000,1,22,0,30,5.800000000000001,46,63,54,0.2,983,11.100000000000001,291,0.9
2000,1,22,1,30,5.6000000000000005,0,0,0,0.2,984,10.100000000000001,282,0.8
2000,1,22,2,30,5.800000000000001,0,0,0,0.2,984,9.600000000000001,282,0.8
2000,1,22,3,30,6,0,0,0,0.2,984,9.200000000000001,287,0.8
2000,1,22,4,30,6.1000000000000005,0,0,0,0.2,984,9,289,0.8
2000,1,22,5,30,6.2,0,0,0,0.2,984,8.8,287,0.8
2000,1,22,6,30,6.2,0,0,0,0.2,983,8.5,285,0.8
2000,1,22,7,30,6.300000000000001,0,0,0,0.2,983,8,284,0.8
2000,1,22,8,30,6.4,0,0,0,0.2,983,7.4,283,0.9
2000,1,22,9,30,6.5,0,0,0,0.2,983,7,284,0.9
2000,1,22,10,30,6.6000000000000005,0,0,0,0.2,983,6.7,286,0.9
2000,1,22,11,30,6.4,0,0,0,0.2,983,6.4,282,0.8
2000,1,22,12,30,6.300000000000001,0,0,0,0.2,983,6.300000000000001,266,0.8
2000,1,22,13,30,6.2,0,0,0,0.2,984,6.2,245,0.7000000000000001
2000,1,22,14,30,6.5,0,0,0,0.2,984,6.6000000000000005,226,0.8
2000,1,22,15,30,6.5,26,31,28,0.2,984,7.9,214,1.1
2000,1,22,16,30,6.7,79,387,175,0.2,985,9.8,232,1.1
2000,1,22,17,30,6.9,165,228,255,0.2,985,11.8,277,1
2000,1,22,18,30,6.800000000000001,223,236,341,0.2,984,13.700000000000001,305,1.2000000000000002
2000,1,22,19,30,6.2,256,89,306,0.2,984,15.200000000000001,319,1.4000000000000001
2000,1,22,20,30,5.5,265,113,329,0.2,983,16.2,338,1.4000000000000001
2000,1,22,21,30,4.800000000000001,242,174,333,0.2,982,16.7,344,1.2000000000000002
2000,1,22,22,30,4.4,182,264,296,0.2,982,16.5,332,1.1
2000,1,22,23,30,4.2,119,193,177,0.2,982,16.2,325,1.2000000000000002
2000,1,23,0,30,6,46,160,67,0.2,983,12.8,191,0.7000000000000001
2000,1,23,1,30,5.6000000000000005,0,0,0,0.2,983,11.3,42,0.8
2000,1,23,2,30,5.9,0,0,0,0.2,984,10.3,75,0.9
2000,1,23,3,30,6,0,0,0,0.2,984,9.5,105,1
2000,1,23,4,30,5.7,0,0,0,0.2,984,8.9,129,1.1
2000,1,23,5,30,5.4,0,0,0,0.2,984,8.6,146,1.2000000000000002
2000,1,23,6,30,5.1000000000000005,0,0,0,0.2,984,8.700000000000001,157,1.2000000000000002
2000,1,23,7,30,4.9,0,0,0,0.2,984,9,163,1.2000000000000002
2000,1,23,8,30,4.800000000000001,0,0,0,0.2,984,9.200000000000001,159,1.1
2000,1,23,9,30,5.1000000000000005,0,0,0,0.2,984,9.4,141,1
2000,1,23,10,30,5.2,0,0,0,0.2,984,9.5,125,1
2000,1,23,11,30,5.300000000000001,0,0,0,0.2,983,9.600000000000001,121,1
2000,1,23,12,30,5.300000000000001,0,0,0,0.2,983,9.600000000000001,124,1.1
2000,1,23,13,30,5.5,0,0,0,0.2,984,9.700000000000001,128,1.3
2000,1,23,14,30,5.9,0,0,0,0.2,984,10.3,130,1.5
2000,1,23,15,30,6.6000000000000005,11,0,11,0.2,984,11.5,131,1.8
2000,1,23,16,30,7.6000000000000005,18,0,18,0.2,985,12.9,134,2
2000,1,23,17,30,8.4,29,0,29,0.2,985,14.3,132,1.7000000000000002
2000,1,23,18,30,9.700000000000001,15,0,15,0.2,985,15.700000000000001,126,1.3
2000,1,23,19,30,10.4,143,0,143,0.2,984,16.6,122,0.9
2000,1,23,20,30,10.700000000000001,90,0,90,0.2,984,16.900000000000002,114,0.7000000000000001
2000,1,23,21,30,10.8,147,0,147,0.2,983,16.8,220,0.7000000000000001
2000,1,23,22,30,11,71,0,71,0.2,984,16.2,178,0.8
2000,1,23,23,30,11.4,35,0,35,0.2,984,15.8,21,0.9
2000,1,24,0,30,11.8,14,0,14,0.2,984,13.8,72,0.8
2000,1,24,1,30,11.5,0,0,0,0.2,984,13.100000000000001,90,0.8
2000,1,24,2,30,11.4,0,0,0,0.2,985,12.8,103,0.9
2000,1,24,3,30,11.4,0,0,0,0.2,985,12.5,112,0.9
2000,1,24,4,30,11.3,0,0,0,0.2,985,12.3,118,0.9
2000,1,24,5,30,11.200000000000001,0,0,0,0.2,985,12.200000000000001,122,1
2000,1,24,6,30,11.200000000000001,0,0,0,0.2,985,12.100000000000001,123,1
2000,1,24,7,30,11.100000000000001,0,0,0,0.2,985,11.9,120,1.2000000000000002
2000,1,24,8,30,11,0,0,0,0.2,985,11.8,117,1.3
2000,1,24,9,30,11,0,0,0,0.2,984,11.9,115,1.5
2000,1,24,10,30,10.9,0,0,0,0.2,984,11.9,116,1.6
2000,1,24,11,30,10.9,0,0,0,0.2,983,11.9,121,1.5
2000,1,24,12,30,10.8,0,0,0,0.2,983,11.9,125,1.3
2000,1,24,13,30,10.8,0,0,0,0.2,984,11.8,126,1.2000000000000002
2000,1,24,14,30,10.700000000000001,0,0,0,0.2,984,12,123,1.2000000000000002
2000,1,24,15,30,10.9,7,0,7,0.2,984,13,115,1.4000000000000001
2000,1,24,16,30,12,70,0,70,0.2,985,14.200000000000001,109,2
2000,1,24,17,30,12.3,161,283,275,0.2,985,14.9,108,2.5
2000,1,24,18,30,12.5,228,101,280,0.2,984,15.600000000000001,112,2.6
2000,1,24,19,30,12.600000000000001,88,851,573,0.2,983,16.400000000000002,121,2.4000000000000004
2000,1,24,20,30,12.5,252,319,437,0.2,982,17,129,2.1
2000,1,24,21,30,12.200000000000001,244,114,305,0.2,982,17,126,1.9000000000000001
2000,1,24,22,30,12.4,90,0,90,0.2,982,16.7,123,1.7000000000000002
2000,1,24,23,30,12.600000000000001,13,0,13,0.2,982,16.5,125,1.6
2000,1,25,0,30,12.3,13,0,13,0.2,982,14.9,171,1.5
2000,1,25,1,30,12.200000000000001,0,0,0,0.2,982,14.100000000000001,185,1.5
2000,1,25,2,30,12.100000000000001,0,0,0,0.2,983,13.700000000000001,192,1.6
2000,1,25,3,30,11.700000000000001,0,0,0,0.2,983,13.3,194,1.6
2000,1,25,4,30,11.200000000000001,0,0,0,0.2,983,12.9,190,1.5
2000,1,25,5,30,10.9,0,0,0,0.2,983,12.5,181,1.3
2000,1,25,6,30,10.600000000000001,0,0,0,0.2,982,12.100000000000001,168,1.2000000000000002
2000,1,25,7,30,10.4,0,0,0,0.2,982,11.8,157,1
2000,1,25,8,30,10.3,0,0,0,0.2,981,11.700000000000001,146,0.9
2000,1,25,9,30,10.200000000000001,0,0,0,0.2,981,11.5,133,0.9
2000,1,25,10,30,10.200000000000001,0,0,0,0.2,981,11.4,122,0.9
2000,1,25,11,30,10.3,0,0,0,0.2,981,11.3,112,1
2000,1,25,12,30,10.4,0,0,0,0.2,981,11.3,106,1.2000000000000002
2000,1,25,13,30,10.4,0,0,0,0.2,981,11.3,105,1.5
2000,1,25,14,30,10.3,0,0,0,0.2,981,11.600000000000001,111,1.6
2000,1,25,15,30,10.600000000000001,18,0,18,0.2,981,12.4,120,1.9000000000000001
2000,1,25,16,30,11.100000000000001,13,0,13,0.2,982,13.5,135,2.3000000000000003
2000,1,25,17,30,11.4,76,772,387,0.2,982,14.5,159,2.2
2000,1,25,18,30,11.600000000000001,88,834,515,0.2,982,15.5,196,2
2000,1,25,19,30,11.4,219,23,232,0.2,981,16.400000000000002,237,2.2
2000,1,25,20,30,11,211,16,221,0.2,981,17,262,2.6
2000,1,25,21,30,10.4,171,3,172,0.2,981,16.900000000000002,274,2.9000000000000004
2000,1,25,22,30,10.200000000000001,79,0,79,0.2,981,16.1,285,2.8000000000000003
2000,1,25,23,30,10.4,61,0,61,0.2,981,15.600000000000001,290,2.7
2000,1,26,0,30,10.8,33,0,33,0.2,982,13.4,292,1.9000000000000001
2000,1,26,1,30,10.600000000000001,0,0,0,0.2,982,12.5,289,2.1
2000,1,26,2,30,10.3,0,0,0,0.2,983,11.8,287,2.7
2000,1,26,3,30,9.8,0,0,0,0.2,983,11.100000000000001,287,3.1
2000,1,26,4,30,9.3,0,0,0,0.2,983,10.4,288,3.3000000000000003
2000,1,26,5,30,8.9,0,0,0,0.2,983,9.9,291,3.3000000000000003
2000,1,26,6,30,8.5,0,0,0,0.2,984,9.4,294,3.1
2000,1,26,7,30,8.1,0,0,0,0.2,983,8.8,293,2.8000000000000003
2000,1,26,8,30,7.800000000000001,0,0,0,0.2,984,8.200000000000001,289,2.5
2000,1,26,9,30,7.300000000000001,0,0,0,0.2,984,7.9,290,2.6
2000,1,26,10,30,7.1000000000000005,0,0,0,0.2,984,7.9,296,2.7
2000,1,26,11,30,7,0,0,0,0.2,984,7.9,301,2.8000000000000003
2000,1,26,12,30,6.9,0,0,0,0.2,984,7.9,303,2.8000000000000003
2000,1,26,13,30,6.9,0,0,0,0.2,985,7.9,302,2.7
2000,1,26,14,30,6.9,0,0,0,0.2,985,7.9,302,2.9000000000000004
2000,1,26,15,30,6.800000000000001,32,257,53,0.2,986,8.200000000000001,307,3.2
2000,1,26,16,30,6.9,29,0,29,0.2,986,9,316,3.3000000000000003
2000,1,26,17,30,6.800000000000001,175,130,228,0.2,987,10.200000000000001,326,3.4000000000000004
2000,1,26,18,30,6.4,220,301,374,0.2,986,11.5,329,3.3000000000000003
2000,1,26,19,30,5.9,240,371,453,0.2,986,12.700000000000001,328,3.2
2000,1,26,20,30,5.2,219,19,230,0.2,985,13.700000000000001,329,3.2
2000,1,26,21,30,4.7,116,0,116,0.2,985,14.200000000000001,334,3.1
2000,1,26,22,30,4.3,86,0,86,0.2,985,13.8,341,3
2000,1,26,23,30,4.3,75,0,75,0.2,986,13.5,343,2.9000000000000004
2000,1,27,0,30,4.9,52,128,71,0.2,986,10,335,1.4000000000000001
2000,1,27,1,30,5,0,0,0,0.2,987,8.1,326,1.1
2000,1,27,2,30,5.2,0,0,0,0.2,987,7.4,321,1
2000,1,27,3,30,5.4,0,0,0,0.2,987,7,308,0.9
2000,1,27,4,30,5.5,0,0,0,0.2,987,6.800000000000001,291,1
2000,1,27,5,30,5.6000000000000005,0,0,0,0.2,988,6.6000000000000005,282,1
2000,1,27,6,30,5.7,0,0,0,0.2,988,6.5,280,1.1
2000,1,27,7,30,5.800000000000001,0,0,0,0.2,988,6.5,280,1.1
2000,1,27,8,30,5.9,0,0,0,0.2,988,6.2,280,1.2000000000000002
2000,1,27,9,30,5.6000000000000005,0,0,0,0.2,988,5.6000000000000005,275,1.2000000000000002
2000,1,27,10,30,5.1000000000000005,0,0,0,0.2,987,5.1000000000000005,266,1.1
2000,1,27,11,30,4.800000000000001,0,0,0,0.2,987,4.800000000000001,258,1.1
2000,1,27,12,30,4.7,0,0,0,0.2,987,4.7,256,1.1
2000,1,27,13,30,4.9,0,0,0,0.2,988,4.9,257,1.1
2000,1,27,14,30,5.2,0,0,0,0.2,988,5.5,256,1.2000000000000002
2000,1,27,15,30,5.1000000000000005,32,283,55,0.2,988,6.9,257,1.4000000000000001
2000,1,27,16,30,5.2,72,609,231,0.2,989,8.700000000000001,265,1.4000000000000001
2000,1,27,17,30,5.1000000000000005,176,106,219,0.2,989,10.700000000000001,279,1.3
2000,1,27,18,30,4.3,92,868,542,0.2,988,12.600000000000001,294,1.4000000000000001
2000,1,27,19,30,3.5,96,907,621,0.2,987,14.100000000000001,303,1.7000000000000002
2000,1,27,20,30,2.9000000000000004,91,925,635,0.2,986,15.200000000000001,311,2.1
2000,1,27,21,30,2.4000000000000004,82,919,583,0.2,986,15.600000000000001,322,2.3000000000000003
2000,1,27,22,30,2.1,76,868,469,0.2,985,15.3,332,2.4000000000000004
2000,1,27,23,30,2.2,63,767,306,0.2,985,14.9,335,2.4000000000000004
2000,1,28,0,30,4,39,551,121,0.2,986,10.600000000000001,337,1.1
2000,1,28,1,30,3.9000000000000004,0,0,0,0.2,986,8.700000000000001,171,1
2000,1,28,2,30,4.1000000000000005,0,0,0,0.2,987,8.200000000000001,24,0.7000000000000001
2000,1,28,3,30,4.3,0,0,0,0.2,987,7.800000000000001,95,0.5
2000,1,28,4,30,4.3,0,0,0,0.2,987,7.4,170,0.5
2000,1,28,5,30,4.2,0,0,0,0.2,987,6.7,203,0.7000000000000001
2000,1,28,6,30,4.1000000000000005,0,0,0,0.2,987,5.800000000000001,216,0.8
2000,1,28,7,30,4,0,0,0,0.2,987,5.300000000000001,222,0.8
2000,1,28,8,30,3.9000000000000004,0,0,0,0.2,986,5,224,0.8
2000,1,28,9,30,3.7,0,0,0,0.2,986,4.9,219,0.8
2000,1,28,10,30,3.4000000000000004,0,0,0,0.2,986,4.800000000000001,207,0.9
2000,1,28,11,30,3,0,0,0,0.2,985,4.7,189,0.9
2000,1,28,12,30,2.4000000000000004,0,0,0,0.2,985,4.3,170,1
2000,1,28,13,30,1.5,0,0,0,0.2,985,3.8000000000000003,153,1.1
2000,1,28,14,30,0.4,0,0,0,0.2,986,4.2,142,1.2000000000000002
2000,1,28,15,30,-0.2,26,414,61,0.2,986,7.2,141,1.9000000000000001
2000,1,28,16,30,-0.5,52,744,247,0.2,986,11.200000000000001,138,3
2000,1,28,17,30,-2.4000000000000004,64,875,425,0.2,986,14.8,132,3.8000000000000003
2000,1,28,18,30,-5,70,941,560,0.2,986,17.6,132,4.1000000000000005
2000,1,28,19,30,-6.2,74,967,638,0.2,985,19.3,135,3.9000000000000004
2000,1,28,20,30,-6.7,190,562,523,0.2,984,20.1,136,3.5
2000,1,28,21,30,-6.9,170,566,481,0.2,984,20.3,133,3.1
2000,1,28,22,30,-6.9,176,371,345,0.2,984,19.6,128,2.6
2000,1,28,23,30,-4.6000000000000005,59,794,313,0.2,984,19,126,2.3000000000000003
2000,1,29,0,30,0.2,39,562,124,0.18,984,13.3,118,1.3
2000,1,29,1,30,-1.1,0,0,0,0.18,984,11.200000000000001,124,1.5
2000,1,29,2,30,-1.6,0,0,0,0.18,985,10.100000000000001,132,1.5
2000,1,29,3,30,-2.2,0,0,0,0.18,985,8.9,136,1.5
2000,1,29,4,30,-2.7,0,0,0,0.18,985,7.9,139,1.5
2000,1,29,5,30,-3.1,0,0,0,0.18,985,7.1000000000000005,141,1.4000000000000001
2000,1,29,6,30,-3.4000000000000004,0,0,0,0.18,984,6.4,141,1.4000000000000001
2000,1,29,7,30,-3.7,0,0,0,0.18,984,5.800000000000001,141,1.3
2000,1,29,8,30,-4.1000000000000005,0,0,0,0.18,984,5.2,143,1.3
2000,1,29,9,30,-4.4,0,0,0,0.18,984,4.6000000000000005,145,1.3
2000,1,29,10,30,-4.5,0,0,0,0.18,984,4,148,1.4000000000000001
2000,1,29,11,30,-4.800000000000001,0,0,0,0.18,984,3.6,148,1.4000000000000001
2000,1,29,12,30,-5.1000000000000005,0,0,0,0.18,984,3.3000000000000003,146,1.5
2000,1,29,13,30,-5.7,0,0,0,0.18,984,3.1,143,1.6
2000,1,29,14,30,-6.4,0,0,0,0.18,984,4.1000000000000005,142,1.8
2000,1,29,15,30,-6.1000000000000005,30,21,32,0.18,984,7.5,145,2.6
2000,1,29,16,30,-6.800000000000001,90,342,181,0.18,984,11.600000000000001,141,3.6
2000,1,29,17,30,-7.300000000000001,180,123,231,0.18,984,15.100000000000001,135,4.2
2000,1,29,18,30,-6.7,178,511,446,0.18,983,17.7,139,4.3
2000,1,29,19,30,-5.5,199,528,509,0.18,982,18.900000000000002,145,3.9000000000000004
2000,1,29,20,30,-4.6000000000000005,282,179,388,0.18,981,19.3,147,3.5
2000,1,29,21,30,-3.8000000000000003,63,0,63,0.18,981,19.3,146,3
2000,1,29,22,30,-2.8000000000000003,100,0,100,0.18,981,18.7,139,2.2
2000,1,29,23,30,0.4,113,1,113,0.18,981,18.1,133,1.7000000000000002
2000,1,30,0,30,3.4000000000000004,49,428,115,0.18,981,13.5,103,0.9
2000,1,30,1,30,2.2,0,0,0,0.18,981,11.600000000000001,110,0.9
2000,1,30,2,30,2.5,0,0,0,0.18,982,10.600000000000001,129,0.9
2000,1,30,3,30,3,0,0,0,0.18,982,9.9,152,0.9
2000,1,30,4,30,3.8000000000000003,0,0,0,0.18,982,9.1,166,1
2000,1,30,5,30,4.5,0,0,0,0.18,983,8.200000000000001,167,1.2000000000000002
2000,1,30,6,30,5.1000000000000005,0,0,0,0.18,983,7.6000000000000005,165,1.4000000000000001
2000,1,30,7,30,5.300000000000001,0,0,0,0.18,983,7.5,164,1.6
2000,1,30,8,30,5.300000000000001,0,0,0,0.18,983,7.4,163,1.6
2000,1,30,9,30,5.4,0,0,0,0.18,983,7.5,159,1.5
2000,1,30,10,30,5.5,0,0,0,0.18,982,7.7,152,1.5
2000,1,30,11,30,5.5,0,0,0,0.18,982,7.9,144,1.4000000000000001
2000,1,30,12,30,5.7,0,0,0,0.18,982,8.200000000000001,141,1.5
2000,1,30,13,30,5.9,0,0,0,0.18,983,8.4,144,1.5
2000,1,30,14,30,6.4,0,0,0,0.18,983,8.9,144,1.6
2000,1,30,15,30,6.9,15,0,15,0.18,984,9.9,140,2.3000000000000003
2000,1,30,16,30,7.7,18,0,18,0.18,984,11.3,144,3
2000,1,30,17,30,8.3,58,0,58,0.18,984,12.9,153,3.4000000000000004
2000,1,30,18,30,8.8,191,14,198,0.18,984,14.5,168,3.5
2000,1,30,19,30,8.8,223,21,235,0.18,983,15.5,178,3.7
2000,1,30,20,30,8.6,248,38,271,0.18,982,15.9,182,4
2000,1,30,21,30,8.6,258,191,364,0.18,982,16.1,186,4.3
2000,1,30,22,30,8.8,118,0,118,0.18,982,15.600000000000001,195,4.2
2000,1,30,23,30,9.4,47,0,47,0.18,982,15.100000000000001,201,3.9000000000000004
2000,1,31,0,30,10,58,61,68,0.18,983,12.9,194,2
2000,1,31,1,30,10.100000000000001,0,0,0,0.18,983,12.4,191,1.8
2000,1,31,2,30,10.100000000000001,0,0,0,0.18,984,12.200000000000001,206,1.7000000000000002
2000,1,31,3,30,10.200000000000001,0,0,0,0.18,985,12,237,1.7000000000000002
2000,1,31,4,30,10.200000000000001,0,0,0,0.18,986,11.700000000000001,268,1.8
2000,1,31,5,30,9.9,0,0,0,0.18,986,11,286,1.8
2000,1,31,6,30,9.5,0,0,0,0.18,987,10.100000000000001,298,1.7000000000000002
2000,1,31,7,30,8.9,0,0,0,0.18,987,9,304,1.5
2000,1,31,8,30,7.9,0,0,0,0.18,987,7.9,304,1.3
2000,1,31,9,30,7.4,0,0,0,0.18,987,7.4,299,1.3
2000,1,31,10,30,7.1000000000000005,0,0,0,0.18,986,7.2,296,1.3
2000,1,31,11,30,6.800000000000001,0,0,0,0.18,987,7.1000000000000005,295,1.4000000000000001
2000,1,31,12,30,6.6000000000000005,0,0,0,0.18,987,7.1000000000000005,297,1.5
2000,1,31,13,30,6.5,0,0,0,0.18,987,7.1000000000000005,302,1.3
2000,1,31,14,30,6.4,0,0,0,0.18,988,7.300000000000001,302,1.3
2000,1,31,15,30,6.5,32,27,34,0.18,988,8.1,307,1.7000000000000002
2000,1,31,16,30,6.800000000000001,71,525,213,0.18,989,9.5,318,2.1
2000,1,31,17,30,6.300000000000001,174,266,286,0.18,990,10.8,321,2.4000000000000004
2000,1,31,18,30,5.5,186,492,447,0.18,990,12.4,321,2.8000000000000003
2000,1,31,19,30,4.6000000000000005,93,880,616,0.18,989,13.9,323,3.1
2000,1,31,20,30,4,91,889,628,0.18,989,15,326,3.4000000000000004
2000,1,31,21,30,4,222,411,452,0.18,988,15.3,331,3.6
2000,1,31,22,30,4,160,477,383,0.18,988,15,335,3.5
2000,1,31,23,30,4.2,124,309,227,0.18,988,14.700000000000001,336,3.3000000000000003
2007,2,1,0,30,4.4,52,0,52,0.22,979,10.600000000000001,186,1
2007,2,1,1,30,4.1000000000000005,0,0,0,0.22,979,9,26,0.7000000000000001
2007,2,1,2,30,4.2,0,0,0,0.22,980,8.3,184,0.5
2007,2,1,3,30,4.4,0,0,0,0.22,980,7.300000000000001,314,0.5
2007,2,1,4,30,4.4,0,0,0,0.22,980,6.2,293,0.8
2007,2,1,5,30,4.5,0,0,0,0.22,980,5.4,291,0.9
2007,2,1,6,30,4.5,0,0,0,0.22,980,4.9,289,1
2007,2,1,7,30,4.6000000000000005,0,0,0,0.22,980,4.6000000000000005,285,1
2007,2,1,8,30,4.5,0,0,0,0.22,980,4.5,285,1
2007,2,1,9,30,4.4,0,0,0,0.22,980,4.5,289,1
2007,2,1,10,30,4.4,0,0,0,0.22,980,4.6000000000000005,292,1
2007,2,1,11,30,4.5,0,0,0,0.22,980,5,294,0.9
2007,2,1,12,30,4.6000000000000005,0,0,0,0.22,981,5.300000000000001,294,0.9
2007,2,1,13,30,4.6000000000000005,0,0,0,0.22,981,5.300000000000001,294,0.8
2007,2,1,14,30,4.6000000000000005,0,0,0,0.22,981,5.800000000000001,297,0.9
2007,2,1,15,30,4.6000000000000005,12,0,12,0.22,982,7.1000000000000005,308,1.4000000000000001
2007,2,1,16,30,4.4,47,0,47,0.22,982,8.700000000000001,322,1.8
2007,2,1,17,30,4,183,196,267,0.22,982,10.3,330,1.9000000000000001
2007,2,1,18,30,3.5,145,742,543,0.22,982,11.8,331,2.1
2007,2,1,19,30,3.2,143,805,625,0.22,982,13,332,2.2
2007,2,1,20,30,2.8000000000000003,286,115,356,0.22,981,13.700000000000001,333,2.4000000000000004
2007,2,1,21,30,2.5,126,726,538,0.22,981,13.700000000000001,330,2.5
2007,2,1,22,30,2.3000000000000003,114,770,479,0.22,981,13.100000000000001,327,2.5
2007,2,1,23,30,2.2,95,651,315,0.22,981,12.700000000000001,326,2.5
2007,2,2,0,30,2.9000000000000004,66,355,125,0.22,982,9.200000000000001,343,1.1
2007,2,2,1,30,2.9000000000000004,0,0,0,0.22,982,7.300000000000001,198,0.6000000000000001
2007,2,2,2,30,3.1,0,0,0,0.22,983,6.5,58,0.5
2007,2,2,3,30,3.1,0,0,0,0.22,983,5.9,117,0.5
2007,2,2,4,30,3,0,0,0,0.22,983,5.300000000000001,182,0.6000000000000001
2007,2,2,5,30,2.9000000000000004,0,0,0,0.22,983,4.7,211,0.8
2007,2,2,6,30,2.7,0,0,0,0.22,983,4.3,220,0.8
2007,2,2,7,30,2.6,0,0,0,0.22,984,4,231,0.8
2007,2,2,8,30,2.4000000000000004,0,0,0,0.22,984,3.7,245,0.8
2007,2,2,9,30,2.3000000000000003,0,0,0,0.22,985,3.5,266,0.8
2007,2,2,10,30,2.4000000000000004,0,0,0,0.22,985,3.1,293,0.9
2007,2,2,11,30,2.6,0,0,0,0.22,986,2.6,316,0.8
2007,2,2,12,30,2.6,0,0,0,0.22,985,2.6,256,0.6000000000000001
2007,2,2,13,30,2.4000000000000004,0,0,0,0.22,985,2.4000000000000004,196,0.7000000000000001
2007,2,2,14,30,2.7,0,0,0,0.22,986,2.9000000000000004,210,0.9
2007,2,2,15,30,2.6,13,0,13,0.22,986,5.300000000000001,224,1.1
2007,2,2,16,30,2.2,17,0,17,0.22,987,8.6,256,1.1
2007,2,2,17,30,0.4,128,541,360,0.22,987,11.9,156,0.9
2007,2,2,18,30,-2.2,93,899,578,0.22,987,14.4,41,1.1
2007,2,2,19,30,-3.7,95,944,664,0.22,985,16.2,49,1
2007,2,2,20,30,-4.6000000000000005,93,954,678,0.22,984,17.3,36,0.8
2007,2,2,21,30,-5.1000000000000005,89,938,624,0.22,984,17.900000000000002,182,1
2007,2,2,22,30,-4.9,82,881,503,0.22,985,17.400000000000002,344,1.4000000000000001
2007,2,2,23,30,-4.1000000000000005,70,778,336,0.22,985,16.900000000000002,345,1.5
2007,2,3,0,30,0.7000000000000001,46,573,144,0.2,985,11.4,351,1.2000000000000002
2007,2,3,1,30,-0.1,0,0,0,0.2,986,8.700000000000001,177,1.3
2007,2,3,2,30,0.30000000000000004,0,0,0,0.2,987,7.5,4,1.1
2007,2,3,3,30,0.4,0,0,0,0.2,988,7.2,183,0.9
2007,2,3,4,30,0.1,0,0,0,0.2,988,7.300000000000001,331,0.7000000000000001
2007,2,3,5,30,-0.30000000000000004,0,0,0,0.2,989,6.7,289,0.6000000000000001
2007,2,3,6,30,-0.6000000000000001,0,0,0,0.2,989,6,258,0.7000000000000001
2007,2,3,7,30,-1,0,0,0,0.2,989,5.6000000000000005,228,0.7000000000000001
2007,2,3,8,30,-1.8,0,0,0,0.2,989,5.300000000000001,217,0.8
2007,2,3,9,30,-2.7,0,0,0,0.2,989,5,220,0.9
2007,2,3,10,30,-3.6,0,0,0,0.2,989,4.800000000000001,220,1
2007,2,3,11,30,-4.4,0,0,0,0.2,989,4.5,219,1
2007,2,3,12,30,-5,0,0,0,0.2,989,4.5,222,1.1
2007,2,3,13,30,-5.5,0,0,0,0.2,990,4.6000000000000005,234,1
2007,2,3,14,30,-5.9,0,0,0,0.2,990,5.4,246,0.9
2007,2,3,15,30,-4.4,31,432,75,0.2,991,8.1,253,0.8
2007,2,3,16,30,-3.7,59,741,267,0.2,991,11.3,303,0.6000000000000001
2007,2,3,17,30,-4.6000000000000005,73,870,449,0.2,991,14.100000000000001,185,0.6000000000000001
2007,2,3,18,30,-5,83,918,582,0.2,991,16.5,182,0.9
2007,2,3,19,30,-5.300000000000001,87,947,662,0.2,990,18.2,335,1.1
2007,2,3,20,30,-5.4,88,952,676,0.2,989,19.200000000000003,326,1.4000000000000001
2007,2,3,21,30,-5.2,86,927,618,0.2,989,19.6,331,1.6
2007,2,3,22,30,-4.800000000000001,81,875,502,0.2,989,19.1,338,1.9000000000000001
2007,2,3,23,30,-3.8000000000000003,70,766,334,0.2,989,18.6,340,2
2007,2,4,0,30,1.5,45,569,145,0.2,990,12.3,349,1.2000000000000002
2007,2,4,1,30,0.5,0,0,0,0.2,990,9.600000000000001,181,1.1
2007,2,4,2,30,0.2,0,0,0,0.2,991,9.3,49,0.7000000000000001
2007,2,4,3,30,-0.2,0,0,0,0.2,991,9.1,132,0.7000000000000001
2007,2,4,4,30,-0.5,0,0,0,0.2,991,8.5,181,1
2007,2,4,5,30,-0.7000000000000001,0,0,0,0.2,991,8.3,189,1.1
2007,2,4,6,30,-1.1,0,0,0,0.2,990,8.6,196,1
2007,2,4,7,30,-1.5,0,0,0,0.2,990,8.700000000000001,208,0.9
2007,2,4,8,30,-1.8,0,0,0,0.2,990,8.8,222,0.8
2007,2,4,9,30,-2,0,0,0,0.2,990,8.9,235,0.8
2007,2,4,10,30,-2.2,0,0,0,0.2,989,8.6,240,0.7000000000000001
2007,2,4,11,30,-2.5,0,0,0,0.2,989,8.200000000000001,234,0.8
2007,2,4,12,30,-2.9000000000000004,0,0,0,0.2,989,7.9,221,0.8
2007,2,4,13,30,-3.5,0,0,0,0.2,989,7.800000000000001,206,1
2007,2,4,14,30,-4.2,0,0,0,0.2,989,8.5,193,1
2007,2,4,15,30,-2.9000000000000004,36,103,47,0.2,989,11.700000000000001,186,1
2007,2,4,16,30,-1.8,58,740,268,0.2,989,16,193,1.4000000000000001
2007,2,4,17,30,-4.7,72,862,448,0.2,989,19.8,182,1.8
2007,2,4,18,30,-5.800000000000001,78,929,587,0.2,989,23.200000000000003,152,2
2007,2,4,19,30,-6.800000000000001,83,954,666,0.2,988,25.5,141,1.9000000000000001
2007,2,4,20,30,-7.4,85,956,679,0.2,987,26.700000000000003,137,1.7000000000000002
2007,2,4,21,30,-7.4,86,925,621,0.2,986,26.900000000000002,109,1.3
2007,2,4,22,30,-6.800000000000001,80,874,505,0.2,986,26,222,1.1
2007,2,4,23,30,-0.8,69,774,339,0.2,986,25.1,358,1.2000000000000002
2007,2,5,0,30,2.6,66,56,76,0.19,987,18.6,15,1.1
2007,2,5,1,30,-0.2,0,0,0,0.19,987,16.3,20,1
2007,2,5,2,30,-0.9,0,0,0,0.19,988,15.9,170,0.7000000000000001
2007,2,5,3,30,-1.5,0,0,0,0.19,988,15.5,278,0.6000000000000001
2007,2,5,4,30,-1.7000000000000002,0,0,0,0.19,988,14.8,239,0.9
2007,2,5,5,30,-1.9000000000000001,0,0,0,0.19,988,14.200000000000001,242,1
2007,2,5,6,30,-2.1,0,0,0,0.19,988,14.100000000000001,237,0.9
2007,2,5,7,30,-2.3000000000000003,0,0,0,0.19,987,14.100000000000001,213,0.8
2007,2,5,8,30,-2.4000000000000004,0,0,0,0.19,987,14,181,0.8
2007,2,5,9,30,-2.3000000000000003,0,0,0,0.19,986,13.700000000000001,161,0.9
2007,2,5,10,30,-1.8,0,0,0,0.19,986,13.200000000000001,151,1.1
2007,2,5,11,30,-1.4000000000000001,0,0,0,0.19,986,12.4,147,1.2000000000000002
2007,2,5,12,30,-0.8,0,0,0,0.19,986,11.700000000000001,146,1.2000000000000002
2007,2,5,13,30,-0.4,0,0,0,0.19,986,11.100000000000001,145,1.2000000000000002
2007,2,5,14,30,0,0,0,0,0.19,986,11.9,144,1.3
2007,2,5,15,30,1.9000000000000001,37,155,54,0.19,986,15.5,146,1.9000000000000001
2007,2,5,16,30,2.9000000000000004,87,442,215,0.19,987,20,148,2.9000000000000004
2007,2,5,17,30,2.2,174,331,319,0.19,987,23.400000000000002,141,3.7
2007,2,5,18,30,2.3000000000000003,213,422,446,0.19,986,26.1,136,4
2007,2,5,19,30,2.1,246,427,508,0.19,985,27.5,137,4
2007,2,5,20,30,1.7000000000000002,248,442,524,0.19,984,28,138,3.9000000000000004
2007,2,5,21,30,1.4000000000000001,240,382,463,0.19,984,27.900000000000002,140,3.6
2007,2,5,22,30,1.4000000000000001,175,455,397,0.19,984,26.6,142,2.7
2007,2,5,23,30,5.5,112,458,273,0.19,984,25.5,143,1.9000000000000001
2007,2,6,0,30,7.1000000000000005,64,8,65,0.19,984,20.5,159,1
2007,2,6,1,30,5,0,0,0,0.19,984,19.3,147,0.9
2007,2,6,2,30,4.5,0,0,0,0.19,985,18.5,124,0.7000000000000001
2007,2,6,3,30,4,0,0,0,0.19,985,17.5,112,0.6000000000000001
2007,2,6,4,30,4,0,0,0,0.19,985,16.6,167,0.5
2007,2,6,5,30,4,0,0,0,0.19,985,15.5,230,0.7000000000000001
2007,2,6,6,30,3.9000000000000004,0,0,0,0.19,985,14.200000000000001,241,1
2007,2,6,7,30,3.8000000000000003,0,0,0,0.19,985,13.100000000000001,243,1
2007,2,6,8,30,3.5,0,0,0,0.19,984,12.5,244,1
2007,2,6,9,30,3,0,0,0,0.19,984,12.200000000000001,241,1
2007,2,6,10,30,2.5,0,0,0,0.19,984,11.9,234,1
2007,2,6,11,30,1.9000000000000001,0,0,0,0.19,983,11.4,230,1.1
2007,2,6,12,30,1.4000000000000001,0,0,0,0.19,983,11,229,1.2000000000000002
2007,2,6,13,30,0.8,0,0,0,0.19,983,10.600000000000001,230,1.2000000000000002
2007,2,6,14,30,0.4,0,0,0,0.19,984,10.9,232,1.1
2007,2,6,15,30,1.5,38,132,53,0.19,984,13.200000000000001,235,1.1
2007,2,6,16,30,2.8000000000000003,117,78,139,0.19,985,16.400000000000002,245,1.2000000000000002
2007,2,6,17,30,0.9,170,361,330,0.19,985,19.3,252,1.2000000000000002
2007,2,6,18,30,0.2,105,870,588,0.19,984,21.900000000000002,249,1.2000000000000002
2007,2,6,19,30,-1.3,110,901,668,0.19,984,23.6,255,1.3
2007,2,6,20,30,-2.4000000000000004,252,440,529,0.19,983,24.400000000000002,275,1.3
2007,2,6,21,30,-3.2,192,545,512,0.19,982,24.5,293,1.4000000000000001
2007,2,6,22,30,-3.5,86,784,473,0.19,982,23.6,309,1.3
2007,2,6,23,30,1.5,144,230,226,0.19,982,22.8,317,1.2000000000000002
2007,2,7,0,30,4.800000000000001,58,352,123,0.19,982,16.8,328,1.1
2007,2,7,1,30,3.1,0,0,0,0.19,982,14.5,319,1.1
2007,2,7,2,30,2.7,0,0,0,0.19,982,13.5,297,1.1
2007,2,7,3,30,2.2,0,0,0,0.19,983,12.700000000000001,273,1.1
2007,2,7,4,30,2,0,0,0,0.19,983,12.100000000000001,256,1.1
2007,2,7,5,30,1.8,0,0,0,0.19,983,11.9,246,1.1
2007,2,7,6,30,1.7000000000000002,0,0,0,0.19,983,11.9,243,1
2007,2,7,7,30,1.5,0,0,0,0.19,983,12.100000000000001,241,0.8
2007,2,7,8,30,1.1,0,0,0,0.19,983,12.200000000000001,241,0.7000000000000001
2007,2,7,9,30,0.8,0,0,0,0.19,983,12.100000000000001,244,0.7000000000000001
2007,2,7,10,30,0.5,0,0,0,0.19,982,12.100000000000001,250,0.7000000000000001
2007,2,7,11,30,0.7000000000000001,0,0,0,0.19,982,12.200000000000001,253,0.5
2007,2,7,12,30,0.7000000000000001,0,0,0,0.19,982,12.200000000000001,246,0.4
2007,2,7,13,30,0.8,0,0,0,0.19,983,12,235,0.4
2007,2,7,14,30,0.6000000000000001,0,0,0,0.19,983,12.100000000000001,217,0.4
2007,2,7,15,30,1.4000000000000001,40,68,48,0.19,983,13.100000000000001,180,0.4
2007,2,7,16,30,3,115,216,179,0.19,983,15,112,0.4
2007,2,7,17,30,4.3,186,273,308,0.19,983,16.900000000000002,199,0.4
2007,2,7,18,30,3.9000000000000004,222,403,448,0.19,983,18.3,316,0.6000000000000001
2007,2,7,19,30,3.3000000000000003,270,353,489,0.19,982,19.200000000000003,304,1
2007,2,7,20,30,3.1,288,300,477,0.19,982,19.6,303,1.3
2007,2,7,21,30,3.4000000000000004,271,250,418,0.19,981,19.400000000000002,304,1.6
2007,2,7,22,30,4.4,224,172,310,0.19,981,18.400000000000002,311,1.6
2007,2,7,23,30,5.9,59,0,59,0.19,981,17.8,318,1.4000000000000001
2007,2,8,0,30,8.1,40,0,40,0.19,981,14.5,352,0.8
2007,2,8,1,30,8.1,0,0,0,0.19,982,12.9,355,0.8
2007,2,8,2,30,8.200000000000001,0,0,0,0.19,983,12.5,357,0.7000000000000001
2007,2,8,3,30,8.4,0,0,0,0.19,983,12.600000000000001,352,0.5
2007,2,8,4,30,8.4,0,0,0,0.19,983,12.5,298,0.4
2007,2,8,5,30,8.700000000000001,0,0,0,0.19,983,12.200000000000001,214,0.4
2007,2,8,6,30,9,0,0,0,0.19,983,11.8,172,0.5
2007,2,8,7,30,8.8,0,0,0,0.19,983,11.200000000000001,167,0.6000000000000001
2007,2,8,8,30,8.700000000000001,0,0,0,0.19,983,10.700000000000001,162,0.8
2007,2,8,9,30,8.5,0,0,0,0.19,982,10.4,161,0.8
2007,2,8,10,30,8.200000000000001,0,0,0,0.19,982,10,164,0.9
2007,2,8,11,30,8,0,0,0,0.19,982,9.8,163,0.9
2007,2,8,12,30,7.7,0,0,0,0.19,983,9.9,174,0.8
2007,2,8,13,30,7.6000000000000005,0,0,0,0.19,983,10,185,0.7000000000000001
2007,2,8,14,30,7.800000000000001,0,0,0,0.19,984,10.700000000000001,167,0.8
2007,2,8,15,30,8.1,41,66,49,0.19,984,12.200000000000001,151,1.2000000000000002
2007,2,8,16,30,8.3,117,47,131,0.19,985,14.100000000000001,155,1.2000000000000002
2007,2,8,17,30,8.6,171,377,341,0.19,985,15.5,116,0.6000000000000001
2007,2,8,18,30,8.6,214,443,464,0.19,985,17.1,58,0.7000000000000001
2007,2,8,19,30,8.5,194,590,564,0.19,984,18.5,54,1.2000000000000002
2007,2,8,20,30,8.200000000000001,306,162,409,0.19,983,19,67,1.1
2007,2,8,21,30,8,255,49,284,0.19,982,19.200000000000003,59,0.8
2007,2,8,22,30,7.800000000000001,167,5,170,0.19,982,19.200000000000003,41,0.8
2007,2,8,23,30,8,130,7,132,0.19,982,19,35,0.7000000000000001
2007,2,9,0,30,9.4,46,0,46,0.18,983,15.4,324,1
2007,2,9,1,30,8.9,0,0,0,0.18,984,13.5,325,1.1
2007,2,9,2,30,9.3,0,0,0,0.18,984,12.8,333,1
2007,2,9,3,30,9.600000000000001,0,0,0,0.18,985,12.4,335,0.8
2007,2,9,4,30,9.700000000000001,0,0,0,0.18,985,12.3,326,0.5
2007,2,9,5,30,9.700000000000001,0,0,0,0.18,985,12,287,0.5
2007,2,9,6,30,9.700000000000001,0,0,0,0.18,985,11.5,254,0.6000000000000001
2007,2,9,7,30,9.8,0,0,0,0.18,985,11.200000000000001,208,0.6000000000000001
2007,2,9,8,30,9.8,0,0,0,0.18,985,11.100000000000001,173,0.6000000000000001
2007,2,9,9,30,9.700000000000001,0,0,0,0.18,985,11.100000000000001,188,0.6000000000000001
2007,2,9,10,30,9.5,0,0,0,0.18,984,11.100000000000001,173,0.6000000000000001
2007,2,9,11,30,9.4,0,0,0,0.18,984,10.8,147,0.7000000000000001
2007,2,9,12,30,9.3,0,0,0,0.18,984,10.200000000000001,154,0.9
2007,2,9,13,30,9.200000000000001,0,0,0,0.18,985,9.8,171,0.9
2007,2,9,14,30,9,0,0,0,0.18,985,10.600000000000001,159,0.9
2007,2,9,15,30,9.1,34,0,34,0.18,985,13.100000000000001,135,1
2007,2,9,16,30,8.6,87,562,256,0.18,986,16.1,129,1
2007,2,9,17,30,7.800000000000001,190,270,313,0.18,985,18.6,95,0.6000000000000001
2007,2,9,18,30,7.5,213,456,471,0.18,984,20.3,61,0.6000000000000001
2007,2,9,19,30,7.1000000000000005,146,0,146,0.18,983,20.6,206,1
2007,2,9,20,30,6.9,304,109,374,0.18,983,20.400000000000002,343,1.6
2007,2,9,21,30,7.1000000000000005,282,130,360,0.18,983,20.6,340,2
2007,2,9,22,30,7.5,71,0,71,0.18,983,20.200000000000003,350,1.9000000000000001
2007,2,9,23,30,8.200000000000001,155,97,190,0.18,983,19.700000000000003,355,1.7000000000000002
2007,2,10,0,30,9.4,71,211,113,0.18,983,16.1,180,1
2007,2,10,1,30,9.200000000000001,0,0,0,0.18,984,14.4,5,0.9
2007,2,10,2,30,9.3,0,0,0,0.18,984,13.9,5,0.8
2007,2,10,3,30,9.4,0,0,0,0.18,985,13.600000000000001,16,0.6000000000000001
2007,2,10,4,30,9.3,0,0,0,0.18,984,13.3,61,0.5
2007,2,10,5,30,9.3,0,0,0,0.18,984,12.9,102,0.6000000000000001
2007,2,10,6,30,9.1,0,0,0,0.18,983,12.3,112,0.8
2007,2,10,7,30,8.8,0,0,0,0.18,983,11.8,116,1
2007,2,10,8,30,8.4,0,0,0,0.18,982,11.4,129,1
2007,2,10,9,30,8.1,0,0,0,0.18,982,11.100000000000001,154,1
2007,2,10,10,30,8,0,0,0,0.18,982,10.8,171,1
2007,2,10,11,30,7.9,0,0,0,0.18,981,10.700000000000001,169,1
2007,2,10,12,30,7.9,0,0,0,0.18,981,10.8,166,1
2007,2,10,13,30,7.9,0,0,0,0.18,981,10.9,176,1
2007,2,10,14,30,8.1,0,0,0,0.18,982,11.5,189,1.1
2007,2,10,15,30,8.5,23,0,23,0.18,982,13.200000000000001,196,1.4000000000000001
2007,2,10,16,30,9.3,73,0,73,0.18,982,15.5,210,1.8
2007,2,10,17,30,9.700000000000001,203,158,275,0.18,982,17.3,235,1.8
2007,2,10,18,30,9.9,198,11,205,0.18,982,18.6,258,1.8
2007,2,10,19,30,9.9,293,82,345,0.18,981,19.700000000000003,282,1.6
2007,2,10,20,30,9.700000000000001,302,264,473,0.18,980,20.5,301,1.7000000000000002
2007,2,10,21,30,9.5,274,275,440,0.18,979,20.3,309,2
2007,2,10,22,30,9.5,229,209,335,0.18,979,19.1,315,2.1
2007,2,10,23,30,10.100000000000001,122,0,122,0.18,979,18.3,320,2
2007,2,11,0,30,10.700000000000001,76,135,103,0.18,978,15.4,331,1
2007,2,11,1,30,11.100000000000001,0,0,0,0.18,979,14,299,0.7000000000000001
2007,2,11,2,30,11.200000000000001,0,0,0,0.18,979,13.5,252,0.9
2007,2,11,3,30,11.3,0,0,0,0.18,979,13.3,222,1.2000000000000002
2007,2,11,4,30,11.4,0,0,0,0.18,979,13.200000000000001,208,1.4000000000000001
2007,2,11,5,30,11.4,0,0,0,0.18,979,13,206,1.6
2007,2,11,6,30,11.200000000000001,0,0,0,0.18,978,12.700000000000001,212,1.6
2007,2,11,7,30,11,0,0,0,0.18,978,12.5,222,1.4000000000000001
2007,2,11,8,30,10.9,0,0,0,0.18,978,12.3,237,1.3
2007,2,11,9,30,10.8,0,0,0,0.18,978,12,255,1.2000000000000002
2007,2,11,10,30,10.700000000000001,0,0,0,0.18,978,11.5,269,1.2000000000000002
2007,2,11,11,30,10.5,0,0,0,0.18,978,11.100000000000001,274,1.3
2007,2,11,12,30,10.100000000000001,0,0,0,0.18,979,10.5,275,1.4000000000000001
2007,2,11,13,30,9.5,0,0,0,0.18,979,10.100000000000001,273,1.3
2007,2,11,14,30,9.1,0,0,0,0.18,980,10.3,266,1.4000000000000001
2007,2,11,15,30,9.4,39,414,92,0.18,981,11.3,264,2.1
2007,2,11,16,30,9.4,67,708,286,0.18,981,12.700000000000001,273,2.6
2007,2,11,17,30,8.4,79,840,467,0.18,981,14.4,286,2.8000000000000003
2007,2,11,18,30,7,92,888,604,0.18,981,16,298,2.9000000000000004
2007,2,11,19,30,6.1000000000000005,216,12,224,0.18,980,17.1,309,3
2007,2,11,20,30,5.5,102,909,693,0.18,980,17.7,315,3.1
2007,2,11,21,30,5.2,103,877,637,0.18,979,17.7,317,3.3000000000000003
2007,2,11,22,30,5.1000000000000005,99,820,521,0.18,979,17.2,318,3.3000000000000003
2007,2,11,23,30,5.2,86,714,355,0.18,980,16.8,319,3.3000000000000003
2007,2,12,0,30,5.800000000000001,60,502,162,0.19,980,13.600000000000001,329,1.8
2007,2,12,1,30,6.800000000000001,0,0,0,0.19,981,11.5,333,1
2007,2,12,2,30,6.9,0,0,0,0.19,982,10.5,332,0.9
2007,2,12,3,30,7.1000000000000005,0,0,0,0.19,982,9.700000000000001,321,0.8
2007,2,12,4,30,7.2,0,0,0,0.19,982,9.1,305,0.8
2007,2,12,5,30,7.2,0,0,0,0.19,982,8.700000000000001,285,0.7000000000000001
2007,2,12,6,30,7.1000000000000005,0,0,0,0.19,982,8.4,265,0.7000000000000001
2007,2,12,7,30,7.1000000000000005,0,0,0,0.19,982,8.200000000000001,256,0.7000000000000001
2007,2,12,8,30,7,0,0,0,0.19,982,8,259,0.9
2007,2,12,9,30,6.800000000000001,0,0,0,0.19,982,7.9,266,1
2007,2,12,10,30,6.7,0,0,0,0.19,982,8,273,1
2007,2,12,11,30,6.7,0,0,0,0.19,983,8.3,279,1
2007,2,12,12,30,6.7,0,0,0,0.19,983,8.5,282,1
2007,2,12,13,30,6.7,0,0,0,0.19,984,8.4,283,1.1
2007,2,12,14,30,6.6000000000000005,0,0,0,0.19,984,8.5,284,1.3
2007,2,12,15,30,6.5,35,0,35,0.19,984,9.1,287,1.4000000000000001
2007,2,12,16,30,6.4,121,36,132,0.19,985,10.3,291,1.5
2007,2,12,17,30,6.1000000000000005,189,41,208,0.19,985,11.8,296,1.5
2007,2,12,18,30,5.6000000000000005,223,439,478,0.19,985,13.4,303,1.4000000000000001
2007,2,12,19,30,4.800000000000001,118,824,649,0.19,984,14.600000000000001,312,1.6
2007,2,12,20,30,3.9000000000000004,125,861,689,0.19,983,15.4,321,1.9000000000000001
2007,2,12,21,30,3.4000000000000004,120,843,637,0.19,983,15.700000000000001,328,2.2
2007,2,12,22,30,2.9000000000000004,231,90,278,0.19,982,15.4,332,2.3000000000000003
2007,2,12,23,30,2.8000000000000003,14,0,14,0.19,982,15,333,2.4000000000000004
2007,2,13,0,30,3.6,74,9,76,0.2,982,12.200000000000001,341,1.3
2007,2,13,1,30,3.9000000000000004,0,0,0,0.2,982,10.600000000000001,333,0.9
2007,2,13,2,30,3.9000000000000004,0,0,0,0.2,982,9.8,296,0.8
2007,2,13,3,30,4.1000000000000005,0,0,0,0.2,983,8.9,269,1.1
2007,2,13,4,30,4.4,0,0,0,0.2,983,8.200000000000001,266,1.4000000000000001
2007,2,13,5,30,4.9,0,0,0,0.2,983,8,267,1.6
2007,2,13,6,30,5.6000000000000005,0,0,0,0.2,982,7.9,271,1.7000000000000002
2007,2,13,7,30,6.2,0,0,0,0.2,982,7.7,275,1.7000000000000002
2007,2,13,8,30,6.5,0,0,0,0.2,982,7.6000000000000005,279,1.8
2007,2,13,9,30,6.6000000000000005,0,0,0,0.2,982,7.7,284,2
2007,2,13,10,30,6.7,0,0,0,0.2,982,7.800000000000001,290,2.1
2007,2,13,11,30,6.7,0,0,0,0.2,982,7.800000000000001,297,2.1
2007,2,13,12,30,6.7,0,0,0,0.2,982,7.7,301,2.1
2007,2,13,13,30,6.5,0,0,0,0.2,983,7.4,304,1.9000000000000001
2007,2,13,14,30,6.4,0,0,0,0.2,983,7.5,304,2.1
2007,2,13,15,30,6.5,6,0,6,0.2,984,8.5,307,2.7
2007,2,13,16,30,6.7,34,0,34,0.2,984,10,317,3.2
2007,2,13,17,30,6.300000000000001,172,15,179,0.2,984,11.5,322,3.5
2007,2,13,18,30,5.4,272,121,342,0.2,984,12.8,319,3.5
2007,2,13,19,30,4.6000000000000005,299,280,481,0.2,984,13.8,317,3.6
2007,2,13,20,30,4,312,101,378,0.2,984,14.3,317,3.8000000000000003
2007,2,13,21,30,3.6,67,0,67,0.2,983,14.3,319,4
2007,2,13,22,30,3.3000000000000003,140,0,140,0.2,984,13.8,323,4.2
2007,2,13,23,30,3.3000000000000003,157,237,248,0.2,984,13.5,326,4.2
2007,2,14,0,30,3.6,53,0,53,0.2,984,11,338,2.7
2007,2,14,1,30,4.3,3,0,3,0.2,985,9.3,342,2.1
2007,2,14,2,30,4.800000000000001,0,0,0,0.2,986,8.4,343,2.1
2007,2,14,3,30,5.1000000000000005,0,0,0,0.2,986,7.7,339,2.1
2007,2,14,4,30,5.2,0,0,0,0.2,987,7.2,332,1.9000000000000001
2007,2,14,5,30,5.2,0,0,0,0.2,987,6.800000000000001,322,1.7000000000000002
2007,2,14,6,30,5.2,0,0,0,0.2,987,6.6000000000000005,314,1.7000000000000002
2007,2,14,7,30,5.2,0,0,0,0.2,987,6.4,308,1.8
2007,2,14,8,30,5.1000000000000005,0,0,0,0.2,987,6.1000000000000005,304,1.9000000000000001
2007,2,14,9,30,5,0,0,0,0.2,988,5.5,299,1.7000000000000002
2007,2,14,10,30,5,0,0,0,0.2,988,5,294,1.5
2007,2,14,11,30,4.7,0,0,0,0.2,988,4.7,290,1.4000000000000001
2007,2,14,12,30,4.6000000000000005,0,0,0,0.2,989,4.6000000000000005,288,1.4000000000000001
2007,2,14,13,30,4.6000000000000005,0,0,0,0.2,990,4.6000000000000005,283,1.4000000000000001
2007,2,14,14,30,4.7,0,0,0,0.2,990,5.4,270,1.5
2007,2,14,15,30,4.9,48,376,99,0.2,991,7.300000000000001,272,1.8
2007,2,14,16,30,5,81,668,295,0.2,992,9.700000000000001,293,2.1
2007,2,14,17,30,4.4,96,815,483,0.2,992,12.100000000000001,313,2.3000000000000003
2007,2,14,18,30,3.4000000000000004,270,237,409,0.2,991,14.100000000000001,324,2.6
2007,2,14,19,30,2.5,284,360,518,0.2,991,15.5,326,3
2007,2,14,20,30,1.9000000000000001,107,929,724,0.2,990,16.2,328,3.2
2007,2,14,21,30,1.4000000000000001,100,918,670,0.2,990,16.400000000000002,330,3.4000000000000004
2007,2,14,22,30,0.9,91,878,554,0.2,990,15.9,332,3.5
2007,2,14,23,30,0.6000000000000001,78,790,385,0.2,990,15.600000000000001,334,3.5
2007,2,15,0,30,1.3,55,610,186,0.2,991,11.5,334,1.8
2007,2,15,1,30,2,12,112,15,0.2,992,8.6,332,1.4000000000000001
2007,2,15,2,30,1.8,0,0,0,0.2,993,7.5,333,1.4000000000000001
2007,2,15,3,30,1.8,0,0,0,0.2,993,6.800000000000001,332,1.3
2007,2,15,4,30,1.8,0,0,0,0.2,993,6.4,324,1.2000000000000002
2007,2,15,5,30,1.9000000000000001,0,0,0,0.2,993,6.1000000000000005,307,1.1
2007,2,15,6,30,1.9000000000000001,0,0,0,0.2,992,5.7,287,1
2007,2,15,7,30,2,0,0,0,0.2,992,5.2,279,1.1
2007,2,15,8,30,2.1,0,0,0,0.2,992,4.6000000000000005,282,1.1
2007,2,15,9,30,2.3000000000000003,0,0,0,0.2,993,4.2,277,1.1
2007,2,15,10,30,2.7,0,0,0,0.2,993,3.9000000000000004,271,1.1
2007,2,15,11,30,3,0,0,0,0.2,993,3.7,268,1.1
2007,2,15,12,30,3.3000000000000003,0,0,0,0.2,994,3.6,253,1
2007,2,15,13,30,3.5,0,0,0,0.2,994,3.5,242,1
2007,2,15,14,30,3.8000000000000003,0,0,0,0.2,994,5,235,1.3
2007,2,15,15,30,4.1000000000000005,42,446,104,0.2,995,8.200000000000001,230,1.7000000000000002
2007,2,15,16,30,3.9000000000000004,68,713,300,0.2,995,11,256,1.9000000000000001
2007,2,15,17,30,3.2,85,825,481,0.2,995,13.3,295,2.2
2007,2,15,18,30,2.7,115,833,608,0.2,995,15.100000000000001,315,2.5
2007,2,15,19,30,2.7,120,863,687,0.2,994,16.3,322,2.5
2007,2,15,20,30,2.8000000000000003,118,874,702,0.2,994,17,323,2.7
2007,2,15,21,30,3,108,872,653,0.2,993,17.3,324,3
2007,2,15,22,30,3.3000000000000003,102,814,535,0.2,993,16.900000000000002,326,3.1
2007,2,15,23,30,3.8000000000000003,92,701,367,0.2,993,16.5,328,3.1
2007,2,16,0,30,4.800000000000001,60,546,179,0.2,993,12.9,311,1.5
2007,2,16,1,30,5.300000000000001,13,71,15,0.2,993,10.4,297,1
2007,2,16,2,30,5.5,0,0,0,0.2,994,9.5,293,1
2007,2,16,3,30,5.800000000000001,0,0,0,0.2,994,9,285,1
2007,2,16,4,30,6.4,0,0,0,0.2,994,8.6,269,0.9
2007,2,16,5,30,7,0,0,0,0.2,994,8.200000000000001,247,0.9
2007,2,16,6,30,7.6000000000000005,0,0,0,0.2,994,8.1,228,1
2007,2,16,7,30,7.9,0,0,0,0.2,994,8.200000000000001,220,1
2007,2,16,8,30,8.1,0,0,0,0.2,994,8.1,223,1
2007,2,16,9,30,7.9,0,0,0,0.2,993,7.9,239,0.9
2007,2,16,10,30,7.6000000000000005,0,0,0,0.2,993,7.6000000000000005,262,0.9
2007,2,16,11,30,7.5,0,0,0,0.2,993,7.5,279,0.9
2007,2,16,12,30,7.4,0,0,0,0.2,993,7.4,276,0.9
2007,2,16,13,30,7.300000000000001,0,0,0,0.2,993,7.300000000000001,262,0.9
2007,2,16,14,30,8.200000000000001,0,0,0,0.2,993,8.3,251,1.2000000000000002
2007,2,16,15,30,8.200000000000001,42,453,108,0.2,993,10.600000000000001,249,1.7000000000000002
2007,2,16,16,30,8.4,70,711,305,0.2,993,13,260,1.9000000000000001
2007,2,16,17,30,8.4,82,836,487,0.2,993,15.5,275,2
2007,2,16,18,30,8.200000000000001,120,769,580,0.2,992,17.900000000000002,290,2.3000000000000003
2007,2,16,19,30,7.5,102,909,704,0.2,991,19.900000000000002,303,2.8000000000000003
2007,2,16,20,30,6.5,106,906,716,0.2,990,21.3,311,3.2
2007,2,16,21,30,5.7,106,881,661,0.2,989,21.900000000000002,320,3.5
2007,2,16,22,30,4.9,101,826,544,0.2,988,21.5,329,3.6
2007,2,16,23,30,4.6000000000000005,74,718,359,0.2,988,21.1,333,3.5
2007,2,17,0,30,5.9,83,187,125,0.2,988,16.2,333,1.6
2007,2,17,1,30,5.9,10,0,10,0.2,989,13.200000000000001,332,1.3
2007,2,17,2,30,5.5,0,0,0,0.2,989,12.200000000000001,329,1.3
2007,2,17,3,30,5.2,0,0,0,0.2,989,11.9,321,1.3
2007,2,17,4,30,5.2,0,0,0,0.2,989,11.9,304,1.2000000000000002
2007,2,17,5,30,5.2,0,0,0,0.2,989,12,274,1
2007,2,17,6,30,5.4,0,0,0,0.2,988,11.9,245,0.9
2007,2,17,7,30,5.6000000000000005,0,0,0,0.2,988,11.700000000000001,225,0.9
2007,2,17,8,30,5.5,0,0,0,0.2,987,11.4,210,0.9
2007,2,17,9,30,5.1000000000000005,0,0,0,0.2,987,11.3,200,0.8
2007,2,17,10,30,4.5,0,0,0,0.2,987,11.3,185,0.8
2007,2,17,11,30,3.9000000000000004,0,0,0,0.2,987,11.200000000000001,166,1
2007,2,17,12,30,3.2,0,0,0,0.2,987,10.700000000000001,153,1.2000000000000002
2007,2,17,13,30,2.7,0,0,0,0.2,987,10.100000000000001,147,1.3
2007,2,17,14,30,2.3000000000000003,0,0,0,0.2,988,11.5,140,1.3
2007,2,17,15,30,3.9000000000000004,41,477,112,0.2,988,15.8,134,2
2007,2,17,16,30,3.5,67,736,313,0.2,988,20.3,125,3.5
2007,2,17,17,30,2.7,82,848,496,0.2,987,23.400000000000002,115,4.7
2007,2,17,18,30,1.8,91,904,635,0.2,987,25.6,115,5
2007,2,17,19,30,1,97,927,715,0.2,986,26.8,116,4.800000000000001
2007,2,17,20,30,0.4,100,928,728,0.2,985,27.400000000000002,118,4.4
2007,2,17,21,30,0.1,96,913,675,0.2,984,27.3,120,3.9000000000000004
2007,2,17,22,30,0,89,869,558,0.2,983,26.700000000000003,122,3.3000000000000003
2007,2,17,23,30,0.5,77,781,390,0.2,983,26.200000000000003,122,2.9000000000000004
2007,2,18,0,30,5.5,85,179,126,0.2,983,20.5,123,1
2007,2,18,1,30,4.4,13,0,13,0.2,983,17.6,114,0.9
2007,2,18,2,30,3.7,0,0,0,0.2,983,16.5,112,1
2007,2,18,3,30,3.2,0,0,0,0.2,983,15.700000000000001,119,1.2000000000000002
2007,2,18,4,30,2.7,0,0,0,0.2,983,14.8,129,1.3
2007,2,18,5,30,2.2,0,0,0,0.2,982,13.8,134,1.3
2007,2,18,6,30,1.8,0,0,0,0.2,982,13.200000000000001,136,1.4000000000000001
2007,2,18,7,30,1.7000000000000002,0,0,0,0.2,981,12.8,136,1.4000000000000001
2007,2,18,8,30,1.6,0,0,0,0.2,980,12.600000000000001,138,1.4000000000000001
2007,2,18,9,30,1.4000000000000001,0,0,0,0.2,979,12.3,140,1.4000000000000001
2007,2,18,10,30,1.4000000000000001,0,0,0,0.2,978,12.100000000000001,144,1.5
2007,2,18,11,30,1.4000000000000001,0,0,0,0.2,978,11.9,149,1.6
2007,2,18,12,30,1.5,0,0,0,0.2,977,11.600000000000001,153,1.6
2007,2,18,13,30,1.6,0,0,0,0.2,977,11.5,157,1.7000000000000002
2007,2,18,14,30,1.9000000000000001,0,0,0,0.2,977,13,159,1.8
2007,2,18,15,30,3.1,32,0,32,0.2,977,16,161,2.4000000000000004
2007,2,18,16,30,2.8000000000000003,119,363,242,0.2,977,18.8,175,2.5
2007,2,18,17,30,3.6,196,358,372,0.2,977,20.400000000000002,208,2.3000000000000003
2007,2,18,18,30,4.3,237,441,504,0.2,977,21,247,2.1
2007,2,18,19,30,4.6000000000000005,320,105,390,0.2,976,20.900000000000002,284,1.9000000000000001
2007,2,18,20,30,5,228,566,614,0.2,976,20.5,324,1.7000000000000002
2007,2,18,21,30,5.300000000000001,237,485,546,0.2,975,19.8,179,1.9000000000000001
2007,2,18,22,30,5.6000000000000005,244,238,374,0.2,974,18.8,18,2.1
2007,2,18,23,30,6.2,59,0,59,0.2,974,18.2,24,2.2
2007,2,19,0,30,8.200000000000001,32,0,32,0.2,974,15.100000000000001,28,1.3
2007,2,19,1,30,8.4,8,0,8,0.2,974,13.3,193,0.9
2007,2,19,2,30,8.200000000000001,0,0,0,0.2,974,12.3,333,0.8
2007,2,19,3,30,8.200000000000001,0,0,0,0.2,975,11.4,298,1.1
2007,2,19,4,30,8.3,0,0,0,0.2,975,10.8,291,1.4000000000000001
2007,2,19,5,30,8.4,0,0,0,0.2,975,10.3,296,1.5
2007,2,19,6,30,8.4,0,0,0,0.2,975,9.9,304,1.3
2007,2,19,7,30,8.6,0,0,0,0.2,975,9.8,310,1.2000000000000002
2007,2,19,8,30,8.700000000000001,0,0,0,0.2,975,9.8,315,1.3
2007,2,19,9,30,8.700000000000001,0,0,0,0.2,974,9.600000000000001,318,1.4000000000000001
2007,2,19,10,30,8.6,0,0,0,0.2,974,9.4,318,1.6
2007,2,19,11,30,8.4,0,0,0,0.2,974,9.3,317,2
2007,2,19,12,30,8.200000000000001,0,0,0,0.2,974,9.1,315,2.3000000000000003
2007,2,19,13,30,8.1,0,0,0,0.2,975,9,312,2.4000000000000004
2007,2,19,14,30,7.9,0,0,0,0.2,975,9.1,313,2.4000000000000004
2007,2,19,15,30,7.9,72,185,101,0.2,976,9.600000000000001,318,2.9000000000000004
2007,2,19,16,30,7.800000000000001,142,139,189,0.2,977,10.3,323,3.5
2007,2,19,17,30,6.800000000000001,152,654,477,0.2,978,11.200000000000001,326,3.9000000000000004
2007,2,19,18,30,5.800000000000001,179,704,610,0.2,978,12.3,327,3.7
2007,2,19,19,30,5.7,175,768,694,0.2,978,13.5,326,3.3000000000000003
2007,2,19,20,30,5.6000000000000005,152,821,715,0.2,978,14.4,324,2.7
2007,2,19,21,30,5.2,134,832,669,0.2,978,14.8,323,2
2007,2,19,22,30,4.9,117,800,555,0.2,978,14.9,329,1.5
2007,2,19,23,30,4.6000000000000005,94,726,390,0.2,978,14.8,335,1.3
2007,2,20,0,30,5.1000000000000005,67,547,194,0.2,979,12.200000000000001,54,0.7000000000000001
2007,2,20,1,30,5.300000000000001,17,121,22,0.2,980,9.9,106,0.6000000000000001
2007,2,20,2,30,5.2,0,0,0,0.2,981,8.700000000000001,118,0.7000000000000001
2007,2,20,3,30,5.2,0,0,0,0.2,982,8.1,131,0.6000000000000001
2007,2,20,4,30,5.1000000000000005,0,0,0,0.2,982,7.800000000000001,160,0.5
2007,2,20,5,30,5,0,0,0,0.2,982,7.5,191,0.5
2007,2,20,6,30,4.9,0,0,0,0.2,982,7.1000000000000005,203,0.7000000000000001
2007,2,20,7,30,4.800000000000001,0,0,0,0.2,983,6.800000000000001,209,0.8
2007,2,20,8,30,4.6000000000000005,0,0,0,0.2,983,6.5,216,0.8
2007,2,20,9,30,4.3,0,0,0,0.2,983,6.300000000000001,221,0.9
2007,2,20,10,30,3.8000000000000003,0,0,0,0.2,983,6.1000000000000005,219,0.9
2007,2,20,11,30,3.4000000000000004,0,0,0,0.2,984,6.1000000000000005,212,0.8
2007,2,20,12,30,2.9000000000000004,0,0,0,0.2,984,6.1000000000000005,206,0.8
2007,2,20,13,30,2.6,0,0,0,0.2,985,6.2,207,0.8
2007,2,20,14,30,2.2,0,0,0,0.2,985,7.2,213,0.7000000000000001
2007,2,20,15,30,2.9000000000000004,48,461,122,0.2,986,9.700000000000001,250,0.5
2007,2,20,16,30,3,78,707,323,0.2,987,12.5,314,0.6000000000000001
2007,2,20,17,30,2.6,95,823,508,0.2,987,14.600000000000001,347,1.1
2007,2,20,18,30,2.4000000000000004,105,881,647,0.2,987,16.1,349,1.4000000000000001
2007,2,20,19,30,2.2,109,910,728,0.2,986,17.2,348,1.6
2007,2,20,20,30,2,108,920,744,0.2,986,17.900000000000002,345,1.7000000000000002
2007,2,20,21,30,1.8,102,911,691,0.2,985,18.2,341,1.8
2007,2,20,22,30,1.5,93,870,573,0.2,985,18,339,1.9000000000000001
2007,2,20,23,30,1.5,79,788,404,0.2,985,17.7,339,1.9000000000000001
2007,2,21,0,30,3,56,631,205,0.2,985,14.3,179,1.1
2007,2,21,1,30,3.6,16,196,24,0.2,985,11.700000000000001,29,0.8
2007,2,21,2,30,3.1,0,0,0,0.2,986,10.600000000000001,67,0.7000000000000001
2007,2,21,3,30,3.1,0,0,0,0.2,986,9.8,127,0.6000000000000001
2007,2,21,4,30,3.2,0,0,0,0.2,986,8.9,185,0.6000000000000001
2007,2,21,5,30,3.6,0,0,0,0.2,986,8.200000000000001,212,0.8
2007,2,21,6,30,4,0,0,0,0.2,986,7.7,221,0.9
2007,2,21,7,30,4.4,0,0,0,0.2,985,7.1000000000000005,220,0.9
2007,2,21,8,30,4.5,0,0,0,0.2,985,6.5,213,1
2007,2,21,9,30,4.5,0,0,0,0.2,985,5.9,204,1.1
2007,2,21,10,30,4.1000000000000005,0,0,0,0.2,984,5.6000000000000005,199,1.2000000000000002
2007,2,21,11,30,3.7,0,0,0,0.2,984,5.5,199,1.2000000000000002
2007,2,21,12,30,3.4000000000000004,0,0,0,0.2,984,5.7,201,1.2000000000000002
2007,2,21,13,30,3.2,0,0,0,0.2,985,6,205,1.2000000000000002
2007,2,21,14,30,3.4000000000000004,0,0,0,0.2,985,7.2,206,1.1
2007,2,21,15,30,4.3,52,434,123,0.2,986,9.5,206,0.9
2007,2,21,16,30,5.1000000000000005,85,674,322,0.2,986,12.100000000000001,147,0.5
2007,2,21,17,30,5.1000000000000005,102,796,506,0.2,985,14.600000000000001,82,0.6000000000000001
2007,2,21,18,30,4.800000000000001,104,880,650,0.2,984,16.7,83,1.1
2007,2,21,19,30,4.4,109,908,731,0.2,982,18.5,99,1.2000000000000002
2007,2,21,20,30,4,110,915,746,0.2,981,19.900000000000002,137,1
2007,2,21,21,30,3.6,103,906,693,0.2,980,20.700000000000003,212,0.9
2007,2,21,22,30,3.3000000000000003,96,857,572,0.2,979,20.6,275,1.3
2007,2,21,23,30,3.4000000000000004,83,769,403,0.2,979,20.400000000000002,291,1.6
2007,2,22,0,30,5.5,59,598,203,0.2,979,15.700000000000001,298,1.5
2007,2,22,1,30,6,17,169,25,0.2,980,12.3,293,1.6
2007,2,22,2,30,6.1000000000000005,0,0,0,0.2,980,10.8,279,1.7000000000000002
2007,2,22,3,30,6.5,0,0,0,0.2,981,9.700000000000001,264,1.5
2007,2,22,4,30,6.7,0,0,0,0.2,981,8.9,251,1.4000000000000001
2007,2,22,5,30,6.7,0,0,0,0.2,981,8.6,246,1.3
2007,2,22,6,30,6.7,0,0,0,0.2,980,8.6,241,1.4000000000000001
2007,2,22,7,30,6.7,0,0,0,0.2,980,8.700000000000001,236,1.5
2007,2,22,8,30,6.6000000000000005,0,0,0,0.2,979,8.6,233,1.7000000000000002
2007,2,22,9,30,6.5,0,0,0,0.2,979,8.4,229,1.6
2007,2,22,10,30,6.4,0,0,0,0.2,979,8.200000000000001,218,1.6
2007,2,22,11,30,6.2,0,0,0,0.2,979,7.9,202,1.5
2007,2,22,12,30,6,0,0,0,0.2,978,7.4,186,1.5
2007,2,22,13,30,5.800000000000001,0,0,0,0.2,979,7,174,1.6
2007,2,22,14,30,5.800000000000001,0,0,0,0.2,979,8,168,2.1
2007,2,22,15,30,6.300000000000001,49,0,49,0.2,979,10,168,3.3000000000000003
2007,2,22,16,30,6.4,137,284,238,0.2,979,11.700000000000001,176,4.4
2007,2,22,17,30,5.9,92,822,512,0.2,979,13.200000000000001,188,4.9
2007,2,22,18,30,5.4,262,42,288,0.2,978,13.700000000000001,205,5.1000000000000005
2007,2,22,19,30,5.300000000000001,203,7,208,0.2,978,13.3,226,5.300000000000001
2007,2,22,20,30,5.4,254,18,267,0.2,978,12.3,246,5.2
2007,2,22,21,30,5.1000000000000005,215,10,221,0.2,978,11.4,261,5
2007,2,22,22,30,4.3,112,0,112,0.2,978,10.5,272,4.5
2007,2,22,23,30,3.2,160,25,170,0.2,978,10,276,4.2
2007,2,23,0,30,2.5,94,55,107,0.2,979,8.200000000000001,277,2
2007,2,23,1,30,2.8000000000000003,13,0,13,0.2,979,6.5,259,0.8
2007,2,23,2,30,1.9000000000000001,0,0,0,0.2,979,5.300000000000001,243,0.8
2007,2,23,3,30,1.7000000000000002,0,0,0,0.2,980,4.7,244,1.1
2007,2,23,4,30,1.9000000000000001,0,0,0,0.2,980,4.4,248,1.4000000000000001
2007,2,23,5,30,2,0,0,0,0.2,980,4.3,247,1.5
2007,2,23,6,30,2.3000000000000003,0,0,0,0.2,980,4.3,245,1.5
2007,2,23,7,30,2.6,0,0,0,0.2,980,4.4,244,1.5
2007,2,23,8,30,2.8000000000000003,0,0,0,0.2,980,4.5,247,1.5
2007,2,23,9,30,3.1,0,0,0,0.2,980,4.5,253,1.6
2007,2,23,10,30,3.1,0,0,0,0.2,980,4.4,261,1.7000000000000002
2007,2,23,11,30,3.1,0,0,0,0.2,980,4.2,268,1.9000000000000001
2007,2,23,12,30,2.9000000000000004,0,0,0,0.2,981,3.9000000000000004,273,2.1
2007,2,23,13,30,2.7,0,0,0,0.2,982,3.6,280,2.3000000000000003
2007,2,23,14,30,2.5,0,0,0,0.2,983,4,286,2.9000000000000004
2007,2,23,15,30,2.9000000000000004,54,483,138,0.2,984,5.1000000000000005,299,3.7
2007,2,23,16,30,2.8000000000000003,85,716,343,0.2,984,6.4,314,4.2
2007,2,23,17,30,1.9000000000000001,99,847,536,0.2,985,7.7,321,4.3
2007,2,23,18,30,0.7000000000000001,298,184,414,0.2,985,9,324,4.2
2007,2,23,19,30,-0.30000000000000004,115,927,758,0.2,985,10,326,4.3
2007,2,23,20,30,-0.9,250,530,623,0.2,985,10.600000000000001,327,4.4
2007,2,23,21,30,-1.4000000000000001,97,943,720,0.2,985,10.8,330,4.5
2007,2,23,22,30,-2,195,502,478,0.2,985,10.600000000000001,333,4.5
2007,2,23,23,30,-2.5,76,832,429,0.2,985,10.4,336,4.5
2007,2,24,0,30,-2.6,58,664,222,0.19,986,7.7,342,2.8000000000000003
2007,2,24,1,30,-1.6,20,231,32,0.19,986,5.1000000000000005,345,1.6
2007,2,24,2,30,-1.4000000000000001,0,0,0,0.19,987,3.8000000000000003,346,1.4000000000000001
2007,2,24,3,30,-1.4000000000000001,0,0,0,0.19,988,3,346,1.3
2007,2,24,4,30,-1.3,0,0,0,0.19,988,2.4000000000000004,344,1.3
2007,2,24,5,30,-1.4000000000000001,0,0,0,0.19,989,2.2,337,1.2000000000000002
2007,2,24,6,30,-1.5,0,0,0,0.19,988,2,321,1.1
2007,2,24,7,30,-1.6,0,0,0,0.19,988,1.7000000000000002,303,1.1
2007,2,24,8,30,-1.6,0,0,0,0.19,988,1.1,296,1.1
2007,2,24,9,30,-1.5,0,0,0,0.19,988,0.7000000000000001,293,1.1
2007,2,24,10,30,-1.4000000000000001,0,0,0,0.19,989,0.5,287,1.1
2007,2,24,11,30,-1.2000000000000002,0,0,0,0.19,989,0.30000000000000004,278,1.1
2007,2,24,12,30,-1.1,0,0,0,0.19,989,0.1,273,1
2007,2,24,13,30,-1,0,0,0,0.19,990,0.1,269,1
2007,2,24,14,30,-0.9,0,0,0,0.19,991,2,261,1.2000000000000002
2007,2,24,15,30,-0.5,45,561,145,0.19,991,5.1000000000000005,284,1.3
2007,2,24,16,30,-0.8,68,782,354,0.19,991,7.9,333,1.5
2007,2,24,17,30,-1.8,81,884,541,0.19,990,10.200000000000001,356,1.8
2007,2,24,18,30,-2.4000000000000004,96,918,678,0.19,990,11.9,352,1.9000000000000001
2007,2,24,19,30,-2.7,100,948,763,0.19,988,13.3,339,1.9000000000000001
2007,2,24,20,30,-2.8000000000000003,99,955,776,0.19,987,14.200000000000001,328,2.1
2007,2,24,21,30,-2.7,89,955,724,0.19,987,14.600000000000001,321,2.2
2007,2,24,22,30,-2.4000000000000004,83,912,601,0.19,986,14.4,316,2.1
2007,2,24,23,30,-2.1,72,833,429,0.19,986,14.100000000000001,313,1.9000000000000001
2007,2,25,0,30,-1,55,678,226,0.19,985,10.9,312,1.1
2007,2,25,1,30,0.4,20,241,33,0.19,985,8.3,335,0.8
2007,2,25,2,30,-0.7000000000000001,0,0,0,0.19,985,7.5,202,0.7000000000000001
2007,2,25,3,30,-0.9,0,0,0,0.19,985,7,83,0.6000000000000001
2007,2,25,4,30,-0.8,0,0,0,0.19,985,6.4,133,0.6000000000000001
2007,2,25,5,30,-0.5,0,0,0,0.19,985,5.800000000000001,159,0.7000000000000001
2007,2,25,6,30,0,0,0,0,0.19,984,5.5,179,0.9
2007,2,25,7,30,0.8,0,0,0,0.19,985,5.1000000000000005,202,1
2007,2,25,8,30,1.6,0,0,0,0.19,985,4.800000000000001,215,1.1
2007,2,25,9,30,2.6,0,0,0,0.19,984,5.1000000000000005,214,1
2007,2,25,10,30,3.5,0,0,0,0.19,984,5.4,198,0.9
2007,2,25,11,30,4.1000000000000005,0,0,0,0.19,984,5.300000000000001,183,1
2007,2,25,12,30,4.4,0,0,0,0.19,983,5.2,180,1.1
2007,2,25,13,30,4.7,0,0,0,0.19,983,5.6000000000000005,181,1.2000000000000002
2007,2,25,14,30,5.2,0,0,0,0.19,983,7,186,1.5
2007,2,25,15,30,6.300000000000001,53,0,53,0.19,983,9.1,213,2.1
2007,2,25,16,30,7.300000000000001,155,143,208,0.19,983,10.600000000000001,254,3
2007,2,25,17,30,7.300000000000001,210,363,401,0.19,984,11.700000000000001,282,3.8000000000000003
2007,2,25,18,30,6.6000000000000005,215,12,223,0.19,984,12.9,292,4
2007,2,25,19,30,5.800000000000001,169,2,171,0.19,983,14,300,3.9000000000000004
2007,2,25,20,30,5.300000000000001,329,318,555,0.19,983,14.700000000000001,307,3.9000000000000004
2007,2,25,21,30,5.300000000000001,286,45,317,0.19,982,14.8,313,3.9000000000000004
2007,2,25,22,30,5.2,136,756,569,0.19,982,14.200000000000001,319,3.7
2007,2,25,23,30,5.1000000000000005,130,616,396,0.19,982,13.8,321,3.5
2007,2,26,0,30,5.4,100,387,198,0.19,982,11.4,177,1.8
2007,2,26,1,30,5.9,25,29,26,0.19,982,9.8,33,1.1
2007,2,26,2,30,6,0,0,0,0.19,982,9.200000000000001,61,0.9
2007,2,26,3,30,6.1000000000000005,0,0,0,0.19,982,9,118,0.7000000000000001
2007,2,26,4,30,6.1000000000000005,0,0,0,0.19,983,8.3,188,0.6000000000000001
2007,2,26,5,30,6,0,0,0,0.19,983,7.7,224,0.7000000000000001
2007,2,26,6,30,6,0,0,0,0.19,983,7.2,234,0.9
2007,2,26,7,30,5.800000000000001,0,0,0,0.19,983,6.7,232,1
2007,2,26,8,30,5.6000000000000005,0,0,0,0.19,983,6.2,230,1
2007,2,26,9,30,5.300000000000001,0,0,0,0.19,983,5.800000000000001,230,1
2007,2,26,10,30,5.1000000000000005,0,0,0,0.19,983,5.6000000000000005,231,1
2007,2,26,11,30,4.9,0,0,0,0.19,983,5.5,227,0.9
2007,2,26,12,30,4.9,0,0,0,0.19,983,5.6000000000000005,222,0.9
2007,2,26,13,30,4.9,0,0,0,0.19,983,5.800000000000001,215,0.8
2007,2,26,14,30,5.1000000000000005,0,0,0,0.19,984,6.7,196,0.9
2007,2,26,15,30,5.7,66,390,139,0.19,984,8,181,1.1
2007,2,26,16,30,6,102,636,340,0.19,984,9.4,180,0.9
2007,2,26,17,30,6,117,768,524,0.19,984,10.8,187,0.7000000000000001
2007,2,26,18,30,5.6000000000000005,122,844,665,0.19,984,12,215,0.8
2007,2,26,19,30,5.5,126,875,745,0.19,983,13,247,1.1
2007,2,26,20,30,5.4,122,888,759,0.19,982,13.700000000000001,262,1.6
2007,2,26,21,30,5.4,325,153,428,0.19,981,14.200000000000001,267,2.2
2007,2,26,22,30,5.5,105,841,590,0.19,981,14.3,269,2.6
2007,2,26,23,30,5.6000000000000005,90,763,422,0.19,980,14.100000000000001,269,2.7
2007,2,27,0,30,6,83,0,83,0.21,980,11.8,262,1.9000000000000001
2007,2,27,1,30,6.4,22,238,37,0.21,980,9.9,245,1.4000000000000001
2007,2,27,2,30,6.5,0,0,0,0.21,980,8.9,228,1.7000000000000002
2007,2,27,3,30,6.6000000000000005,0,0,0,0.21,980,8.5,213,2.1
2007,2,27,4,30,6.7,0,0,0,0.21,979,8.3,204,2.4000000000000004
2007,2,27,5,30,6.800000000000001,0,0,0,0.21,978,8.4,206,2.6
2007,2,27,6,30,7,0,0,0,0.21,978,8.4,215,2.7
2007,2,27,7,30,7.2,0,0,0,0.21,977,8.3,228,2.7
2007,2,27,8,30,7.2,0,0,0,0.21,977,8.1,244,2.6
2007,2,27,9,30,6.9,0,0,0,0.21,977,7.800000000000001,259,2.7
2007,2,27,10,30,6.6000000000000005,0,0,0,0.21,978,7.4,271,2.7
2007,2,27,11,30,6.1000000000000005,0,0,0,0.21,978,6.800000000000001,280,2.6
2007,2,27,12,30,5.5,0,0,0,0.21,978,6.2,287,2.3000000000000003
2007,2,27,13,30,4.9,0,0,0,0.21,979,5.5,290,2.1
2007,2,27,14,30,4.3,0,0,0,0.21,979,5.7,292,2.4000000000000004
2007,2,27,15,30,4.4,67,5,68,0.21,980,6.5,298,3.1
2007,2,27,16,30,4,92,709,361,0.21,981,7.4,305,3.3000000000000003
2007,2,27,17,30,2.9000000000000004,243,146,321,0.21,981,8.4,310,3.3000000000000003
2007,2,27,18,30,1.5,304,237,458,0.21,981,9.5,310,3.2
2007,2,27,19,30,0.2,342,251,521,0.21,981,10.5,308,3.1
2007,2,27,20,30,-0.7000000000000001,320,52,358,0.21,980,11.100000000000001,307,3
2007,2,27,21,30,-1.5,326,209,467,0.21,979,11.3,304,3
2007,2,27,22,30,-2.2,101,883,613,0.21,979,11.100000000000001,300,3.1
2007,2,27,23,30,-2.7,128,0,128,0.21,979,10.9,299,3.1
2007,2,28,0,30,-2.4000000000000004,10,0,10,0.2,978,8.5,292,2.1
2007,2,28,1,30,-1.1,22,15,23,0.2,978,6.300000000000001,279,1.5
2007,2,28,2,30,-0.8,0,0,0,0.2,979,5.1000000000000005,262,1.5
2007,2,28,3,30,-0.30000000000000004,0,0,0,0.2,979,4.4,248,1.7000000000000002
2007,2,28,4,30,0.4,0,0,0,0.2,979,4.1000000000000005,236,1.7000000000000002
2007,2,28,5,30,1.2000000000000002,0,0,0,0.2,978,4.1000000000000005,230,1.6
2007,2,28,6,30,1.8,0,0,0,0.2,978,4.2,231,1.7000000000000002
2007,2,28,7,30,2.3000000000000003,0,0,0,0.2,978,4.2,242,2
2007,2,28,8,30,2.6,0,0,0,0.2,978,4.1000000000000005,258,2.3000000000000003
2007,2,28,9,30,2.5,0,0,0,0.2,978,3.7,271,2.3000000000000003
2007,2,28,10,30,2,0,0,0,0.2,979,3,279,2.1
2007,2,28,11,30,1.6,0,0,0,0.2,979,2.3000000000000003,280,1.7000000000000002
2007,2,28,12,30,1.2000000000000002,0,0,0,0.2,980,2,280,1.2000000000000002
2007,2,28,13,30,1.1,0,0,0,0.2,980,2.1,282,1
2007,2,28,14,30,1.4000000000000001,0,0,0,0.2,981,3.2,287,1.4000000000000001
2007,2,28,15,30,2.2,65,458,155,0.2,982,4.7,298,2.1
2007,2,28,16,30,2.3000000000000003,93,709,364,0.2,983,5.800000000000001,311,2.5
2007,2,28,17,30,1.9000000000000001,104,836,555,0.2,983,7,318,2.8000000000000003
2007,2,28,18,30,1,292,317,499,0.2,983,8,318,3.1
2007,2,28,19,30,0.2,347,231,513,0.2,983,8.8,317,3.3000000000000003
2007,2,28,20,30,-0.30000000000000004,116,933,794,0.2,983,9.3,317,3.4000000000000004
2007,2,28,21,30,-0.7000000000000001,108,924,738,0.2,983,9.5,321,3.6
2007,2,28,22,30,-1,95,895,619,0.2,983,9.5,325,3.6
2007,2,28,23,30,-1.2000000000000002,81,826,446,0.2,983,9.4,327,3.5
2016,3,1,0,30,7,59,667,238,0.25,984,18.3,320,1.5
2016,3,1,1,30,8.1,24,187,37,0.25,984,15.3,317,1
2016,3,1,2,30,7.2,0,0,0,0.25,985,14.9,295,0.8
2016,3,1,3,30,6.9,0,0,0,0.25,985,14.8,255,0.7000000000000001
2016,3,1,4,30,7,0,0,0,0.25,985,14.3,241,0.8
2016,3,1,5,30,6.9,0,0,0,0.25,985,13.9,246,0.9
2016,3,1,6,30,6.7,0,0,0,0.25,984,13.5,257,1
2016,3,1,7,30,6.6000000000000005,0,0,0,0.25,984,13,269,1
2016,3,1,8,30,6.4,0,0,0,0.25,984,12.700000000000001,274,1
2016,3,1,9,30,6.2,0,0,0,0.25,984,12.5,257,0.8
2016,3,1,10,30,6.300000000000001,0,0,0,0.25,984,12.3,219,0.7000000000000001
2016,3,1,11,30,6.6000000000000005,0,0,0,0.25,984,11.9,192,0.8
2016,3,1,12,30,6.800000000000001,0,0,0,0.25,985,11.3,186,1
2016,3,1,13,30,7,0,0,0,0.25,985,11.200000000000001,186,1
2016,3,1,14,30,7.300000000000001,0,0,0,0.25,985,12.8,184,1.1
2016,3,1,15,30,8.8,72,237,121,0.25,985,16.1,184,1.5
2016,3,1,16,30,8.1,143,357,283,0.25,986,19.6,196,1.2000000000000002
2016,3,1,17,30,7.2,86,879,568,0.25,985,22.700000000000003,258,0.9
2016,3,1,18,30,6.1000000000000005,101,912,705,0.25,985,24.900000000000002,311,1.5
2016,3,1,19,30,6,102,943,786,0.25,985,26.200000000000003,318,2.2
2016,3,1,20,30,5.9,101,949,799,0.25,984,26.8,325,2.7
2016,3,1,21,30,5.7,99,932,742,0.25,984,26.8,333,2.8000000000000003
2016,3,1,22,30,5.5,92,895,621,0.25,983,26.3,338,2.6
2016,3,1,23,30,5.7,135,537,376,0.25,983,25.8,338,2.4000000000000004
2016,3,2,0,30,8.5,65,554,216,0.25,983,22,176,1.1
2016,3,2,1,30,8.700000000000001,25,75,31,0.25,983,19.3,49,0.7000000000000001
2016,3,2,2,30,7.4,0,0,0,0.25,984,17.900000000000002,114,0.7000000000000001
2016,3,2,3,30,7.300000000000001,0,0,0,0.25,984,16.900000000000002,159,0.8
2016,3,2,4,30,7,0,0,0,0.25,984,16.1,189,0.8
2016,3,2,5,30,6.800000000000001,0,0,0,0.25,984,15.3,217,0.9
2016,3,2,6,30,6.6000000000000005,0,0,0,0.25,984,14.3,243,1
2016,3,2,7,30,6.5,0,0,0,0.25,985,13.200000000000001,265,1.1
2016,3,2,8,30,6.300000000000001,0,0,0,0.25,985,12.200000000000001,284,1.1
2016,3,2,9,30,6.300000000000001,0,0,0,0.25,985,11.3,298,0.9
2016,3,2,10,30,6.4,0,0,0,0.25,984,10.8,258,0.6000000000000001
2016,3,2,11,30,6.6000000000000005,0,0,0,0.25,984,10.3,201,0.6000000000000001
2016,3,2,12,30,6.800000000000001,0,0,0,0.25,984,9.9,189,0.8
2016,3,2,13,30,6.9,0,0,0,0.25,984,9.700000000000001,185,0.9
2016,3,2,14,30,6.9,0,0,0,0.25,984,11.600000000000001,174,1.3
2016,3,2,15,30,7.800000000000001,53,598,179,0.25,984,15.4,165,1.7000000000000002
2016,3,2,16,30,7.4,75,803,394,0.25,984,19.200000000000003,179,1.2000000000000002
2016,3,2,17,30,6.300000000000001,194,485,463,0.25,984,22.5,254,1.1
2016,3,2,18,30,4.7,96,945,726,0.25,984,24.5,320,2
2016,3,2,19,30,4.1000000000000005,104,939,790,0.25,984,25.5,330,2.5
2016,3,2,20,30,3.8000000000000003,227,642,702,0.25,983,25.8,336,2.7
2016,3,2,21,30,3.5,123,898,745,0.25,983,25.700000000000003,341,2.5
2016,3,2,22,30,3.3000000000000003,163,632,540,0.25,982,25.200000000000003,343,2.3000000000000003
2016,3,2,23,30,3.6,114,617,393,0.25,982,24.8,342,2.2
2016,3,3,0,30,7.2,72,512,213,0.25,982,20.5,350,1.1
2016,3,3,1,30,8.200000000000001,26,105,34,0.25,983,17.8,333,0.7000000000000001
2016,3,3,2,30,7,0,0,0,0.25,983,16.5,273,0.8
2016,3,3,3,30,7,0,0,0,0.25,984,15.200000000000001,228,1
2016,3,3,4,30,7.1000000000000005,0,0,0,0.25,984,14.200000000000001,216,1.1
2016,3,3,5,30,6.9,0,0,0,0.25,984,13.8,207,1
2016,3,3,6,30,6.4,0,0,0,0.25,983,13.600000000000001,195,0.9
2016,3,3,7,30,5.7,0,0,0,0.25,983,13.600000000000001,184,0.9
2016,3,3,8,30,5.2,0,0,0,0.25,983,13.700000000000001,184,0.8
2016,3,3,9,30,4.800000000000001,0,0,0,0.25,983,13.8,202,0.7000000000000001
2016,3,3,10,30,4.7,0,0,0,0.25,983,13.5,233,0.5
2016,3,3,11,30,4.800000000000001,0,0,0,0.25,983,12.8,240,0.5
2016,3,3,12,30,4.6000000000000005,0,0,0,0.25,984,12,223,0.5
2016,3,3,13,30,4.5,0,0,0,0.25,984,11.600000000000001,219,0.6000000000000001
2016,3,3,14,30,4.7,0,0,0,0.25,984,12.600000000000001,235,0.6000000000000001
2016,3,3,15,30,6.5,75,251,129,0.25,984,14.4,293,0.7000000000000001
2016,3,3,16,30,6.9,156,301,277,0.25,984,16.5,176,0.9
2016,3,3,17,30,7.4,144,642,502,0.25,984,18.900000000000002,183,1.2000000000000002
2016,3,3,18,30,7.2,211,590,607,0.25,984,21.3,342,1.4000000000000001
2016,3,3,19,30,6.5,259,544,659,0.25,983,22.900000000000002,332,1.8
2016,3,3,20,30,6.2,258,564,677,0.25,983,23.5,330,2.1
2016,3,3,21,30,6.300000000000001,288,425,584,0.25,982,23.400000000000002,330,2.2
2016,3,3,22,30,6.5,224,463,502,0.25,982,22.700000000000003,332,2.2
2016,3,3,23,30,7,159,440,360,0.25,982,22.3,333,2.2
2016,3,4,0,30,9.3,100,289,180,0.25,982,18.8,345,1.1
2016,3,4,1,30,10.5,27,44,31,0.25,982,16.8,348,0.7000000000000001
2016,3,4,2,30,10,0,0,0,0.25,982,16.3,321,0.5
2016,3,4,3,30,9.9,0,0,0,0.25,982,15.8,247,0.4
2016,3,4,4,30,10,0,0,0,0.25,983,15,200,0.6000000000000001
2016,3,4,5,30,9.9,0,0,0,0.25,982,14.3,195,0.7000000000000001
2016,3,4,6,30,9.9,0,0,0,0.25,982,13.8,195,0.8
2016,3,4,7,30,9.9,0,0,0,0.25,981,13.200000000000001,206,0.8
2016,3,4,8,30,9.8,0,0,0,0.25,981,12.700000000000001,221,0.8
2016,3,4,9,30,9.8,0,0,0,0.25,980,12.3,227,0.8
2016,3,4,10,30,9.700000000000001,0,0,0,0.25,980,11.8,227,0.8
2016,3,4,11,30,9.600000000000001,0,0,0,0.25,980,11.3,235,0.9
2016,3,4,12,30,9.600000000000001,0,0,0,0.25,981,10.8,249,1
2016,3,4,13,30,9.700000000000001,0,0,0,0.25,981,10.9,263,0.9
2016,3,4,14,30,9.9,4,0,4,0.25,982,12.600000000000001,265,0.8
2016,3,4,15,30,10.600000000000001,59,524,174,0.25,983,15,167,0.9
2016,3,4,16,30,11.100000000000001,146,382,301,0.25,983,16.8,86,1.3
2016,3,4,17,30,11.3,153,620,502,0.25,982,18.2,103,1.5
2016,3,4,18,30,11,281,406,556,0.25,982,19.700000000000003,149,1
2016,3,4,19,30,10.700000000000001,364,146,472,0.25,981,21,232,1
2016,3,4,20,30,10.600000000000001,313,427,632,0.25,981,21.400000000000002,286,1.5
2016,3,4,21,30,10.600000000000001,23,0,23,0.25,980,21.200000000000003,299,1.6
2016,3,4,22,30,10.8,282,168,384,0.25,980,20.8,302,1.7000000000000002
2016,3,4,23,30,11.4,200,102,246,0.25,980,20.6,303,1.7000000000000002
2016,3,5,0,30,12.600000000000001,105,25,112,0.25,980,18.1,310,0.9
2016,3,5,1,30,12.100000000000001,27,3,28,0.25,981,16.8,295,0.9
2016,3,5,2,30,12,0,0,0,0.25,981,15.5,270,1.1
2016,3,5,3,30,12,0,0,0,0.25,981,14.5,254,1.2000000000000002
2016,3,5,4,30,12.100000000000001,0,0,0,0.25,982,13.8,242,1.2000000000000002
2016,3,5,5,30,12.200000000000001,0,0,0,0.25,982,13.3,230,1.1
2016,3,5,6,30,12.100000000000001,0,0,0,0.25,982,13,208,0.9
2016,3,5,7,30,12.100000000000001,0,0,0,0.25,981,13,186,0.8
2016,3,5,8,30,12,0,0,0,0.25,981,12.9,174,0.8
2016,3,5,9,30,11.9,0,0,0,0.25,981,12.9,176,0.8
2016,3,5,10,30,11.8,0,0,0,0.25,981,13,185,0.8
2016,3,5,11,30,11.9,0,0,0,0.25,981,13.100000000000001,190,0.7000000000000001
2016,3,5,12,30,11.9,0,0,0,0.25,981,13.200000000000001,192,0.7000000000000001
2016,3,5,13,30,12,0,0,0,0.25,981,13.3,178,0.7000000000000001
2016,3,5,14,30,12,4,0,4,0.25,981,14.3,153,1.2000000000000002
2016,3,5,15,30,12.9,38,0,38,0.25,981,16.1,143,2
2016,3,5,16,30,13.200000000000001,140,4,142,0.25,981,18.1,153,2.4000000000000004
2016,3,5,17,30,13.200000000000001,160,0,160,0.25,980,20.1,179,2.6
2016,3,5,18,30,12.600000000000001,77,0,77,0.25,980,21.3,209,3
2016,3,5,19,30,11.9,215,9,221,0.25,979,21.700000000000003,224,3.5
2016,3,5,20,30,11.3,276,20,292,0.25,979,21.5,228,4
2016,3,5,21,30,10.9,26,0,26,0.25,978,20.900000000000002,227,4
2016,3,5,22,30,10.700000000000001,216,16,226,0.25,978,20.5,219,3.7
2016,3,5,23,30,10.600000000000001,39,0,39,0.25,978,20.3,212,3.4000000000000004
2016,3,6,0,30,11.200000000000001,93,0,93,0.25,977,18.1,189,2.5
2016,3,6,1,30,11.8,29,47,33,0.25,977,16.1,187,2.3000000000000003
2016,3,6,2,30,11.700000000000001,0,0,0,0.25,977,15.200000000000001,187,2.5
2016,3,6,3,30,11.8,0,0,0,0.25,977,14.600000000000001,184,2.8000000000000003
2016,3,6,4,30,11.600000000000001,0,0,0,0.25,977,14.3,180,3.4000000000000004
2016,3,6,5,30,11.100000000000001,0,0,0,0.25,977,14,173,4.3
2016,3,6,6,30,10.600000000000001,0,0,0,0.25,976,13.5,164,4.800000000000001
2016,3,6,7,30,10.3,0,0,0,0.25,976,13.100000000000001,162,4.9
2016,3,6,8,30,10.3,0,0,0,0.25,976,13,171,4.4
2016,3,6,9,30,10.600000000000001,0,0,0,0.25,976,12.9,193,3.9000000000000004
2016,3,6,10,30,10.9,0,0,0,0.25,976,12.5,222,3.5
2016,3,6,11,30,10.4,0,0,0,0.25,977,11.4,249,3.1
2016,3,6,12,30,9.200000000000001,0,0,0,0.25,978,10.100000000000001,265,2.7
2016,3,6,13,30,8.1,0,0,0,0.25,979,9.3,270,2.3000000000000003
2016,3,6,14,30,7.800000000000001,14,38,15,0.25,980,9.8,272,2.5
2016,3,6,15,30,8.200000000000001,74,484,184,0.25,981,11.100000000000001,283,3.4000000000000004
2016,3,6,16,30,7.6000000000000005,105,694,394,0.25,981,12.3,298,4
2016,3,6,17,30,6.4,119,810,582,0.25,982,13.600000000000001,305,4.2
2016,3,6,18,30,5.2,125,877,726,0.25,982,14.8,310,4.1000000000000005
2016,3,6,19,30,4.4,254,584,691,0.25,981,15.8,314,3.9000000000000004
2016,3,6,20,30,3.8000000000000003,137,858,787,0.25,981,16.6,319,3.7
2016,3,6,21,30,3.4000000000000004,329,299,542,0.25,980,16.900000000000002,324,3.5
2016,3,6,22,30,3,238,432,503,0.25,980,16.7,330,3
2016,3,6,23,30,2.8000000000000003,175,21,185,0.25,980,16.400000000000002,333,2.8000000000000003
2016,3,7,0,30,3.1,115,109,146,0.24,980,13.8,334,1.5
2016,3,7,1,30,5.1000000000000005,30,83,38,0.24,980,11.3,333,0.9
2016,3,7,2,30,4.6000000000000005,0,0,0,0.24,980,9.8,311,0.8
2016,3,7,3,30,4.7,0,0,0,0.24,980,9,273,0.7000000000000001
2016,3,7,4,30,4.9,0,0,0,0.24,980,8.3,239,0.8
2016,3,7,5,30,4.9,0,0,0,0.24,980,7.7,216,0.9
2016,3,7,6,30,4.9,0,0,0,0.24,979,7.1000000000000005,200,1.1
2016,3,7,7,30,4.800000000000001,0,0,0,0.24,978,6.4,184,1.2000000000000002
2016,3,7,8,30,4.6000000000000005,0,0,0,0.24,978,6,170,1.4000000000000001
2016,3,7,9,30,4.5,0,0,0,0.24,976,6.300000000000001,161,1.7000000000000002
2016,3,7,10,30,4.800000000000001,0,0,0,0.24,975,6.9,157,2.2
2016,3,7,11,30,5.2,0,0,0,0.24,974,7.5,157,2.7
2016,3,7,12,30,5.7,0,0,0,0.24,973,7.800000000000001,161,2.8000000000000003
2016,3,7,13,30,6.1000000000000005,0,0,0,0.24,973,8,188,2.9000000000000004
2016,3,7,14,30,6.300000000000001,6,0,6,0.24,974,8.200000000000001,228,3.6
2016,3,7,15,30,5.800000000000001,63,0,63,0.24,974,8.5,247,4.2
2016,3,7,16,30,5.2,164,34,179,0.24,974,9.1,255,4.2
2016,3,7,17,30,4.7,258,257,407,0.24,974,10,262,4
2016,3,7,18,30,4.2,296,383,561,0.24,974,10.600000000000001,273,3.7
2016,3,7,19,30,3.9000000000000004,373,146,483,0.24,973,10.9,286,3.6
2016,3,7,20,30,3.8000000000000003,347,60,393,0.24,973,11,296,3.6
2016,3,7,21,30,3.8000000000000003,231,598,658,0.24,973,10.8,302,3.7
2016,3,7,22,30,3.9000000000000004,208,12,216,0.24,973,10.4,310,3.8000000000000003
2016,3,7,23,30,4,127,682,448,0.24,973,10.200000000000001,314,3.9000000000000004
2016,3,8,0,30,4.4,112,40,123,0.24,974,9.1,327,3.3000000000000003
2016,3,8,1,30,4.9,28,0,28,0.24,975,8,331,2.6
2016,3,8,2,30,5,0,0,0,0.24,976,7.300000000000001,330,2.5
2016,3,8,3,30,5,0,0,0,0.24,977,6.9,324,2.5
2016,3,8,4,30,5.1000000000000005,0,0,0,0.24,978,6.6000000000000005,316,2.4000000000000004
2016,3,8,5,30,5.300000000000001,0,0,0,0.24,978,6.300000000000001,308,2.4000000000000004
2016,3,8,6,30,5.2,0,0,0,0.24,978,6,306,2.7
2016,3,8,7,30,5.1000000000000005,0,0,0,0.24,979,5.7,310,2.8000000000000003
2016,3,8,8,30,4.800000000000001,0,0,0,0.24,980,5.2,316,2.3000000000000003
2016,3,8,9,30,4.6000000000000005,0,0,0,0.24,980,4.7,319,1.8
2016,3,8,10,30,4.4,0,0,0,0.24,980,4.5,315,1.5
2016,3,8,11,30,4.3,0,0,0,0.24,980,4.5,304,1.5
2016,3,8,12,30,4.3,0,0,0,0.24,981,4.6000000000000005,296,1.5
2016,3,8,13,30,4.3,0,0,0,0.24,981,4.9,292,1.5
2016,3,8,14,30,4.6000000000000005,6,0,6,0.24,982,6,297,1.6
2016,3,8,15,30,5.4,37,0,37,0.24,983,8,319,2.2
2016,3,8,16,30,5.9,148,8,151,0.24,984,10.3,334,2.8000000000000003
2016,3,8,17,30,5.7,240,360,449,0.24,984,12.700000000000001,335,3
2016,3,8,18,30,5.4,309,342,547,0.24,984,14.700000000000001,334,3.1
2016,3,8,19,30,5.2,332,394,631,0.24,983,16.2,331,3.2
2016,3,8,20,30,5.1000000000000005,287,509,676,0.24,982,17.1,331,3.4000000000000004
2016,3,8,21,30,4.9,323,341,568,0.24,982,17.3,328,3.6
2016,3,8,22,30,4.6000000000000005,102,834,619,0.24,982,16.900000000000002,326,3.7
2016,3,8,23,30,4.3,106,758,466,0.24,982,16.5,326,3.6
2016,3,9,0,30,4.5,78,610,258,0.24,982,13.8,329,2.7
2016,3,9,1,30,5.4,33,288,60,0.24,983,11.100000000000001,330,1.8
2016,3,9,2,30,5.6000000000000005,0,0,0,0.24,983,9.4,330,1.5
2016,3,9,3,30,5.7,0,0,0,0.24,983,8.6,327,1.4000000000000001
2016,3,9,4,30,5.6000000000000005,0,0,0,0.24,983,8,319,1.1
2016,3,9,5,30,5.4,0,0,0,0.24,983,7.9,317,1
2016,3,9,6,30,5.2,0,0,0,0.24,983,8,313,0.8
2016,3,9,7,30,5.2,0,0,0,0.24,984,7.9,295,0.7000000000000001
2016,3,9,8,30,5.2,0,0,0,0.24,983,7.6000000000000005,269,0.8
2016,3,9,9,30,5.300000000000001,0,0,0,0.24,983,7.2,249,0.8
2016,3,9,10,30,5.2,0,0,0,0.24,983,6.800000000000001,244,0.9
2016,3,9,11,30,5.2,0,0,0,0.24,983,6.5,246,1
2016,3,9,12,30,5.1000000000000005,0,0,0,0.24,983,6.4,243,0.9
2016,3,9,13,30,5.1000000000000005,0,0,0,0.24,984,6.800000000000001,234,0.9
2016,3,9,14,30,5.1000000000000005,17,129,22,0.24,984,9.1,225,1.1
2016,3,9,15,30,5.800000000000001,63,568,202,0.24,985,12.4,233,1.4000000000000001
2016,3,9,16,30,6,87,755,413,0.24,985,14.9,278,1.5
2016,3,9,17,30,6.800000000000001,100,849,598,0.24,985,17,318,2
2016,3,9,18,30,7.6000000000000005,107,901,738,0.24,985,18.7,330,2.4000000000000004
2016,3,9,19,30,8.200000000000001,256,596,710,0.24,984,19.700000000000003,335,2.4000000000000004
2016,3,9,20,30,8.4,265,584,714,0.24,983,20.1,326,2.2
2016,3,9,21,30,8.6,124,862,746,0.24,983,20.5,314,2.1
2016,3,9,22,30,8.6,213,515,534,0.24,982,20.6,314,2
2016,3,9,23,30,8.700000000000001,166,451,381,0.24,982,20.5,316,1.9000000000000001
2016,3,10,0,30,9.700000000000001,80,604,260,0.24,983,18,340,1.1
2016,3,10,1,30,10.4,36,257,61,0.24,983,16,184,0.8
2016,3,10,2,30,9,0,0,0,0.24,984,15.200000000000001,45,0.7000000000000001
2016,3,10,3,30,8.9,0,0,0,0.24,984,14.600000000000001,92,0.6000000000000001
2016,3,10,4,30,8.8,0,0,0,0.24,985,13.8,126,0.7000000000000001
2016,3,10,5,30,8.700000000000001,0,0,0,0.24,985,13.100000000000001,146,0.8
2016,3,10,6,30,8.6,0,0,0,0.24,985,12.600000000000001,157,1
2016,3,10,7,30,8.4,0,0,0,0.24,984,12,162,1
2016,3,10,8,30,8.200000000000001,0,0,0,0.24,984,11.8,166,1
2016,3,10,9,30,8,0,0,0,0.24,984,11.9,165,1
2016,3,10,10,30,7.9,0,0,0,0.24,983,11.8,159,1
2016,3,10,11,30,7.800000000000001,0,0,0,0.24,983,11.600000000000001,154,1.1
2016,3,10,12,30,7.7,0,0,0,0.24,983,11.3,155,1.1
2016,3,10,13,30,7.6000000000000005,0,0,0,0.24,983,11.200000000000001,154,1.1
2016,3,10,14,30,7.7,18,167,26,0.24,983,13.100000000000001,153,1.2000000000000002
2016,3,10,15,30,9.4,60,624,215,0.24,983,16.7,148,1.5
2016,3,10,16,30,9.1,80,802,430,0.24,983,20,138,1.4000000000000001
2016,3,10,17,30,8.1,200,513,503,0.24,983,22.8,146,1.1
2016,3,10,18,30,7.5,99,937,758,0.24,982,24.900000000000002,199,1
2016,3,10,19,30,6.6000000000000005,102,958,836,0.24,982,26.3,267,1.4000000000000001
2016,3,10,20,30,6.2,273,568,712,0.24,981,26.900000000000002,301,2.1
2016,3,10,21,30,5.800000000000001,104,929,779,0.24,980,26.8,312,2.5
2016,3,10,22,30,5.9,89,888,645,0.24,980,26.1,317,2.5
2016,3,10,23,30,6.5,74,804,461,0.24,979,25.6,319,2.5
2016,3,11,0,30,8.5,76,542,240,0.24,979,21.400000000000002,321,1.5
2016,3,11,1,30,10.5,34,129,47,0.24,979,17.900000000000002,309,1.1
2016,3,11,2,30,9,0,0,0,0.24,980,15.8,284,1.3
2016,3,11,3,30,8.8,0,0,0,0.24,981,14.3,262,1.4000000000000001
2016,3,11,4,30,8.6,0,0,0,0.24,981,13.200000000000001,249,1.4000000000000001
2016,3,11,5,30,8.4,0,0,0,0.24,981,12.9,235,1.2000000000000002
2016,3,11,6,30,8,0,0,0,0.24,980,12.9,190,0.9
2016,3,11,7,30,7.800000000000001,0,0,0,0.24,980,12.5,136,0.8
2016,3,11,8,30,7.6000000000000005,0,0,0,0.24,979,12,118,1
2016,3,11,9,30,7.300000000000001,0,0,0,0.24,978,11.8,121,1.1
2016,3,11,10,30,7,0,0,0,0.24,977,11.600000000000001,129,1.2000000000000002
2016,3,11,11,30,6.6000000000000005,0,0,0,0.24,977,11.4,140,1.3
2016,3,11,12,30,6.300000000000001,0,0,0,0.24,976,11.4,157,1.7000000000000002
2016,3,11,13,30,6.1000000000000005,0,0,0,0.24,976,11.3,171,2.3000000000000003
2016,3,11,14,30,6.4,20,0,20,0.24,977,11.8,172,2.9000000000000004
2016,3,11,15,30,7.2,98,154,137,0.24,977,13.4,162,3.6
2016,3,11,16,30,7.1000000000000005,70,780,414,0.24,977,15.9,159,4.800000000000001
2016,3,11,17,30,5.5,169,2,170,0.24,976,18.3,167,6.2
2016,3,11,18,30,5.6000000000000005,123,0,123,0.24,975,19.400000000000002,176,7.2
2016,3,11,19,30,7.300000000000001,344,52,384,0.24,974,19,187,7.6000000000000005
2016,3,11,20,30,8.5,238,12,247,0.24,975,17.5,210,7.7
2016,3,11,21,30,8.6,24,0,24,0.24,976,15.600000000000001,236,7.6000000000000005
2016,3,11,22,30,7.2,189,6,193,0.24,977,14.200000000000001,248,6.7
2016,3,11,23,30,6.300000000000001,157,3,159,0.24,977,13.8,250,6
2016,3,12,0,30,6.300000000000001,115,30,124,0.24,979,11.9,259,3.8000000000000003
2016,3,12,1,30,6.800000000000001,36,58,42,0.24,980,10.3,266,2.5
2016,3,12,2,30,7,0,0,0,0.24,980,9.200000000000001,265,2.1
2016,3,12,3,30,6.800000000000001,0,0,0,0.24,981,8.6,262,2.1
2016,3,12,4,30,6.6000000000000005,0,0,0,0.24,981,8.200000000000001,263,2.3000000000000003
2016,3,12,5,30,6.6000000000000005,0,0,0,0.24,982,7.9,269,2.4000000000000004
2016,3,12,6,30,6.5,0,0,0,0.24,982,7.5,278,2.2
2016,3,12,7,30,6.2,0,0,0,0.24,983,6.9,286,1.8
2016,3,12,8,30,5.800000000000001,0,0,0,0.24,983,6.300000000000001,289,1.4000000000000001
2016,3,12,9,30,5.5,0,0,0,0.24,983,6,287,1.1
2016,3,12,10,30,5.2,0,0,0,0.24,983,5.9,280,1
2016,3,12,11,30,5.1000000000000005,0,0,0,0.24,984,5.800000000000001,266,0.9
2016,3,12,12,30,5,0,0,0,0.24,984,5.7,261,0.9
2016,3,12,13,30,4.9,0,0,0,0.24,985,5.9,262,1
2016,3,12,14,30,5.2,23,51,26,0.24,986,6.9,268,1.2000000000000002
2016,3,12,15,30,5.7,94,431,205,0.24,986,8.8,292,1.4000000000000001
2016,3,12,16,30,5.9,128,647,417,0.24,987,10.8,315,1.7000000000000002
2016,3,12,17,30,5.4,277,114,345,0.24,987,12.9,323,2
2016,3,12,18,30,5,228,598,654,0.24,987,14.700000000000001,328,2.2
2016,3,12,19,30,5,275,559,709,0.24,986,15.9,328,2.3000000000000003
2016,3,12,20,30,5.1000000000000005,368,314,614,0.24,986,16.8,326,2.5
2016,3,12,21,30,5.2,235,607,681,0.24,985,17,324,2.8000000000000003
2016,3,12,22,30,5.2,210,536,550,0.24,985,16.8,326,3
2016,3,12,23,30,5.2,118,639,431,0.24,985,16.5,327,3.1
2016,3,13,0,30,5.4,89,569,264,0.24,985,14.200000000000001,334,1.9000000000000001
2016,3,13,1,30,6.7,36,152,52,0.24,985,11.700000000000001,337,1.1
2016,3,13,2,30,6.4,0,0,0,0.24,986,10.3,331,1
2016,3,13,3,30,6.2,0,0,0,0.24,987,9.600000000000001,310,0.9
2016,3,13,4,30,6.1000000000000005,0,0,0,0.24,987,8.9,291,0.9
2016,3,13,5,30,6.2,0,0,0,0.24,987,8.3,283,0.9
2016,3,13,6,30,6.300000000000001,0,0,0,0.24,987,8.1,275,0.8
2016,3,13,7,30,6.4,0,0,0,0.24,987,7.9,253,0.7000000000000001
2016,3,13,8,30,6.4,0,0,0,0.24,986,7.6000000000000005,223,0.6000000000000001
2016,3,13,9,30,6.4,0,0,0,0.24,986,7.300000000000001,196,0.6000000000000001
2016,3,13,10,30,6.4,0,0,0,0.24,985,7.2,179,0.6000000000000001
2016,3,13,11,30,6.4,0,0,0,0.24,985,7.2,180,0.6000000000000001
2016,3,13,12,30,6.300000000000001,0,0,0,0.24,985,7.2,174,0.7000000000000001
2016,3,13,13,30,6.300000000000001,0,0,0,0.24,985,7.6000000000000005,162,0.7000000000000001
2016,3,13,14,30,6.6000000000000005,25,105,31,0.24,985,9.200000000000001,156,1.2000000000000002
2016,3,13,15,30,7.1000000000000005,92,294,169,0.24,985,11.600000000000001,151,1.4000000000000001
2016,3,13,16,30,7.4,111,684,420,0.24,986,13.700000000000001,146,1.1
2016,3,13,17,30,7.6000000000000005,184,575,532,0.24,985,15.8,215,0.9
2016,3,13,18,30,7.7,307,394,590,0.24,985,17.2,287,1.4000000000000001
2016,3,13,19,30,8.1,382,110,468,0.24,984,17.900000000000002,286,2.2
2016,3,13,20,30,8.5,389,122,485,0.24,984,17.900000000000002,286,2.8000000000000003
2016,3,13,21,30,8.700000000000001,287,26,306,0.24,983,17.400000000000002,287,3.2
2016,3,13,22,30,9,283,66,325,0.24,983,16.6,278,3
2016,3,13,23,30,9.200000000000001,186,24,197,0.24,983,16.2,269,2.6
2016,3,14,0,30,9.4,111,12,115,0.24,983,14.700000000000001,263,1.8
2016,3,14,1,30,10.100000000000001,25,0,25,0.24,983,13.200000000000001,247,1
2016,3,14,2,30,10,0,0,0,0.24,983,12.4,229,0.9
2016,3,14,3,30,10,0,0,0,0.24,984,11.9,214,1
2016,3,14,4,30,9.9,0,0,0,0.24,984,11.5,212,1.1
2016,3,14,5,30,9.8,0,0,0,0.24,983,11.3,217,1.2000000000000002
2016,3,14,6,30,9.9,0,0,0,0.24,983,11.200000000000001,222,1.2000000000000002
2016,3,14,7,30,9.9,0,0,0,0.24,983,11.100000000000001,223,1.2000000000000002
2016,3,14,8,30,10,0,0,0,0.24,983,11.100000000000001,230,1.2000000000000002
2016,3,14,9,30,10.100000000000001,0,0,0,0.24,983,11.100000000000001,239,1.2000000000000002
2016,3,14,10,30,10.200000000000001,0,0,0,0.24,982,11.100000000000001,249,1.1
2016,3,14,11,30,10.3,0,0,0,0.24,983,11,262,1.1
2016,3,14,12,30,10.200000000000001,0,0,0,0.24,983,10.700000000000001,274,1
2016,3,14,13,30,10,0,0,0,0.24,984,10.700000000000001,279,0.9
2016,3,14,14,30,10.3,26,137,35,0.24,984,11.700000000000001,283,1.3
2016,3,14,15,30,11.3,81,525,222,0.24,985,13,294,1.9000000000000001
2016,3,14,16,30,11.5,110,706,432,0.24,986,14.100000000000001,309,2.3000000000000003
2016,3,14,17,30,11.3,122,817,621,0.24,986,15.700000000000001,323,2.6
2016,3,14,18,30,10.5,340,271,536,0.24,986,17.1,332,2.9000000000000004
2016,3,14,19,30,9.8,125,0,125,0.24,986,18,337,3.2
2016,3,14,20,30,9.200000000000001,395,180,537,0.24,985,18.6,336,3.3000000000000003
2016,3,14,21,30,8.700000000000001,295,29,317,0.24,985,18.8,333,3.5
2016,3,14,22,30,8.200000000000001,289,286,472,0.24,985,18.6,331,3.7
2016,3,14,23,30,7.800000000000001,218,119,277,0.24,985,18.400000000000002,330,3.8000000000000003
2016,3,15,0,30,7.5,119,435,256,0.24,985,15.8,327,2.8000000000000003
2016,3,15,1,30,8.1,47,153,65,0.24,986,12.9,326,1.9000000000000001
2016,3,15,2,30,7.800000000000001,0,0,0,0.24,986,10.9,327,1.6
2016,3,15,3,30,7.5,0,0,0,0.24,987,9.9,328,1.5
2016,3,15,4,30,7,0,0,0,0.24,987,9,324,1.4000000000000001
2016,3,15,5,30,6.5,0,0,0,0.24,987,8.3,319,1.4000000000000001
2016,3,15,6,30,6.1000000000000005,0,0,0,0.24,987,7.7,318,1.4000000000000001
2016,3,15,7,30,5.800000000000001,0,0,0,0.24,987,7.300000000000001,320,1.5
2016,3,15,8,30,5.6000000000000005,0,0,0,0.24,987,7,313,1.4000000000000001
2016,3,15,9,30,5.6000000000000005,0,0,0,0.24,987,6.800000000000001,300,1.4000000000000001
2016,3,15,10,30,5.6000000000000005,0,0,0,0.24,986,6.6000000000000005,297,1.5
2016,3,15,11,30,5.6000000000000005,0,0,0,0.24,986,6.2,302,1.4000000000000001
2016,3,15,12,30,5.5,0,0,0,0.24,987,5.9,308,1.4000000000000001
2016,3,15,13,30,5.5,0,0,0,0.24,987,6.4,307,1.4000000000000001
2016,3,15,14,30,5.7,20,0,20,0.24,987,8.1,306,1.7000000000000002
2016,3,15,15,30,6,87,376,190,0.24,987,10.200000000000001,318,2.3000000000000003
2016,3,15,16,30,6,114,700,436,0.24,987,12.100000000000001,328,2.5
2016,3,15,17,30,6.300000000000001,232,455,512,0.24,987,14.100000000000001,326,2.7
2016,3,15,18,30,6.5,140,848,757,0.24,986,15.9,325,3
2016,3,15,19,30,6.6000000000000005,143,871,829,0.24,986,17.2,324,3.4000000000000004
2016,3,15,20,30,6.4,149,854,827,0.24,985,18.2,324,3.7
2016,3,15,21,30,6.2,137,862,780,0.24,984,18.8,327,3.9000000000000004
2016,3,15,22,30,5.9,124,828,658,0.24,984,18.8,332,4
2016,3,15,23,30,5.7,108,757,485,0.24,983,18.6,334,4
2016,3,16,0,30,5.9,83,615,279,0.24,983,15.9,335,2.8000000000000003
2016,3,16,1,30,7,41,290,75,0.24,984,12.9,330,1.7000000000000002
2016,3,16,2,30,7,0,0,0,0.24,984,10.9,325,1.5
2016,3,16,3,30,7,0,0,0,0.24,984,10.100000000000001,320,1.4000000000000001
2016,3,16,4,30,7,0,0,0,0.24,984,9.4,311,1.3
2016,3,16,5,30,6.800000000000001,0,0,0,0.24,984,8.8,301,1.2000000000000002
2016,3,16,6,30,6.6000000000000005,0,0,0,0.24,984,8.3,294,1.2000000000000002
2016,3,16,7,30,6.2,0,0,0,0.24,984,7.800000000000001,292,1.1
2016,3,16,8,30,5.800000000000001,0,0,0,0.24,984,7.4,290,1.1
2016,3,16,9,30,5.4,0,0,0,0.24,983,7,287,1.1
2016,3,16,10,30,5.1000000000000005,0,0,0,0.24,983,6.7,283,1.1
2016,3,16,11,30,4.9,0,0,0,0.24,983,6.6000000000000005,279,1.1
2016,3,16,12,30,4.800000000000001,0,0,0,0.24,983,6.5,274,1.1
2016,3,16,13,30,4.800000000000001,0,0,0,0.24,983,6.9,270,1
2016,3,16,14,30,5.1000000000000005,27,207,42,0.24,983,9.200000000000001,269,1.4000000000000001
2016,3,16,15,30,5.6000000000000005,73,598,239,0.24,984,12.9,288,1.6
2016,3,16,16,30,6.2,98,764,453,0.24,983,16.6,325,1.4000000000000001
2016,3,16,17,30,6,113,850,640,0.24,983,20.200000000000003,177,1.3
2016,3,16,18,30,5.7,123,895,778,0.24,982,23.200000000000003,16,1.3
2016,3,16,19,30,5.6000000000000005,127,917,854,0.24,982,25.200000000000003,19,1.4000000000000001
2016,3,16,20,30,5.6000000000000005,129,908,854,0.24,981,26.400000000000002,12,1.7000000000000002
2016,3,16,21,30,5.7,110,925,803,0.24,980,26.700000000000003,7,2
2016,3,16,22,30,5.6000000000000005,103,887,678,0.24,980,26.200000000000003,5,2.2
2016,3,16,23,30,5.9,90,817,501,0.24,979,25.700000000000003,5,2.4000000000000004
2016,3,17,0,30,7.6000000000000005,71,683,290,0.24,980,21.3,179,2
2016,3,17,1,30,10.100000000000001,37,368,81,0.24,980,17.2,355,1.5
2016,3,17,2,30,9.1,0,0,0,0.24,980,14.600000000000001,354,1.3
2016,3,17,3,30,9,0,0,0,0.24,981,13.700000000000001,347,1.1
2016,3,17,4,30,8.6,0,0,0,0.24,981,13.3,328,0.9
2016,3,17,5,30,8.3,0,0,0,0.24,981,12.9,301,0.8
2016,3,17,6,30,8.200000000000001,0,0,0,0.24,981,12.4,284,0.8
2016,3,17,7,30,8.200000000000001,0,0,0,0.24,981,12.200000000000001,279,0.9
2016,3,17,8,30,8.200000000000001,0,0,0,0.24,980,12.100000000000001,264,0.8
2016,3,17,9,30,8.3,0,0,0,0.24,980,11.700000000000001,233,0.8
2016,3,17,10,30,8.3,0,0,0,0.24,979,11.4,204,0.8
2016,3,17,11,30,8.3,0,0,0,0.24,979,11.100000000000001,186,0.9
2016,3,17,12,30,8.200000000000001,0,0,0,0.24,979,11,176,0.9
2016,3,17,13,30,8,0,0,0,0.24,979,11.4,170,0.9
2016,3,17,14,30,7.9,27,268,48,0.24,979,13.8,164,1
2016,3,17,15,30,9.1,65,650,250,0.24,979,17.1,154,0.9
2016,3,17,16,30,9.1,86,809,466,0.24,979,20.1,83,0.6000000000000001
2016,3,17,17,30,8.1,98,889,654,0.24,979,22.900000000000002,183,0.7000000000000001
2016,3,17,18,30,7.2,107,925,788,0.24,978,25,342,1.1
2016,3,17,19,30,6.5,110,947,865,0.24,978,26.3,335,1.7000000000000002
2016,3,17,20,30,6.5,111,948,872,0.24,978,26.900000000000002,334,2.4000000000000004
2016,3,17,21,30,6.4,107,932,808,0.24,977,27,337,2.9000000000000004
2016,3,17,22,30,6.5,101,891,682,0.24,977,26.5,342,3.1
2016,3,17,23,30,7,91,817,503,0.24,977,26.1,344,3.1
2016,3,18,0,30,8.6,73,674,291,0.24,977,22.3,178,1.8
2016,3,18,1,30,11.4,38,365,82,0.24,977,19.1,13,1.1
2016,3,18,2,30,9.600000000000001,0,0,0,0.24,978,17.7,29,1
2016,3,18,3,30,8.8,0,0,0,0.24,978,17.5,41,0.7000000000000001
2016,3,18,4,30,8.3,0,0,0,0.24,978,16.8,155,0.5
2016,3,18,5,30,8,0,0,0,0.24,979,15.8,268,0.7000000000000001
2016,3,18,6,30,7.800000000000001,0,0,0,0.24,979,14.700000000000001,270,0.9
2016,3,18,7,30,7.800000000000001,0,0,0,0.24,978,13.600000000000001,269,1
2016,3,18,8,30,7.800000000000001,0,0,0,0.24,978,12.8,264,1.1
2016,3,18,9,30,7.9,0,0,0,0.24,978,12.4,254,1
2016,3,18,10,30,8,0,0,0,0.24,978,12.100000000000001,231,0.8
2016,3,18,11,30,8.200000000000001,0,0,0,0.24,978,11.700000000000001,205,0.7000000000000001
2016,3,18,12,30,8.3,0,0,0,0.24,978,11.200000000000001,190,0.8
2016,3,18,13,30,8.4,0,0,0,0.24,979,11.5,188,0.8
2016,3,18,14,30,8.700000000000001,29,269,51,0.24,979,13.700000000000001,195,1.2000000000000002
2016,3,18,15,30,9.5,70,642,255,0.24,980,17.1,217,1.4000000000000001
2016,3,18,16,30,9.1,93,798,472,0.24,980,19.900000000000002,260,1.3
2016,3,18,17,30,8.4,106,876,657,0.24,980,22,300,1.6
2016,3,18,18,30,8.4,115,918,795,0.24,980,23.5,318,2
2016,3,18,19,30,8.5,121,932,867,0.24,980,24.700000000000003,324,2.5
2016,3,18,20,30,8.4,127,923,871,0.24,979,25.400000000000002,329,3
2016,3,18,21,30,8.4,125,899,805,0.24,979,25.6,334,3.3000000000000003
2016,3,18,22,30,8.4,111,834,657,0.24,979,25.3,339,3.3000000000000003
2016,3,18,23,30,8.4,137,595,440,0.24,979,24.900000000000002,342,3.2
2016,3,19,0,30,9.4,87,616,288,0.25,979,21.5,349,1.9000000000000001
2016,3,19,1,30,11.600000000000001,44,297,80,0.25,979,18.3,349,1.1
2016,3,19,2,30,10.5,0,0,0,0.25,979,17,342,0.8
2016,3,19,3,30,10.100000000000001,0,0,0,0.25,980,16.7,302,0.5
2016,3,19,4,30,9.8,0,0,0,0.25,980,16.2,252,0.4
2016,3,19,5,30,9.600000000000001,0,0,0,0.25,980,15.600000000000001,238,0.5
2016,3,19,6,30,9.5,0,0,0,0.25,980,14.8,243,0.6000000000000001
2016,3,19,7,30,9.3,0,0,0,0.25,980,13.9,250,0.8
2016,3,19,8,30,9.200000000000001,0,0,0,0.25,980,13.200000000000001,259,0.9
2016,3,19,9,30,9.3,0,0,0,0.25,980,12.5,268,1
2016,3,19,10,30,9.600000000000001,0,0,0,0.25,981,11.9,271,0.9
2016,3,19,11,30,9.700000000000001,0,0,0,0.25,981,11.5,268,0.9
2016,3,19,12,30,9.700000000000001,0,0,0,0.25,981,11.100000000000001,263,0.8
2016,3,19,13,30,9.5,0,0,0,0.25,982,11.200000000000001,257,0.9
2016,3,19,14,30,9.4,34,175,50,0.25,982,13,251,1.3
2016,3,19,15,30,9.700000000000001,93,513,243,0.25,982,15.700000000000001,255,1.6
2016,3,19,16,30,9.8,128,678,453,0.25,982,18.1,267,1.5
2016,3,19,17,30,10.100000000000001,146,776,638,0.25,982,20.200000000000003,279,1.4000000000000001
2016,3,19,18,30,10.200000000000001,230,631,700,0.25,982,22.1,293,1.3
2016,3,19,19,30,9.9,283,584,753,0.25,982,23.700000000000003,311,1.5
2016,3,19,20,30,9.8,297,557,748,0.25,981,24.700000000000003,326,1.8
2016,3,19,21,30,9.700000000000001,279,517,672,0.25,980,25.1,334,2.2
2016,3,19,22,30,9.5,265,419,541,0.25,980,24.900000000000002,337,2.4000000000000004
2016,3,19,23,30,9.4,93,754,478,0.25,980,24.6,337,2.4000000000000004
2016,3,20,0,30,10.200000000000001,88,616,291,0.25,980,21.400000000000002,341,1.6
2016,3,20,1,30,12.200000000000001,45,309,84,0.25,980,18.3,344,1.1
2016,3,20,2,30,11,0,0,0,0.25,981,16.7,338,0.9
2016,3,20,3,30,10.4,0,0,0,0.25,981,16.1,300,0.8
2016,3,20,4,30,10.100000000000001,0,0,0,0.25,981,15.100000000000001,260,1
2016,3,20,5,30,10.100000000000001,0,0,0,0.25,982,13.9,248,1.3
2016,3,20,6,30,10.100000000000001,0,0,0,0.25,982,12.9,241,1.3
2016,3,20,7,30,9.9,0,0,0,0.25,982,12.100000000000001,233,1.2000000000000002
2016,3,20,8,30,9.600000000000001,0,0,0,0.25,982,11.600000000000001,224,1
2016,3,20,9,30,9.200000000000001,0,0,0,0.25,982,11.3,217,1
2016,3,20,10,30,9,0,0,0,0.25,982,11,212,0.9
2016,3,20,11,30,8.700000000000001,0,0,0,0.25,982,10.8,210,0.9
2016,3,20,12,30,8.6,0,0,0,0.25,982,10.700000000000001,208,0.9
2016,3,20,13,30,8.4,0,0,0,0.25,983,11.100000000000001,208,0.8
2016,3,20,14,30,8.5,34,256,58,0.25,983,13.100000000000001,199,1
2016,3,20,15,30,8.9,72,558,238,0.25,983,16.400000000000002,195,1
2016,3,20,16,30,8.3,176,413,376,0.25,983,19.700000000000003,234,1.1
2016,3,20,17,30,7.7,137,745,613,0.25,983,22.1,285,1.6
2016,3,20,18,30,7.1000000000000005,232,632,705,0.25,983,23.8,309,1.9000000000000001
2016,3,20,19,30,6.800000000000001,130,911,867,0.25,983,25,320,2.2
2016,3,20,20,30,6.6000000000000005,149,867,855,0.25,982,25.6,324,2.4000000000000004
2016,3,20,21,30,6.5,138,881,810,0.25,981,25.8,325,2.6
2016,3,20,22,30,6.5,124,849,686,0.25,981,25.200000000000003,322,2.6
2016,3,20,23,30,6.800000000000001,125,642,456,0.25,981,24.700000000000003,319,2.6
2016,3,21,0,30,8.4,80,657,299,0.25,981,21.1,301,1.8
2016,3,21,1,30,10.600000000000001,42,367,89,0.25,982,18,282,1.5
2016,3,21,2,30,10.4,0,0,0,0.25,982,15.700000000000001,266,1.7000000000000002
2016,3,21,3,30,10.700000000000001,0,0,0,0.25,983,14.4,254,1.9000000000000001
2016,3,21,4,30,11,0,0,0,0.25,984,13.5,246,1.8
2016,3,21,5,30,10.9,0,0,0,0.25,984,12.600000000000001,237,1.5
2016,3,21,6,30,10.700000000000001,0,0,0,0.25,984,12.200000000000001,222,1.3
2016,3,21,7,30,10.4,0,0,0,0.25,984,12.100000000000001,205,1.1
2016,3,21,8,30,10.100000000000001,0,0,0,0.25,984,12.100000000000001,194,0.9
2016,3,21,9,30,9.9,0,0,0,0.25,983,11.9,200,0.7000000000000001
2016,3,21,10,30,9.8,0,0,0,0.25,983,11.600000000000001,217,0.5
2016,3,21,11,30,9.700000000000001,0,0,0,0.25,984,11.4,187,0.4
2016,3,21,12,30,9.700000000000001,0,0,0,0.25,984,11.100000000000001,147,0.5
2016,3,21,13,30,9.8,0,0,0,0.25,984,11.3,153,0.6000000000000001
2016,3,21,14,30,10,34,72,41,0.25,985,12.600000000000001,167,0.9
2016,3,21,15,30,10.3,94,416,220,0.25,985,14.200000000000001,196,1.1
2016,3,21,16,30,10.600000000000001,204,270,337,0.25,985,15.8,242,1.3
2016,3,21,17,30,10.5,191,598,576,0.25,985,17.400000000000002,273,1.8
2016,3,21,18,30,9.9,271,527,668,0.25,985,18.5,287,2.2
2016,3,21,19,30,8.9,380,332,650,0.25,984,19.1,296,2.5
2016,3,21,20,30,7.7,78,0,78,0.25,983,19.3,300,2.8000000000000003
2016,3,21,21,30,6.800000000000001,379,184,520,0.25,983,19.200000000000003,302,3.2
2016,3,21,22,30,6.1000000000000005,299,297,497,0.25,983,18.6,301,3.7
2016,3,21,23,30,5.9,190,421,408,0.25,983,18.2,300,3.9000000000000004
2016,3,22,0,30,6.2,101,454,254,0.25,983,16.2,294,3.5
2016,3,22,1,30,7.1000000000000005,46,135,64,0.25,983,13.8,285,2.3000000000000003
2016,3,22,2,30,7.7,0,0,0,0.25,984,12.100000000000001,272,1.9000000000000001
2016,3,22,3,30,8.200000000000001,0,0,0,0.25,984,11.5,263,2
2016,3,22,4,30,8.700000000000001,0,0,0,0.25,984,11.100000000000001,260,1.9000000000000001
2016,3,22,5,30,9,0,0,0,0.25,984,10.700000000000001,263,1.8
2016,3,22,6,30,9.1,0,0,0,0.25,984,10.3,271,1.8
2016,3,22,7,30,9.1,0,0,0,0.25,984,9.9,282,2
2016,3,22,8,30,8.9,0,0,0,0.25,984,9.8,291,2.4000000000000004
2016,3,22,9,30,8.6,0,0,0,0.25,984,9.5,296,2.7
2016,3,22,10,30,8.1,0,0,0,0.25,984,8.8,298,2.6
2016,3,22,11,30,7.5,0,0,0,0.25,984,8.1,296,2.3000000000000003
2016,3,22,12,30,7,0,0,0,0.25,984,7.5,295,2.2
2016,3,22,13,30,6.5,0,0,0,0.25,985,7.6000000000000005,298,2.3000000000000003
2016,3,22,14,30,6.5,35,335,69,0.25,986,9.1,314,3.4000000000000004
2016,3,22,15,30,6.7,71,678,280,0.25,986,11,333,4.6000000000000005
2016,3,22,16,30,5.6000000000000005,168,464,397,0.25,987,12.600000000000001,341,5.2
2016,3,22,17,30,4.3,121,796,636,0.25,987,13.9,341,5.300000000000001
2016,3,22,18,30,3.8000000000000003,371,133,472,0.25,987,15,339,5.4
2016,3,22,19,30,3.4000000000000004,263,640,786,0.25,986,16,338,5.5
2016,3,22,20,30,2.8000000000000003,290,587,773,0.25,986,16.6,337,5.5
2016,3,22,21,30,2.2,112,939,835,0.25,985,16.900000000000002,335,5.5
2016,3,22,22,30,1.5,94,937,720,0.25,985,16.8,333,5.5
2016,3,22,23,30,1,83,875,539,0.25,985,16.6,332,5.6000000000000005
2016,3,23,0,30,0.9,67,754,323,0.25,985,14.700000000000001,335,4.9
2016,3,23,1,30,1.6,39,466,102,0.25,985,12.5,336,3.9000000000000004
2016,3,23,2,30,2.9000000000000004,0,0,0,0.25,986,10.9,336,3.4000000000000004
2016,3,23,3,30,3.7,0,0,0,0.25,987,9.9,334,3.2
2016,3,23,4,30,4.3,0,0,0,0.25,987,9,331,2.8000000000000003
2016,3,23,5,30,4.7,0,0,0,0.25,987,8,325,2.3000000000000003
2016,3,23,6,30,4.9,0,0,0,0.25,987,7.2,317,2
2016,3,23,7,30,5.1000000000000005,0,0,0,0.25,987,6.7,311,1.8
2016,3,23,8,30,5.300000000000001,0,0,0,0.25,987,6.4,301,1.7000000000000002
2016,3,23,9,30,5.4,0,0,0,0.25,987,6,290,1.5
2016,3,23,10,30,5.300000000000001,0,0,0,0.25,987,5.800000000000001,283,1.4000000000000001
2016,3,23,11,30,5.300000000000001,0,0,0,0.25,987,5.6000000000000005,278,1.3
2016,3,23,12,30,5.2,0,0,0,0.25,987,5.5,274,1.3
2016,3,23,13,30,5.2,0,0,0,0.25,988,6.2,269,1.2000000000000002
2016,3,23,14,30,5.4,36,341,73,0.25,988,8.4,268,1.4000000000000001
2016,3,23,15,30,5.6000000000000005,72,672,283,0.25,989,11.100000000000001,268,1.4000000000000001
2016,3,23,16,30,5.5,91,819,500,0.25,989,14.100000000000001,281,1.1
2016,3,23,17,30,4.5,103,895,687,0.25,990,16.900000000000002,305,1.2000000000000002
2016,3,23,18,30,3.6,203,705,741,0.25,989,19.1,318,1.6
2016,3,23,19,30,3.1,301,556,758,0.25,989,20.6,324,2
2016,3,23,20,30,2.7,118,945,898,0.25,988,21.6,331,2.5
2016,3,23,21,30,2.5,107,944,837,0.25,988,21.8,338,3
2016,3,23,22,30,2.3000000000000003,101,910,712,0.25,987,21.3,342,3.3000000000000003
2016,3,23,23,30,2.2,88,848,532,0.25,987,21,343,3.3000000000000003
2016,3,24,0,30,2.3000000000000003,70,727,319,0.25,987,17.8,344,2.6
2016,3,24,1,30,4.6000000000000005,41,439,101,0.25,988,14.200000000000001,344,1.7000000000000002
2016,3,24,2,30,4.9,0,0,0,0.25,988,11.700000000000001,345,1.3
2016,3,24,3,30,4.7,0,0,0,0.25,989,10.8,345,1.2000000000000002
2016,3,24,4,30,4.800000000000001,0,0,0,0.25,989,10.200000000000001,337,1.1
2016,3,24,5,30,4.800000000000001,0,0,0,0.25,989,9.700000000000001,319,1
2016,3,24,6,30,4.7,0,0,0,0.25,989,9.200000000000001,301,0.9
2016,3,24,7,30,4.7,0,0,0,0.25,989,8.6,295,1
2016,3,24,8,30,4.7,0,0,0,0.25,989,8.1,298,1
2016,3,24,9,30,4.9,0,0,0,0.25,988,7.800000000000001,289,1
2016,3,24,10,30,5.300000000000001,0,0,0,0.25,988,7.5,268,0.9
2016,3,24,11,30,5.5,0,0,0,0.25,988,7.2,254,1
2016,3,24,12,30,5.7,0,0,0,0.25,988,6.800000000000001,256,1
2016,3,24,13,30,5.800000000000001,0,0,0,0.25,988,7.5,258,1
2016,3,24,14,30,6.2,38,312,73,0.25,988,10.100000000000001,262,1.4000000000000001
2016,3,24,15,30,6.9,78,639,281,0.25,989,13.200000000000001,283,1.9000000000000001
2016,3,24,16,30,7.2,173,461,405,0.25,988,15.600000000000001,309,2.3000000000000003
2016,3,24,17,30,7.2,114,863,681,0.25,988,17.7,321,2.8000000000000003
2016,3,24,18,30,7.1000000000000005,123,901,814,0.25,988,19.400000000000002,327,3.1
2016,3,24,19,30,7.1000000000000005,133,912,886,0.25,987,20.900000000000002,330,3.3000000000000003
2016,3,24,20,30,6.9,139,900,885,0.25,986,21.900000000000002,332,3.6
2016,3,24,21,30,6.6000000000000005,127,898,825,0.25,985,22.400000000000002,334,3.8000000000000003
2016,3,24,22,30,6.7,117,862,699,0.25,984,22.3,335,3.9000000000000004
2016,3,24,23,30,6.9,103,793,521,0.25,984,22.1,336,4
2016,3,25,0,30,7.4,80,667,309,0.25,983,19.5,339,2.8000000000000003
2016,3,25,1,30,9.1,44,388,98,0.25,983,16.2,341,1.6
2016,3,25,2,30,9.200000000000001,0,0,0,0.25,983,13.9,343,1.4000000000000001
2016,3,25,3,30,9.3,0,0,0,0.25,984,13.200000000000001,345,1.6
2016,3,25,4,30,9.600000000000001,0,0,0,0.25,984,12.600000000000001,340,1.7000000000000002
2016,3,25,5,30,9.9,0,0,0,0.25,984,11.9,331,1.6
2016,3,25,6,30,10.100000000000001,0,0,0,0.25,984,11.100000000000001,323,1.6
2016,3,25,7,30,10.3,0,0,0,0.25,983,10.600000000000001,318,1.6
2016,3,25,8,30,10.200000000000001,0,0,0,0.25,983,10.200000000000001,312,1.6
2016,3,25,9,30,10,0,0,0,0.25,983,10,304,1.7000000000000002
2016,3,25,10,30,9.9,0,0,0,0.25,983,9.9,301,1.7000000000000002
2016,3,25,11,30,9.700000000000001,0,0,0,0.25,982,9.8,301,1.7000000000000002
2016,3,25,12,30,9.4,0,0,0,0.25,982,9.8,300,1.6
2016,3,25,13,30,9.3,0,0,0,0.25,982,10.5,298,1.7000000000000002
2016,3,25,14,30,9.3,43,285,76,0.25,982,12.3,303,2.4000000000000004
2016,3,25,15,30,9.5,92,585,281,0.25,982,14.3,315,3
2016,3,25,16,30,9.9,118,742,495,0.25,982,16.2,321,3
2016,3,25,17,30,10,130,831,680,0.25,982,18.2,320,2.8000000000000003
2016,3,25,18,30,9.3,146,866,813,0.25,981,20,322,3
2016,3,25,19,30,7.9,156,876,883,0.25,981,21,326,3.3000000000000003
2016,3,25,20,30,7.2,154,882,888,0.25,980,21.700000000000003,327,3.6
2016,3,25,21,30,7,125,906,832,0.25,979,22.3,328,3.9000000000000004
2016,3,25,22,30,6.800000000000001,114,873,705,0.25,978,22.200000000000003,329,4.1000000000000005
2016,3,25,23,30,6.800000000000001,93,826,531,0.25,978,22,330,4.2
2016,3,26,0,30,7,71,719,320,0.26,978,19.400000000000002,334,3
2016,3,26,1,30,8.700000000000001,40,454,105,0.26,978,16.2,335,1.7000000000000002
2016,3,26,2,30,9.1,0,0,0,0.26,978,13.9,332,1.2000000000000002
2016,3,26,3,30,9.200000000000001,0,0,0,0.26,978,13.100000000000001,331,1.3
2016,3,26,4,30,9.3,0,0,0,0.26,979,12.5,330,1.4000000000000001
2016,3,26,5,30,9.4,0,0,0,0.26,979,11.8,326,1.4000000000000001
2016,3,26,6,30,9.3,0,0,0,0.26,978,11.200000000000001,314,1.3
2016,3,26,7,30,9.1,0,0,0,0.26,978,10.600000000000001,295,1.2000000000000002
2016,3,26,8,30,8.700000000000001,0,0,0,0.26,978,10,281,1.2000000000000002
2016,3,26,9,30,8.1,0,0,0,0.26,978,9.5,278,1.2000000000000002
2016,3,26,10,30,7.6000000000000005,0,0,0,0.26,978,9,281,1.2000000000000002
2016,3,26,11,30,7.1000000000000005,0,0,0,0.26,978,8.700000000000001,283,1.2000000000000002
2016,3,26,12,30,6.9,0,0,0,0.26,978,8.6,280,1.1
2016,3,26,13,30,7.2,0,0,0,0.26,979,9.4,270,1.1
2016,3,26,14,30,7.9,39,368,84,0.26,979,11.600000000000001,265,1.4000000000000001
2016,3,26,15,30,8.8,78,655,292,0.26,980,14.200000000000001,260,1.5
2016,3,26,16,30,9.4,99,793,506,0.26,980,16.8,251,1.2000000000000002
2016,3,26,17,30,9.3,107,883,695,0.26,980,19.6,265,1.3
2016,3,26,18,30,8.700000000000001,112,927,830,0.26,980,21.900000000000002,294,1.6
2016,3,26,19,30,8,115,943,900,0.26,979,23.5,310,2.2
2016,3,26,20,30,7.5,138,911,900,0.26,979,24.400000000000002,318,2.6
2016,3,26,21,30,7.1000000000000005,110,931,840,0.26,979,24.6,323,3
2016,3,26,22,30,6.800000000000001,104,893,712,0.26,978,24.400000000000002,327,3.1
2016,3,26,23,30,6.6000000000000005,93,825,533,0.26,978,24.1,328,3.2
2016,3,27,0,30,6.7,74,703,320,0.26,979,21.200000000000003,331,2.8000000000000003
2016,3,27,1,30,8.6,43,435,106,0.26,979,17.7,335,2
2016,3,27,2,30,8.700000000000001,0,0,0,0.26,980,14.9,342,1.5
2016,3,27,3,30,8.6,0,0,0,0.26,981,13.8,349,1.3
2016,3,27,4,30,8.5,0,0,0,0.26,981,13.100000000000001,347,1.1
2016,3,27,5,30,8.3,0,0,0,0.26,981,12.8,332,0.9
2016,3,27,6,30,8.1,0,0,0,0.26,981,12.3,306,0.9
2016,3,27,7,30,8,0,0,0,0.26,981,11.8,283,0.9
2016,3,27,8,30,7.9,0,0,0,0.26,981,11.3,272,0.9
2016,3,27,9,30,7.9,0,0,0,0.26,981,10.8,264,0.8
2016,3,27,10,30,7.9,0,0,0,0.26,981,10.4,251,0.7000000000000001
2016,3,27,11,30,8,0,0,0,0.26,981,10.100000000000001,234,0.7000000000000001
2016,3,27,12,30,8.200000000000001,0,0,0,0.26,982,9.8,221,0.7000000000000001
2016,3,27,13,30,8.4,0,0,0,0.26,982,10.3,216,0.8
2016,3,27,14,30,9,44,74,54,0.26,983,12.3,225,1.1
2016,3,27,15,30,9.4,125,264,213,0.26,983,15.200000000000001,264,1.2000000000000002
2016,3,27,16,30,9.200000000000001,198,383,396,0.26,984,18.1,311,1.5
2016,3,27,17,30,8.9,136,803,674,0.26,984,20.400000000000002,331,1.9000000000000001
2016,3,27,18,30,9,154,824,796,0.26,983,22.1,333,2.1
2016,3,27,19,30,8.8,194,787,853,0.26,983,23.5,332,2.2
2016,3,27,20,30,8.700000000000001,164,850,878,0.26,982,24.3,331,2.4000000000000004
2016,3,27,21,30,8.700000000000001,275,572,726,0.26,981,24.700000000000003,331,2.6
2016,3,27,22,30,8.6,117,851,699,0.26,980,24.6,331,2.6
2016,3,27,23,30,8.700000000000001,105,779,522,0.26,980,24.400000000000002,332,2.6
2016,3,28,0,30,8.9,84,645,312,0.26,979,21.900000000000002,336,1.8
2016,3,28,1,30,11.200000000000001,47,373,103,0.26,979,19,342,1.2000000000000002
2016,3,28,2,30,10.600000000000001,0,0,0,0.26,979,16.900000000000002,343,1.1
2016,3,28,3,30,10.3,0,0,0,0.26,980,15.9,334,1.2000000000000002
2016,3,28,4,30,10.4,0,0,0,0.26,980,15,321,1.3
2016,3,28,5,30,10.5,0,0,0,0.26,980,13.9,310,1.5
2016,3,28,6,30,10.4,0,0,0,0.26,980,12.700000000000001,302,1.7000000000000002
2016,3,28,7,30,10,0,0,0,0.26,980,12,295,1.7000000000000002
2016,3,28,8,30,9.200000000000001,0,0,0,0.26,979,11.5,290,1.8
2016,3,28,9,30,8.200000000000001,0,0,0,0.26,979,10.9,284,1.8
2016,3,28,10,30,7.4,0,0,0,0.26,979,10.200000000000001,273,1.7000000000000002
2016,3,28,11,30,6.800000000000001,0,0,0,0.26,978,9.3,261,1.3
2016,3,28,12,30,6.300000000000001,0,0,0,0.26,979,8.5,257,1.3
2016,3,28,13,30,6,0,0,0,0.26,979,8.700000000000001,261,1.8
2016,3,28,14,30,6,46,126,63,0.26,979,10,274,2.6
2016,3,28,15,30,4.5,91,627,302,0.26,979,11.8,289,2.9000000000000004
2016,3,28,16,30,2.6,111,786,521,0.26,978,13.5,291,3.2
2016,3,28,17,30,1.4000000000000001,136,777,661,0.26,978,15,290,3.9000000000000004
2016,3,28,18,30,0.7000000000000001,275,568,719,0.26,977,16.2,293,4.6000000000000005
2016,3,28,19,30,0.30000000000000004,404,304,660,0.26,977,16.900000000000002,296,5.300000000000001
2016,3,28,20,30,0.1,332,506,759,0.26,976,17.2,299,5.800000000000001
2016,3,28,21,30,-0.4,353,377,652,0.26,975,17,303,6.1000000000000005
2016,3,28,22,30,-1.2000000000000002,218,578,615,0.26,975,16.2,310,6.2
2016,3,28,23,30,-2,228,287,383,0.26,975,15.700000000000001,313,6.1000000000000005
2016,3,29,0,30,-2.4000000000000004,138,245,226,0.26,974,13.4,323,5.1000000000000005
2016,3,29,1,30,-1.9000000000000001,51,217,84,0.26,975,11.100000000000001,325,3.6
2016,3,29,2,30,-0.1,0,0,0,0.26,976,9.200000000000001,319,2.5
2016,3,29,3,30,1,0,0,0,0.26,976,8.1,307,2.1
2016,3,29,4,30,1.6,0,0,0,0.26,977,7.300000000000001,292,1.9000000000000001
2016,3,29,5,30,2,0,0,0,0.26,977,6.7,275,1.9000000000000001
2016,3,29,6,30,2.4000000000000004,0,0,0,0.26,977,6.4,262,2.1
2016,3,29,7,30,2.9000000000000004,0,0,0,0.26,977,6.2,257,2.2
2016,3,29,8,30,3.2,0,0,0,0.26,976,5.800000000000001,257,2.1
2016,3,29,9,30,3.3000000000000003,0,0,0,0.26,976,5.300000000000001,255,1.9000000000000001
2016,3,29,10,30,3.3000000000000003,0,0,0,0.26,976,4.800000000000001,252,1.7000000000000002
2016,3,29,11,30,3.2,0,0,0,0.26,976,4.4,244,1.5
2016,3,29,12,30,3.3000000000000003,0,0,0,0.26,977,4.4,238,1.5
2016,3,29,13,30,3.4000000000000004,0,0,0,0.26,977,5.2,241,1.8
2016,3,29,14,30,3.8000000000000003,46,369,97,0.26,977,7.300000000000001,251,2.3000000000000003
2016,3,29,15,30,3.8000000000000003,81,680,313,0.26,977,9.9,269,2.4000000000000004
2016,3,29,16,30,2.5,97,829,534,0.26,977,12.4,291,2.3000000000000003
2016,3,29,17,30,1.5,107,905,721,0.26,977,14.3,304,2.3000000000000003
2016,3,29,18,30,0.9,113,940,853,0.26,977,15.600000000000001,311,2.5
2016,3,29,19,30,0.5,141,907,907,0.26,977,16.400000000000002,313,2.5
2016,3,29,20,30,0.1,142,906,909,0.26,977,16.8,312,2.6
2016,3,29,21,30,-0.30000000000000004,393,204,555,0.26,976,16.8,309,2.8000000000000003
2016,3,29,22,30,-0.5,278,424,570,0.26,976,16.6,308,2.8000000000000003
2016,3,29,23,30,-0.6000000000000001,201,22,213,0.26,975,16.400000000000002,308,2.9000000000000004
2016,3,30,0,30,-0.6000000000000001,115,421,266,0.26,975,14.600000000000001,310,2.1
2016,3,30,1,30,1.9000000000000001,49,419,114,0.26,976,11.9,310,1.3
2016,3,30,2,30,2.7,0,0,0,0.26,976,9.700000000000001,303,1
2016,3,30,3,30,2.7,0,0,0,0.26,977,8.700000000000001,286,1
2016,3,30,4,30,2.9000000000000004,0,0,0,0.26,977,8,270,1.1
2016,3,30,5,30,3.3000000000000003,0,0,0,0.26,977,7.5,255,1.3
2016,3,30,6,30,3.8000000000000003,0,0,0,0.26,978,7,246,1.6
2016,3,30,7,30,4.3,0,0,0,0.26,978,6.5,240,1.6
2016,3,30,8,30,4.6000000000000005,0,0,0,0.26,978,6,234,1.5
2016,3,30,9,30,4.7,0,0,0,0.26,978,5.800000000000001,228,1.4000000000000001
2016,3,30,10,30,4.5,0,0,0,0.26,978,5.6000000000000005,223,1.2000000000000002
2016,3,30,11,30,4.3,0,0,0,0.26,979,5.4,219,1
2016,3,30,12,30,4,0,0,0,0.26,979,5.2,211,0.8
2016,3,30,13,30,3.6,0,0,0,0.26,979,5.800000000000001,202,0.9
2016,3,30,14,30,3.6,46,387,100,0.26,980,8.3,200,1.1
2016,3,30,15,30,3.2,80,685,317,0.26,980,11.8,270,1.3
2016,3,30,16,30,1.7000000000000002,99,816,533,0.26,980,14.600000000000001,340,1.8
2016,3,30,17,30,0.9,112,886,718,0.26,980,16.3,339,2.3000000000000003
2016,3,30,18,30,0.8,121,924,852,0.26,980,17.5,335,2.4000000000000004
2016,3,30,19,30,0.9,140,913,914,0.26,980,18.400000000000002,336,2.5
2016,3,30,20,30,0.9,140,914,917,0.26,980,18.8,342,2.6
2016,3,30,21,30,0.9,129,896,844,0.26,979,18.8,351,2.6
2016,3,30,22,30,0.8,112,888,728,0.26,979,18.5,182,2.5
2016,3,30,23,30,0.9,99,823,547,0.26,979,18.2,7,2.4000000000000004
2016,3,31,0,30,1,80,697,331,0.26,980,16.3,25,1.6
2016,3,31,1,30,4.2,47,430,115,0.26,980,14.200000000000001,46,0.9
2016,3,31,2,30,3.9000000000000004,0,0,0,0.26,981,12.9,83,0.6000000000000001
2016,3,31,3,30,3.2,0,0,0,0.26,982,12.5,140,0.5
2016,3,31,4,30,3.2,0,0,0,0.26,982,11.8,199,0.6000000000000001
2016,3,31,5,30,3.2,0,0,0,0.26,982,10.700000000000001,233,0.9
2016,3,31,6,30,3.4000000000000004,0,0,0,0.26,983,9.5,252,1
2016,3,31,7,30,3.5,0,0,0,0.26,983,8.700000000000001,270,1.1
2016,3,31,8,30,3.8000000000000003,0,0,0,0.26,983,8,288,1.1
2016,3,31,9,30,4.1000000000000005,0,0,0,0.26,983,7.4,299,1.1
2016,3,31,10,30,4.4,0,0,0,0.26,983,7.1000000000000005,301,1.1
2016,3,31,11,30,4.7,0,0,0,0.26,983,6.9,297,1
2016,3,31,12,30,5.2,0,0,0,0.26,984,6.7,290,0.9
2016,3,31,13,30,5.6000000000000005,0,0,0,0.26,984,7.6000000000000005,276,0.8
2016,3,31,14,30,6.300000000000001,46,397,104,0.26,984,10.3,273,1.1
2016,3,31,15,30,7,79,681,318,0.26,984,13.4,297,1.6
2016,3,31,16,30,6.9,96,817,534,0.26,984,16.3,315,2
2016,3,31,17,30,6.2,108,891,720,0.26,984,18.5,317,2.4000000000000004
2016,3,31,18,30,5.9,115,928,853,0.26,984,20,318,2.8000000000000003
2016,3,31,19,30,5.7,117,948,925,0.26,983,21.1,322,3.2
2016,3,31,20,30,5.5,155,877,904,0.26,983,21.8,327,3.6
2016,3,31,21,30,5.300000000000001,116,930,860,0.26,982,22,332,3.8000000000000003
2016,3,31,22,30,5.2,214,598,630,0.26,982,21.700000000000003,335,3.9000000000000004
2016,3,31,23,30,4.9,107,799,544,0.26,982,21.5,336,3.9000000000000004
2000,4,1,0,30,-1.7000000000000002,81,727,345,0.2,981,21.1,310,3.2
2000,4,1,1,30,2.9000000000000004,49,449,121,0.2,981,17.3,307,2.3000000000000003
2000,4,1,2,30,2.9000000000000004,0,0,0,0.2,981,14.700000000000001,310,2.1
2000,4,1,3,30,3.4000000000000004,0,0,0,0.2,982,13.4,310,1.8
2000,4,1,4,30,4.3,0,0,0,0.2,982,12.3,310,1.4000000000000001
2000,4,1,5,30,4.6000000000000005,0,0,0,0.2,982,11.600000000000001,307,1.1
2000,4,1,6,30,4.3,0,0,0,0.2,983,11.200000000000001,282,0.9
2000,4,1,7,30,3.9000000000000004,0,0,0,0.2,983,10.700000000000001,241,0.8
2000,4,1,8,30,3.4000000000000004,0,0,0,0.2,983,10.200000000000001,203,0.9
2000,4,1,9,30,2.5,0,0,0,0.2,983,9.700000000000001,170,1.1
2000,4,1,10,30,1.3,0,0,0,0.2,983,9.5,154,1.2000000000000002
2000,4,1,11,30,0.1,0,0,0,0.2,982,9.700000000000001,156,1.2000000000000002
2000,4,1,12,30,-1.2000000000000002,0,0,0,0.2,983,10.4,173,1.1
2000,4,1,13,30,-2.3000000000000003,0,0,0,0.2,983,11.4,199,0.9
2000,4,1,14,30,-0.5,49,422,113,0.2,984,14.100000000000001,226,1
2000,4,1,15,30,1.8,81,712,334,0.2,984,17.8,227,1.1
2000,4,1,16,30,-2.7,101,840,554,0.2,984,20.700000000000003,137,1.1
2000,4,1,17,30,-3.5,112,910,741,0.2,984,23,208,1.2000000000000002
2000,4,1,18,30,-3.3000000000000003,117,946,873,0.2,984,24.6,341,1.6
2000,4,1,19,30,-2.8000000000000003,124,959,944,0.2,983,25.700000000000003,320,2.3000000000000003
2000,4,1,20,30,-2.1,126,955,944,0.2,982,26.3,315,3.2
2000,4,1,21,30,-1.8,122,935,873,0.2,982,26.5,314,3.8000000000000003
2000,4,1,22,30,-1.5,116,897,742,0.2,981,26,316,4.1000000000000005
2000,4,1,23,30,-0.9,105,819,555,0.2,981,25.700000000000003,317,4.2
2000,4,2,0,30,1.1,87,679,336,0.2,981,22.400000000000002,317,2.8000000000000003
2000,4,2,1,30,5.800000000000001,53,400,118,0.2,981,18.400000000000002,308,1.7000000000000002
2000,4,2,2,30,5.800000000000001,0,0,0,0.2,982,15.600000000000001,296,1.5
2000,4,2,3,30,5.9,0,0,0,0.2,982,14.5,281,1.5
2000,4,2,4,30,5.800000000000001,0,0,0,0.2,982,13.8,265,1.5
2000,4,2,5,30,5.300000000000001,0,0,0,0.2,982,13.200000000000001,253,1.6
2000,4,2,6,30,4.5,0,0,0,0.2,982,12.8,247,1.6
2000,4,2,7,30,3.6,0,0,0,0.2,982,12.5,244,1.6
2000,4,2,8,30,2.8000000000000003,0,0,0,0.2,982,12.200000000000001,244,1.5
2000,4,2,9,30,2.3000000000000003,0,0,0,0.2,981,12,247,1.4000000000000001
2000,4,2,10,30,2,0,0,0,0.2,981,11.8,250,1.3
2000,4,2,11,30,1.8,0,0,0,0.2,981,11.700000000000001,252,1.2000000000000002
2000,4,2,12,30,1.8,0,0,0,0.2,981,11.700000000000001,250,1.1
2000,4,2,13,30,2,0,0,0,0.2,982,12.700000000000001,245,0.9
2000,4,2,14,30,4.5,52,371,109,0.2,982,15.5,233,1
2000,4,2,15,30,5,84,680,329,0.2,982,19,214,1.1
2000,4,2,16,30,4.7,105,807,544,0.2,982,22.3,196,0.9
2000,4,2,17,30,4.3,118,875,727,0.2,982,25.5,215,0.8
2000,4,2,18,30,3.7,115,933,864,0.2,981,27.8,266,0.8
2000,4,2,19,30,3.3000000000000003,119,948,933,0.2,981,29.3,300,1.4000000000000001
2000,4,2,20,30,3.3000000000000003,120,948,934,0.2,980,30,314,2.2
2000,4,2,21,30,3.6,112,937,867,0.2,980,30.1,322,2.8000000000000003
2000,4,2,22,30,3.6,106,900,737,0.2,980,29.700000000000003,326,3.2
2000,4,2,23,30,4,97,831,556,0.2,980,29.3,327,3.3000000000000003
2000,4,3,0,30,5.6000000000000005,97,634,331,0.2,980,25.5,331,2.1
2000,4,3,1,30,10.200000000000001,59,344,116,0.2,981,21.400000000000002,330,1.3
2000,4,3,2,30,9.1,0,0,0,0.2,981,18.8,323,1.2000000000000002
2000,4,3,3,30,8.700000000000001,0,0,0,0.2,982,17.7,306,1.2000000000000002
2000,4,3,4,30,8.700000000000001,0,0,0,0.2,983,16.7,281,1.2000000000000002
2000,4,3,5,30,8.8,0,0,0,0.2,983,15.8,258,1.3
2000,4,3,6,30,8.8,0,0,0,0.2,983,15.200000000000001,246,1.4000000000000001
2000,4,3,7,30,8.6,0,0,0,0.2,983,14.9,240,1.4000000000000001
2000,4,3,8,30,8.3,0,0,0,0.2,984,14.600000000000001,234,1.2000000000000002
2000,4,3,9,30,7.9,0,0,0,0.2,984,14.600000000000001,229,1.1
2000,4,3,10,30,7.4,0,0,0,0.2,984,14.9,225,1.1
2000,4,3,11,30,6.9,0,0,0,0.2,984,15.100000000000001,223,1.1
2000,4,3,12,30,6.4,0,0,0,0.2,984,15,221,1.1
2000,4,3,13,30,6,0,0,0,0.2,985,15.5,220,1
2000,4,3,14,30,7.800000000000001,52,380,113,0.2,985,18.1,223,1.2000000000000002
2000,4,3,15,30,8,79,698,334,0.2,985,21.700000000000003,234,1.2000000000000002
2000,4,3,16,30,7.2,98,818,546,0.2,986,24.8,244,0.8
2000,4,3,17,30,6.800000000000001,108,886,727,0.2,986,27.5,263,0.7000000000000001
2000,4,3,18,30,6.5,104,942,863,0.2,985,29.3,294,0.8
2000,4,3,19,30,6.4,108,956,932,0.2,985,30.5,313,1.2000000000000002
2000,4,3,20,30,6.6000000000000005,109,955,933,0.2,985,31.200000000000003,319,1.7000000000000002
2000,4,3,21,30,6.800000000000001,105,938,864,0.2,984,31.3,320,2.2
2000,4,3,22,30,7,100,898,732,0.2,984,30.8,318,2.7
2000,4,3,23,30,7.6000000000000005,91,833,553,0.2,984,30.400000000000002,317,2.9000000000000004
2000,4,4,0,30,8.8,72,724,341,0.2,984,26.900000000000002,309,2.8000000000000003
2000,4,4,1,30,11.5,46,475,126,0.2,984,23,297,2.3000000000000003
2000,4,4,2,30,11.600000000000001,0,0,0,0.2,984,19.900000000000002,279,2
2000,4,4,3,30,11.600000000000001,0,0,0,0.2,985,18.3,259,1.7000000000000002
2000,4,4,4,30,11.5,0,0,0,0.2,986,17.400000000000002,240,1.3
2000,4,4,5,30,11.3,0,0,0,0.2,986,16.8,223,1.1
2000,4,4,6,30,11.100000000000001,0,0,0,0.2,986,16.400000000000002,206,1
2000,4,4,7,30,10.700000000000001,0,0,0,0.2,986,16.1,192,0.9
2000,4,4,8,30,10.200000000000001,0,0,0,0.2,985,15.8,191,0.8
2000,4,4,9,30,9.8,0,0,0,0.2,985,15.600000000000001,209,0.7000000000000001
2000,4,4,10,30,9.5,0,0,0,0.2,985,15.200000000000001,231,0.7000000000000001
2000,4,4,11,30,9.200000000000001,0,0,0,0.2,985,14.600000000000001,244,0.7000000000000001
2000,4,4,12,30,8.9,0,0,0,0.2,985,14.200000000000001,249,0.7000000000000001
2000,4,4,13,30,8.700000000000001,0,0,0,0.2,985,14.600000000000001,251,0.7000000000000001
2000,4,4,14,30,9.700000000000001,46,469,124,0.2,986,16.6,265,0.8
2000,4,4,15,30,8.9,73,730,343,0.2,986,19.400000000000002,288,0.9
2000,4,4,16,30,8.4,91,843,557,0.2,986,22.3,298,1.1
2000,4,4,17,30,7.6000000000000005,102,904,738,0.2,986,24.900000000000002,303,1.4000000000000001
2000,4,4,18,30,7.300000000000001,109,938,869,0.2,985,26.8,315,1.9000000000000001
2000,4,4,19,30,7.300000000000001,116,949,937,0.2,985,28.1,324,2.5
2000,4,4,20,30,7.300000000000001,118,943,934,0.2,984,28.700000000000003,329,3
2000,4,4,21,30,7.300000000000001,113,930,868,0.2,983,28.700000000000003,330,3.3000000000000003
2000,4,4,22,30,7.2,108,891,738,0.2,983,28.200000000000003,330,3.4000000000000004
2000,4,4,23,30,7.2,98,821,555,0.2,983,27.8,330,3.5
2000,4,5,0,30,7.7,86,676,340,0.2,982,24.8,330,2.7
2000,4,5,1,30,10.100000000000001,54,412,124,0.2,982,21,326,1.7000000000000002
2000,4,5,2,30,10.4,0,0,0,0.2,982,18,314,1.3
2000,4,5,3,30,10.200000000000001,0,0,0,0.2,983,16.6,301,1.4000000000000001
2000,4,5,4,30,10.100000000000001,0,0,0,0.2,983,15.5,291,1.3
2000,4,5,5,30,10.100000000000001,0,0,0,0.2,983,14.4,283,1.2000000000000002
2000,4,5,6,30,10.100000000000001,0,0,0,0.2,983,13.600000000000001,273,1.1
2000,4,5,7,30,10,0,0,0,0.2,983,12.8,260,1.3
2000,4,5,8,30,9.9,0,0,0,0.2,982,12.3,253,1.5
2000,4,5,9,30,9.8,0,0,0,0.2,982,11.8,253,1.4000000000000001
2000,4,5,10,30,9.700000000000001,0,0,0,0.2,982,11.200000000000001,255,1.3
2000,4,5,11,30,9.5,0,0,0,0.2,981,10.8,258,1.1
2000,4,5,12,30,9.3,0,0,0,0.2,981,10.5,260,1.1
2000,4,5,13,30,9.1,0,0,0,0.2,981,11.4,262,1.4000000000000001
2000,4,5,14,30,9.1,56,390,123,0.2,982,13.600000000000001,276,1.9000000000000001
2000,4,5,15,30,9.200000000000001,143,274,245,0.2,982,15.8,299,2
2000,4,5,16,30,9.600000000000001,123,692,508,0.2,982,18.1,312,1.9000000000000001
2000,4,5,17,30,10,120,868,734,0.2,982,20.400000000000002,317,1.9000000000000001
2000,4,5,18,30,10.600000000000001,119,922,869,0.2,981,22.6,319,1.9000000000000001
2000,4,5,19,30,10.600000000000001,169,856,912,0.2,981,24.6,320,2.1
2000,4,5,20,30,10.200000000000001,120,937,935,0.2,980,26,323,2.4000000000000004
2000,4,5,21,30,9.600000000000001,116,924,869,0.2,979,26.6,328,2.7
2000,4,5,22,30,9,114,878,738,0.2,979,26.5,332,2.9000000000000004
2000,4,5,23,30,8.6,107,802,556,0.2,979,26.3,333,2.9000000000000004
2000,4,6,0,30,8.700000000000001,96,643,338,0.2,979,23.700000000000003,330,2.2
2000,4,6,1,30,10.8,58,386,125,0.2,979,20.3,324,1.4000000000000001
2000,4,6,2,30,10.9,0,0,0,0.2,980,17.8,310,1.2000000000000002
2000,4,6,3,30,10.600000000000001,0,0,0,0.2,981,16.7,293,1.3
2000,4,6,4,30,10.5,0,0,0,0.2,981,15.8,279,1.5
2000,4,6,5,30,10.5,0,0,0,0.2,982,14.9,269,1.8
2000,4,6,6,30,10.3,0,0,0,0.2,982,14,261,2
2000,4,6,7,30,10.100000000000001,0,0,0,0.2,982,13.200000000000001,250,1.7000000000000002
2000,4,6,8,30,9.9,0,0,0,0.2,982,12.4,238,1.3
2000,4,6,9,30,9.600000000000001,0,0,0,0.2,982,11.8,230,1.1
2000,4,6,10,30,9.4,0,0,0,0.2,982,11.200000000000001,229,1.1
2000,4,6,11,30,9.200000000000001,0,0,0,0.2,982,10.700000000000001,233,1.1
2000,4,6,12,30,9,0,0,0,0.2,982,10.100000000000001,241,1.1
2000,4,6,13,30,8.8,0,0,0,0.2,983,10.700000000000001,253,1.4000000000000001
2000,4,6,14,30,8.8,56,419,129,0.2,984,12.600000000000001,276,2
2000,4,6,15,30,8.9,95,663,346,0.2,985,14.700000000000001,306,2.2
2000,4,6,16,30,9.3,115,790,559,0.2,985,16.900000000000002,321,2.2
2000,4,6,17,30,9.700000000000001,127,864,741,0.2,985,19.200000000000003,320,2.3000000000000003
2000,4,6,18,30,9.8,132,909,875,0.2,984,21.3,318,2.5
2000,4,6,19,30,9.9,134,929,944,0.2,984,23.1,319,2.9000000000000004
2000,4,6,20,30,9.5,132,932,945,0.2,983,24.5,322,3.1
2000,4,6,21,30,8.6,123,928,882,0.2,982,25.400000000000002,324,3.2
2000,4,6,22,30,7.6000000000000005,113,897,752,0.2,982,25.6,325,3.2
2000,4,6,23,30,6.6000000000000005,100,842,574,0.2,981,25.6,324,3.1
2000,4,7,0,30,6.4,86,705,354,0.2,982,23.200000000000003,321,2.2
2000,4,7,1,30,9.200000000000001,54,453,134,0.2,982,19.400000000000002,324,1.4000000000000001
2000,4,7,2,30,8.8,0,0,0,0.2,983,16.400000000000002,335,1.2000000000000002
2000,4,7,3,30,8.4,0,0,0,0.2,983,15.100000000000001,339,1.2000000000000002
2000,4,7,4,30,8.4,0,0,0,0.2,984,14.200000000000001,324,1.1
2000,4,7,5,30,8.4,0,0,0,0.2,984,13.3,290,1.1
2000,4,7,6,30,8.6,0,0,0,0.2,984,12.4,267,1.4000000000000001
2000,4,7,7,30,8.6,0,0,0,0.2,984,11.600000000000001,263,1.4000000000000001
2000,4,7,8,30,8.4,0,0,0,0.2,984,10.8,264,1.3
2000,4,7,9,30,8,0,0,0,0.2,984,10.200000000000001,264,1.1
2000,4,7,10,30,7.300000000000001,0,0,0,0.2,984,9.700000000000001,261,1
2000,4,7,11,30,6.4,0,0,0,0.2,984,9.3,255,1
2000,4,7,12,30,5.300000000000001,0,0,0,0.2,984,8.8,250,1
2000,4,7,13,30,4.3,0,0,0,0.2,985,9.9,247,1.3
2000,4,7,14,30,4.6000000000000005,53,489,141,0.2,985,12.600000000000001,252,2
2000,4,7,15,30,4,87,713,360,0.2,986,15.100000000000001,268,2.4000000000000004
2000,4,7,16,30,4.9,107,827,574,0.2,986,17.5,282,2.3000000000000003
2000,4,7,17,30,5.7,191,676,674,0.2,986,20,290,2.4000000000000004
2000,4,7,18,30,6,131,916,883,0.2,985,22.400000000000002,294,2.4000000000000004
2000,4,7,19,30,6.2,135,928,947,0.2,985,24.5,297,2.4000000000000004
2000,4,7,20,30,6.2,134,930,948,0.2,984,26.200000000000003,299,2.6
2000,4,7,21,30,6,132,910,879,0.2,983,27.3,303,2.8000000000000003
2000,4,7,22,30,5.9,124,873,748,0.2,983,27.5,311,3
2000,4,7,23,30,5.4,130,677,512,0.2,982,27.3,315,3.1
2000,4,8,0,30,5.7,89,685,351,0.2,983,24.400000000000002,323,2.5
2000,4,8,1,30,8.9,57,428,133,0.2,983,20.400000000000002,325,1.6
2000,4,8,2,30,8.5,0,0,0,0.2,983,17.400000000000002,320,1.2000000000000002
2000,4,8,3,30,8,0,0,0,0.2,984,16.2,307,1.2000000000000002
2000,4,8,4,30,7.800000000000001,0,0,0,0.2,984,15.3,285,1.1
2000,4,8,5,30,7.5,0,0,0,0.2,984,14.200000000000001,263,1.3
2000,4,8,6,30,7.4,0,0,0,0.2,984,13.3,250,1.5
2000,4,8,7,30,7.4,0,0,0,0.2,984,12.8,242,1.5
2000,4,8,8,30,7.2,0,0,0,0.2,984,12.3,236,1.3
2000,4,8,9,30,6.9,0,0,0,0.2,984,11.8,234,1.2000000000000002
2000,4,8,10,30,6.5,0,0,0,0.2,984,11.3,237,1.1
2000,4,8,11,30,6.1000000000000005,0,0,0,0.2,984,10.9,242,1.1
2000,4,8,12,30,5.800000000000001,0,0,0,0.2,984,10.600000000000001,243,1
2000,4,8,13,30,5.4,0,0,0,0.2,985,11.600000000000001,239,1
2000,4,8,14,30,6.4,53,487,142,0.2,985,14.3,226,0.9
2000,4,8,15,30,5.7,81,730,363,0.2,985,17.2,207,0.8
2000,4,8,16,30,6.4,102,833,577,0.2,985,20,231,0.8
2000,4,8,17,30,6.300000000000001,118,893,760,0.2,985,22.900000000000002,278,1.5
2000,4,8,18,30,5.800000000000001,122,931,889,0.2,984,25.200000000000003,294,2.4000000000000004
2000,4,8,19,30,4.800000000000001,125,948,957,0.2,984,26.8,301,2.9000000000000004
2000,4,8,20,30,3.7,122,951,958,0.2,983,27.6,302,3.2
2000,4,8,21,30,2.7,116,945,894,0.2,982,27.700000000000003,298,3.4000000000000004
2000,4,8,22,30,1.9000000000000001,108,914,763,0.2,981,27.1,293,3.7
2000,4,8,23,30,1.1,97,858,584,0.2,981,26.6,290,3.9000000000000004
2000,4,9,0,30,1,83,728,364,0.2,981,23.1,285,3.5
2000,4,9,1,30,3,53,493,143,0.2,981,19.1,279,2.7
2000,4,9,2,30,4.4,0,0,0,0.2,982,15.5,269,2.6
2000,4,9,3,30,4.9,0,0,0,0.2,982,13.600000000000001,262,2.6
2000,4,9,4,30,5.7,0,0,0,0.2,983,12.3,261,2.4000000000000004
2000,4,9,5,30,6.4,0,0,0,0.2,983,11.3,263,2.1
2000,4,9,6,30,6.9,0,0,0,0.2,983,10.5,265,1.7000000000000002
2000,4,9,7,30,7.4,0,0,0,0.2,983,9.8,266,1.4000000000000001
2000,4,9,8,30,7.7,0,0,0,0.2,983,9.4,267,1.3
2000,4,9,9,30,7.800000000000001,0,0,0,0.2,983,9.200000000000001,269,1.4000000000000001
2000,4,9,10,30,7.800000000000001,0,0,0,0.2,983,9,273,1.5
2000,4,9,11,30,7.7,0,0,0,0.2,983,8.6,277,1.6
2000,4,9,12,30,7.6000000000000005,0,0,0,0.2,983,8.3,278,1.6
2000,4,9,13,30,7.4,0,0,0,0.2,983,8.9,284,2.1
2000,4,9,14,30,7.5,63,414,141,0.2,984,10.3,300,2.6
2000,4,9,15,30,7.6000000000000005,102,659,360,0.2,984,12.100000000000001,316,2.8000000000000003
2000,4,9,16,30,7.7,129,772,571,0.2,984,14.100000000000001,323,2.9000000000000004
2000,4,9,17,30,7.9,144,842,752,0.2,984,16.3,327,3
2000,4,9,18,30,7.9,152,882,882,0.2,983,18.400000000000002,327,3.2
2000,4,9,19,30,7.5,155,900,948,0.2,983,19.8,327,3.5
2000,4,9,20,30,7.2,150,907,949,0.2,982,20.8,330,3.6
2000,4,9,21,30,6.9,125,923,888,0.2,981,21.8,330,3.7
2000,4,9,22,30,6.5,113,894,756,0.2,981,22.200000000000003,329,3.9000000000000004
2000,4,9,23,30,6.2,100,834,576,0.2,981,22.200000000000003,328,4
2000,4,10,0,30,5.7,78,740,365,0.2,980,20.400000000000002,329,3.2
2000,4,10,1,30,6.7,52,499,144,0.2,980,17.2,329,1.9000000000000001
2000,4,10,2,30,7.6000000000000005,0,0,0,0.2,981,14.4,327,1.4000000000000001
2000,4,10,3,30,7.300000000000001,0,0,0,0.2,981,13.3,325,1.6
2000,4,10,4,30,7.4,0,0,0,0.2,982,12.700000000000001,324,1.8
2000,4,10,5,30,7.7,0,0,0,0.2,982,12,322,1.9000000000000001
2000,4,10,6,30,8,0,0,0,0.2,982,11.3,319,1.9000000000000001
2000,4,10,7,30,8.1,0,0,0,0.2,982,10.3,312,1.6
2000,4,10,8,30,8.1,0,0,0,0.2,982,9.4,302,1.3
2000,4,10,9,30,7.9,0,0,0,0.2,982,8.8,294,1.2000000000000002
2000,4,10,10,30,7.6000000000000005,0,0,0,0.2,982,8.4,287,1.2000000000000002
2000,4,10,11,30,7.4,0,0,0,0.2,982,8,278,1.2000000000000002
2000,4,10,12,30,7.4,0,0,0,0.2,982,7.800000000000001,271,1.2000000000000002
2000,4,10,13,30,7.4,0,0,0,0.2,982,8.700000000000001,264,1.6
2000,4,10,14,30,7.6000000000000005,60,456,148,0.2,983,10.9,276,2.1
2000,4,10,15,30,7.800000000000001,91,705,369,0.2,983,13.200000000000001,298,2.2
2000,4,10,16,30,7.7,108,825,584,0.2,983,15.5,305,2.3000000000000003
2000,4,10,17,30,7.5,117,894,766,0.2,983,17.8,305,2.3000000000000003
2000,4,10,18,30,7.300000000000001,118,940,899,0.2,982,19.8,309,2.4000000000000004
2000,4,10,19,30,7,120,956,966,0.2,982,21.5,318,2.5
2000,4,10,20,30,6.6000000000000005,120,957,965,0.2,981,22.700000000000003,325,2.6
2000,4,10,21,30,6.1000000000000005,120,935,895,0.2,981,23.5,331,2.8000000000000003
2000,4,10,22,30,5.6000000000000005,112,903,764,0.2,980,23.6,336,2.8000000000000003
2000,4,10,23,30,5.4,100,841,582,0.2,980,23.5,339,2.8000000000000003
2000,4,11,0,30,5.2,85,714,363,0.21,980,21.400000000000002,343,2.1
2000,4,11,1,30,7.4,55,470,143,0.21,981,18.5,333,1.1
2000,4,11,2,30,7.6000000000000005,0,0,0,0.21,981,16.3,314,0.7000000000000001
2000,4,11,3,30,7,0,0,0,0.21,982,15.600000000000001,294,0.7000000000000001
2000,4,11,4,30,6.7,0,0,0,0.21,982,15,272,0.7000000000000001
2000,4,11,5,30,6.4,0,0,0,0.21,983,14.3,256,0.8
2000,4,11,6,30,6.2,0,0,0,0.21,983,13.5,255,0.9
2000,4,11,7,30,6.2,0,0,0,0.21,982,12.9,258,0.9
2000,4,11,8,30,6.2,0,0,0,0.21,982,12.4,254,0.8
2000,4,11,9,30,6.300000000000001,0,0,0,0.21,982,11.9,242,0.8
2000,4,11,10,30,6.5,0,0,0,0.21,982,11.5,229,0.8
2000,4,11,11,30,6.7,0,0,0,0.21,982,11.200000000000001,219,0.8
2000,4,11,12,30,6.9,0,0,0,0.21,982,10.9,213,0.8
2000,4,11,13,30,7,0,0,0,0.21,983,12.100000000000001,206,0.9
2000,4,11,14,30,7.9,59,474,152,0.21,983,15.3,199,1.2000000000000002
2000,4,11,15,30,7.6000000000000005,87,716,373,0.21,983,19.1,188,1.3
2000,4,11,16,30,6.9,105,829,587,0.21,983,23,172,1.3
2000,4,11,17,30,5.1000000000000005,118,890,767,0.21,983,26.5,170,1.3
2000,4,11,18,30,3.8000000000000003,131,915,894,0.21,983,28.8,195,1.2000000000000002
2000,4,11,19,30,3.3000000000000003,135,930,960,0.21,982,30.1,240,1.1
2000,4,11,20,30,3.1,136,928,959,0.21,982,30.900000000000002,285,1.3
2000,4,11,21,30,3,133,906,886,0.21,981,31.200000000000003,311,1.7000000000000002
2000,4,11,22,30,3.1,125,870,755,0.21,980,30.900000000000002,322,2.1
2000,4,11,23,30,3.4000000000000004,112,801,572,0.21,980,30.6,325,2.3000000000000003
2000,4,12,0,30,4.6000000000000005,99,650,354,0.2,980,27.3,323,2
2000,4,12,1,30,9.1,67,187,102,0.2,981,23.3,320,1.5
2000,4,12,2,30,9.3,0,0,0,0.2,981,20.3,315,1.3
2000,4,12,3,30,9.1,0,0,0,0.2,982,19.3,310,1.2000000000000002
2000,4,12,4,30,9.4,0,0,0,0.2,982,18.900000000000002,298,1
2000,4,12,5,30,9.3,0,0,0,0.2,983,18.400000000000002,274,0.8
2000,4,12,6,30,9.200000000000001,0,0,0,0.2,983,17.6,253,0.9
2000,4,12,7,30,8.9,0,0,0,0.2,983,17.1,243,0.9
2000,4,12,8,30,8.3,0,0,0,0.2,983,16.7,223,0.9
2000,4,12,9,30,7.800000000000001,0,0,0,0.2,983,16.400000000000002,195,0.9
2000,4,12,10,30,7.300000000000001,0,0,0,0.2,983,15.9,181,1
2000,4,12,11,30,6.9,0,0,0,0.2,983,15.4,183,1.1
2000,4,12,12,30,6.5,0,0,0,0.2,983,15,187,1.2000000000000002
2000,4,12,13,30,6.2,0,0,0,0.2,983,15.700000000000001,190,1.1
2000,4,12,14,30,8.3,67,402,148,0.2,983,18.7,191,1.2000000000000002
2000,4,12,15,30,6.7,101,651,364,0.2,984,22.6,204,1.3
2000,4,12,16,30,5.9,122,773,574,0.2,984,26,230,1.2000000000000002
2000,4,12,17,30,5,135,841,752,0.2,984,28.6,247,1.5
2000,4,12,18,30,4.5,131,896,881,0.2,983,30.200000000000003,260,1.8
2000,4,12,19,30,4.3,136,910,946,0.2,983,31.200000000000003,271,2.3000000000000003
2000,4,12,20,30,4.2,138,906,943,0.2,982,31.6,277,2.8000000000000003
2000,4,12,21,30,4,136,883,872,0.2,982,31.5,279,3.5
2000,4,12,22,30,3.8000000000000003,182,708,696,0.2,981,30.700000000000003,279,4.1000000000000005
2000,4,12,23,30,3.8000000000000003,119,768,563,0.2,981,30.200000000000003,279,4.4
2000,4,13,0,30,4.2,95,655,354,0.2,981,26.6,279,4.2
2000,4,13,1,30,5.9,60,419,141,0.2,982,22.700000000000003,278,3.1
2000,4,13,2,30,7.7,0,0,0,0.2,982,19.200000000000003,273,2
2000,4,13,3,30,8.3,0,0,0,0.2,983,17.400000000000002,263,1.5
2000,4,13,4,30,8.6,0,0,0,0.2,984,16.3,253,1.2000000000000002
2000,4,13,5,30,8.5,0,0,0,0.2,984,15.4,248,1.1
2000,4,13,6,30,8.5,0,0,0,0.2,985,14.600000000000001,246,1.1
2000,4,13,7,30,8.8,0,0,0,0.2,985,14,242,1
2000,4,13,8,30,9.3,0,0,0,0.2,985,13.600000000000001,238,0.9
2000,4,13,9,30,9.8,0,0,0,0.2,984,13.3,235,0.9
2000,4,13,10,30,10.4,0,0,0,0.2,984,13.200000000000001,232,0.8
2000,4,13,11,30,10.9,0,0,0,0.2,984,13.100000000000001,225,0.7000000000000001
2000,4,13,12,30,11.200000000000001,0,0,0,0.2,983,13.100000000000001,215,0.7000000000000001
2000,4,13,13,30,11.3,0,0,0,0.2,983,14.200000000000001,207,0.9
2000,4,13,14,30,11.700000000000001,13,0,13,0.2,983,16.5,209,1.2000000000000002
2000,4,13,15,30,11.700000000000001,137,409,304,0.2,983,19,218,1.4000000000000001
2000,4,13,16,30,11.3,219,23,232,0.2,983,21.3,228,1.9000000000000001
2000,4,13,17,30,10.5,353,209,506,0.2,982,23,239,2.5
2000,4,13,18,30,9.700000000000001,414,115,511,0.2,982,24.1,246,3.3000000000000003
2000,4,13,19,30,9,226,11,236,0.2,981,24.5,250,4.1000000000000005
2000,4,13,20,30,8.4,409,56,460,0.2,980,24.3,254,4.800000000000001
2000,4,13,21,30,8,404,93,482,0.2,980,23.8,257,5.300000000000001
2000,4,13,22,30,7.9,126,851,746,0.2,979,22.8,260,5.4
2000,4,13,23,30,7.7,177,545,493,0.2,979,22.200000000000003,261,5.4
2000,4,14,0,30,7.300000000000001,100,643,355,0.2,980,19.400000000000002,266,4.800000000000001
2000,4,14,1,30,7.1000000000000005,64,400,142,0.2,980,17,271,4
2000,4,14,2,30,7.5,0,0,0,0.2,981,14.600000000000001,272,3.1
2000,4,14,3,30,7.9,0,0,0,0.2,981,13,267,2.3000000000000003
2000,4,14,4,30,8.200000000000001,0,0,0,0.2,981,11.8,260,1.6
2000,4,14,5,30,8.3,0,0,0,0.2,981,11,252,1.2000000000000002
2000,4,14,6,30,8.4,0,0,0,0.2,981,10.4,243,1.2000000000000002
2000,4,14,7,30,8.4,0,0,0,0.2,981,10,238,1.1
2000,4,14,8,30,8.4,0,0,0,0.2,980,9.700000000000001,236,1.1
2000,4,14,9,30,8.3,0,0,0,0.2,980,9.600000000000001,237,1.2000000000000002
2000,4,14,10,30,8.200000000000001,0,0,0,0.2,979,9.5,238,1.2000000000000002
2000,4,14,11,30,8.1,0,0,0,0.2,979,9.4,238,1.3
2000,4,14,12,30,7.9,0,0,0,0.2,979,9.200000000000001,235,1.2000000000000002
2000,4,14,13,30,7.800000000000001,0,0,0,0.2,979,9.8,235,1.5
2000,4,14,14,30,8.1,24,0,24,0.2,979,11.100000000000001,243,2.1
2000,4,14,15,30,7.9,148,355,295,0.2,979,12.5,254,2.5
2000,4,14,16,30,6.9,246,331,442,0.2,979,14,262,2.5
2000,4,14,17,30,6.4,231,12,240,0.2,979,15.4,268,2.5
2000,4,14,18,30,6.4,409,272,639,0.2,978,16.6,271,2.7
2000,4,14,19,30,6.5,450,115,552,0.2,978,17.400000000000002,275,3
2000,4,14,20,30,6.4,437,289,696,0.2,978,17.900000000000002,280,3.2
2000,4,14,21,30,6.4,399,300,651,0.2,977,18,284,3.5
2000,4,14,22,30,6.300000000000001,150,1,151,0.2,977,17.900000000000002,289,3.6
2000,4,14,23,30,6.2,207,17,217,0.2,977,17.7,292,3.6
2000,4,15,0,30,6.2,57,0,57,0.2,977,16.5,296,3.2
2000,4,15,1,30,6.4,15,0,15,0.2,978,14.700000000000001,293,2.3000000000000003
2000,4,15,2,30,7.4,0,0,0,0.2,978,12.8,283,1.6
2000,4,15,3,30,7.6000000000000005,0,0,0,0.2,979,11.9,272,1.8
2000,4,15,4,30,7.800000000000001,0,0,0,0.2,979,11.200000000000001,264,2.1
2000,4,15,5,30,8.1,0,0,0,0.2,980,10.600000000000001,261,2
2000,4,15,6,30,8.3,0,0,0,0.2,980,10.100000000000001,259,1.6
2000,4,15,7,30,8.4,0,0,0,0.2,979,9.8,256,1.3
2000,4,15,8,30,8.4,0,0,0,0.2,979,9.5,249,1.2000000000000002
2000,4,15,9,30,8.3,0,0,0,0.2,979,9.1,246,1.2000000000000002
2000,4,15,10,30,8.200000000000001,0,0,0,0.2,979,8.8,245,1.2000000000000002
2000,4,15,11,30,8.1,0,0,0,0.2,979,8.6,243,1.1
2000,4,15,12,30,8,0,0,0,0.2,979,8.6,245,1.1
2000,4,15,13,30,8,0,0,0,0.2,980,9.5,250,1.5
2000,4,15,14,30,8.200000000000001,64,473,166,0.2,981,11.100000000000001,262,1.7000000000000002
2000,4,15,15,30,8.4,94,697,384,0.2,981,13,283,1.3
2000,4,15,16,30,8,114,755,564,0.2,981,15.200000000000001,302,0.7000000000000001
2000,4,15,17,30,7.1000000000000005,126,849,757,0.2,980,17.2,287,0.5
2000,4,15,18,30,6.5,331,495,750,0.2,980,18.7,255,0.6000000000000001
2000,4,15,19,30,5.9,458,167,608,0.2,979,19.8,260,0.8
2000,4,15,20,30,5.4,456,201,636,0.2,978,20.400000000000002,297,1.1
2000,4,15,21,30,5.1000000000000005,404,87,478,0.2,977,20.700000000000003,320,1.5
2000,4,15,22,30,5.1000000000000005,344,258,533,0.2,977,20.400000000000002,322,2
2000,4,15,23,30,5.2,259,235,396,0.2,977,20.1,319,2.1
2000,4,16,0,30,5.7,163,215,249,0.2,977,18.3,307,2.2
2000,4,16,1,30,6.6000000000000005,70,364,143,0.2,977,15.9,297,1.8
2000,4,16,2,30,7.4,0,0,0,0.2,978,13.5,286,1.4000000000000001
2000,4,16,3,30,7.4,0,0,0,0.2,978,12.100000000000001,275,1.4000000000000001
2000,4,16,4,30,7.6000000000000005,0,0,0,0.2,978,11.3,262,1.3
2000,4,16,5,30,7.7,0,0,0,0.2,978,10.8,253,1.3
2000,4,16,6,30,7.9,0,0,0,0.2,978,10.5,247,1.2000000000000002
2000,4,16,7,30,8,0,0,0,0.2,978,10.5,241,1.2000000000000002
2000,4,16,8,30,8.1,0,0,0,0.2,978,10.9,225,1
2000,4,16,9,30,8,0,0,0,0.2,978,11.100000000000001,186,0.9
2000,4,16,10,30,7.9,0,0,0,0.2,978,11,148,0.9
2000,4,16,11,30,7.7,0,0,0,0.2,978,10.9,137,0.9
2000,4,16,12,30,7.5,0,0,0,0.2,978,10.700000000000001,141,1
2000,4,16,13,30,7.4,0,0,0,0.2,978,11,146,1.1
2000,4,16,14,30,7.7,14,0,14,0.2,979,11.9,151,1.7000000000000002
2000,4,16,15,30,7.5,57,0,57,0.2,979,13,157,2.6
2000,4,16,16,30,7.2,152,0,152,0.2,979,14.200000000000001,163,3.3000000000000003
2000,4,16,17,30,6.6000000000000005,266,19,280,0.2,979,15.5,168,3.7
2000,4,16,18,30,5.9,318,24,338,0.2,979,16.6,171,3.9000000000000004
2000,4,16,19,30,5.300000000000001,372,33,401,0.2,979,17.3,171,4
2000,4,16,20,30,5,333,23,354,0.2,978,17.6,171,4.1000000000000005
2000,4,16,21,30,5.1000000000000005,197,8,204,0.2,978,17.5,170,4.1000000000000005
2000,4,16,22,30,5.2,155,2,156,0.2,977,17.1,172,4
2000,4,16,23,30,5.7,238,42,263,0.2,977,16.900000000000002,173,3.9000000000000004
2000,4,17,0,30,6.4,77,0,77,0.2,976,15.200000000000001,179,3.5
2000,4,17,1,30,7,33,0,33,0.2,976,13.8,175,3.3000000000000003
2000,4,17,2,30,7.300000000000001,0,0,0,0.2,977,12.9,166,3.6
2000,4,17,3,30,7.6000000000000005,0,0,0,0.2,977,12.5,156,4
2000,4,17,4,30,8,0,0,0,0.2,977,12.4,149,4.3
2000,4,17,5,30,8.3,0,0,0,0.2,977,12.3,145,4.5
2000,4,17,6,30,8.6,0,0,0,0.2,976,12.3,142,4.7
2000,4,17,7,30,8.8,0,0,0,0.2,976,12.3,140,4.9
2000,4,17,8,30,9,0,0,0,0.2,975,12.3,140,4.9
2000,4,17,9,30,9.1,0,0,0,0.2,975,12.4,140,4.800000000000001
2000,4,17,10,30,9.3,0,0,0,0.2,975,12.4,140,4.7
2000,4,17,11,30,9.4,0,0,0,0.2,974,12.5,141,4.6000000000000005
2000,4,17,12,30,9.600000000000001,0,0,0,0.2,974,12.5,142,4.4
2000,4,17,13,30,9.8,3,0,3,0.2,975,12.8,143,4.1000000000000005
2000,4,17,14,30,10.3,19,0,19,0.2,975,13.700000000000001,148,4
2000,4,17,15,30,10.8,10,0,10,0.2,976,14.5,162,4.1000000000000005
2000,4,17,16,30,10.8,77,0,77,0.2,976,15.3,181,4.3
2000,4,17,17,30,10.5,71,0,71,0.2,976,15.8,196,4.4
2000,4,17,18,30,10.200000000000001,35,0,35,0.2,976,16.1,209,4.4
2000,4,17,19,30,9.8,148,3,151,0.2,976,16.6,218,4.2
2000,4,17,20,30,9.200000000000001,77,0,77,0.2,975,17,226,4.1000000000000005
2000,4,17,21,30,8.200000000000001,50,0,50,0.2,975,17.2,235,4
2000,4,17,22,30,7,149,1,149,0.2,975,16.8,242,3.9000000000000004
2000,4,17,23,30,6.2,214,20,226,0.2,975,16.6,244,4
2000,4,18,0,30,5.5,134,424,306,0.2,976,14.200000000000001,251,3.8000000000000003
2000,4,18,1,30,5.5,70,240,119,0.2,977,12.100000000000001,255,2.8000000000000003
2000,4,18,2,30,6.2,0,0,0,0.2,977,10.200000000000001,252,1.7000000000000002
2000,4,18,3,30,6.6000000000000005,0,0,0,0.2,978,9.3,236,1.1
2000,4,18,4,30,6.5,0,0,0,0.2,978,8.700000000000001,210,1
2000,4,18,5,30,6,0,0,0,0.2,978,8.200000000000001,188,1.1
2000,4,18,6,30,5.800000000000001,0,0,0,0.2,978,7.9,174,1.3
2000,4,18,7,30,5.800000000000001,0,0,0,0.2,978,7.9,165,1.5
2000,4,18,8,30,6,0,0,0,0.2,978,8.1,155,1.6
2000,4,18,9,30,6.300000000000001,0,0,0,0.2,978,8.3,142,1.6
2000,4,18,10,30,6.5,0,0,0,0.2,978,8.3,128,1.5
2000,4,18,11,30,6.4,0,0,0,0.2,978,8.1,118,1.4000000000000001
2000,4,18,12,30,6.2,0,0,0,0.2,978,8,118,1.4000000000000001
2000,4,18,13,30,6,2,0,2,0.2,979,8.8,127,1.5
2000,4,18,14,30,6.9,41,0,41,0.2,980,10.4,158,2
2000,4,18,15,30,7,86,737,401,0.2,981,12.200000000000001,197,2.4000000000000004
2000,4,18,16,30,6.6000000000000005,266,270,429,0.2,981,13.9,220,2.5
2000,4,18,17,30,5.9,101,920,794,0.2,982,15.4,237,2.5
2000,4,18,18,30,5.300000000000001,133,0,133,0.2,982,16.6,253,2.4000000000000004
2000,4,18,19,30,5.1000000000000005,265,14,278,0.2,982,17.3,268,2.5
2000,4,18,20,30,5.1000000000000005,444,283,700,0.2,982,17.8,279,2.7
2000,4,18,21,30,5,424,181,578,0.2,982,18,288,2.9000000000000004
2000,4,18,22,30,4.9,351,110,433,0.2,982,17.900000000000002,295,2.9000000000000004
2000,4,18,23,30,4.800000000000001,268,150,357,0.2,982,17.8,297,3
2000,4,19,0,30,4.800000000000001,130,449,313,0.2,982,16.5,304,2.8000000000000003
2000,4,19,1,30,5.1000000000000005,61,471,159,0.2,983,14.4,306,2
2000,4,19,2,30,6.6000000000000005,0,0,0,0.2,984,12.200000000000001,306,1.3
2000,4,19,3,30,6.5,0,0,0,0.2,984,10.8,305,1.1
2000,4,19,4,30,6.5,0,0,0,0.2,985,9.8,301,1
2000,4,19,5,30,6.7,0,0,0,0.2,985,9.1,294,0.9
2000,4,19,6,30,6.9,0,0,0,0.2,985,8.700000000000001,283,0.9
2000,4,19,7,30,7,0,0,0,0.2,985,8.3,271,1
2000,4,19,8,30,7,0,0,0,0.2,985,7.800000000000001,266,1.2000000000000002
2000,4,19,9,30,7,0,0,0,0.2,985,7.300000000000001,263,1.2000000000000002
2000,4,19,10,30,6.9,0,0,0,0.2,985,6.9,263,1.2000000000000002
2000,4,19,11,30,6.4,0,0,0,0.2,985,6.4,261,1.1
2000,4,19,12,30,6.2,0,0,0,0.2,986,6.2,255,1.1
2000,4,19,13,30,6.1000000000000005,12,27,13,0.2,986,7.6000000000000005,247,1.4000000000000001
2000,4,19,14,30,6.300000000000001,74,449,178,0.2,986,10.5,260,1.6
2000,4,19,15,30,5.9,99,703,402,0.2,987,13.4,302,1.7000000000000002
2000,4,19,16,30,4.6000000000000005,119,808,612,0.2,987,15.9,330,2.1
2000,4,19,17,30,4,131,870,788,0.2,987,17.7,333,2.2
2000,4,19,18,30,4,142,899,914,0.2,986,19.3,333,2.2
2000,4,19,19,30,4.1000000000000005,146,914,977,0.2,985,20.5,329,2.2
2000,4,19,20,30,4.3,146,913,974,0.2,985,21.3,324,2.3000000000000003
2000,4,19,21,30,4.3,136,905,906,0.2,984,21.700000000000003,323,2.5
2000,4,19,22,30,4.1000000000000005,130,867,774,0.2,984,21.6,326,2.7
2000,4,19,23,30,4,118,800,593,0.2,984,21.400000000000002,328,2.7
2000,4,20,0,30,3.8000000000000003,96,692,381,0.2,983,19.400000000000002,337,2.4000000000000004
2000,4,20,1,30,5.300000000000001,68,440,160,0.2,983,16.6,343,1.6
2000,4,20,2,30,6.9,0,0,0,0.2,984,13.9,347,1.1
2000,4,20,3,30,6.4,0,0,0,0.2,984,12.700000000000001,347,1.1
2000,4,20,4,30,6,0,0,0,0.2,984,12.100000000000001,342,1.1
2000,4,20,5,30,5.6000000000000005,0,0,0,0.2,984,11.700000000000001,334,1
2000,4,20,6,30,5.4,0,0,0,0.2,984,11.3,321,1
2000,4,20,7,30,5.300000000000001,0,0,0,0.2,984,10.600000000000001,307,1
2000,4,20,8,30,5.300000000000001,0,0,0,0.2,983,9.8,298,1
2000,4,20,9,30,5.4,0,0,0,0.2,983,9,293,1
2000,4,20,10,30,5.6000000000000005,0,0,0,0.2,983,8.4,289,1
2000,4,20,11,30,5.800000000000001,0,0,0,0.2,983,8,283,1
2000,4,20,12,30,5.9,0,0,0,0.2,983,7.9,272,1
2000,4,20,13,30,6.1000000000000005,13,28,14,0.2,983,9.3,258,1.3
2000,4,20,14,30,6.9,78,430,179,0.2,983,11.9,259,1.8
2000,4,20,15,30,7.5,99,696,402,0.2,983,14.9,282,1.8
2000,4,20,16,30,7.6000000000000005,113,813,612,0.2,983,18.1,304,1.8
2000,4,20,17,30,7.4,122,877,788,0.2,983,20.8,310,2
2000,4,20,18,30,7.300000000000001,133,904,911,0.2,982,22.900000000000002,311,2.2
2000,4,20,19,30,7.1000000000000005,134,919,972,0.2,981,24.400000000000002,312,2.6
2000,4,20,20,30,7,130,922,969,0.2,980,25.400000000000002,315,3.1
2000,4,20,21,30,6.9,335,491,753,0.2,980,25.8,317,3.6
2000,4,20,22,30,6.7,310,402,609,0.2,979,25.6,320,4.1000000000000005
2000,4,20,23,30,6.5,218,448,484,0.2,979,25.400000000000002,321,4.3
2000,4,21,0,30,6.5,116,527,334,0.2,979,23.1,327,4.3
2000,4,21,1,30,7.4,64,452,160,0.2,979,20.1,329,3.3000000000000003
2000,4,21,2,30,8.5,0,0,0,0.2,979,17.3,330,2.3000000000000003
2000,4,21,3,30,8.6,0,0,0,0.2,979,15.700000000000001,329,1.9000000000000001
2000,4,21,4,30,8.700000000000001,0,0,0,0.2,979,14.8,324,1.6
2000,4,21,5,30,8.700000000000001,0,0,0,0.2,979,14.100000000000001,315,1.3
2000,4,21,6,30,8.8,0,0,0,0.2,979,13.600000000000001,306,1.2000000000000002
2000,4,21,7,30,8.8,0,0,0,0.2,979,13.200000000000001,298,1.1
2000,4,21,8,30,8.700000000000001,0,0,0,0.2,978,12.700000000000001,290,1
2000,4,21,9,30,8.6,0,0,0,0.2,978,12.100000000000001,281,1
2000,4,21,10,30,8.3,0,0,0,0.2,977,11.600000000000001,272,1
2000,4,21,11,30,8,0,0,0,0.2,977,11.3,265,1
2000,4,21,12,30,7.7,0,0,0,0.2,977,11.200000000000001,262,1.1
2000,4,21,13,30,7.5,7,0,7,0.2,978,12.3,262,1.5
2000,4,21,14,30,7.5,4,0,4,0.2,978,14.3,279,2.1
2000,4,21,15,30,7.6000000000000005,178,237,282,0.2,979,16.3,304,2.4000000000000004
2000,4,21,16,30,8,261,55,295,0.2,979,18.6,311,2.6
2000,4,21,17,30,8.5,285,476,648,0.2,979,20.700000000000003,309,2.7
2000,4,21,18,30,8.6,340,506,777,0.2,978,22.400000000000002,308,2.9000000000000004
2000,4,21,19,30,8.700000000000001,391,39,426,0.2,978,23.5,308,3.3000000000000003
2000,4,21,20,30,8.6,190,822,940,0.2,977,24,309,3.6
2000,4,21,21,30,8.700000000000001,195,785,865,0.2,977,24,311,3.9000000000000004
2000,4,21,22,30,8.700000000000001,351,256,542,0.2,977,23.6,312,4.2
2000,4,21,23,30,8.6,221,441,485,0.2,977,23.200000000000003,313,4.2
2000,4,22,0,30,8.700000000000001,163,266,274,0.21,978,21.400000000000002,311,3.9000000000000004
2000,4,22,1,30,9,76,208,121,0.21,978,19.5,304,3.3000000000000003
2000,4,22,2,30,9.600000000000001,0,0,0,0.21,979,17.2,294,3.1
2000,4,22,3,30,9.700000000000001,0,0,0,0.21,980,15.4,285,3.5
2000,4,22,4,30,9.700000000000001,0,0,0,0.21,981,13.9,278,3.4000000000000004
2000,4,22,5,30,9.600000000000001,0,0,0,0.21,981,12.600000000000001,272,2.9000000000000004
2000,4,22,6,30,9.4,0,0,0,0.21,982,11.700000000000001,270,2.6
2000,4,22,7,30,9.1,0,0,0,0.21,982,11.100000000000001,272,2.3000000000000003
2000,4,22,8,30,8.700000000000001,0,0,0,0.21,982,10.5,275,2.2
2000,4,22,9,30,8.4,0,0,0,0.21,982,10.200000000000001,277,2.5
2000,4,22,10,30,8.200000000000001,0,0,0,0.21,982,10.100000000000001,279,2.6
2000,4,22,11,30,8,0,0,0,0.21,983,10.100000000000001,283,2.6
2000,4,22,12,30,7.800000000000001,0,0,0,0.21,983,10,287,2.7
2000,4,22,13,30,7.7,14,0,14,0.21,984,10.100000000000001,292,2.9000000000000004
2000,4,22,14,30,7.5,85,413,185,0.21,985,10.700000000000001,299,3.1
2000,4,22,15,30,7.300000000000001,122,635,403,0.21,985,11.8,309,3
2000,4,22,16,30,7.1000000000000005,146,749,611,0.21,985,13.3,318,2.7
2000,4,22,17,30,7.2,150,832,787,0.21,985,15.3,325,2.7
2000,4,22,18,30,7.4,139,896,916,0.21,985,17.5,328,2.8000000000000003
2000,4,22,19,30,7.5,140,911,975,0.21,984,19.3,328,3.1
2000,4,22,20,30,7.7,140,909,971,0.21,984,20.6,328,3.4000000000000004
2000,4,22,21,30,8,139,886,897,0.21,983,21.3,328,3.8000000000000003
2000,4,22,22,30,8.3,127,857,769,0.21,983,21.3,327,4.1000000000000005
2000,4,22,23,30,8.700000000000001,112,801,592,0.21,982,21.200000000000003,327,4.2
2000,4,23,0,30,8.8,115,613,372,0.21,982,19.6,326,3.8000000000000003
2000,4,23,1,30,9,71,415,161,0.21,982,17.7,325,2.8000000000000003
2000,4,23,2,30,9.600000000000001,0,0,0,0.21,983,15.700000000000001,323,1.8
2000,4,23,3,30,9.700000000000001,0,0,0,0.21,983,14.4,317,1.6
2000,4,23,4,30,9.700000000000001,0,0,0,0.21,984,13.4,310,1.8
2000,4,23,5,30,9.600000000000001,0,0,0,0.21,984,12.4,307,2
2000,4,23,6,30,9.5,0,0,0,0.21,984,11.700000000000001,307,2.4000000000000004
2000,4,23,7,30,9.200000000000001,0,0,0,0.21,984,11.4,310,2.8000000000000003
2000,4,23,8,30,8.8,0,0,0,0.21,984,11,312,3
2000,4,23,9,30,8.1,0,0,0,0.21,984,10.3,312,3
2000,4,23,10,30,7.5,0,0,0,0.21,984,9.5,310,2.8000000000000003
2000,4,23,11,30,7.1000000000000005,0,0,0,0.21,984,8.700000000000001,308,2.4000000000000004
2000,4,23,12,30,6.6000000000000005,0,0,0,0.21,984,7.9,307,2
2000,4,23,13,30,6.1000000000000005,18,63,21,0.21,985,8.4,312,2.5
2000,4,23,14,30,5.9,79,469,195,0.21,985,10,323,3.5
2000,4,23,15,30,5.6000000000000005,170,313,310,0.21,985,11.600000000000001,331,3.9000000000000004
2000,4,23,16,30,5.2,276,83,328,0.21,985,13.600000000000001,333,4
2000,4,23,17,30,4.6000000000000005,136,871,805,0.21,985,15.700000000000001,333,4
2000,4,23,18,30,3.8000000000000003,136,917,933,0.21,985,17.7,329,4.1000000000000005
2000,4,23,19,30,2.9000000000000004,144,925,994,0.21,984,19.3,325,4.4
2000,4,23,20,30,2.1,147,919,988,0.21,984,20.400000000000002,325,4.9
2000,4,23,21,30,1.3,137,912,920,0.21,983,21,329,5.2
2000,4,23,22,30,0.8,127,885,792,0.21,983,20.900000000000002,332,5.2
2000,4,23,23,30,0.6000000000000001,112,828,611,0.21,982,20.8,333,5.1000000000000005
2000,4,24,0,30,0.7000000000000001,87,740,398,0.21,982,18.900000000000002,333,4.6000000000000005
2000,4,24,1,30,1.5,57,557,179,0.21,982,16.400000000000002,332,3.3000000000000003
2000,4,24,2,30,3.2,10,62,11,0.21,983,13.700000000000001,330,2.1
2000,4,24,3,30,3.7,0,0,0,0.21,983,12.200000000000001,328,1.9000000000000001
2000,4,24,4,30,4,0,0,0,0.21,983,11.4,327,1.9000000000000001
2000,4,24,5,30,4.2,0,0,0,0.21,983,10.700000000000001,325,1.9000000000000001
2000,4,24,6,30,4.6000000000000005,0,0,0,0.21,983,10,321,1.8
2000,4,24,7,30,5,0,0,0,0.21,983,9.200000000000001,313,1.7000000000000002
2000,4,24,8,30,5.300000000000001,0,0,0,0.21,983,8.4,302,1.5
2000,4,24,9,30,5.6000000000000005,0,0,0,0.21,983,7.7,292,1.5
2000,4,24,10,30,5.800000000000001,0,0,0,0.21,983,7.2,284,1.4000000000000001
2000,4,24,11,30,5.9,0,0,0,0.21,983,6.9,274,1.3
2000,4,24,12,30,5.9,0,0,0,0.21,983,6.9,256,1.3
2000,4,24,13,30,5.800000000000001,19,89,23,0.21,984,8.4,242,1.7000000000000002
2000,4,24,14,30,5.9,70,540,205,0.21,984,11.100000000000001,253,2.1
2000,4,24,15,30,5.7,100,727,426,0.21,984,13.600000000000001,280,2.2
2000,4,24,16,30,5.4,117,832,638,0.21,985,16.1,301,2.5
2000,4,24,17,30,4.9,128,891,814,0.21,984,18.400000000000002,311,2.7
2000,4,24,18,30,4.7,129,932,941,0.21,984,20.6,314,3
2000,4,24,19,30,4.2,131,947,1004,0.21,983,22.5,316,3.3000000000000003
2000,4,24,20,30,3.7,131,947,1000,0.21,982,23.900000000000002,320,3.6
2000,4,24,21,30,3.2,128,926,924,0.21,982,24.8,326,3.6
2000,4,24,22,30,2.7,120,892,792,0.21,981,24.900000000000002,329,3.7
2000,4,24,23,30,2.3000000000000003,110,828,611,0.21,981,24.8,329,3.8000000000000003
2000,4,25,0,30,2.2,94,716,397,0.21,981,22.700000000000003,330,3.3000000000000003
2000,4,25,1,30,3.9000000000000004,65,502,177,0.21,981,19.1,330,2.2
2000,4,25,2,30,5.6000000000000005,11,37,11,0.21,982,15.700000000000001,331,1.5
2000,4,25,3,30,5.1000000000000005,0,0,0,0.21,982,14.200000000000001,329,1.4000000000000001
2000,4,25,4,30,4.9,0,0,0,0.21,983,13.3,326,1.3
2000,4,25,5,30,4.9,0,0,0,0.21,983,12.600000000000001,321,1.3
2000,4,25,6,30,5,0,0,0,0.21,983,11.9,315,1.3
2000,4,25,7,30,5.2,0,0,0,0.21,983,11.100000000000001,309,1.3
2000,4,25,8,30,5.4,0,0,0,0.21,983,10.5,305,1.3
2000,4,25,9,30,5.7,0,0,0,0.21,983,9.9,299,1.2000000000000002
2000,4,25,10,30,5.800000000000001,0,0,0,0.21,983,9.3,288,1.1
2000,4,25,11,30,5.800000000000001,0,0,0,0.21,983,8.700000000000001,282,1.2000000000000002
2000,4,25,12,30,5.800000000000001,0,0,0,0.21,984,8.4,281,1.2000000000000002
2000,4,25,13,30,5.7,20,67,24,0.21,984,10,274,1.7000000000000002
2000,4,25,14,30,5.7,79,472,199,0.21,984,12.9,279,2.2
2000,4,25,15,30,5.7,111,677,417,0.21,985,15.3,297,2.4000000000000004
2000,4,25,16,30,5.800000000000001,130,783,623,0.21,985,17.7,307,2.5
2000,4,25,17,30,5.800000000000001,143,845,796,0.21,985,20.1,314,2.7
2000,4,25,18,30,5.6000000000000005,149,882,919,0.21,985,22.200000000000003,319,2.9000000000000004
2000,4,25,19,30,5.4,153,896,981,0.21,984,24,324,3.2
2000,4,25,20,30,5.4,151,898,977,0.21,984,25.5,330,3.5
2000,4,25,21,30,5.4,144,885,907,0.21,983,26.6,336,3.8000000000000003
2000,4,25,22,30,5.6000000000000005,134,855,780,0.21,982,26.900000000000002,338,4
2000,4,25,23,30,5.800000000000001,120,792,601,0.21,982,26.900000000000002,339,4.1000000000000005
2000,4,26,0,30,6.300000000000001,99,684,390,0.21,982,25,337,3.4000000000000004
2000,4,26,1,30,8,68,469,174,0.21,982,21.6,333,2.3000000000000003
2000,4,26,2,30,9.1,11,26,12,0.21,982,18.3,330,1.8
2000,4,26,3,30,8.6,0,0,0,0.21,982,16.7,329,1.9000000000000001
2000,4,26,4,30,8.6,0,0,0,0.21,983,15.600000000000001,326,1.8
2000,4,26,5,30,8.700000000000001,0,0,0,0.21,983,14.600000000000001,322,1.7000000000000002
2000,4,26,6,30,8.9,0,0,0,0.21,983,13.5,316,1.5
2000,4,26,7,30,9.3,0,0,0,0.21,983,12.600000000000001,308,1.3
2000,4,26,8,30,9.700000000000001,0,0,0,0.21,982,11.8,299,1.2000000000000002
2000,4,26,9,30,10,0,0,0,0.21,982,11,289,1.1
2000,4,26,10,30,10.3,0,0,0,0.21,982,10.5,275,1.1
2000,4,26,11,30,10.3,0,0,0,0.21,982,10.3,261,1.1
2000,4,26,12,30,10.3,0,0,0,0.21,982,10.4,248,1.1
2000,4,26,13,30,10.200000000000001,22,76,26,0.21,982,11.700000000000001,236,1.6
2000,4,26,14,30,10.3,80,492,207,0.21,982,14.100000000000001,233,1.9000000000000001
2000,4,26,15,30,10.5,105,717,431,0.21,982,16.7,244,1.7000000000000002
2000,4,26,16,30,10.4,122,823,643,0.21,982,19.5,264,1.6
2000,4,26,17,30,10.3,132,886,819,0.21,982,22.400000000000002,285,1.6
2000,4,26,18,30,9.700000000000001,146,907,940,0.21,981,25.1,297,1.8
2000,4,26,19,30,9.200000000000001,148,923,1002,0.21,981,27.400000000000002,303,2.1
2000,4,26,20,30,8.3,145,920,993,0.21,980,29.1,309,2.4000000000000004
2000,4,26,21,30,7.800000000000001,141,904,922,0.21,980,30.1,315,2.7
2000,4,26,22,30,7.2,134,865,790,0.21,979,30.400000000000002,320,2.9000000000000004
2000,4,26,23,30,6.7,121,798,607,0.21,979,30.3,322,3
2000,4,27,0,30,6.800000000000001,100,690,395,0.21,979,28,332,2.5
2000,4,27,1,30,9.8,69,472,177,0.21,979,24,343,1.6
2000,4,27,2,30,10.9,11,31,12,0.21,980,20.3,354,1.2000000000000002
2000,4,27,3,30,9.8,0,0,0,0.21,980,19.200000000000003,182,1.1
2000,4,27,4,30,9.1,0,0,0,0.21,980,19.1,9,0.8
2000,4,27,5,30,8.6,0,0,0,0.21,980,18.7,119,0.5
2000,4,27,6,30,8.1,0,0,0,0.21,980,17.6,233,0.6000000000000001
2000,4,27,7,30,7.800000000000001,0,0,0,0.21,979,16.400000000000002,247,0.9
2000,4,27,8,30,7.6000000000000005,0,0,0,0.21,979,15.3,257,1
2000,4,27,9,30,7.6000000000000005,0,0,0,0.21,979,14.600000000000001,258,1.1
2000,4,27,10,30,7.5,0,0,0,0.21,979,14,255,1.1
2000,4,27,11,30,7.300000000000001,0,0,0,0.21,979,13.5,251,1
2000,4,27,12,30,7.1000000000000005,0,0,0,0.21,979,13.600000000000001,246,1
2000,4,27,13,30,7.1000000000000005,23,106,29,0.21,979,15.200000000000001,245,1
2000,4,27,14,30,9,76,510,209,0.21,979,17.900000000000002,260,1.3
2000,4,27,15,30,8.3,114,675,423,0.21,980,20.700000000000003,290,1.8
2000,4,27,16,30,8,137,774,629,0.21,980,23.400000000000002,310,2.2
2000,4,27,17,30,8.1,155,825,797,0.21,980,25.6,318,2.6
2000,4,27,18,30,8.200000000000001,173,845,915,0.21,980,27.400000000000002,321,2.8000000000000003
2000,4,27,19,30,7.9,188,845,971,0.21,979,28.8,322,3
2000,4,27,20,30,7.4,197,829,962,0.21,979,29.6,322,3.2
2000,4,27,21,30,6.5,190,814,895,0.21,978,29.8,319,3.2
2000,4,27,22,30,5.7,187,756,761,0.21,978,29.400000000000002,313,3.4000000000000004
2000,4,27,23,30,5,167,681,583,0.21,978,29.1,309,3.5
2000,4,28,0,30,4.800000000000001,127,591,381,0.21,978,26,298,3.9000000000000004
2000,4,28,1,30,6.2,86,347,166,0.21,979,22.3,292,3.6
2000,4,28,2,30,7.800000000000001,10,7,10,0.21,979,18.7,289,3.4000000000000004
2000,4,28,3,30,9,0,0,0,0.21,980,16.3,286,3.4000000000000004
2000,4,28,4,30,9.8,0,0,0,0.21,981,14.8,285,3.4000000000000004
2000,4,28,5,30,10.100000000000001,0,0,0,0.21,982,13.8,289,3.4000000000000004
2000,4,28,6,30,10,0,0,0,0.21,982,13,298,3.6
2000,4,28,7,30,9.4,0,0,0,0.21,982,12.4,308,3.8000000000000003
2000,4,28,8,30,8.5,0,0,0,0.21,982,11.8,314,4
2000,4,28,9,30,7.7,0,0,0,0.21,982,11,317,4.2
2000,4,28,10,30,7,0,0,0,0.21,982,10.200000000000001,318,4.2
2000,4,28,11,30,6.1000000000000005,0,0,0,0.21,982,9.4,317,4.3
2000,4,28,12,30,5.300000000000001,0,0,0,0.21,983,8.700000000000001,316,4.2
2000,4,28,13,30,4.6000000000000005,19,0,19,0.21,983,8.4,319,4.1000000000000005
2000,4,28,14,30,4,8,0,8,0.21,984,9.1,324,4.3
2000,4,28,15,30,3.3000000000000003,139,0,139,0.21,984,10.4,326,4.4
2000,4,28,16,30,2.7,250,33,271,0.21,984,12.100000000000001,326,4.5
2000,4,28,17,30,2.1,372,106,455,0.21,984,14.100000000000001,326,4.7
2000,4,28,18,30,1.5,389,380,723,0.21,983,16.2,326,5
2000,4,28,19,30,0.9,191,843,974,0.21,983,17.7,325,5.1000000000000005
2000,4,28,20,30,0.30000000000000004,146,926,1002,0.21,982,18.7,324,5.4
2000,4,28,21,30,-0.30000000000000004,147,902,931,0.21,982,19.1,324,5.7
2000,4,28,22,30,-0.8,133,883,805,0.21,981,19,324,5.800000000000001
2000,4,28,23,30,-1.2000000000000002,117,828,624,0.21,981,18.8,325,5.800000000000001
2000,4,29,0,30,-1.4000000000000001,96,728,411,0.21,981,17.1,326,5.5
2000,4,29,1,30,-1.2000000000000002,66,526,188,0.21,981,15,326,4.4
2000,4,29,2,30,0,14,61,16,0.21,982,12.700000000000001,321,3.4000000000000004
2000,4,29,3,30,0.8,0,0,0,0.21,983,11.5,317,3.5
2000,4,29,4,30,1.2000000000000002,0,0,0,0.21,983,10.9,314,3.8000000000000003
2000,4,29,5,30,1.8,0,0,0,0.21,984,10,312,3.4000000000000004
2000,4,29,6,30,2.5,0,0,0,0.21,984,9.1,309,2.8000000000000003
2000,4,29,7,30,3.3000000000000003,0,0,0,0.21,983,8.200000000000001,309,2.3000000000000003
2000,4,29,8,30,3.9000000000000004,0,0,0,0.21,983,7.5,311,2
2000,4,29,9,30,4.2,0,0,0,0.21,983,6.800000000000001,312,1.7000000000000002
2000,4,29,10,30,4.4,0,0,0,0.21,983,6.2,300,1.5
2000,4,29,11,30,4.4,0,0,0,0.21,983,5.800000000000001,279,1.4000000000000001
2000,4,29,12,30,4.3,0,0,0,0.21,983,6,266,1.6
2000,4,29,13,30,4.3,26,149,35,0.21,984,7.5,266,2.3000000000000003
2000,4,29,14,30,4.5,73,568,225,0.21,985,10.100000000000001,284,3
2000,4,29,15,30,4.4,100,740,444,0.21,985,12.600000000000001,300,3
2000,4,29,16,30,4.4,120,832,653,0.21,986,15.100000000000001,305,2.8000000000000003
2000,4,29,17,30,4.2,136,880,825,0.21,986,17.3,310,2.6
2000,4,29,18,30,4.2,131,931,953,0.21,986,19.400000000000002,316,2.4000000000000004
2000,4,29,19,30,3.9000000000000004,136,942,1014,0.21,985,21.200000000000003,320,2.3000000000000003
2000,4,29,20,30,3.5,135,938,1005,0.21,984,22.5,327,2.4000000000000004
2000,4,29,21,30,3,129,925,934,0.21,984,23.400000000000002,337,2.7
2000,4,29,22,30,2.5,123,889,802,0.21,984,23.6,344,2.9000000000000004
2000,4,29,23,30,2,112,828,621,0.21,983,23.5,347,2.9000000000000004
2000,4,30,0,30,1.6,89,740,411,0.21,983,21.900000000000002,349,2.2
2000,4,30,1,30,2.9000000000000004,63,541,190,0.21,983,19.1,340,1.3
2000,4,30,2,30,5.5,15,76,17,0.21,984,16.2,322,0.8
2000,4,30,3,30,4.4,0,0,0,0.21,984,14.9,310,0.8
2000,4,30,4,30,4,0,0,0,0.21,985,14.3,297,0.8
2000,4,30,5,30,3.6,0,0,0,0.21,985,13.600000000000001,279,0.8
2000,4,30,6,30,3.4000000000000004,0,0,0,0.21,985,12.8,269,0.9
2000,4,30,7,30,3.3000000000000003,0,0,0,0.21,985,11.9,267,0.9
2000,4,30,8,30,3.2,0,0,0,0.21,985,11,267,1
2000,4,30,9,30,3.2,0,0,0,0.21,984,10.4,268,1.1
2000,4,30,10,30,3.3000000000000003,0,0,0,0.21,984,9.8,269,1.1
2000,4,30,11,30,3.6,0,0,0,0.21,985,9.4,273,1.1
2000,4,30,12,30,3.9000000000000004,0,0,0,0.21,985,9.4,273,1
2000,4,30,13,30,4.4,26,132,35,0.21,985,11.3,266,1.1
2000,4,30,14,30,5.300000000000001,77,529,220,0.21,985,14.5,261,1.4000000000000001
2000,4,30,15,30,5,97,750,447,0.21,985,18.1,244,1.3
2000,4,30,16,30,4.2,115,839,655,0.21,984,22.400000000000002,184,1.3
2000,4,30,17,30,2,128,889,827,0.21,984,26.400000000000002,150,1.6
2000,4,30,18,30,0.4,122,941,954,0.21,984,29.200000000000003,183,1.4000000000000001
2000,4,30,19,30,-0.1,128,950,1014,0.21,983,31,243,1.2000000000000002
2000,4,30,20,30,0.1,129,946,1008,0.21,983,32.1,297,1.3
2000,4,30,21,30,0.30000000000000004,126,926,933,0.21,982,32.6,322,1.6
2000,4,30,22,30,0.7000000000000001,119,892,802,0.21,981,32.4,332,2.1
2000,4,30,23,30,1.3,107,832,620,0.21,981,32.2,335,2.4000000000000004
2000,5,1,0,30,2.6,103,684,401,0.21,981,29.3,341,2.4000000000000004
2000,5,1,1,30,7.5,72,468,183,0.21,981,25,347,1.6
2000,5,1,2,30,9.4,15,44,16,0.21,981,21.200000000000003,349,1.2000000000000002
2000,5,1,3,30,8.700000000000001,0,0,0,0.21,982,19.8,334,1
2000,5,1,4,30,8.4,0,0,0,0.21,982,18.7,301,0.9
2000,5,1,5,30,8.4,0,0,0,0.21,982,17.5,277,1
2000,5,1,6,30,8.5,0,0,0,0.21,982,16.400000000000002,270,1.2000000000000002
2000,5,1,7,30,8.6,0,0,0,0.21,982,15.5,270,1.3
2000,5,1,8,30,8.6,0,0,0,0.21,982,14.600000000000001,272,1.4000000000000001
2000,5,1,9,30,8.4,0,0,0,0.21,982,13.600000000000001,269,1.3
2000,5,1,10,30,8.1,0,0,0,0.21,982,12.8,261,1.2000000000000002
2000,5,1,11,30,7.6000000000000005,0,0,0,0.21,982,12.200000000000001,254,1.2000000000000002
2000,5,1,12,30,7,0,0,0,0.21,982,12,250,1.2000000000000002
2000,5,1,13,30,6.7,28,137,37,0.21,982,13.700000000000001,250,1.6
2000,5,1,14,30,6.300000000000001,78,527,222,0.21,982,16.400000000000002,259,1.9000000000000001
2000,5,1,15,30,5.9,100,732,444,0.21,982,19.1,274,1.8
2000,5,1,16,30,6.300000000000001,117,824,650,0.21,982,22,287,1.8
2000,5,1,17,30,6.5,129,878,821,0.21,982,24.700000000000003,300,1.7000000000000002
2000,5,1,18,30,6.7,129,917,942,0.21,981,26.900000000000002,310,1.9000000000000001
2000,5,1,19,30,7,247,750,948,0.21,981,28.6,316,2.3000000000000003
2000,5,1,20,30,7.1000000000000005,420,372,767,0.21,980,29.6,321,2.9000000000000004
2000,5,1,21,30,6.9,304,597,826,0.21,980,30.200000000000003,327,3.3000000000000003
2000,5,1,22,30,6.800000000000001,117,885,795,0.21,979,30.200000000000003,333,3.5
2000,5,1,23,30,6.7,104,829,616,0.21,979,30.1,336,3.6
2000,5,2,0,30,6.9,98,695,403,0.21,979,27.8,340,3.2
2000,5,2,1,30,8.6,89,78,108,0.21,979,24.400000000000002,341,2.2
2000,5,2,2,30,10.100000000000001,16,70,19,0.21,980,20.900000000000002,337,1.7000000000000002
2000,5,2,3,30,9.5,0,0,0,0.21,980,19,327,1.7000000000000002
2000,5,2,4,30,9.1,0,0,0,0.21,981,17.7,315,1.8
2000,5,2,5,30,8.3,0,0,0,0.21,981,16.400000000000002,305,1.8
2000,5,2,6,30,7.800000000000001,0,0,0,0.21,981,15.100000000000001,299,1.6
2000,5,2,7,30,7.5,0,0,0,0.21,981,13.8,295,1.3
2000,5,2,8,30,7.5,0,0,0,0.21,980,13,291,1.2000000000000002
2000,5,2,9,30,8,0,0,0,0.21,980,12.3,288,1.2000000000000002
2000,5,2,10,30,8.5,0,0,0,0.21,980,11.8,286,1.2000000000000002
2000,5,2,11,30,9,0,0,0,0.21,980,11.3,284,1.1
2000,5,2,12,30,9.3,0,0,0,0.21,980,11.4,278,1
2000,5,2,13,30,9.600000000000001,27,180,40,0.21,980,13.100000000000001,276,1.5
2000,5,2,14,30,10.200000000000001,71,559,226,0.21,980,15.700000000000001,288,2
2000,5,2,15,30,10.4,100,718,440,0.21,980,17.900000000000002,302,2.2
2000,5,2,16,30,10.200000000000001,119,807,643,0.21,980,20.3,309,2.3000000000000003
2000,5,2,17,30,9.600000000000001,132,860,811,0.21,980,22.6,315,2.6
2000,5,2,18,30,8.9,136,896,932,0.21,980,24.6,319,3.1
2000,5,2,19,30,8.3,137,914,993,0.21,979,26.3,324,3.5
2000,5,2,20,30,7.800000000000001,133,915,987,0.21,979,27.5,328,3.8000000000000003
2000,5,2,21,30,7.5,116,922,923,0.21,978,28.200000000000003,330,3.8000000000000003
2000,5,2,22,30,7.300000000000001,108,896,797,0.21,978,28.400000000000002,330,3.8000000000000003
2000,5,2,23,30,7.1000000000000005,98,842,620,0.21,977,28.3,330,3.8000000000000003
2000,5,3,0,30,7,85,737,410,0.21,977,26.700000000000003,329,3.2
2000,5,3,1,30,8.1,63,540,193,0.21,977,23.5,327,2
2000,5,3,2,30,10.700000000000001,17,93,21,0.21,977,20,320,1.2000000000000002
2000,5,3,3,30,10.200000000000001,0,0,0,0.21,978,18.3,310,1.2000000000000002
2000,5,3,4,30,10.100000000000001,0,0,0,0.21,978,17.2,299,1.3
2000,5,3,5,30,10.200000000000001,0,0,0,0.21,978,16.3,292,1.3
2000,5,3,6,30,10.3,0,0,0,0.21,978,15.4,289,1.4000000000000001
2000,5,3,7,30,10.600000000000001,0,0,0,0.21,978,14.5,289,1.3
2000,5,3,8,30,10.700000000000001,0,0,0,0.21,978,13.700000000000001,288,1.2000000000000002
2000,5,3,9,30,10.5,0,0,0,0.21,978,12.9,285,1.1
2000,5,3,10,30,10.200000000000001,0,0,0,0.21,978,12.100000000000001,280,1
2000,5,3,11,30,9.600000000000001,0,0,0,0.21,978,11.4,274,0.9
2000,5,3,12,30,8.8,0,0,0,0.21,979,11.200000000000001,266,0.9
2000,5,3,13,30,8.200000000000001,28,217,45,0.21,979,12.700000000000001,266,1.3
2000,5,3,14,30,7.4,69,599,236,0.21,979,15.200000000000001,284,1.9000000000000001
2000,5,3,15,30,7.2,100,741,453,0.21,980,17.400000000000002,300,2.2
2000,5,3,16,30,7.300000000000001,115,838,661,0.21,980,19.900000000000002,306,2.5
2000,5,3,17,30,7.4,124,899,836,0.21,980,22.3,312,2.9000000000000004
2000,5,3,18,30,7.2,117,950,963,0.21,979,24.6,319,3.2
2000,5,3,19,30,6.5,117,966,1024,0.21,979,26.5,325,3.6
2000,5,3,20,30,5.5,113,970,1019,0.21,978,27.900000000000002,331,3.9000000000000004
2000,5,3,21,30,4.5,120,940,944,0.21,978,28.8,335,4
2000,5,3,22,30,3.7,110,919,818,0.21,977,28.900000000000002,337,3.9000000000000004
2000,5,3,23,30,3.1,99,866,638,0.21,977,28.900000000000002,337,3.9000000000000004
2000,5,4,0,30,2.8000000000000003,84,768,424,0.21,977,27,336,2.9000000000000004
2000,5,4,1,30,5.5,61,576,202,0.21,977,23.6,333,1.7000000000000002
2000,5,4,2,30,8.9,18,119,23,0.21,978,20.200000000000003,325,1.2000000000000002
2000,5,4,3,30,7.6000000000000005,0,0,0,0.21,978,18.6,316,1.2000000000000002
2000,5,4,4,30,7.800000000000001,0,0,0,0.21,979,17.2,313,1.3
2000,5,4,5,30,8.1,0,0,0,0.21,979,16.1,312,1.4000000000000001
2000,5,4,6,30,8.8,0,0,0,0.21,979,15.3,311,1.4000000000000001
2000,5,4,7,30,9.700000000000001,0,0,0,0.21,979,14.4,309,1.3
2000,5,4,8,30,10.5,0,0,0,0.21,979,13.5,304,1.2000000000000002
2000,5,4,9,30,10.8,0,0,0,0.21,979,12.600000000000001,295,1
2000,5,4,10,30,10.700000000000001,0,0,0,0.21,979,11.700000000000001,284,1
2000,5,4,11,30,10.3,0,0,0,0.21,979,11,271,0.9
2000,5,4,12,30,9.9,0,0,0,0.21,979,10.9,259,1
2000,5,4,13,30,9.600000000000001,31,169,44,0.21,979,12.200000000000001,259,1.6
2000,5,4,14,30,9.5,79,549,234,0.21,980,14.5,280,2.2
2000,5,4,15,30,9.5,106,727,453,0.21,980,17.1,302,2.2
2000,5,4,16,30,9.5,122,824,660,0.21,980,19.700000000000003,309,2
2000,5,4,17,30,9.200000000000001,132,881,832,0.21,979,22.3,307,2
2000,5,4,18,30,8.5,147,899,949,0.21,979,24.700000000000003,302,2.2
2000,5,4,19,30,7.6000000000000005,150,914,1009,0.21,978,26.700000000000003,302,2.4000000000000004
2000,5,4,20,30,6.7,152,906,999,0.21,977,28.200000000000003,302,2.6
2000,5,4,21,30,5.9,123,928,938,0.21,977,29.1,303,2.7
2000,5,4,22,30,5.4,112,903,809,0.21,976,29.400000000000002,302,2.8000000000000003
2000,5,4,23,30,5.1000000000000005,101,850,632,0.21,976,29.3,301,2.8000000000000003
2000,5,5,0,30,5.1000000000000005,89,741,418,0.21,976,27.400000000000002,298,2.7
2000,5,5,1,30,6.800000000000001,65,547,200,0.21,976,23.900000000000002,293,2.1
2000,5,5,2,30,9.1,19,111,24,0.21,976,20.1,287,1.8
2000,5,5,3,30,8.8,0,0,0,0.21,977,17.900000000000002,283,1.8
2000,5,5,4,30,9,0,0,0,0.21,978,16.6,277,1.9000000000000001
2000,5,5,5,30,9.1,0,0,0,0.21,978,15.5,270,2
2000,5,5,6,30,9.1,0,0,0,0.21,978,14.5,266,1.9000000000000001
2000,5,5,7,30,9,0,0,0,0.21,978,13.700000000000001,265,1.6
2000,5,5,8,30,8.8,0,0,0,0.21,978,12.8,265,1.3
2000,5,5,9,30,8.6,0,0,0,0.21,978,12.200000000000001,262,1.2000000000000002
2000,5,5,10,30,8.200000000000001,0,0,0,0.21,978,11.5,264,1.4000000000000001
2000,5,5,11,30,7.800000000000001,0,0,0,0.21,979,10.600000000000001,268,1.3
2000,5,5,12,30,7.4,0,0,0,0.21,979,10.5,265,1.3
2000,5,5,13,30,7.2,27,1,27,0.21,980,11.4,268,1.8
2000,5,5,14,30,6.800000000000001,81,436,205,0.21,980,13,294,2.2
2000,5,5,15,30,6.4,197,247,316,0.21,980,14.9,326,2.2
2000,5,5,16,30,6.300000000000001,114,820,651,0.21,980,16.7,338,1.9000000000000001
2000,5,5,17,30,6.1000000000000005,127,867,818,0.21,980,18.5,330,1.7000000000000002
2000,5,5,18,30,6,137,894,937,0.21,980,20.8,313,1.7000000000000002
2000,5,5,19,30,5.6000000000000005,144,903,996,0.21,979,23.200000000000003,304,2.1
2000,5,5,20,30,4.7,145,904,992,0.21,979,24.8,307,2.6
2000,5,5,21,30,3.8000000000000003,144,886,923,0.21,978,25.6,309,2.8000000000000003
2000,5,5,22,30,3.2,136,853,796,0.21,977,25.8,311,3.2
2000,5,5,23,30,2.6,230,443,508,0.21,977,25.8,313,3.4000000000000004
2000,5,6,0,30,2.2,162,356,322,0.21,977,24.200000000000003,320,3.2
2000,5,6,1,30,3.2,78,467,194,0.21,977,21.200000000000003,321,2.1
2000,5,6,2,30,6.800000000000001,17,0,17,0.21,977,17.8,315,1.4000000000000001
2000,5,6,3,30,7,0,0,0,0.21,978,16.1,305,1.5
2000,5,6,4,30,7.300000000000001,0,0,0,0.21,979,15.200000000000001,296,1.6
2000,5,6,5,30,7.800000000000001,0,0,0,0.21,979,14.200000000000001,291,1.7000000000000002
2000,5,6,6,30,8.3,0,0,0,0.21,980,13.100000000000001,286,1.5
2000,5,6,7,30,8.5,0,0,0,0.21,980,12.100000000000001,283,1.3
2000,5,6,8,30,8.3,0,0,0,0.21,980,11.4,279,1.3
2000,5,6,9,30,8,0,0,0,0.21,980,10.700000000000001,275,1.3
2000,5,6,10,30,7.6000000000000005,0,0,0,0.21,980,10,272,1.1
2000,5,6,11,30,7.1000000000000005,0,0,0,0.21,980,9.4,269,1
2000,5,6,12,30,6.7,0,0,0,0.21,980,9.3,266,1.1
2000,5,6,13,30,6.300000000000001,29,50,33,0.21,980,10.8,273,1.5
2000,5,6,14,30,5.9,105,225,170,0.21,981,13.200000000000001,297,1.8
2000,5,6,15,30,5.800000000000001,122,660,441,0.21,981,15.600000000000001,320,1.4000000000000001
2000,5,6,16,30,5.800000000000001,136,773,644,0.21,981,18.2,321,1.4000000000000001
2000,5,6,17,30,5.1000000000000005,140,842,812,0.21,981,20.6,314,1.9000000000000001
2000,5,6,18,30,4.4,133,894,933,0.21,981,22.700000000000003,313,2.5
2000,5,6,19,30,3.6,253,744,955,0.21,980,24.3,313,2.9000000000000004
2000,5,6,20,30,3,267,717,940,0.21,980,25.5,312,3.1
2000,5,6,21,30,2.9000000000000004,318,577,827,0.21,979,26.200000000000003,309,3.4000000000000004
2000,5,6,22,30,3,274,525,681,0.21,979,26.1,306,3.7
2000,5,6,23,30,3.1,205,509,525,0.21,979,25.900000000000002,304,3.8000000000000003
2000,5,7,0,30,3.4000000000000004,120,554,368,0.21,979,23.5,299,3.7
2000,5,7,1,30,4.5,75,462,191,0.21,980,20.900000000000002,291,3
2000,5,7,2,30,6.1000000000000005,20,81,24,0.21,980,17.8,280,2.4000000000000004
2000,5,7,3,30,6.6000000000000005,0,0,0,0.21,981,15.8,269,2.4000000000000004
2000,5,7,4,30,6.7,0,0,0,0.21,982,14.600000000000001,260,2.5
2000,5,7,5,30,6.800000000000001,0,0,0,0.21,982,13.700000000000001,257,2.3000000000000003
2000,5,7,6,30,7,0,0,0,0.21,982,13.100000000000001,260,2
2000,5,7,7,30,7.2,0,0,0,0.21,982,12.5,264,1.5
2000,5,7,8,30,7.6000000000000005,0,0,0,0.21,982,12,263,1.1
2000,5,7,9,30,7.9,0,0,0,0.21,982,11.600000000000001,258,0.9
2000,5,7,10,30,8,0,0,0,0.21,982,11.3,254,0.8
2000,5,7,11,30,8.1,0,0,0,0.21,982,11.200000000000001,254,0.7000000000000001
2000,5,7,12,30,8.200000000000001,0,0,0,0.21,982,11.4,239,0.6000000000000001
2000,5,7,13,30,8.200000000000001,34,144,47,0.21,983,12.200000000000001,189,0.7000000000000001
2000,5,7,14,30,8.200000000000001,85,486,227,0.21,983,13.8,114,0.8
2000,5,7,15,30,8.5,108,682,439,0.21,984,15.700000000000001,53,1
2000,5,7,16,30,9.1,125,778,639,0.21,984,17.900000000000002,179,1.2000000000000002
2000,5,7,17,30,9.9,272,568,727,0.21,984,20.1,315,1.7000000000000002
2000,5,7,18,30,10.4,151,852,915,0.21,983,22.1,305,2.4000000000000004
2000,5,7,19,30,10.700000000000001,149,871,973,0.21,983,23.400000000000002,305,3
2000,5,7,20,30,10.8,425,369,772,0.21,983,24.400000000000002,305,3.2
2000,5,7,21,30,10.8,350,501,792,0.21,982,25,302,3.3000000000000003
2000,5,7,22,30,10.600000000000001,349,65,399,0.21,981,25.1,300,3.5
2000,5,7,23,30,10.600000000000001,264,53,297,0.21,981,25,299,3.6
2000,5,8,0,30,10.9,176,43,195,0.2,981,23.1,297,4
2000,5,8,1,30,11.4,11,0,11,0.2,981,21.200000000000003,293,3.7
2000,5,8,2,30,12,13,0,13,0.2,982,19.3,288,3.3000000000000003
2000,5,8,3,30,12.4,0,0,0,0.2,982,18,282,3
2000,5,8,4,30,12.5,0,0,0,0.2,983,17.1,276,2.8000000000000003
2000,5,8,5,30,12.5,0,0,0,0.2,983,16.400000000000002,271,2.4000000000000004
2000,5,8,6,30,12.4,0,0,0,0.2,982,15.600000000000001,268,1.9000000000000001
2000,5,8,7,30,12.5,0,0,0,0.2,982,14.9,263,1.4000000000000001
2000,5,8,8,30,12.5,0,0,0,0.2,982,14.4,254,1.1
2000,5,8,9,30,12.5,0,0,0,0.2,981,14.100000000000001,244,1
2000,5,8,10,30,12.4,0,0,0,0.2,981,14,238,1
2000,5,8,11,30,12.4,0,0,0,0.2,982,13.8,242,1.1
2000,5,8,12,30,12.4,0,0,0,0.2,982,13.8,243,1.2000000000000002
2000,5,8,13,30,12.3,30,35,34,0.2,982,14.4,247,1.4000000000000001
2000,5,8,14,30,12.4,75,553,238,0.2,983,15.5,264,1.6
2000,5,8,15,30,12.4,193,45,215,0.2,983,16.900000000000002,287,1.6
2000,5,8,16,30,12.3,285,309,489,0.2,983,18.6,316,1.5
2000,5,8,17,30,12.3,299,488,690,0.2,983,20.700000000000003,332,1.9000000000000001
2000,5,8,18,30,12.200000000000001,420,68,481,0.2,983,22.5,329,2.4000000000000004
2000,5,8,19,30,11.9,464,88,548,0.2,983,24.1,324,3
2000,5,8,20,30,11.600000000000001,389,512,871,0.2,982,25.200000000000003,323,3.5
2000,5,8,21,30,11.100000000000001,345,518,803,0.2,982,25.8,324,4
2000,5,8,22,30,10.5,188,725,753,0.2,981,25.8,326,4.3
2000,5,8,23,30,10.100000000000001,200,10,207,0.2,981,25.700000000000003,327,4.4
2000,5,9,0,30,9.700000000000001,102,623,384,0.21,981,24.200000000000003,329,4.3
2000,5,9,1,30,9.600000000000001,74,490,200,0.21,981,21.900000000000002,330,3.1
2000,5,9,2,30,10.600000000000001,22,97,28,0.21,981,18.900000000000002,329,1.6
2000,5,9,3,30,11,0,0,0,0.21,982,17,323,1.2000000000000002
2000,5,9,4,30,11,0,0,0,0.21,982,16.2,310,1.1
2000,5,9,5,30,11.100000000000001,0,0,0,0.21,982,15.4,298,1.1
2000,5,9,6,30,11.3,0,0,0,0.21,982,14.700000000000001,293,1.2000000000000002
2000,5,9,7,30,11.600000000000001,0,0,0,0.21,982,14.100000000000001,295,1.2000000000000002
2000,5,9,8,30,11.700000000000001,0,0,0,0.21,982,13.5,297,1.2000000000000002
2000,5,9,9,30,11.8,0,0,0,0.21,981,12.8,297,1.2000000000000002
2000,5,9,10,30,11.700000000000001,0,0,0,0.21,981,12.4,298,1.3
2000,5,9,11,30,11.600000000000001,0,0,0,0.21,982,12.100000000000001,300,1.5
2000,5,9,12,30,11.3,0,0,0,0.21,982,12.200000000000001,301,1.8
2000,5,9,13,30,10.9,36,193,54,0.21,982,13,311,2.5
2000,5,9,14,30,10.4,83,544,244,0.21,983,14.4,327,3
2000,5,9,15,30,10.100000000000001,190,37,208,0.21,983,16.1,331,3
2000,5,9,16,30,9.600000000000001,107,845,668,0.21,982,18.1,328,3.1
2000,5,9,17,30,8.9,116,899,838,0.21,982,20.400000000000002,325,3.3000000000000003
2000,5,9,18,30,7.800000000000001,122,927,956,0.21,982,22.700000000000003,323,3.7
2000,5,9,19,30,6.7,125,938,1015,0.21,981,24.700000000000003,321,4.1000000000000005
2000,5,9,20,30,5.5,125,935,1007,0.21,980,26.3,321,4.4
2000,5,9,21,30,5.1000000000000005,119,924,938,0.21,979,27.3,321,4.6000000000000005
2000,5,9,22,30,5.2,115,891,810,0.21,978,27.5,322,4.800000000000001
2000,5,9,23,30,5.800000000000001,104,834,632,0.21,978,27.5,323,5
2000,5,10,0,30,6.5,94,715,420,0.21,978,25.900000000000002,329,4.6000000000000005
2000,5,10,1,30,7.6000000000000005,69,526,205,0.21,978,23.1,334,3
2000,5,10,2,30,9.8,22,137,30,0.21,978,19.8,337,1.6
2000,5,10,3,30,10.100000000000001,0,0,0,0.21,978,17.900000000000002,333,1.4000000000000001
2000,5,10,4,30,10.200000000000001,0,0,0,0.21,978,16.8,323,1.4000000000000001
2000,5,10,5,30,10.3,0,0,0,0.21,978,15.8,311,1.4000000000000001
2000,5,10,6,30,10.3,0,0,0,0.21,978,14.9,302,1.6
2000,5,10,7,30,10.4,0,0,0,0.21,978,14,300,1.8
2000,5,10,8,30,10.3,0,0,0,0.21,978,13.3,300,2
2000,5,10,9,30,10,0,0,0,0.21,978,12.600000000000001,300,2.2
2000,5,10,10,30,9.600000000000001,0,0,0,0.21,978,11.9,300,2.2
2000,5,10,11,30,9.200000000000001,0,0,0,0.21,979,11.3,302,2.4000000000000004
2000,5,10,12,30,8.9,0,0,0,0.21,979,10.9,307,2.9000000000000004
2000,5,10,13,30,8.4,32,19,34,0.21,979,11,315,3.5
2000,5,10,14,30,7.7,84,544,246,0.21,980,11.8,322,3.9000000000000004
2000,5,10,15,30,7,119,0,119,0.21,980,13,325,4
2000,5,10,16,30,6.2,172,3,174,0.21,980,14.700000000000001,325,4.1000000000000005
2000,5,10,17,30,5.300000000000001,222,10,230,0.21,980,17,324,4.4
2000,5,10,18,30,4.1000000000000005,445,108,543,0.21,980,19.200000000000003,323,5
2000,5,10,19,30,2.7,464,295,744,0.21,979,20.8,323,5.300000000000001
2000,5,10,20,30,1.7000000000000002,217,802,974,0.21,979,21.700000000000003,323,5.6000000000000005
2000,5,10,21,30,1.4000000000000001,359,472,779,0.21,978,22,322,5.800000000000001
2000,5,10,22,30,1.5,151,843,810,0.21,978,21.8,322,6
2000,5,10,23,30,1.6,134,786,633,0.21,977,21.5,322,6.1000000000000005
2000,5,11,0,30,1.6,123,649,420,0.21,978,19.3,326,6.5
2000,5,11,1,30,1.3,79,501,210,0.21,978,17.1,330,6.2
2000,5,11,2,30,1,25,148,34,0.21,979,14.8,331,5.300000000000001
2000,5,11,3,30,0.9,0,0,0,0.21,980,13,328,4.6000000000000005
2000,5,11,4,30,0.7000000000000001,0,0,0,0.21,981,11.700000000000001,322,4.1000000000000005
2000,5,11,5,30,0.6000000000000001,0,0,0,0.21,981,10.600000000000001,317,3.9000000000000004
2000,5,11,6,30,0.9,0,0,0,0.21,982,9.600000000000001,311,3.6
2000,5,11,7,30,1.4000000000000001,0,0,0,0.21,982,8.6,306,3.3000000000000003
2000,5,11,8,30,1.8,0,0,0,0.21,982,7.800000000000001,306,3.1
2000,5,11,9,30,2.2,0,0,0,0.21,983,7.1000000000000005,309,2.7
2000,5,11,10,30,2.3000000000000003,0,0,0,0.21,983,6.4,313,2.3000000000000003
2000,5,11,11,30,2.3000000000000003,0,0,0,0.21,983,5.800000000000001,315,1.9000000000000001
2000,5,11,12,30,2.3000000000000003,0,0,0,0.21,984,5.7,314,1.9000000000000001
2000,5,11,13,30,2.4000000000000004,37,265,64,0.21,984,7.1000000000000005,320,2.7
2000,5,11,14,30,2.1,77,624,265,0.21,985,9.4,333,3.9000000000000004
2000,5,11,15,30,1.3,98,787,488,0.21,985,11.8,338,4.7
2000,5,11,16,30,0.1,108,885,698,0.21,985,14,336,5
2000,5,11,17,30,-1.2000000000000002,115,944,877,0.21,985,16.1,335,5.1000000000000005
2000,5,11,18,30,-2.3000000000000003,127,960,995,0.21,985,17.900000000000002,333,5.2
2000,5,11,19,30,-3.4000000000000004,128,975,1056,0.21,984,19.400000000000002,332,5.4
2000,5,11,20,30,-4.4,126,976,1050,0.21,984,20.400000000000002,333,5.6000000000000005
2000,5,11,21,30,-5.2,130,951,975,0.21,983,21,335,5.7
2000,5,11,22,30,-5.7,124,917,843,0.21,983,21.1,336,5.7
2000,5,11,23,30,-6.2,113,863,662,0.21,983,21,337,5.7
2000,5,12,0,30,-6.300000000000001,101,749,445,0.2,983,19.6,339,5.2
2000,5,12,1,30,-5.6000000000000005,75,556,221,0.2,983,17.1,339,3.6
2000,5,12,2,30,-2.1,26,139,35,0.2,983,13.5,335,2
2000,5,12,3,30,-0.2,0,0,0,0.2,984,11.4,329,1.5
2000,5,12,4,30,0.2,0,0,0,0.2,984,10.5,320,1.4000000000000001
2000,5,12,5,30,0.5,0,0,0,0.2,985,9.700000000000001,308,1.3
2000,5,12,6,30,0.6000000000000001,0,0,0,0.2,985,9,298,1.3
2000,5,12,7,30,0.7000000000000001,0,0,0,0.2,985,8.200000000000001,295,1.2000000000000002
2000,5,12,8,30,0.8,0,0,0,0.2,985,7.6000000000000005,296,1.2000000000000002
2000,5,12,9,30,1,0,0,0,0.2,985,7.1000000000000005,298,1.2000000000000002
2000,5,12,10,30,1.2000000000000002,0,0,0,0.2,985,6.7,297,1.2000000000000002
2000,5,12,11,30,1.6,0,0,0,0.2,985,6.300000000000001,292,1.2000000000000002
2000,5,12,12,30,2.2,0,0,0,0.2,985,6.5,288,1.3
2000,5,12,13,30,2.9000000000000004,39,224,62,0.2,985,8.6,290,1.8
2000,5,12,14,30,3.3000000000000003,82,582,258,0.2,985,11.700000000000001,300,2.1
2000,5,12,15,30,3.1,107,754,481,0.2,985,14.9,304,1.6
2000,5,12,16,30,1.5,131,829,685,0.2,985,18.7,225,1.2000000000000002
2000,5,12,17,30,-2.6,151,869,853,0.2,984,22.5,148,1.3
2000,5,12,18,30,-5.7,144,922,978,0.2,984,25.3,150,1.4000000000000001
2000,5,12,19,30,-7,148,934,1037,0.2,983,27.1,156,1
2000,5,12,20,30,-7.5,149,930,1029,0.2,982,28.200000000000003,244,0.8
2000,5,12,21,30,-7.6000000000000005,140,921,960,0.2,981,28.700000000000003,331,1.1
2000,5,12,22,30,-7.4,132,884,825,0.2,981,28.6,336,1.6
2000,5,12,23,30,-7.1000000000000005,122,823,647,0.2,981,28.3,337,1.9000000000000001
2000,5,13,0,30,-6.5,107,708,434,0.2,980,26.1,342,2.5
2000,5,13,1,30,-3.2,78,515,215,0.2,980,22.5,345,2.1
2000,5,13,2,30,2.7,26,136,35,0.2,981,18.2,345,1.6
2000,5,13,3,30,3,0,0,0,0.2,982,15.700000000000001,339,1.3
2000,5,13,4,30,3.4000000000000004,0,0,0,0.2,982,14.600000000000001,316,1.1
2000,5,13,5,30,3.5,0,0,0,0.2,982,13.700000000000001,285,1.1
2000,5,13,6,30,3.7,0,0,0,0.2,982,12.8,266,1.2000000000000002
2000,5,13,7,30,3.8000000000000003,0,0,0,0.2,981,12.200000000000001,260,1.2000000000000002
2000,5,13,8,30,3.7,0,0,0,0.2,981,12,257,1.1
2000,5,13,9,30,3.4000000000000004,0,0,0,0.2,980,11.700000000000001,251,1
2000,5,13,10,30,3.1,0,0,0,0.2,980,11.3,240,0.8
2000,5,13,11,30,2.6,0,0,0,0.2,980,11,229,0.9
2000,5,13,12,30,2.2,0,0,0,0.2,981,11.100000000000001,220,0.9
2000,5,13,13,30,2.6,40,214,62,0.2,981,13,215,1.1
2000,5,13,14,30,2.8000000000000003,85,563,257,0.2,981,16.3,218,1.3
2000,5,13,15,30,1.2000000000000002,102,759,480,0.2,981,19.8,228,1.2000000000000002
2000,5,13,16,30,-0.7000000000000001,114,854,687,0.2,981,23.200000000000003,244,1.4000000000000001
2000,5,13,17,30,-2.6,124,909,860,0.2,980,25.8,266,1.6
2000,5,13,18,30,-3.8000000000000003,118,954,983,0.2,980,27.700000000000003,284,1.8
2000,5,13,19,30,-4.3,122,964,1041,0.2,979,28.900000000000002,293,2
2000,5,13,20,30,-4.6000000000000005,130,951,1033,0.2,978,29.6,296,2.2
2000,5,13,21,30,-4.7,129,934,962,0.2,978,29.8,296,2.4000000000000004
2000,5,13,22,30,-4.9,127,893,830,0.2,977,29.6,293,2.7
2000,5,13,23,30,-5,116,835,651,0.2,977,29.3,291,2.9000000000000004
2000,5,14,0,30,-4.6000000000000005,98,741,441,0.21,977,26.8,285,3.3000000000000003
2000,5,14,1,30,-2.4000000000000004,72,565,223,0.21,977,23,280,3
2000,5,14,2,30,1.5,26,168,38,0.21,978,18.5,272,2.6
2000,5,14,3,30,2.8000000000000003,0,0,0,0.21,978,15.5,264,2.1
2000,5,14,4,30,3.8000000000000003,0,0,0,0.21,979,13.8,257,1.5
2000,5,14,5,30,4.4,0,0,0,0.21,979,13.100000000000001,244,0.9
2000,5,14,6,30,4.2,0,0,0,0.21,979,12.8,230,0.6000000000000001
2000,5,14,7,30,4.2,0,0,0,0.21,979,12.3,243,0.7000000000000001
2000,5,14,8,30,4.3,0,0,0,0.21,979,11.600000000000001,264,0.9
2000,5,14,9,30,4.6000000000000005,0,0,0,0.21,979,11.100000000000001,268,0.9
2000,5,14,10,30,4.7,0,0,0,0.21,979,10.8,273,0.8
2000,5,14,11,30,4.7,0,0,0,0.21,979,10.600000000000001,277,0.7000000000000001
2000,5,14,12,30,4.7,0,0,0,0.21,979,10.700000000000001,272,0.7000000000000001
2000,5,14,13,30,5.1000000000000005,35,175,54,0.21,979,11.8,267,1
2000,5,14,14,30,5.1000000000000005,69,563,242,0.21,980,13.600000000000001,275,1.3
2000,5,14,15,30,3.9000000000000004,183,378,372,0.21,980,15.5,280,1.3
2000,5,14,16,30,2.8000000000000003,308,209,449,0.21,980,17.8,279,1.4000000000000001
2000,5,14,17,30,1.6,387,244,585,0.21,980,19.5,278,1.6
2000,5,14,18,30,0.5,447,251,675,0.21,980,20.5,281,1.8
2000,5,14,19,30,-0.1,415,409,805,0.21,980,21.5,286,2
2000,5,14,20,30,-0.30000000000000004,465,285,737,0.21,979,22.8,291,2.2
2000,5,14,21,30,-0.2,381,401,739,0.21,979,23.6,296,2.7
2000,5,14,22,30,0.2,330,392,639,0.21,979,23.5,300,3.2
2000,5,14,23,30,1,248,408,509,0.21,979,23.200000000000003,302,3.3000000000000003
2000,5,15,0,30,2.2,196,139,261,0.22,979,21,309,3.1
2000,5,15,1,30,4.1000000000000005,86,340,177,0.22,979,18.900000000000002,305,2.7
2000,5,15,2,30,6.6000000000000005,24,77,29,0.22,980,16.7,296,2.1
2000,5,15,3,30,8.1,0,0,0,0.22,981,15.200000000000001,289,1.5
2000,5,15,4,30,8.9,0,0,0,0.22,981,14.5,287,0.9
2000,5,15,5,30,9.200000000000001,0,0,0,0.22,981,14.200000000000001,295,0.6000000000000001
2000,5,15,6,30,9.3,0,0,0,0.22,981,14.100000000000001,171,0.4
2000,5,15,7,30,9.200000000000001,0,0,0,0.22,980,13.9,64,0.30000000000000004
2000,5,15,8,30,9.200000000000001,0,0,0,0.22,979,13.700000000000001,102,0.4
2000,5,15,9,30,9.1,0,0,0,0.22,979,13.600000000000001,161,0.4
2000,5,15,10,30,9,0,0,0,0.22,979,13.5,229,0.4
2000,5,15,11,30,9.1,0,0,0,0.22,979,13.200000000000001,263,0.5
2000,5,15,12,30,9.200000000000001,0,0,0,0.22,979,13.200000000000001,277,0.5
2000,5,15,13,30,9.4,37,101,48,0.22,979,14,289,0.8
2000,5,15,14,30,9.9,15,0,15,0.22,979,15.700000000000001,297,1.2000000000000002
2000,5,15,15,30,10.5,216,143,287,0.22,979,17.3,291,1.6
2000,5,15,16,30,10.3,152,753,659,0.22,979,18.8,280,1.8
2000,5,15,17,30,9.8,383,89,455,0.22,979,20.5,274,2.2
2000,5,15,18,30,9,180,834,938,0.22,978,22.1,273,2.7
2000,5,15,19,30,8,416,449,846,0.22,977,23.400000000000002,271,3.4000000000000004
2000,5,15,20,30,7.1000000000000005,156,887,1000,0.22,977,24,270,4.2
2000,5,15,21,30,6.4,310,602,848,0.22,976,23.700000000000003,267,5.1000000000000005
2000,5,15,22,30,6,374,244,566,0.22,976,22.700000000000003,264,5.6000000000000005
2000,5,15,23,30,5.9,265,346,488,0.22,976,22,263,5.7
2000,5,16,0,30,6.1000000000000005,195,99,242,0.22,976,19.200000000000003,260,5.300000000000001
2000,5,16,1,30,6.300000000000001,76,526,219,0.22,977,17,260,4.800000000000001
2000,5,16,2,30,6.6000000000000005,28,154,39,0.22,978,14.700000000000001,262,4
2000,5,16,3,30,7.2,0,0,0,0.22,978,13,261,3.1
2000,5,16,4,30,7.7,0,0,0,0.22,979,11.9,256,2.2
2000,5,16,5,30,8.200000000000001,0,0,0,0.22,979,11.100000000000001,250,1.7000000000000002
2000,5,16,6,30,8.3,0,0,0,0.22,979,10.8,247,1.6
2000,5,16,7,30,8.4,0,0,0,0.22,979,10.600000000000001,249,1.7000000000000002
2000,5,16,8,30,8.5,0,0,0,0.22,979,10.4,253,1.7000000000000002
2000,5,16,9,30,8.3,0,0,0,0.22,979,10,256,1.6
2000,5,16,10,30,8.1,0,0,0,0.22,979,9.600000000000001,258,1.4000000000000001
2000,5,16,11,30,7.7,0,0,0,0.22,979,9,264,1.3
2000,5,16,12,30,7.4,0,0,0,0.22,979,9.1,271,1.3
2000,5,16,13,30,7.6000000000000005,23,0,23,0.22,980,10.200000000000001,276,2.1
2000,5,16,14,30,7.6000000000000005,93,0,93,0.22,981,11.600000000000001,282,3.1
2000,5,16,15,30,6.800000000000001,212,88,257,0.22,981,13,290,3.4000000000000004
2000,5,16,16,30,5.6000000000000005,312,129,399,0.22,981,14.600000000000001,301,3.5
2000,5,16,17,30,4.9,298,515,717,0.22,981,16.2,310,3.6
2000,5,16,18,30,4.5,110,946,970,0.22,982,17.7,316,3.9000000000000004
2000,5,16,19,30,4.1000000000000005,481,236,707,0.22,981,19,322,4.3
2000,5,16,20,30,3.8000000000000003,483,135,611,0.22,981,19.8,325,4.7
2000,5,16,21,30,3.6,375,417,748,0.22,981,20.200000000000003,325,4.7
2000,5,16,22,30,3.5,126,869,813,0.22,981,20.400000000000002,326,4.6000000000000005
2000,5,16,23,30,3.4000000000000004,196,8,201,0.22,980,20.400000000000002,327,4.5
2000,5,17,0,30,3.6,98,715,433,0.22,980,19.3,329,4.5
2000,5,17,1,30,4.2,73,533,219,0.22,981,17.6,331,3.8000000000000003
2000,5,17,2,30,5.6000000000000005,28,154,40,0.22,981,15.200000000000001,331,2.7
2000,5,17,3,30,6.7,0,0,0,0.22,982,13.700000000000001,328,2.5
2000,5,17,4,30,7.300000000000001,0,0,0,0.22,983,12.9,323,2.6
2000,5,17,5,30,7.800000000000001,0,0,0,0.22,983,11.9,319,2.3000000000000003
2000,5,17,6,30,8.1,0,0,0,0.22,983,11.100000000000001,312,2
2000,5,17,7,30,8.3,0,0,0,0.22,983,10.5,306,1.9000000000000001
2000,5,17,8,30,8.3,0,0,0,0.22,983,10.200000000000001,303,1.9000000000000001
2000,5,17,9,30,8.3,0,0,0,0.22,983,9.9,301,1.8
2000,5,17,10,30,8.3,0,0,0,0.22,983,9.9,300,1.8
2000,5,17,11,30,8.3,0,0,0,0.22,983,9.9,300,1.8
2000,5,17,12,30,8.4,0,0,0,0.22,984,10.200000000000001,300,2
2000,5,17,13,30,8.5,33,0,33,0.22,984,11,304,2.4000000000000004
2000,5,17,14,30,8.6,53,0,53,0.22,984,12.200000000000001,313,2.9000000000000004
2000,5,17,15,30,8.6,210,73,247,0.22,984,13.600000000000001,323,3.1
2000,5,17,16,30,8.5,261,30,282,0.22,984,15.3,329,3.3000000000000003
2000,5,17,17,30,8.5,152,840,837,0.22,983,17.2,332,3.4000000000000004
2000,5,17,18,30,8.4,149,891,960,0.22,983,19.200000000000003,331,3.5
2000,5,17,19,30,8.200000000000001,306,666,944,0.22,982,21.1,330,3.8000000000000003
2000,5,17,20,30,7.9,416,397,795,0.22,981,22.5,332,4.1000000000000005
2000,5,17,21,30,7.4,359,496,804,0.22,981,23.3,335,4.2
2000,5,17,22,30,7,136,860,817,0.22,980,23.6,340,4.3
2000,5,17,23,30,6.800000000000001,281,283,464,0.22,980,23.5,343,4.2
2000,5,18,0,30,6.6000000000000005,104,709,437,0.22,980,22.400000000000002,351,3.9000000000000004
2000,5,18,1,30,6.800000000000001,77,533,224,0.22,980,20.200000000000003,355,2.7
2000,5,18,2,30,8.3,29,166,42,0.22,981,17.2,354,1.4000000000000001
2000,5,18,3,30,8.5,0,0,0,0.22,981,15.3,346,1.2000000000000002
2000,5,18,4,30,8.4,0,0,0,0.22,982,14.5,337,1.2000000000000002
2000,5,18,5,30,8.3,0,0,0,0.22,982,13.9,324,1.2000000000000002
2000,5,18,6,30,8.1,0,0,0,0.22,982,13.3,309,1.1
2000,5,18,7,30,7.9,0,0,0,0.22,982,12.600000000000001,300,1.1
2000,5,18,8,30,7.6000000000000005,0,0,0,0.22,982,11.9,295,1.2000000000000002
2000,5,18,9,30,7.2,0,0,0,0.22,982,11.3,291,1.2000000000000002
2000,5,18,10,30,7,0,0,0,0.22,982,10.700000000000001,285,1.2000000000000002
2000,5,18,11,30,6.9,0,0,0,0.22,982,10.200000000000001,277,1.2000000000000002
2000,5,18,12,30,6.9,0,0,0,0.22,982,10.5,268,1.3
2000,5,18,13,30,7.1000000000000005,44,200,67,0.22,983,12.4,264,1.8
2000,5,18,14,30,7.4,94,512,255,0.22,983,15.3,269,1.9000000000000001
2000,5,18,15,30,7.7,120,689,469,0.22,983,18.5,285,1.7000000000000002
2000,5,18,16,30,7.7,139,782,669,0.22,983,21.700000000000003,302,1.8
2000,5,18,17,30,7.4,152,836,834,0.22,983,24.5,309,2.1
2000,5,18,18,30,7.1000000000000005,161,866,951,0.22,983,26.8,310,2.5
2000,5,18,19,30,6.6000000000000005,169,874,1007,0.22,982,28.5,314,2.9000000000000004
2000,5,18,20,30,6.2,170,871,1001,0.22,982,29.3,319,3
2000,5,18,21,30,5.9,157,866,935,0.22,981,29.200000000000003,323,3
2000,5,18,22,30,5.4,150,829,807,0.22,981,28.400000000000002,326,3
2000,5,18,23,30,5.1000000000000005,137,769,635,0.22,981,28,328,3.1
2000,5,19,0,30,5,115,670,432,0.22,981,26.900000000000002,337,2.8000000000000003
2000,5,19,1,30,5.7,83,495,220,0.22,981,24.200000000000003,346,1.8
2000,5,19,2,30,9.4,31,132,42,0.22,982,21,176,1.1
2000,5,19,3,30,7.9,0,0,0,0.22,982,19.5,5,1.1
2000,5,19,4,30,7.5,0,0,0,0.22,983,19.1,8,0.9
2000,5,19,5,30,7.1000000000000005,0,0,0,0.22,983,18.8,164,0.7000000000000001
2000,5,19,6,30,7.1000000000000005,0,0,0,0.22,983,18,296,0.7000000000000001
2000,5,19,7,30,7,0,0,0,0.22,983,16.7,271,1
2000,5,19,8,30,7,0,0,0,0.22,982,15.4,276,1.1
2000,5,19,9,30,7.2,0,0,0,0.22,983,14.4,280,1.1
2000,5,19,10,30,7.300000000000001,0,0,0,0.22,983,13.9,277,1.1
2000,5,19,11,30,7.7,0,0,0,0.22,983,13.8,263,1
2000,5,19,12,30,7.9,0,0,0,0.22,983,14.200000000000001,243,1
2000,5,19,13,30,8.4,43,220,69,0.22,983,15.700000000000001,234,1.4000000000000001
2000,5,19,14,30,8.8,90,521,255,0.22,984,17.7,243,1.9000000000000001
2000,5,19,15,30,8.9,190,358,373,0.22,984,20,265,2
2000,5,19,16,30,9.4,138,766,658,0.22,984,22.700000000000003,282,2
2000,5,19,17,30,9.600000000000001,151,822,823,0.22,984,25.400000000000002,290,1.9000000000000001
2000,5,19,18,30,9.5,451,243,672,0.22,983,28.200000000000003,293,1.8
2000,5,19,19,30,8.9,136,903,1003,0.22,983,30.5,296,1.9000000000000001
2000,5,19,20,30,8.4,135,905,1000,0.22,982,32,305,2
2000,5,19,21,30,7.800000000000001,130,895,934,0.22,981,32.800000000000004,315,2.3000000000000003
2000,5,19,22,30,7.2,128,858,810,0.22,981,32.9,323,2.6
2000,5,19,23,30,6.7,117,801,638,0.22,980,32.7,327,2.8000000000000003
2000,5,20,0,30,6.300000000000001,106,690,433,0.22,980,31,337,2.8000000000000003
2000,5,20,1,30,7.300000000000001,78,518,223,0.22,980,27.700000000000003,349,1.9000000000000001
2000,5,20,2,30,11.100000000000001,31,162,44,0.22,981,24.1,180,1.2000000000000002
2000,5,20,3,30,9.9,0,0,0,0.22,981,22.8,4,1
2000,5,20,4,30,9.1,0,0,0,0.22,981,22.6,161,0.7000000000000001
2000,5,20,5,30,8.5,0,0,0,0.22,981,21.8,295,0.6000000000000001
2000,5,20,6,30,8.3,0,0,0,0.22,981,20.700000000000003,269,0.8
2000,5,20,7,30,8.200000000000001,0,0,0,0.22,981,19.5,265,1
2000,5,20,8,30,8.1,0,0,0,0.22,981,18.5,266,1.1
2000,5,20,9,30,8.1,0,0,0,0.22,980,17.8,269,1.1
2000,5,20,10,30,8.200000000000001,0,0,0,0.22,980,17.1,270,1.1
2000,5,20,11,30,8.200000000000001,0,0,0,0.22,981,16.5,265,1.1
2000,5,20,12,30,8.3,0,0,0,0.22,981,16.6,254,1.1
2000,5,20,13,30,9.1,44,220,70,0.22,981,18.8,243,1.6
2000,5,20,14,30,9.600000000000001,90,529,258,0.22,981,21.8,241,2
2000,5,20,15,30,9.9,124,670,465,0.22,981,24.700000000000003,250,1.8
2000,5,20,16,30,9.600000000000001,143,764,663,0.22,981,27.6,263,1.7000000000000002
2000,5,20,17,30,9.4,154,823,827,0.22,981,30.3,279,1.7000000000000002
2000,5,20,18,30,8.9,153,867,946,0.22,980,32.7,293,1.9000000000000001
2000,5,20,19,30,8.1,156,882,1003,0.22,980,34.6,302,2.1
2000,5,20,20,30,7.6000000000000005,154,880,996,0.22,979,35.800000000000004,308,2.5
2000,5,20,21,30,7.2,135,887,933,0.22,979,36.4,315,2.9000000000000004
2000,5,20,22,30,7,129,853,808,0.22,978,36.4,323,3.3000000000000003
2000,5,20,23,30,6.800000000000001,119,794,636,0.22,978,36.2,327,3.5
2000,5,21,0,30,6.9,118,587,397,0.23,978,34.300000000000004,344,3.3000000000000003
2000,5,21,1,30,8.6,75,535,225,0.23,978,30.8,175,2.1
2000,5,21,2,30,12.200000000000001,28,103,37,0.23,978,26.700000000000003,3,1.4000000000000001
2000,5,21,3,30,11.700000000000001,0,0,0,0.23,979,24.5,5,1.3
2000,5,21,4,30,11.4,0,0,0,0.23,979,23.8,181,1.2000000000000002
2000,5,21,5,30,10.8,0,0,0,0.23,979,23.200000000000003,334,0.9
2000,5,21,6,30,10.5,0,0,0,0.23,979,22.3,287,0.8
2000,5,21,7,30,10.4,0,0,0,0.23,979,21.200000000000003,259,1
2000,5,21,8,30,10,0,0,0,0.23,979,20.400000000000002,250,1.1
2000,5,21,9,30,9.8,0,0,0,0.23,979,19.8,247,1.1
2000,5,21,10,30,9.5,0,0,0,0.23,979,19.400000000000002,245,1.1
2000,5,21,11,30,9.3,0,0,0,0.23,979,18.900000000000002,244,1
2000,5,21,12,30,9.3,0,0,0,0.23,979,19.1,241,1
2000,5,21,13,30,10.100000000000001,43,257,74,0.23,980,21.3,238,1.3
2000,5,21,14,30,10.5,85,564,265,0.23,980,24.400000000000002,243,1.8
2000,5,21,15,30,10.200000000000001,106,731,480,0.23,980,27.3,261,1.9000000000000001
2000,5,21,16,30,10,123,813,678,0.23,981,30.200000000000003,283,2
2000,5,21,17,30,9.5,136,862,842,0.23,981,32.9,299,2.2
2000,5,21,18,30,8.5,133,905,961,0.23,980,35.300000000000004,305,2.4000000000000004
2000,5,21,19,30,7.5,138,912,1015,0.23,980,37,307,2.6
2000,5,21,20,30,6.800000000000001,139,908,1009,0.23,979,38.1,313,3
2000,5,21,21,30,6.2,136,890,937,0.23,978,38.7,321,3.5
2000,5,21,22,30,5.800000000000001,131,853,811,0.23,978,38.6,330,3.9000000000000004
2000,5,21,23,30,5.5,121,795,639,0.23,977,38.400000000000006,335,4
2000,5,22,0,30,5.300000000000001,100,708,438,0.23,977,36.300000000000004,350,3.3000000000000003
2000,5,22,1,30,8.1,75,538,228,0.23,977,32.6,178,2
2000,5,22,2,30,12.4,31,189,48,0.23,977,28.5,3,1.3
2000,5,22,3,30,11.700000000000001,0,0,0,0.23,978,26.8,181,1.2000000000000002
2000,5,22,4,30,11.3,0,0,0,0.23,978,26.3,347,0.9
2000,5,22,5,30,10.9,0,0,0,0.23,979,25.5,299,0.7000000000000001
2000,5,22,6,30,10.700000000000001,0,0,0,0.23,978,24.400000000000002,256,0.9
2000,5,22,7,30,10.8,0,0,0,0.23,978,23.200000000000003,250,1.1
2000,5,22,8,30,10.8,0,0,0,0.23,978,22.3,252,1.2000000000000002
2000,5,22,9,30,10.8,0,0,0,0.23,978,21.700000000000003,251,1.1
2000,5,22,10,30,11,0,0,0,0.23,978,21.1,249,1
2000,5,22,11,30,11,0,0,0,0.23,978,20.6,247,1
2000,5,22,12,30,11.100000000000001,0,0,0,0.23,978,20.6,244,0.9
2000,5,22,13,30,12,41,277,75,0.23,979,22.700000000000003,239,1.4000000000000001
2000,5,22,14,30,12.200000000000001,80,579,266,0.23,979,25.700000000000003,245,1.9000000000000001
2000,5,22,15,30,11.8,101,735,478,0.23,979,28.200000000000003,268,2.1
2000,5,22,16,30,11.5,117,817,674,0.23,979,30.8,290,2.4000000000000004
2000,5,22,17,30,11.200000000000001,128,865,837,0.23,979,33.2,303,2.6
2000,5,22,18,30,10.5,126,908,958,0.23,979,35.6,310,2.7
2000,5,22,19,30,9.1,130,919,1014,0.23,978,37.6,314,2.6
2000,5,22,20,30,8,131,915,1008,0.23,977,38.900000000000006,318,2.5
2000,5,22,21,30,7.4,131,896,939,0.23,977,39.6,326,2.5
2000,5,22,22,30,6.9,125,862,813,0.23,976,39.7,335,2.8000000000000003
2000,5,22,23,30,6.5,115,805,642,0.23,976,39.6,340,2.9000000000000004
2000,5,23,0,30,6.300000000000001,100,710,440,0.23,976,37.4,348,2.7
2000,5,23,1,30,9,76,534,228,0.23,976,33.6,349,1.7000000000000002
2000,5,23,2,30,13.3,32,182,48,0.23,976,29.400000000000002,341,1.2000000000000002
2000,5,23,3,30,12.3,0,0,0,0.23,977,27.1,319,1.2000000000000002
2000,5,23,4,30,12.100000000000001,0,0,0,0.23,977,25.700000000000003,293,1.1
2000,5,23,5,30,11.8,0,0,0,0.23,978,24.6,275,1.1
2000,5,23,6,30,11.100000000000001,0,0,0,0.23,978,23.900000000000002,264,1.1
2000,5,23,7,30,10.600000000000001,0,0,0,0.23,978,23.200000000000003,255,1.1
2000,5,23,8,30,10.3,0,0,0,0.23,977,22.700000000000003,245,1
2000,5,23,9,30,10,0,0,0,0.23,977,22.200000000000003,234,0.9
2000,5,23,10,30,9.700000000000001,0,0,0,0.23,977,21.5,219,0.8
2000,5,23,11,30,9.600000000000001,0,0,0,0.23,977,20.700000000000003,204,0.8
2000,5,23,12,30,9.700000000000001,0,0,0,0.23,977,20.400000000000002,195,0.7000000000000001
2000,5,23,13,30,10.9,43,269,76,0.23,977,21.8,191,1.2000000000000002
2000,5,23,14,30,10.3,83,570,266,0.23,978,24.700000000000003,194,1.5
2000,5,23,15,30,10.5,111,707,474,0.23,978,28,220,1.2000000000000002
2000,5,23,16,30,10.4,128,794,670,0.23,978,31.3,268,1.3
2000,5,23,17,30,10.200000000000001,138,847,834,0.23,978,34,300,1.8
2000,5,23,18,30,9.9,146,878,950,0.23,977,36.300000000000004,307,2.4000000000000004
2000,5,23,19,30,8.5,149,891,1007,0.23,977,38.1,311,2.8000000000000003
2000,5,23,20,30,7.4,148,890,1002,0.23,976,39,312,3.2
2000,5,23,21,30,6.7,152,863,931,0.23,975,39.2,310,3.5
2000,5,23,22,30,6.4,144,829,807,0.23,975,38.800000000000004,308,3.9000000000000004
2000,5,23,23,30,6.300000000000001,131,772,637,0.23,975,38.5,307,4.1000000000000005
2000,5,24,0,30,6.4,112,674,436,0.23,975,35.9,305,4.3
2000,5,24,1,30,7.6000000000000005,82,505,228,0.23,976,32.300000000000004,298,3.3000000000000003
2000,5,24,2,30,10.600000000000001,33,178,49,0.23,976,28.1,281,2.5
2000,5,24,3,30,11.9,0,0,0,0.23,977,25.3,259,2.7
2000,5,24,4,30,12.5,0,0,0,0.23,977,23.900000000000002,242,2.9000000000000004
2000,5,24,5,30,13,0,0,0,0.23,977,23,234,2.4000000000000004
2000,5,24,6,30,13.200000000000001,0,0,0,0.23,977,22.400000000000002,233,1.8
2000,5,24,7,30,13.200000000000001,0,0,0,0.23,977,21.900000000000002,238,1.3
2000,5,24,8,30,13.100000000000001,0,0,0,0.23,977,21.3,245,1.1
2000,5,24,9,30,13.200000000000001,0,0,0,0.23,977,20.400000000000002,247,1.1
2000,5,24,10,30,13.100000000000001,0,0,0,0.23,976,19.700000000000003,245,1.2000000000000002
2000,5,24,11,30,13,0,0,0,0.23,976,19.1,242,1.2000000000000002
2000,5,24,12,30,12.8,0,0,0,0.23,976,19.200000000000003,238,1.4000000000000001
2000,5,24,13,30,12.9,45,233,74,0.23,977,20.8,242,1.8
2000,5,24,14,30,12.600000000000001,92,518,260,0.23,977,23.200000000000003,260,2.1
2000,5,24,15,30,12.4,116,686,469,0.23,977,25.6,283,2.1
2000,5,24,16,30,12.600000000000001,135,771,662,0.23,977,27.8,297,2.3000000000000003
2000,5,24,17,30,12.9,148,822,823,0.23,977,29.900000000000002,302,2.6
2000,5,24,18,30,12.9,137,877,942,0.23,976,31.6,305,2.9000000000000004
2000,5,24,19,30,12.8,144,881,994,0.23,976,32.9,308,3.4000000000000004
2000,5,24,20,30,12.700000000000001,396,519,894,0.23,975,33.5,309,3.8000000000000003
2000,5,24,21,30,12.5,154,843,917,0.23,974,33.4,309,4.2
2000,5,24,22,30,12.200000000000001,248,619,744,0.23,974,32.7,309,4.3
2000,5,24,23,30,12,175,627,587,0.23,974,32.2,308,4.4
2000,5,25,0,30,12.100000000000001,114,652,429,0.23,974,30.3,303,4.2
2000,5,25,1,30,12.200000000000001,83,493,225,0.23,974,28.400000000000002,296,3.5
2000,5,25,2,30,12.700000000000001,30,142,44,0.23,974,25.6,284,3.1
2000,5,25,3,30,13.100000000000001,0,0,0,0.23,975,23.200000000000003,270,3.4000000000000004
2000,5,25,4,30,13.100000000000001,0,0,0,0.23,976,21.5,257,3.6
2000,5,25,5,30,13.100000000000001,0,0,0,0.23,976,20.3,249,3.3000000000000003
2000,5,25,6,30,13,0,0,0,0.23,977,19.5,247,2.9000000000000004
2000,5,25,7,30,12.9,0,0,0,0.23,977,18.6,247,2.4000000000000004
2000,5,25,8,30,12.700000000000001,0,0,0,0.23,977,17.6,248,2
2000,5,25,9,30,12.4,0,0,0,0.23,977,16.7,246,1.6
2000,5,25,10,30,11.9,0,0,0,0.23,977,15.8,245,1.4000000000000001
2000,5,25,11,30,11.4,0,0,0,0.23,977,15.4,246,1.4000000000000001
2000,5,25,12,30,10.9,0,0,0,0.23,977,15.5,253,1.9000000000000001
2000,5,25,13,30,10.5,43,110,57,0.23,977,16.6,267,2.5
2000,5,25,14,30,8.9,74,614,274,0.23,978,18.5,284,2.8000000000000003
2000,5,25,15,30,8,93,759,485,0.23,978,20.6,295,2.8000000000000003
2000,5,25,16,30,7.4,105,840,681,0.23,978,22.700000000000003,298,2.9000000000000004
2000,5,25,17,30,7.2,114,888,844,0.23,977,24.6,300,3.3000000000000003
2000,5,25,18,30,7,117,918,960,0.23,977,26.3,304,3.7
2000,5,25,19,30,6.9,422,437,844,0.23,976,27.5,306,4.1000000000000005
2000,5,25,20,30,6.800000000000001,135,905,1004,0.23,976,27.900000000000002,306,4.5
2000,5,25,21,30,6.6000000000000005,243,723,897,0.23,975,27.6,305,4.800000000000001
2000,5,25,22,30,6.300000000000001,120,864,813,0.23,975,27.400000000000002,305,5
2000,5,25,23,30,6.2,97,843,651,0.23,974,27.700000000000003,306,5.1000000000000005
2000,5,26,0,30,6,85,754,451,0.22,974,26.6,306,5.300000000000001
2000,5,26,1,30,6.2,67,594,240,0.22,975,24.700000000000003,306,4.800000000000001
2000,5,26,2,30,7,33,244,56,0.22,975,22.200000000000003,302,3.7
2000,5,26,3,30,8,0,0,0,0.22,976,20.3,296,3.4000000000000004
2000,5,26,4,30,8.3,0,0,0,0.22,976,19,291,3.7
2000,5,26,5,30,8.5,0,0,0,0.22,977,17.6,289,3.7
2000,5,26,6,30,8.4,0,0,0,0.22,977,16.5,290,3.2
2000,5,26,7,30,8.200000000000001,0,0,0,0.22,977,15.8,287,2.7
2000,5,26,8,30,7.9,0,0,0,0.22,976,15.200000000000001,281,2.8000000000000003
2000,5,26,9,30,7.4,0,0,0,0.22,977,14.8,280,2.7
2000,5,26,10,30,7.1000000000000005,0,0,0,0.22,977,14.5,284,2.2
2000,5,26,11,30,7.1000000000000005,0,0,0,0.22,977,14.3,288,1.8
2000,5,26,12,30,7.1000000000000005,0,0,0,0.22,978,14.5,287,1.8
2000,5,26,13,30,7.1000000000000005,40,352,85,0.22,978,15.8,296,2.5
2000,5,26,14,30,7.2,71,640,280,0.22,978,17.8,312,3
2000,5,26,15,30,8,91,775,491,0.22,979,19.900000000000002,318,3.1
2000,5,26,16,30,8.6,101,857,689,0.22,979,22.1,319,3
2000,5,26,17,30,9,105,908,853,0.22,978,24.400000000000002,319,3.1
2000,5,26,18,30,9.1,105,941,969,0.22,978,26.6,320,3.5
2000,5,26,19,30,8.9,105,954,1027,0.22,978,28.700000000000003,325,3.9000000000000004
2000,5,26,20,30,8.200000000000001,103,956,1022,0.22,977,30.3,332,4.2
2000,5,26,21,30,7.4,105,936,953,0.22,976,31.200000000000003,337,4.4
2000,5,26,22,30,6.7,99,910,830,0.22,976,31.5,339,4.5
2000,5,26,23,30,6.300000000000001,89,869,662,0.22,976,31.5,340,4.6000000000000005
2000,5,27,0,30,6.1000000000000005,88,755,455,0.23,976,30.1,341,4.6000000000000005
2000,5,27,1,30,6.300000000000001,66,611,245,0.23,976,27.6,341,3.2
2000,5,27,2,30,8.700000000000001,31,298,60,0.23,977,23.900000000000002,336,1.7000000000000002
2000,5,27,3,30,9.700000000000001,0,0,0,0.23,977,21.6,330,1.4000000000000001
2000,5,27,4,30,9.700000000000001,0,0,0,0.23,978,20.6,324,1.5
2000,5,27,5,30,9.8,0,0,0,0.23,978,19.8,319,1.6
2000,5,27,6,30,10.200000000000001,0,0,0,0.23,979,18.900000000000002,316,1.7000000000000002
2000,5,27,7,30,10.700000000000001,0,0,0,0.23,979,18,312,1.6
2000,5,27,8,30,11.200000000000001,0,0,0,0.23,979,17,306,1.5
2000,5,27,9,30,11.600000000000001,0,0,0,0.23,979,16.1,295,1.3
2000,5,27,10,30,11.8,0,0,0,0.23,979,15.3,283,1.2000000000000002
2000,5,27,11,30,11.700000000000001,0,0,0,0.23,979,14.700000000000001,270,1.1
2000,5,27,12,30,11.700000000000001,0,0,0,0.23,979,14.9,259,1.4000000000000001
2000,5,27,13,30,11.700000000000001,38,372,87,0.23,979,16.5,261,1.8
2000,5,27,14,30,11.700000000000001,68,651,281,0.23,980,18.7,274,1.9000000000000001
2000,5,27,15,30,11.600000000000001,82,793,493,0.23,980,21.400000000000002,288,1.9000000000000001
2000,5,27,16,30,11.5,96,860,686,0.23,980,24.3,299,2.1
2000,5,27,17,30,11.3,106,899,847,0.23,980,27.200000000000003,308,2.2
2000,5,27,18,30,11,109,926,961,0.23,979,30,313,2.2
2000,5,27,19,30,10.600000000000001,113,933,1015,0.23,979,32.5,317,2.3000000000000003
2000,5,27,20,30,9.9,113,932,1009,0.23,978,34.4,319,2.6
2000,5,27,21,30,9.600000000000001,106,922,942,0.23,978,35.4,323,2.9000000000000004
2000,5,27,22,30,9.200000000000001,100,895,820,0.23,978,35.6,329,3.2
2000,5,27,23,30,8.9,91,850,653,0.23,978,35.5,332,3.2
2000,5,28,0,30,8.6,79,774,456,0.23,978,33.9,340,3.1
2000,5,28,1,30,8.6,61,635,248,0.23,978,30.900000000000002,346,2.2
2000,5,28,2,30,11.9,30,329,62,0.23,978,26.900000000000002,351,1.3
2000,5,28,3,30,11.8,0,0,0,0.23,979,24.700000000000003,350,1.2000000000000002
2000,5,28,4,30,11.3,0,0,0,0.23,979,23.700000000000003,341,1.2000000000000002
2000,5,28,5,30,10.600000000000001,0,0,0,0.23,980,22.5,331,1.2000000000000002
2000,5,28,6,30,10.4,0,0,0,0.23,980,21.1,327,1.2000000000000002
2000,5,28,7,30,10.100000000000001,0,0,0,0.23,980,20,323,1.3
2000,5,28,8,30,10.100000000000001,0,0,0,0.23,980,19,317,1.2000000000000002
2000,5,28,9,30,10.4,0,0,0,0.23,980,18.1,305,1.1
2000,5,28,10,30,10.8,0,0,0,0.23,979,17.400000000000002,288,1
2000,5,28,11,30,11.100000000000001,0,0,0,0.23,979,16.900000000000002,269,1
2000,5,28,12,30,11.4,0,0,0,0.23,980,17.2,253,1.2000000000000002
2000,5,28,13,30,11.8,39,366,87,0.23,980,19,247,1.5
2000,5,28,14,30,11.8,70,651,283,0.23,980,21.8,258,1.6
2000,5,28,15,30,12,88,786,495,0.23,980,24.700000000000003,280,1.4000000000000001
2000,5,28,16,30,11.700000000000001,101,859,691,0.23,980,27.700000000000003,300,1.6
2000,5,28,17,30,10.8,110,899,851,0.23,980,30.5,312,1.9000000000000001
2000,5,28,18,30,10.100000000000001,110,932,968,0.23,980,32.7,321,2.3000000000000003
2000,5,28,19,30,9.3,114,941,1024,0.23,979,34.6,328,2.6
2000,5,28,20,30,8.3,114,940,1019,0.23,979,35.9,333,2.9000000000000004
2000,5,28,21,30,7.5,110,928,953,0.23,978,36.5,335,3
2000,5,28,22,30,6.800000000000001,104,902,830,0.23,977,36.6,336,3.1
2000,5,28,23,30,6.2,95,855,662,0.23,977,36.5,336,3.2
2000,5,29,0,30,5.7,78,791,464,0.23,977,34.800000000000004,340,3
2000,5,29,1,30,6.300000000000001,94,356,200,0.23,977,31.6,347,2
2000,5,29,2,30,10.700000000000001,31,325,64,0.23,977,27.5,350,1.3
2000,5,29,3,30,10.200000000000001,0,0,0,0.23,977,25.1,348,1.4000000000000001
2000,5,29,4,30,9.600000000000001,0,0,0,0.23,978,23.700000000000003,344,1.5
2000,5,29,5,30,9.1,0,0,0,0.23,978,22.5,340,1.5
2000,5,29,6,30,8.8,0,0,0,0.23,978,21.3,336,1.4000000000000001
2000,5,29,7,30,8.3,0,0,0,0.23,978,20.200000000000003,330,1.2000000000000002
2000,5,29,8,30,7.9,0,0,0,0.23,977,19.1,317,1.1
2000,5,29,9,30,7.300000000000001,0,0,0,0.23,977,18,301,1
2000,5,29,10,30,6.7,0,0,0,0.23,977,17,289,1
2000,5,29,11,30,6.1000000000000005,0,0,0,0.23,977,16.2,282,0.9
2000,5,29,12,30,5.5,0,0,0,0.23,977,16.3,276,1.1
2000,5,29,13,30,5.4,38,408,92,0.23,978,17.900000000000002,279,1.6
2000,5,29,14,30,3.3000000000000003,66,679,289,0.23,978,20.3,294,2.1
2000,5,29,15,30,3.5,85,801,500,0.23,978,22.700000000000003,308,2.3000000000000003
2000,5,29,16,30,4,98,870,697,0.23,978,25.3,313,2.3000000000000003
2000,5,29,17,30,4.5,107,914,860,0.23,978,28,314,2.5
2000,5,29,18,30,4.7,109,946,979,0.23,978,30.400000000000002,313,2.8000000000000003
2000,5,29,19,30,4.4,111,957,1037,0.23,977,32.4,314,3.2
2000,5,29,20,30,3.8000000000000003,110,960,1035,0.23,976,33.800000000000004,315,3.4000000000000004
2000,5,29,21,30,2.9000000000000004,105,951,969,0.23,976,34.6,317,3.5
2000,5,29,22,30,1.9000000000000001,99,930,848,0.23,975,34.6,320,3.5
2000,5,29,23,30,0.9,89,892,681,0.23,975,34.5,322,3.5
2000,5,30,0,30,0.2,76,822,479,0.23,975,32.7,331,3.1
2000,5,30,1,30,0.6000000000000001,59,688,265,0.23,975,29.400000000000002,339,2.1
2000,5,30,2,30,6.300000000000001,30,376,69,0.23,975,25.1,342,1.3
2000,5,30,3,30,6,0,0,0,0.23,976,22.3,334,1.3
2000,5,30,4,30,5.7,0,0,0,0.23,976,20.700000000000003,320,1.3
2000,5,30,5,30,5.300000000000001,0,0,0,0.23,976,19.1,309,1.4000000000000001
2000,5,30,6,30,4.9,0,0,0,0.23,977,17.8,298,1.6
2000,5,30,7,30,4.5,0,0,0,0.23,977,16.6,289,1.6
2000,5,30,8,30,4.4,0,0,0,0.23,977,15.4,282,1.6
2000,5,30,9,30,4.4,0,0,0,0.23,977,14.200000000000001,275,1.4000000000000001
2000,5,30,10,30,4.4,0,0,0,0.23,977,13.200000000000001,271,1.2000000000000002
2000,5,30,11,30,4.5,0,0,0,0.23,977,12.3,267,1
2000,5,30,12,30,4.5,0,0,0,0.23,977,12.4,258,1.3
2000,5,30,13,30,4.6000000000000005,38,428,95,0.23,977,14.200000000000001,264,1.7000000000000002
2000,5,30,14,30,4.4,66,701,297,0.23,978,16.6,289,1.7000000000000002
2000,5,30,15,30,4.6000000000000005,82,832,514,0.23,978,19,305,1.6
2000,5,30,16,30,4.7,95,899,714,0.23,978,21.700000000000003,311,1.8
2000,5,30,17,30,4.2,103,940,879,0.23,978,24.400000000000002,313,2.1
2000,5,30,18,30,3.3000000000000003,112,954,991,0.23,978,26.900000000000002,313,2.6
2000,5,30,19,30,1.9000000000000001,114,965,1049,0.23,977,29,315,3.1
2000,5,30,20,30,0.30000000000000004,114,965,1044,0.23,977,30.5,317,3.4000000000000004
2000,5,30,21,30,-1.1,107,957,977,0.23,976,31.200000000000003,319,3.6
2000,5,30,22,30,-2.2,101,936,857,0.23,975,31.3,323,3.7
2000,5,30,23,30,-3.1,93,890,685,0.23,975,31.200000000000003,325,3.8000000000000003
2000,5,31,0,30,-3.6,81,812,481,0.23,975,29.6,335,3.6
2000,5,31,1,30,-3.2,62,674,265,0.23,975,26.6,343,2.5
2000,5,31,2,30,2.8000000000000003,32,358,70,0.23,975,22.400000000000002,349,1.4000000000000001
2000,5,31,3,30,4,0,0,0,0.23,976,19.8,346,1.3
2000,5,31,4,30,4.1000000000000005,0,0,0,0.23,977,18.5,335,1.3
2000,5,31,5,30,4.4,0,0,0,0.23,977,17.2,318,1.2000000000000002
2000,5,31,6,30,4.5,0,0,0,0.23,977,16.1,301,1.3
2000,5,31,7,30,4.6000000000000005,0,0,0,0.23,977,15.200000000000001,291,1.4000000000000001
2000,5,31,8,30,4.6000000000000005,0,0,0,0.23,977,14.3,285,1.4000000000000001
2000,5,31,9,30,4.4,0,0,0,0.23,977,13.4,283,1.4000000000000001
2000,5,31,10,30,4.1000000000000005,0,0,0,0.23,977,12.600000000000001,283,1.2000000000000002
2000,5,31,11,30,3.8000000000000003,0,0,0,0.23,977,11.9,282,1
2000,5,31,12,30,3.4000000000000004,0,0,0,0.23,977,12.4,272,1
2000,5,31,13,30,3.6,40,395,93,0.23,978,14.600000000000001,266,1.4000000000000001
2000,5,31,14,30,2.9000000000000004,71,669,292,0.23,978,17.5,281,1.6
2000,5,31,15,30,3.4000000000000004,90,804,508,0.23,978,20.400000000000002,304,1.7000000000000002
2000,5,31,16,30,3.3000000000000003,106,873,707,0.23,978,23.1,320,2
2000,5,31,17,30,3.1,117,914,871,0.23,978,25.3,326,2.2
2000,5,31,18,30,2.7,122,941,988,0.23,978,27.3,327,2.3000000000000003
2000,5,31,19,30,1.9000000000000001,126,949,1046,0.23,977,29,329,2.4000000000000004
2000,5,31,20,30,1.1,127,947,1041,0.23,976,30.3,332,2.4000000000000004
2000,5,31,21,30,0.30000000000000004,126,931,973,0.23,976,31.1,336,2.4000000000000004
2000,5,31,22,30,-0.30000000000000004,118,903,849,0.23,975,31.200000000000003,340,2.5
2000,5,31,23,30,-0.8,108,855,678,0.23,975,31.200000000000003,342,2.6
2013,6,1,0,30,-1.8,72,838,485,0.26,976,33.1,337,3.6
2013,6,1,1,30,-2.2,56,703,269,0.26,977,30.400000000000002,340,2.4000000000000004
2013,6,1,2,30,-1.1,30,395,72,0.26,977,26.400000000000002,340,1.3
2013,6,1,3,30,-1,0,0,0,0.26,977,24.3,344,1.2000000000000002
2013,6,1,4,30,-1.1,0,0,0,0.26,978,23.400000000000002,348,1.1
2013,6,1,5,30,-1.2000000000000002,0,0,0,0.26,978,22.400000000000002,343,1.1
2013,6,1,6,30,-1.2000000000000002,0,0,0,0.26,978,21.5,330,1
2013,6,1,7,30,-1.2000000000000002,0,0,0,0.26,978,20.700000000000003,311,1
2013,6,1,8,30,-1.1,0,0,0,0.26,978,19.700000000000003,287,1
2013,6,1,9,30,-1.1,0,0,0,0.26,977,18.5,268,1
2013,6,1,10,30,-0.8,0,0,0,0.26,977,17.7,259,1
2013,6,1,11,30,-0.5,0,0,0,0.26,977,17,254,1
2013,6,1,12,30,-0.1,0,0,0,0.26,977,17.2,249,1.2000000000000002
2013,6,1,13,30,0.4,41,361,90,0.26,978,19.3,246,1.7000000000000002
2013,6,1,14,30,0.9,75,642,287,0.26,978,22.5,251,2.1
2013,6,1,15,30,1.2000000000000002,145,547,430,0.26,978,26,262,1.9000000000000001
2013,6,1,16,30,0.7000000000000001,227,516,583,0.26,977,30.1,271,1.7000000000000002
2013,6,1,17,30,-0.8,107,922,868,0.26,977,34.300000000000004,277,1.5
2013,6,1,18,30,-2.7,110,948,984,0.26,976,37.9,299,1.2000000000000002
2013,6,1,19,30,-3.8000000000000003,118,952,1040,0.26,975,40.300000000000004,327,1.4000000000000001
2013,6,1,20,30,-4.2,127,936,1030,0.26,974,41.5,341,1.7000000000000002
2013,6,1,21,30,-4,374,482,813,0.26,973,41.800000000000004,346,2.1
2013,6,1,22,30,-3.6,291,525,716,0.26,973,41.6,346,2.6
2013,6,1,23,30,-3.2,307,158,412,0.26,972,41.300000000000004,345,2.8000000000000003
2013,6,2,0,30,-2.7,185,348,357,0.26,972,39.2,342,3.7
2013,6,2,1,30,-2.1,78,559,248,0.26,972,35.800000000000004,341,3
2013,6,2,2,30,-0.4,34,276,64,0.26,972,31.1,340,1.7000000000000002
2013,6,2,3,30,0.5,0,0,0,0.26,973,28,336,1.3
2013,6,2,4,30,1.1,0,0,0,0.26,973,26.6,323,1.2000000000000002
2013,6,2,5,30,1.5,0,0,0,0.26,974,25.3,309,1.1
2013,6,2,6,30,1.8,0,0,0,0.26,974,24.1,297,1
2013,6,2,7,30,2.2,0,0,0,0.26,973,23.200000000000003,284,1
2013,6,2,8,30,2.5,0,0,0,0.26,973,22.400000000000002,271,1
2013,6,2,9,30,2.8000000000000003,0,0,0,0.26,973,21.700000000000003,259,1
2013,6,2,10,30,2.9000000000000004,0,0,0,0.26,973,21,247,1
2013,6,2,11,30,3,0,0,0,0.26,973,20.400000000000002,239,1
2013,6,2,12,30,3.1,0,0,0,0.26,973,20.3,236,1
2013,6,2,13,30,3.5,44,294,84,0.26,973,22.1,238,1.5
2013,6,2,14,30,3.8000000000000003,86,573,276,0.26,973,25.200000000000003,254,1.8
2013,6,2,15,30,3.6,108,730,488,0.26,973,28.3,281,1.6
2013,6,2,16,30,3.2,121,821,687,0.26,973,31.1,307,1.6
2013,6,2,17,30,2.8000000000000003,128,876,852,0.26,973,33.6,323,1.8
2013,6,2,18,30,2.4000000000000004,132,908,969,0.26,972,35.800000000000004,332,2
2013,6,2,19,30,2.2,135,920,1027,0.26,972,37.4,335,2.2
2013,6,2,20,30,2.1,134,920,1023,0.26,971,38.300000000000004,330,2.5
2013,6,2,21,30,2.3000000000000003,134,898,953,0.26,970,38.400000000000006,320,2.9000000000000004
2013,6,2,22,30,2.8000000000000003,127,867,829,0.26,970,37.800000000000004,310,3.3000000000000003
2013,6,2,23,30,3.3000000000000003,115,815,659,0.26,970,37.4,305,3.6
2013,6,3,0,30,4.1000000000000005,97,733,461,0.26,970,34.7,295,4.2
2013,6,3,1,30,5.1000000000000005,74,584,252,0.26,970,31.5,287,4.3
2013,6,3,2,30,6.5,35,284,66,0.26,971,27.5,278,3.9000000000000004
2013,6,3,3,30,7.800000000000001,0,0,0,0.26,972,24,267,3.4000000000000004
2013,6,3,4,30,8.700000000000001,0,0,0,0.26,973,21.900000000000002,257,2.6
2013,6,3,5,30,9.200000000000001,0,0,0,0.26,974,20.400000000000002,253,1.6
2013,6,3,6,30,9.5,0,0,0,0.26,974,19.3,257,1.1
2013,6,3,7,30,9.8,0,0,0,0.26,974,18.400000000000002,260,1.1
2013,6,3,8,30,10,0,0,0,0.26,974,17.6,256,1.3
2013,6,3,9,30,10.200000000000001,0,0,0,0.26,974,17,250,1.3
2013,6,3,10,30,10.5,0,0,0,0.26,974,16.400000000000002,245,1.2000000000000002
2013,6,3,11,30,10.700000000000001,0,0,0,0.26,974,16,241,1.1
2013,6,3,12,30,10.9,0,0,0,0.26,974,16.2,242,1.2000000000000002
2013,6,3,13,30,11.100000000000001,43,330,88,0.26,975,17.8,255,1.7000000000000002
2013,6,3,14,30,11.4,80,601,279,0.26,975,20.3,272,1.8
2013,6,3,15,30,11.700000000000001,104,735,487,0.26,975,23,289,1.7000000000000002
2013,6,3,16,30,11.700000000000001,119,818,683,0.26,975,25.8,308,1.7000000000000002
2013,6,3,17,30,11.100000000000001,129,866,845,0.26,975,28.6,324,1.8
2013,6,3,18,30,10.200000000000001,122,913,965,0.26,974,31,333,2.1
2013,6,3,19,30,9.5,125,923,1020,0.26,974,32.9,338,2.2
2013,6,3,20,30,9.1,124,922,1015,0.26,973,34.1,341,2.3000000000000003
2013,6,3,21,30,8.700000000000001,115,918,952,0.26,973,34.7,340,2.4000000000000004
2013,6,3,22,30,8.200000000000001,109,890,831,0.26,973,34.6,337,2.7
2013,6,3,23,30,7.7,100,843,664,0.26,973,34.4,334,2.9000000000000004
2013,6,4,0,30,7.4,84,774,469,0.26,973,32.5,324,3.3000000000000003
2013,6,4,1,30,7.4,64,636,259,0.26,973,30.1,317,3.4000000000000004
2013,6,4,2,30,8,32,352,72,0.26,974,26.6,305,3.1
2013,6,4,3,30,8.8,0,0,0,0.26,975,23.5,290,2.5
2013,6,4,4,30,9.200000000000001,0,0,0,0.26,975,21.6,277,1.8
2013,6,4,5,30,9.5,0,0,0,0.26,976,20.400000000000002,269,1.4000000000000001
2013,6,4,6,30,9.700000000000001,0,0,0,0.26,976,19.400000000000002,263,1.4000000000000001
2013,6,4,7,30,9.8,0,0,0,0.26,976,18.6,257,1.5
2013,6,4,8,30,10,0,0,0,0.26,976,17.8,253,1.5
2013,6,4,9,30,10.100000000000001,0,0,0,0.26,976,17.3,248,1.3
2013,6,4,10,30,10.3,0,0,0,0.26,976,16.900000000000002,245,1.2000000000000002
2013,6,4,11,30,10.4,0,0,0,0.26,976,16.6,243,1.1
2013,6,4,12,30,10.600000000000001,0,0,0,0.26,977,16.900000000000002,244,1.4000000000000001
2013,6,4,13,30,10.700000000000001,41,356,90,0.26,977,18.8,255,1.9000000000000001
2013,6,4,14,30,10.9,75,617,280,0.26,978,21.5,274,2.2
2013,6,4,15,30,11,92,761,490,0.26,978,24.200000000000003,294,2.2
2013,6,4,16,30,11,106,838,684,0.26,978,26.900000000000002,311,2.4000000000000004
2013,6,4,17,30,10.9,113,888,848,0.26,977,29.3,321,2.5
2013,6,4,18,30,10.700000000000001,110,929,967,0.26,977,31.400000000000002,327,2.7
2013,6,4,19,30,10.5,112,942,1025,0.26,977,33.1,329,2.8000000000000003
2013,6,4,20,30,10.200000000000001,110,942,1022,0.26,976,34.4,330,2.8000000000000003
2013,6,4,21,30,9.700000000000001,116,920,957,0.26,976,35,328,2.9000000000000004
2013,6,4,22,30,9.1,110,894,835,0.26,975,35.2,326,3
2013,6,4,23,30,8.5,101,845,668,0.26,975,35.1,324,3.1
2013,6,5,0,30,8.1,87,770,471,0.26,975,33.4,314,3.5
2013,6,5,1,30,8,68,624,260,0.26,976,31,302,3.6
2013,6,5,2,30,8.5,35,322,72,0.26,977,27.3,286,3.8000000000000003
2013,6,5,3,30,9.4,0,0,0,0.26,978,23.6,271,4
2013,6,5,4,30,10,0,0,0,0.26,979,21.200000000000003,261,3.5
2013,6,5,5,30,10,0,0,0,0.26,979,19.900000000000002,253,2.5
2013,6,5,6,30,10,0,0,0,0.26,979,19,249,1.5
2013,6,5,7,30,10,0,0,0,0.26,980,18.400000000000002,249,1.2000000000000002
2013,6,5,8,30,9.9,0,0,0,0.26,979,17.6,251,1.2000000000000002
2013,6,5,9,30,9.9,0,0,0,0.26,979,16.900000000000002,253,1.4000000000000001
2013,6,5,10,30,10,0,0,0,0.26,979,16.400000000000002,253,1.6
2013,6,5,11,30,10.100000000000001,0,0,0,0.26,980,15.9,250,1.7000000000000002
2013,6,5,12,30,10.100000000000001,0,0,0,0.26,980,16.2,247,1.8
2013,6,5,13,30,10.200000000000001,44,318,88,0.26,980,17.900000000000002,253,2.1
2013,6,5,14,30,10.200000000000001,80,597,279,0.26,980,20.5,268,2.2
2013,6,5,15,30,10.100000000000001,98,751,490,0.26,980,23.200000000000003,282,2.2
2013,6,5,16,30,9.9,110,837,688,0.26,980,26,293,2.3000000000000003
2013,6,5,17,30,9.5,117,890,853,0.26,979,28.700000000000003,301,2.4000000000000004
2013,6,5,18,30,9.1,124,917,970,0.26,979,31.200000000000003,306,2.5
2013,6,5,19,30,8.5,125,934,1032,0.26,978,33.4,308,2.5
2013,6,5,20,30,8,124,935,1028,0.26,978,35,309,2.6
2013,6,5,21,30,7.4,123,915,959,0.26,977,35.9,311,2.9000000000000004
2013,6,5,22,30,7.1000000000000005,116,888,838,0.26,977,35.9,313,3.3000000000000003
2013,6,5,23,30,7.1000000000000005,106,841,671,0.26,976,35.7,314,3.5
2013,6,6,0,30,7.300000000000001,89,766,472,0.26,976,33.6,313,3.8000000000000003
2013,6,6,1,30,7.800000000000001,69,625,262,0.26,977,30.900000000000002,304,3.7
2013,6,6,2,30,8.5,35,332,73,0.26,977,27.200000000000003,290,3.2
2013,6,6,3,30,9.200000000000001,0,0,0,0.26,978,23.900000000000002,275,2.6
2013,6,6,4,30,9.5,0,0,0,0.26,979,21.900000000000002,264,2
2013,6,6,5,30,9.600000000000001,0,0,0,0.26,979,20.6,256,1.5
2013,6,6,6,30,9.600000000000001,0,0,0,0.26,979,19.5,251,1.3
2013,6,6,7,30,9.600000000000001,0,0,0,0.26,979,18.6,250,1.4000000000000001
2013,6,6,8,30,9.600000000000001,0,0,0,0.26,979,17.8,249,1.6
2013,6,6,9,30,9.600000000000001,0,0,0,0.26,979,17.2,247,1.7000000000000002
2013,6,6,10,30,9.700000000000001,0,0,0,0.26,979,16.6,244,1.7000000000000002
2013,6,6,11,30,9.8,0,0,0,0.26,979,16.1,241,1.6
2013,6,6,12,30,9.8,0,0,0,0.26,979,16.400000000000002,239,1.8
2013,6,6,13,30,9.9,42,352,90,0.26,979,18.1,249,2.1
2013,6,6,14,30,10.100000000000001,75,618,281,0.26,979,20.8,269,2.2
2013,6,6,15,30,10.100000000000001,93,761,490,0.26,979,23.6,284,2.1
2013,6,6,16,30,10.100000000000001,107,840,687,0.26,979,26.3,294,2.1
2013,6,6,17,30,9.9,115,890,851,0.26,978,29.1,303,2.3000000000000003
2013,6,6,18,30,9.600000000000001,116,924,969,0.26,978,31.700000000000003,309,2.6
2013,6,6,19,30,9.200000000000001,119,935,1027,0.26,977,33.800000000000004,312,2.8000000000000003
2013,6,6,20,30,8.700000000000001,120,931,1022,0.26,976,35.4,315,2.9000000000000004
2013,6,6,21,30,8.3,130,899,952,0.26,976,36.4,318,3
2013,6,6,22,30,8.3,123,868,829,0.26,975,36.7,321,3.1
2013,6,6,23,30,8.3,112,819,663,0.26,975,36.7,323,3.2
2013,6,7,0,30,8.4,97,734,465,0.26,975,35.1,321,3.4000000000000004
2013,6,7,1,30,8.700000000000001,74,586,257,0.26,975,32.7,312,3
2013,6,7,2,30,9.200000000000001,38,286,71,0.26,976,29,295,2.6
2013,6,7,3,30,9.5,0,0,0,0.26,977,25.700000000000003,278,2.8000000000000003
2013,6,7,4,30,9.5,0,0,0,0.26,977,23.6,264,2.9000000000000004
2013,6,7,5,30,9.4,0,0,0,0.26,977,22.200000000000003,249,2.1
2013,6,7,6,30,9.200000000000001,0,0,0,0.26,977,21.1,236,1.5
2013,6,7,7,30,8.700000000000001,0,0,0,0.26,977,20.400000000000002,230,1.2000000000000002
2013,6,7,8,30,8.200000000000001,0,0,0,0.26,977,19.700000000000003,232,1.1
2013,6,7,9,30,8,0,0,0,0.26,977,19,238,1.1
2013,6,7,10,30,8.1,0,0,0,0.26,976,18.5,245,1.2000000000000002
2013,6,7,11,30,8.1,0,0,0,0.26,976,18.1,250,1.3
2013,6,7,12,30,8.1,0,0,0,0.26,977,18.6,251,1.4000000000000001
2013,6,7,13,30,8,45,313,88,0.26,977,20.8,252,1.9000000000000001
2013,6,7,14,30,7.7,82,589,278,0.26,977,23.700000000000003,260,2.2
2013,6,7,15,30,7.5,89,777,495,0.26,977,26.400000000000002,276,2.3000000000000003
2013,6,7,16,30,7.5,104,851,692,0.26,976,29.3,290,2.5
2013,6,7,17,30,7.300000000000001,113,898,856,0.26,976,32.2,299,2.7
2013,6,7,18,30,6.800000000000001,123,918,970,0.26,976,34.9,303,2.6
2013,6,7,19,30,6.2,126,929,1028,0.26,975,37.4,306,2.6
2013,6,7,20,30,5.300000000000001,126,926,1022,0.26,974,39.400000000000006,312,2.7
2013,6,7,21,30,4.6000000000000005,121,915,958,0.26,973,40.6,320,3.1
2013,6,7,22,30,4.1000000000000005,117,884,837,0.26,973,41.1,328,3.7
2013,6,7,23,30,3.8000000000000003,109,829,667,0.26,972,41.1,331,4
2013,6,8,0,30,3.9000000000000004,97,735,467,0.26,972,39.6,335,4.4
2013,6,8,1,30,4.3,76,585,258,0.26,972,36.800000000000004,331,3.2
2013,6,8,2,30,5.5,38,289,72,0.26,973,32.4,312,1.9000000000000001
2013,6,8,3,30,6.4,0,0,0,0.26,973,29.200000000000003,284,1.6
2013,6,8,4,30,6.9,0,0,0,0.26,974,27.6,264,1.7000000000000002
2013,6,8,5,30,7.300000000000001,0,0,0,0.26,974,26.400000000000002,252,1.9000000000000001
2013,6,8,6,30,7.6000000000000005,0,0,0,0.26,974,25.5,244,1.8
2013,6,8,7,30,7.800000000000001,0,0,0,0.26,974,24.5,240,1.6
2013,6,8,8,30,7.9,0,0,0,0.26,974,23.400000000000002,242,1.4000000000000001
2013,6,8,9,30,8.4,0,0,0,0.26,973,22.3,246,1.3
2013,6,8,10,30,9.1,0,0,0,0.26,973,21.5,249,1.3
2013,6,8,11,30,9.700000000000001,0,0,0,0.26,973,20.8,249,1.3
2013,6,8,12,30,9.9,0,0,0,0.26,974,21.200000000000003,250,1.5
2013,6,8,13,30,10,41,364,92,0.26,974,23.400000000000002,255,2
2013,6,8,14,30,9.700000000000001,73,630,284,0.26,974,26.3,265,2.4000000000000004
2013,6,8,15,30,9.200000000000001,90,774,494,0.26,974,29.200000000000003,276,2.2
2013,6,8,16,30,8.200000000000001,104,850,691,0.26,974,32.300000000000004,279,2.1
2013,6,8,17,30,7.1000000000000005,113,895,854,0.26,973,35.300000000000004,276,2.1
2013,6,8,18,30,5.800000000000001,110,935,974,0.26,973,38.300000000000004,276,2.1
2013,6,8,19,30,4,114,945,1032,0.26,972,40.900000000000006,284,2.6
2013,6,8,20,30,2.6,116,940,1028,0.26,971,42.6,294,3.2
2013,6,8,21,30,1.8,121,917,961,0.26,971,43.300000000000004,300,3.7
2013,6,8,22,30,1.8,118,882,837,0.26,971,42.900000000000006,301,4
2013,6,8,23,30,2.1,109,830,669,0.26,970,42.5,301,4.2
2013,6,9,0,30,2.9000000000000004,93,750,471,0.26,971,39.300000000000004,288,4.5
2013,6,9,1,30,4.1000000000000005,73,603,262,0.26,972,35.5,274,4.1000000000000005
2013,6,9,2,30,5.5,37,309,74,0.26,972,30.8,260,3.4000000000000004
2013,6,9,3,30,6.4,0,0,0,0.26,973,27.1,250,2.8000000000000003
2013,6,9,4,30,6.9,0,0,0,0.26,974,25,243,2.3000000000000003
2013,6,9,5,30,7.2,0,0,0,0.26,975,23.5,241,1.8
2013,6,9,6,30,7.5,0,0,0,0.26,976,22.400000000000002,251,1.5
2013,6,9,7,30,7.800000000000001,0,0,0,0.26,976,21.3,264,1.5
2013,6,9,8,30,8.1,0,0,0,0.26,976,20.3,271,1.4000000000000001
2013,6,9,9,30,8.5,0,0,0,0.26,976,19.400000000000002,277,1.1
2013,6,9,10,30,8.9,0,0,0,0.26,976,18.8,281,0.8
2013,6,9,11,30,9.200000000000001,0,0,0,0.26,976,18.1,272,0.8
2013,6,9,12,30,9.3,0,0,0,0.26,976,18.400000000000002,262,1.1
2013,6,9,13,30,9.4,41,368,92,0.26,976,19.900000000000002,268,1.6
2013,6,9,14,30,9.200000000000001,73,641,286,0.26,977,22.5,283,1.7000000000000002
2013,6,9,15,30,9.4,89,786,499,0.26,977,25.6,302,1.6
2013,6,9,16,30,9,99,866,697,0.26,976,28.700000000000003,320,1.8
2013,6,9,17,30,7.6000000000000005,302,521,733,0.26,976,31.900000000000002,331,2.1
2013,6,9,18,30,6.2,109,945,982,0.26,975,34.6,333,2.4000000000000004
2013,6,9,19,30,4.800000000000001,112,955,1041,0.26,974,36.7,327,2.8000000000000003
2013,6,9,20,30,3.5,114,952,1037,0.26,973,38.1,321,3
2013,6,9,21,30,2.5,115,938,974,0.26,973,38.7,316,3.1
2013,6,9,22,30,1.5,109,912,853,0.26,972,38.5,307,3
2013,6,9,23,30,0.9,100,868,687,0.26,972,38.2,300,3
2013,6,10,0,30,0.6000000000000001,87,791,487,0.26,972,35.5,276,3.4000000000000004
2013,6,10,1,30,1,68,654,275,0.26,973,32.2,271,3.5
2013,6,10,2,30,2.5,36,362,80,0.26,974,27.700000000000003,271,3.2
2013,6,10,3,30,4.3,0,0,0,0.26,975,24,267,2.9000000000000004
2013,6,10,4,30,5.7,0,0,0,0.26,976,21.700000000000003,265,2.5
2013,6,10,5,30,6.800000000000001,0,0,0,0.26,976,20,269,2
2013,6,10,6,30,7.6000000000000005,0,0,0,0.26,976,18.8,274,1.8
2013,6,10,7,30,8.200000000000001,0,0,0,0.26,976,18,269,2
2013,6,10,8,30,8.6,0,0,0,0.26,976,17.3,260,2.2
2013,6,10,9,30,8.9,0,0,0,0.26,976,16.8,250,2.1
2013,6,10,10,30,9.200000000000001,0,0,0,0.26,976,16.3,242,1.7000000000000002
2013,6,10,11,30,9.3,0,0,0,0.26,976,15.8,237,1.4000000000000001
2013,6,10,12,30,9.5,0,0,0,0.26,977,16.1,240,1.6
2013,6,10,13,30,9.600000000000001,44,345,92,0.26,977,17.900000000000002,257,2
2013,6,10,14,30,8.9,78,619,285,0.26,978,20.5,280,2
2013,6,10,15,30,8.4,98,761,495,0.26,978,23,298,1.8
2013,6,10,16,30,7.800000000000001,113,835,690,0.26,978,25.6,311,1.8
2013,6,10,17,30,7.2,125,879,852,0.26,978,27.900000000000002,320,2.2
2013,6,10,18,30,6.9,131,904,965,0.26,978,29.900000000000002,323,2.7
2013,6,10,19,30,6.800000000000001,136,907,1018,0.26,977,31.400000000000002,324,3.2
2013,6,10,20,30,7,140,902,1015,0.26,977,32.300000000000004,322,3.7
2013,6,10,21,30,7.1000000000000005,130,897,953,0.26,976,32.7,323,4
2013,6,10,22,30,6.800000000000001,122,870,833,0.26,976,32.5,324,4.1000000000000005
2013,6,10,23,30,6.300000000000001,109,831,671,0.26,976,32.2,324,4.1000000000000005
2013,6,11,0,30,5.9,93,756,475,0.26,976,30.700000000000003,320,3.8000000000000003
2013,6,11,1,30,5.6000000000000005,73,607,265,0.26,976,28.8,319,3
2013,6,11,2,30,5.800000000000001,38,315,77,0.26,977,25.900000000000002,309,1.9000000000000001
2013,6,11,3,30,6.300000000000001,0,0,0,0.26,977,23.400000000000002,293,1.4000000000000001
2013,6,11,4,30,6.800000000000001,0,0,0,0.26,978,22.3,284,1.2000000000000002
2013,6,11,5,30,7.4,0,0,0,0.26,978,21.400000000000002,278,1
2013,6,11,6,30,7.800000000000001,0,0,0,0.26,978,20.6,270,0.9
2013,6,11,7,30,8.1,0,0,0,0.26,978,19.8,263,0.9
2013,6,11,8,30,8.200000000000001,0,0,0,0.26,978,19,258,0.9
2013,6,11,9,30,8.3,0,0,0,0.26,978,18.400000000000002,255,1
2013,6,11,10,30,8.4,0,0,0,0.26,978,18,258,0.9
2013,6,11,11,30,8.4,0,0,0,0.26,978,17.6,268,0.8
2013,6,11,12,30,8.6,0,0,0,0.26,979,17.900000000000002,276,0.9
2013,6,11,13,30,8.700000000000001,41,367,92,0.26,979,19.1,288,1.3
2013,6,11,14,30,9,72,629,282,0.26,980,20.900000000000002,307,1.6
2013,6,11,15,30,9.3,89,770,490,0.26,980,23.200000000000003,323,1.5
2013,6,11,16,30,9.3,104,838,682,0.26,980,25.900000000000002,333,1.3
2013,6,11,17,30,9,304,509,726,0.26,980,28.8,336,1.2000000000000002
2013,6,11,18,30,8.5,226,758,926,0.26,979,31.6,333,1.3
2013,6,11,19,30,7.7,283,704,967,0.26,979,34,336,1.5
2013,6,11,20,30,6.800000000000001,270,722,971,0.26,978,35.6,345,1.9000000000000001
2013,6,11,21,30,6.2,119,909,952,0.26,977,36.300000000000004,350,2.4000000000000004
2013,6,11,22,30,5.800000000000001,113,885,836,0.26,976,36.2,350,2.7
2013,6,11,23,30,5.6000000000000005,103,842,674,0.26,976,36.1,349,2.9000000000000004
2013,6,12,0,30,5.6000000000000005,87,775,480,0.26,976,34.5,346,2.9000000000000004
2013,6,12,1,30,5.7,67,647,272,0.26,976,32.300000000000004,343,2.3000000000000003
2013,6,12,2,30,6.1000000000000005,36,379,83,0.26,976,28.900000000000002,330,1.4000000000000001
2013,6,12,3,30,6.5,0,0,0,0.26,977,26,306,1.3
2013,6,12,4,30,7,0,0,0,0.26,977,24.400000000000002,285,1.4000000000000001
2013,6,12,5,30,7.4,0,0,0,0.26,978,23,275,1.4000000000000001
2013,6,12,6,30,7.800000000000001,0,0,0,0.26,978,21.8,269,1.3
2013,6,12,7,30,8,0,0,0,0.26,978,20.8,263,1
2013,6,12,8,30,8.3,0,0,0,0.26,978,20,255,0.9
2013,6,12,9,30,8.5,0,0,0,0.26,978,19.400000000000002,245,0.9
2013,6,12,10,30,8.700000000000001,0,0,0,0.26,978,19,237,0.9
2013,6,12,11,30,8.9,0,0,0,0.26,978,18.6,230,0.9
2013,6,12,12,30,9,0,0,0,0.26,978,19,230,1
2013,6,12,13,30,9.200000000000001,40,388,94,0.26,979,21.200000000000003,239,1.3
2013,6,12,14,30,8.8,71,640,285,0.26,979,24.200000000000003,265,1.5
2013,6,12,15,30,8.3,91,768,492,0.26,979,26.900000000000002,294,1.5
2013,6,12,16,30,8.1,107,838,685,0.26,979,29.6,305,1.8
2013,6,12,17,30,7.7,118,879,846,0.26,979,32.2,309,2
2013,6,12,18,30,7.300000000000001,126,903,960,0.26,979,34.2,314,2.4000000000000004
2013,6,12,19,30,6.9,131,909,1015,0.26,978,35.5,315,2.9000000000000004
2013,6,12,20,30,6.6000000000000005,133,909,1015,0.26,977,36.2,313,3.4000000000000004
2013,6,12,21,30,6.2,125,903,954,0.26,977,36.300000000000004,308,3.9000000000000004
2013,6,12,22,30,5.9,120,873,834,0.26,977,35.7,303,4.3
2013,6,12,23,30,5.6000000000000005,112,821,669,0.26,977,35.300000000000004,301,4.5
2013,6,13,0,30,5.1000000000000005,97,742,475,0.26,977,32.800000000000004,291,4.800000000000001
2013,6,13,1,30,4.6000000000000005,75,608,269,0.26,978,30.400000000000002,284,4.5
2013,6,13,2,30,4.1000000000000005,40,328,80,0.26,979,27,274,3.6
2013,6,13,3,30,4,0,0,0,0.26,979,23.900000000000002,261,2.8000000000000003
2013,6,13,4,30,4.2,0,0,0,0.26,980,21.8,251,2.5
2013,6,13,5,30,4.4,0,0,0,0.26,980,20.200000000000003,250,2.1
2013,6,13,6,30,4.4,0,0,0,0.26,981,18.8,253,1.8
2013,6,13,7,30,4.1000000000000005,0,0,0,0.26,981,17.6,256,1.5
2013,6,13,8,30,3.4000000000000004,0,0,0,0.26,981,16.5,258,1.4000000000000001
2013,6,13,9,30,2.4000000000000004,0,0,0,0.26,981,15.4,261,1.3
2013,6,13,10,30,2,0,0,0,0.26,981,14.4,264,1.2000000000000002
2013,6,13,11,30,1.8,0,0,0,0.26,981,13.600000000000001,265,1
2013,6,13,12,30,1.8,0,0,0,0.26,982,13.8,261,1.3
2013,6,13,13,30,1.9000000000000001,42,412,99,0.26,982,15.5,269,1.7000000000000002
2013,6,13,14,30,1.8,73,690,302,0.26,983,17.900000000000002,293,1.6
2013,6,13,15,30,1.8,90,826,521,0.26,983,20.3,316,1.5
2013,6,13,16,30,1.3,103,898,723,0.26,983,22.900000000000002,329,1.7000000000000002
2013,6,13,17,30,0.4,113,940,890,0.26,983,25.5,331,2.1
2013,6,13,18,30,-1.2000000000000002,117,967,1010,0.26,982,28.1,326,2.6
2013,6,13,19,30,-3.2,119,978,1071,0.26,982,30.1,323,3.2
2013,6,13,20,30,-4.9,118,979,1068,0.26,981,31.5,321,3.5
2013,6,13,21,30,-6,116,966,1003,0.26,980,32.1,321,3.7
2013,6,13,22,30,-6.800000000000001,110,940,880,0.26,980,32.1,324,4
2013,6,13,23,30,-7.300000000000001,102,894,710,0.26,979,31.900000000000002,326,4.1000000000000005
2013,6,14,0,30,-7.5,86,826,507,0.26,979,30.3,333,4
2013,6,14,1,30,-7.4,67,694,290,0.26,979,28.1,337,3
2013,6,14,2,30,-6.4,37,411,89,0.26,979,24.3,339,1.6
2013,6,14,3,30,-5.300000000000001,0,0,0,0.26,979,21.700000000000003,335,1.2000000000000002
2013,6,14,4,30,-4.9,0,0,0,0.26,980,20.8,325,1.1
2013,6,14,5,30,-4.800000000000001,0,0,0,0.26,980,19.8,311,1.2000000000000002
2013,6,14,6,30,-4.6000000000000005,0,0,0,0.26,980,18.6,302,1.2000000000000002
2013,6,14,7,30,-4.4,0,0,0,0.26,979,17.5,298,1.2000000000000002
2013,6,14,8,30,-4,0,0,0,0.26,979,16.6,294,1.2000000000000002
2013,6,14,9,30,-3.5,0,0,0,0.26,978,15.8,289,1.2000000000000002
2013,6,14,10,30,-2.7,0,0,0,0.26,978,14.9,284,1.1
2013,6,14,11,30,-1.9000000000000001,0,0,0,0.26,978,14.100000000000001,276,1.1
2013,6,14,12,30,-1.1,0,0,0,0.26,979,14.600000000000001,267,1.2000000000000002
2013,6,14,13,30,-0.30000000000000004,41,422,100,0.26,979,17.3,264,1.8
2013,6,14,14,30,0.30000000000000004,71,694,303,0.26,979,20.5,275,2.4000000000000004
2013,6,14,15,30,0.30000000000000004,88,830,521,0.26,979,23.3,284,2.2
2013,6,14,16,30,-0.4,101,903,723,0.26,979,26.3,286,1.9000000000000001
2013,6,14,17,30,-2,109,941,887,0.26,978,29.400000000000002,292,1.8
2013,6,14,18,30,-3.5,120,956,1003,0.26,977,31.900000000000002,303,2
2013,6,14,19,30,-4.5,124,966,1063,0.26,976,33.7,313,2.5
2013,6,14,20,30,-5.4,125,964,1061,0.26,975,35,320,3
2013,6,14,21,30,-6.2,118,957,997,0.26,975,35.7,324,3.3000000000000003
2013,6,14,22,30,-7,111,933,876,0.26,974,35.800000000000004,326,3.5
2013,6,14,23,30,-7.6000000000000005,102,889,707,0.26,974,35.7,327,3.5
2013,6,15,0,30,-8.1,87,818,504,0.26,974,33.9,324,3.4000000000000004
2013,6,15,1,30,-8.4,102,368,220,0.26,974,31.1,317,2.6
2013,6,15,2,30,-7.6000000000000005,39,394,88,0.26,975,26.700000000000003,302,1.8
2013,6,15,3,30,-6.5,0,0,0,0.26,975,23.400000000000002,283,1.9000000000000001
2013,6,15,4,30,-4.6000000000000005,0,0,0,0.26,976,21.700000000000003,267,2.2
2013,6,15,5,30,-2.2,0,0,0,0.26,976,20.400000000000002,251,2.4000000000000004
2013,6,15,6,30,-0.2,0,0,0,0.26,976,19.3,237,2.1
2013,6,15,7,30,0.7000000000000001,0,0,0,0.26,976,18.3,225,1.7000000000000002
2013,6,15,8,30,1,0,0,0,0.26,976,17.6,218,1.5
2013,6,15,9,30,1,0,0,0,0.26,976,17.2,216,1.4000000000000001
2013,6,15,10,30,1,0,0,0,0.26,976,16.900000000000002,221,1.3
2013,6,15,11,30,1.4000000000000001,0,0,0,0.26,976,16.400000000000002,229,1.3
2013,6,15,12,30,2.1,0,0,0,0.26,977,16.7,233,1.4000000000000001
2013,6,15,13,30,2.8000000000000003,41,393,95,0.26,977,19,238,1.8
2013,6,15,14,30,3.1,70,669,293,0.26,978,22.200000000000003,257,2.1
2013,6,15,15,30,2.5,87,804,506,0.26,978,25.1,282,2.1
2013,6,15,16,30,2,100,878,705,0.26,978,27.700000000000003,302,2.1
2013,6,15,17,30,1.5,109,921,870,0.26,978,30.1,315,2.3000000000000003
2013,6,15,18,30,1.1,121,935,985,0.26,978,32,321,2.6
2013,6,15,19,30,0.7000000000000001,125,946,1045,0.26,977,33.4,322,2.7
2013,6,15,20,30,0.4,125,945,1043,0.26,977,34.4,320,2.9000000000000004
2013,6,15,21,30,0.1,118,935,978,0.26,976,34.800000000000004,315,3.2
2013,6,15,22,30,-0.1,112,910,858,0.26,976,34.5,309,3.5
2013,6,15,23,30,-0.1,103,864,691,0.26,976,34.300000000000004,306,3.7
2013,6,16,0,30,0.2,86,795,493,0.26,976,32.1,297,4.1000000000000005
2013,6,16,1,30,0.7000000000000001,68,658,280,0.26,977,29.700000000000003,290,4
2013,6,16,2,30,1.5,38,374,86,0.26,977,26.200000000000003,280,3.5
2013,6,16,3,30,2.6,0,0,0,0.26,978,22.900000000000002,266,3
2013,6,16,4,30,3.7,0,0,0,0.26,979,20.700000000000003,253,2.2
2013,6,16,5,30,4.3,0,0,0,0.26,980,19.3,243,1.5
2013,6,16,6,30,4.6000000000000005,0,0,0,0.26,980,18.5,236,1.1
2013,6,16,7,30,4.6000000000000005,0,0,0,0.26,980,17.900000000000002,232,1
2013,6,16,8,30,4.4,0,0,0,0.26,980,17,236,0.9
2013,6,16,9,30,4,0,0,0,0.26,981,16,245,0.9
2013,6,16,10,30,3.8000000000000003,0,0,0,0.26,981,15.200000000000001,251,0.9
2013,6,16,11,30,3.7,0,0,0,0.26,981,14.5,253,0.9
2013,6,16,12,30,3.5,0,0,0,0.26,982,15,254,1.1
2013,6,16,13,30,3.5,42,363,92,0.26,982,17.2,261,1.5
2013,6,16,14,30,3.7,75,643,288,0.26,982,19.700000000000003,283,1.7000000000000002
2013,6,16,15,30,3.9000000000000004,91,796,505,0.26,982,22.3,302,1.7000000000000002
2013,6,16,16,30,3.8000000000000003,104,873,705,0.26,982,25,313,2
2013,6,16,17,30,3.5,111,920,871,0.26,982,27.700000000000003,320,2.5
2013,6,16,18,30,3,111,953,991,0.26,982,30.3,324,3
2013,6,16,19,30,1.7000000000000002,113,966,1052,0.26,981,32.5,328,3.5
2013,6,16,20,30,0.9,112,967,1051,0.26,980,34,331,3.7
2013,6,16,21,30,0.1,108,958,989,0.26,980,34.800000000000004,333,3.9000000000000004
2013,6,16,22,30,-0.8,103,932,868,0.26,979,35,334,4.1000000000000005
2013,6,16,23,30,-1.4000000000000001,95,886,700,0.26,979,35,335,4.2
2013,6,17,0,30,-1.7000000000000002,83,813,500,0.26,979,33.7,336,4.5
2013,6,17,1,30,-1.8,66,679,285,0.26,979,31.5,335,3.9000000000000004
2013,6,17,2,30,-1.4000000000000001,37,391,88,0.26,980,28,331,2.9000000000000004
2013,6,17,3,30,-0.6000000000000001,0,0,0,0.26,981,25,326,2.5
2013,6,17,4,30,-0.1,0,0,0,0.26,981,23.400000000000002,320,2.4000000000000004
2013,6,17,5,30,0.5,0,0,0,0.26,982,21.900000000000002,315,2.3000000000000003
2013,6,17,6,30,1.3,0,0,0,0.26,982,20.400000000000002,309,2
2013,6,17,7,30,2.2,0,0,0,0.26,982,19,301,1.6
2013,6,17,8,30,3,0,0,0,0.26,982,17.8,293,1.4000000000000001
2013,6,17,9,30,3.3000000000000003,0,0,0,0.26,982,16.900000000000002,287,1.2000000000000002
2013,6,17,10,30,3.4000000000000004,0,0,0,0.26,982,16,281,1.1
2013,6,17,11,30,3.5,0,0,0,0.26,982,15.3,274,1.1
2013,6,17,12,30,3.5,0,0,0,0.26,982,15.9,268,1.4000000000000001
2013,6,17,13,30,3.7,42,368,93,0.26,982,18,277,2.3000000000000003
2013,6,17,14,30,4.1000000000000005,75,644,289,0.26,983,20.6,298,2.9000000000000004
2013,6,17,15,30,4.3,89,799,505,0.26,983,23.1,311,3.2
2013,6,17,16,30,4.2,102,873,703,0.26,983,25.8,316,3.5
2013,6,17,17,30,3.6,111,917,869,0.26,982,28.5,322,4
2013,6,17,18,30,2.6,114,946,988,0.26,982,31.1,328,4.3
2013,6,17,19,30,1.4000000000000001,116,958,1049,0.26,981,33.2,332,4.5
2013,6,17,20,30,0.4,113,962,1048,0.26,980,34.5,334,4.6000000000000005
2013,6,17,21,30,-0.4,103,962,988,0.26,979,35.2,334,4.5
2013,6,17,22,30,-1,97,940,869,0.26,978,35.2,332,4.5
2013,6,17,23,30,-1.5,88,902,703,0.26,978,35.1,330,4.5
2013,6,18,0,30,-1.5,75,837,504,0.26,978,33.5,330,4.6000000000000005
2013,6,18,1,30,-1,59,714,291,0.26,978,31.3,331,4.1000000000000005
2013,6,18,2,30,0.1,35,436,91,0.26,978,27.700000000000003,332,3.2
2013,6,18,3,30,1.4000000000000001,0,0,0,0.26,979,24.700000000000003,332,2.9000000000000004
2013,6,18,4,30,2.5,0,0,0,0.26,980,22.900000000000002,330,2.8000000000000003
2013,6,18,5,30,3.4000000000000004,0,0,0,0.26,980,21.3,328,2.6
2013,6,18,6,30,4.2,0,0,0,0.26,980,19.700000000000003,323,2.2
2013,6,18,7,30,5,0,0,0,0.26,980,18.1,315,1.8
2013,6,18,8,30,5.9,0,0,0,0.26,980,16.900000000000002,304,1.5
2013,6,18,9,30,6.800000000000001,0,0,0,0.26,980,15.9,293,1.3
2013,6,18,10,30,7.6000000000000005,0,0,0,0.26,980,15,285,1.3
2013,6,18,11,30,8.3,0,0,0,0.26,980,14.4,279,1.3
2013,6,18,12,30,8.9,0,0,0,0.26,980,14.5,280,1.9000000000000001
2013,6,18,13,30,9.4,37,428,96,0.26,981,16,295,2.8000000000000003
2013,6,18,14,30,9.600000000000001,64,689,292,0.26,981,18.1,314,3.1
2013,6,18,15,30,9.5,77,826,506,0.26,981,20.400000000000002,322,3.1
2013,6,18,16,30,9.3,88,892,703,0.26,981,22.900000000000002,323,3.1
2013,6,18,17,30,8.6,97,931,866,0.26,980,25.3,320,3.2
2013,6,18,18,30,7.7,101,956,983,0.26,980,27.5,317,3.4000000000000004
2013,6,18,19,30,6.6000000000000005,106,963,1043,0.26,979,29.400000000000002,314,3.7
2013,6,18,20,30,5.300000000000001,107,964,1044,0.26,978,30.8,315,4
2013,6,18,21,30,4.2,109,947,981,0.26,978,31.5,317,4.1000000000000005
2013,6,18,22,30,3,104,921,861,0.26,977,31.6,317,4.3
2013,6,18,23,30,1.9000000000000001,95,878,695,0.26,977,31.5,316,4.4
2013,6,19,0,30,0.9,83,804,496,0.26,976,29.900000000000002,318,4.9
2013,6,19,1,30,0.30000000000000004,65,675,285,0.26,976,27.8,322,4.9
2013,6,19,2,30,0.2,37,404,90,0.26,977,24.8,324,4.4
2013,6,19,3,30,0.5,0,0,0,0.26,977,22,322,4.1000000000000005
2013,6,19,4,30,0.9,0,0,0,0.26,978,20.1,318,4
2013,6,19,5,30,1.5,0,0,0,0.26,979,18.3,315,3.8000000000000003
2013,6,19,6,30,2.5,0,0,0,0.26,979,16.6,311,3.5
2013,6,19,7,30,3.9000000000000004,0,0,0,0.26,979,15.100000000000001,307,3.1
2013,6,19,8,30,5.1000000000000005,0,0,0,0.26,979,13.9,304,2.9000000000000004
2013,6,19,9,30,6.2,0,0,0,0.26,979,13.100000000000001,304,2.7
2013,6,19,10,30,6.9,0,0,0,0.26,979,12.4,303,2.5
2013,6,19,11,30,7.2,0,0,0,0.26,979,11.9,301,2.2
2013,6,19,12,30,7.1000000000000005,0,0,0,0.26,980,12,303,2.5
2013,6,19,13,30,6.9,42,384,94,0.26,980,13.3,314,3.2
2013,6,19,14,30,6.800000000000001,73,663,292,0.26,981,15.4,325,3.5
2013,6,19,15,30,6.5,89,808,509,0.26,981,17.8,328,3.5
2013,6,19,16,30,5.7,102,882,709,0.26,981,20.5,328,3.9000000000000004
2013,6,19,17,30,4.2,110,931,879,0.26,980,23.200000000000003,328,4.4
2013,6,19,18,30,2.1,112,962,1000,0.26,980,25.6,329,4.7
2013,6,19,19,30,0,113,980,1066,0.26,979,27.5,329,5
2013,6,19,20,30,-1.7000000000000002,113,980,1065,0.26,979,28.900000000000002,329,5.2
2013,6,19,21,30,-3.2,108,972,1003,0.26,978,29.700000000000003,329,5.300000000000001
2013,6,19,22,30,-4,103,948,883,0.26,978,30,329,5.4
2013,6,19,23,30,-4.4,95,905,714,0.26,977,30,329,5.4
2013,6,20,0,30,-4.5,82,830,509,0.26,977,28.700000000000003,329,5.5
2013,6,20,1,30,-4.5,66,696,293,0.26,977,26.900000000000002,329,4.9
2013,6,20,2,30,-4,38,410,92,0.26,977,23.900000000000002,329,3.6
2013,6,20,3,30,-3.2,0,0,0,0.26,978,21.400000000000002,329,3.2
2013,6,20,4,30,-2.4000000000000004,0,0,0,0.26,979,20.1,328,3.3000000000000003
2013,6,20,5,30,-1.7000000000000002,0,0,0,0.26,979,18.6,323,2.8000000000000003
2013,6,20,6,30,-0.9,0,0,0,0.26,979,17.1,316,2.3000000000000003
2013,6,20,7,30,-0.1,0,0,0,0.26,979,15.8,310,2
2013,6,20,8,30,1,0,0,0,0.26,979,14.5,304,1.7000000000000002
2013,6,20,9,30,2.5,0,0,0,0.26,979,13.4,300,1.4000000000000001
2013,6,20,10,30,3.4000000000000004,0,0,0,0.26,978,12.700000000000001,297,1.2000000000000002
2013,6,20,11,30,4,0,0,0,0.26,978,12.100000000000001,290,1.1
2013,6,20,12,30,4.3,0,0,0,0.26,979,12.700000000000001,279,1.2000000000000002
2013,6,20,13,30,4.800000000000001,39,420,96,0.26,979,15,283,1.8
2013,6,20,14,30,4.9,67,692,296,0.26,979,17.7,305,2.6
2013,6,20,15,30,4.6000000000000005,84,819,508,0.26,979,20.400000000000002,317,2.9000000000000004
2013,6,20,16,30,3.9000000000000004,93,890,705,0.26,979,23,319,2.9000000000000004
2013,6,20,17,30,2.7,99,937,871,0.26,979,25.700000000000003,324,3
2013,6,20,18,30,0.8,96,971,992,0.26,978,28.1,329,3.2
2013,6,20,19,30,-0.8,96,984,1053,0.26,978,30,330,3.4000000000000004
2013,6,20,20,30,-2,95,987,1054,0.26,977,31.200000000000003,331,3.6
2013,6,20,21,30,-2.7,107,956,987,0.26,977,31.900000000000002,331,3.9000000000000004
2013,6,20,22,30,-2.9000000000000004,104,928,868,0.26,976,32,331,4.1000000000000005
2013,6,20,23,30,-2.9000000000000004,95,885,702,0.26,976,31.900000000000002,331,4.3
2013,6,21,0,30,-2.6,82,813,501,0.26,976,30.6,332,4.4
2013,6,21,1,30,-2.1,65,684,288,0.26,976,28.6,333,3.6
2013,6,21,2,30,-1.3,36,419,92,0.26,977,25,331,2.2
2013,6,21,3,30,-0.5,0,0,0,0.26,977,22.3,329,1.9000000000000001
2013,6,21,4,30,0.2,0,0,0,0.26,978,21.200000000000003,326,2.3000000000000003
2013,6,21,5,30,0.7000000000000001,0,0,0,0.26,978,20,324,2.4000000000000004
2013,6,21,6,30,1,0,0,0,0.26,979,18.5,319,1.9000000000000001
2013,6,21,7,30,1.4000000000000001,0,0,0,0.26,979,16.900000000000002,309,1.3
2013,6,21,8,30,1.9000000000000001,0,0,0,0.26,978,15.700000000000001,295,1.1
2013,6,21,9,30,2.5,0,0,0,0.26,978,14.8,284,1
2013,6,21,10,30,3.2,0,0,0,0.26,978,14.100000000000001,279,1
2013,6,21,11,30,4,0,0,0,0.26,979,13.5,274,0.9
2013,6,21,12,30,4.7,0,0,0,0.26,979,14.100000000000001,266,1.1
2013,6,21,13,30,5.300000000000001,37,427,95,0.26,979,16.2,276,1.6
2013,6,21,14,30,5.9,66,685,291,0.26,979,18.7,300,1.9000000000000001
2013,6,21,15,30,6.2,83,814,504,0.26,980,21.1,311,2
2013,6,21,16,30,5.9,93,892,706,0.26,980,23.6,313,2
2013,6,21,17,30,5,97,940,873,0.26,980,26.200000000000003,316,2.1
2013,6,21,18,30,3.4000000000000004,111,952,989,0.26,979,28.6,321,2.4000000000000004
2013,6,21,19,30,1.2000000000000002,112,965,1051,0.26,979,30.6,325,2.7
2013,6,21,20,30,-0.5,110,967,1050,0.26,978,32,328,3
2013,6,21,21,30,-1.8,103,963,990,0.26,978,32.800000000000004,329,3.3000000000000003
2013,6,21,22,30,-2.7,97,941,872,0.26,977,33.1,330,3.5
2013,6,21,23,30,-3.3000000000000003,88,902,706,0.26,977,33.1,330,3.6
2013,6,22,0,30,-3.6,78,831,507,0.26,976,32,331,3.7
2013,6,22,1,30,-3.4000000000000004,62,707,293,0.26,976,29.8,330,2.7
2013,6,22,2,30,-2.7,36,438,94,0.26,976,26,327,1.7000000000000002
2013,6,22,3,30,-2.1,0,0,0,0.26,977,23.200000000000003,323,1.6
2013,6,22,4,30,-1.6,0,0,0,0.26,977,21.900000000000002,319,1.8
2013,6,22,5,30,-1,0,0,0,0.26,978,20.700000000000003,313,1.8
2013,6,22,6,30,-0.4,0,0,0,0.26,978,19.400000000000002,305,1.6
2013,6,22,7,30,0.1,0,0,0,0.26,978,18.2,296,1.3
2013,6,22,8,30,0.4,0,0,0,0.26,978,17.2,285,1.1
2013,6,22,9,30,0.8,0,0,0,0.26,978,16.400000000000002,273,1.1
2013,6,22,10,30,1.1,0,0,0,0.26,978,15.8,263,1
2013,6,22,11,30,1.2000000000000002,0,0,0,0.26,978,15.3,255,1
2013,6,22,12,30,1,0,0,0,0.26,978,16,248,1
2013,6,22,13,30,0.8,36,436,95,0.26,979,18.5,247,1.4000000000000001
2013,6,22,14,30,0.7000000000000001,62,700,291,0.26,979,21.5,263,1.9000000000000001
2013,6,22,15,30,0.7000000000000001,75,831,505,0.26,979,24,282,2
2013,6,22,16,30,0.30000000000000004,86,898,702,0.26,979,26.5,294,2.1
2013,6,22,17,30,-0.1,94,938,867,0.26,979,28.900000000000002,305,2.2
2013,6,22,18,30,-0.7000000000000001,100,960,985,0.26,978,31.1,317,2.3000000000000003
2013,6,22,19,30,-1.5,102,971,1046,0.26,978,33,328,2.4000000000000004
2013,6,22,20,30,-2.1,102,974,1049,0.26,977,34.2,335,2.5
2013,6,22,21,30,-2.7,107,953,986,0.26,976,34.9,338,2.7
2013,6,22,22,30,-3.4000000000000004,102,929,867,0.26,975,35.1,337,2.9000000000000004
2013,6,22,23,30,-4,94,887,702,0.26,975,35,337,3
2013,6,23,0,30,-4.2,81,817,503,0.26,974,33.7,335,3.1
2013,6,23,1,30,-4,65,684,289,0.26,975,31.200000000000003,332,2.2
2013,6,23,2,30,-3,38,410,92,0.26,975,27.5,321,1.3
2013,6,23,3,30,-2.1,0,0,0,0.26,975,24.6,299,1.3
2013,6,23,4,30,-1.4000000000000001,0,0,0,0.26,976,22.900000000000002,286,1.4000000000000001
2013,6,23,5,30,-0.5,0,0,0,0.26,976,21.6,287,1.6
2013,6,23,6,30,0.30000000000000004,0,0,0,0.26,976,20.400000000000002,286,1.6
2013,6,23,7,30,1.2000000000000002,0,0,0,0.26,976,19.200000000000003,278,1.5
2013,6,23,8,30,2,0,0,0,0.26,976,18.1,269,1.4000000000000001
2013,6,23,9,30,2.8000000000000003,0,0,0,0.26,976,17.2,264,1.3
2013,6,23,10,30,3.4000000000000004,0,0,0,0.26,976,16.5,262,1.3
2013,6,23,11,30,4.2,0,0,0,0.26,976,15.700000000000001,264,1.2000000000000002
2013,6,23,12,30,5.300000000000001,0,0,0,0.26,977,16.1,268,1.7000000000000002
2013,6,23,13,30,6.6000000000000005,37,402,90,0.26,977,17.900000000000002,288,2.4000000000000004
2013,6,23,14,30,8.6,65,661,281,0.26,977,19.8,314,2.7
2013,6,23,15,30,9.200000000000001,81,787,487,0.26,977,21.700000000000003,323,2.5
2013,6,23,16,30,9.5,97,848,678,0.26,977,23.400000000000002,320,2.4000000000000004
2013,6,23,17,30,9.700000000000001,109,881,835,0.26,977,24.8,312,2.6
2013,6,23,18,30,10,118,900,947,0.26,976,26.3,309,3
2013,6,23,19,30,10.200000000000001,423,401,813,0.26,976,28.1,313,3.4000000000000004
2013,6,23,20,30,10.200000000000001,490,220,704,0.26,975,29.400000000000002,317,3.9000000000000004
2013,6,23,21,30,9.9,384,454,802,0.26,975,29.200000000000003,320,4.1000000000000005
2013,6,23,22,30,9.5,377,305,628,0.26,974,28.200000000000003,319,4.2
2013,6,23,23,30,9,310,236,472,0.26,974,27.700000000000003,318,4.2
2013,6,24,0,30,8.4,136,623,457,0.26,974,26.900000000000002,317,4.1000000000000005
2013,6,24,1,30,7.7,105,458,256,0.26,974,26,314,3.7
2013,6,24,2,30,7.1000000000000005,52,175,76,0.26,974,23.700000000000003,304,2.5
2013,6,24,3,30,7.1000000000000005,0,0,0,0.26,975,21.5,290,2.1
2013,6,24,4,30,7.800000000000001,0,0,0,0.26,975,20.5,281,2.6
2013,6,24,5,30,9.3,0,0,0,0.26,976,19.400000000000002,273,2.8000000000000003
2013,6,24,6,30,11,0,0,0,0.26,976,18.400000000000002,263,2.6
2013,6,24,7,30,12.200000000000001,0,0,0,0.26,976,17.8,255,2.4000000000000004
2013,6,24,8,30,13,0,0,0,0.26,975,17.3,248,2
2013,6,24,9,30,13.5,0,0,0,0.26,975,17.1,245,1.7000000000000002
2013,6,24,10,30,13.8,0,0,0,0.26,976,16.900000000000002,241,1.4000000000000001
2013,6,24,11,30,13.9,0,0,0,0.26,976,16.8,230,1.3
2013,6,24,12,30,13.9,0,0,0,0.26,976,17.2,224,1.8
2013,6,24,13,30,13.9,39,329,83,0.26,976,18.400000000000002,237,2.1
2013,6,24,14,30,14,124,64,146,0.26,977,20.200000000000003,257,1.9000000000000001
2013,6,24,15,30,14.100000000000001,172,447,402,0.26,977,21.400000000000002,277,1.5
2013,6,24,16,30,14.200000000000001,306,251,478,0.26,977,22.200000000000003,294,1.3
2013,6,24,17,30,14.200000000000001,390,245,592,0.26,977,23.400000000000002,298,1.3
2013,6,24,18,30,14.100000000000001,459,199,643,0.26,977,25.5,293,1.6
2013,6,24,19,30,13.9,426,44,469,0.26,977,27.6,296,1.9000000000000001
2013,6,24,20,30,13.600000000000001,416,486,889,0.26,976,28.8,302,2.5
2013,6,24,21,30,13.200000000000001,293,646,888,0.26,976,29.200000000000003,306,3.1
2013,6,24,22,30,13,122,838,813,0.26,976,29.1,307,3.5
2013,6,24,23,30,12.9,109,796,656,0.26,976,28.900000000000002,307,3.7
2013,6,25,0,30,12.8,83,751,471,0.26,976,27.8,307,3.8000000000000003
2013,6,25,1,30,12.700000000000001,62,641,272,0.26,976,26.3,307,3.7
2013,6,25,2,30,12.700000000000001,45,126,62,0.26,976,24.3,305,2.9000000000000004
2013,6,25,3,30,12.9,0,0,0,0.26,977,22.400000000000002,298,2.1
2013,6,25,4,30,13.100000000000001,0,0,0,0.26,978,21.1,287,2
2013,6,25,5,30,13.200000000000001,0,0,0,0.26,978,20.1,274,2
2013,6,25,6,30,13.4,0,0,0,0.26,978,19.3,262,2
2013,6,25,7,30,13.5,0,0,0,0.26,978,18.7,252,1.9000000000000001
2013,6,25,8,30,13.600000000000001,0,0,0,0.26,978,18.2,243,1.4000000000000001
2013,6,25,9,30,13.600000000000001,0,0,0,0.26,979,17.7,232,0.8
2013,6,25,10,30,13.600000000000001,0,0,0,0.26,979,17.3,214,0.6000000000000001
2013,6,25,11,30,13.5,0,0,0,0.26,979,17,190,0.5
2013,6,25,12,30,13.5,0,0,0,0.26,980,17.400000000000002,174,0.6000000000000001
2013,6,25,13,30,13.4,33,400,86,0.26,980,18.8,172,0.6000000000000001
2013,6,25,14,30,13.200000000000001,57,659,272,0.26,981,21.1,255,0.6000000000000001
2013,6,25,15,30,12.9,68,795,476,0.26,981,24,336,1
2013,6,25,16,30,12.600000000000001,77,861,666,0.26,981,26.8,335,1.6
2013,6,25,17,30,12.5,84,900,824,0.26,981,29.400000000000002,332,2.2
2013,6,25,18,30,12.3,91,921,939,0.26,980,31.700000000000003,329,2.7
2013,6,25,19,30,12.3,93,932,999,0.26,980,33.4,326,2.9000000000000004
2013,6,25,20,30,12.3,93,933,1000,0.26,979,34.5,321,3.1
2013,6,25,21,30,12.3,103,905,937,0.26,979,34.9,316,3.4000000000000004
2013,6,25,22,30,12.4,99,880,824,0.26,978,34.800000000000004,311,3.6
2013,6,25,23,30,12.5,90,837,666,0.26,978,34.6,310,3.7
2013,6,26,0,30,12.8,75,779,478,0.26,977,32.9,305,4
2013,6,26,1,30,13.100000000000001,59,656,275,0.26,978,31.1,302,3.7
2013,6,26,2,30,13.5,34,400,88,0.26,978,28.5,294,2.7
2013,6,26,3,30,13.8,0,0,0,0.26,978,26.200000000000003,282,2.2
2013,6,26,4,30,14.100000000000001,0,0,0,0.26,979,24.8,272,2.4000000000000004
2013,6,26,5,30,14.3,0,0,0,0.26,979,23.5,266,2.4000000000000004
2013,6,26,6,30,14.5,0,0,0,0.26,979,22.5,261,2.3000000000000003
2013,6,26,7,30,14.600000000000001,0,0,0,0.26,979,21.6,259,2
2013,6,26,8,30,14.700000000000001,0,0,0,0.26,979,20.900000000000002,260,1.6
2013,6,26,9,30,14.700000000000001,0,0,0,0.26,979,20.200000000000003,260,1.2000000000000002
2013,6,26,10,30,14.700000000000001,0,0,0,0.26,980,19.5,257,1
2013,6,26,11,30,14.8,0,0,0,0.26,980,19,252,0.9
2013,6,26,12,30,14.8,0,0,0,0.26,981,19.200000000000003,250,1.2000000000000002
2013,6,26,13,30,14.8,35,376,84,0.26,981,20.900000000000002,271,1.6
2013,6,26,14,30,14.700000000000001,62,638,269,0.26,982,23.200000000000003,305,1.7000000000000002
2013,6,26,15,30,14.600000000000001,73,784,476,0.26,982,25.700000000000003,323,1.9000000000000001
2013,6,26,16,30,14.600000000000001,84,851,666,0.26,982,28.200000000000003,330,2.2
2013,6,26,17,30,14.600000000000001,91,895,827,0.26,982,30.700000000000003,329,2.5
2013,6,26,18,30,14.3,91,928,945,0.26,981,32.9,326,2.5
2013,6,26,19,30,13.700000000000001,94,940,1007,0.26,980,34.7,324,2.5
2013,6,26,20,30,12.9,94,941,1008,0.26,980,36.1,325,2.5
2013,6,26,21,30,12.100000000000001,96,926,950,0.26,979,37,327,2.6
2013,6,26,22,30,11.600000000000001,91,902,836,0.26,979,37.4,328,2.8000000000000003
2013,6,26,23,30,11.4,84,862,677,0.26,978,37.4,329,2.9000000000000004
2013,6,27,0,30,11.200000000000001,71,800,485,0.26,978,36.2,330,3.1
2013,6,27,1,30,11.200000000000001,56,680,281,0.26,978,34.300000000000004,331,2.6
2013,6,27,2,30,11.600000000000001,33,432,91,0.26,979,31.1,330,1.7000000000000002
2013,6,27,3,30,11.8,0,0,0,0.26,980,28.400000000000002,322,1.3
2013,6,27,4,30,11.9,0,0,0,0.26,980,27.1,308,1.3
2013,6,27,5,30,11.9,0,0,0,0.26,981,25.900000000000002,298,1.4000000000000001
2013,6,27,6,30,12,0,0,0,0.26,981,24.8,295,1.4000000000000001
2013,6,27,7,30,11.9,0,0,0,0.26,981,23.900000000000002,297,1.4000000000000001
2013,6,27,8,30,11.8,0,0,0,0.26,981,23.1,297,1.3
2013,6,27,9,30,11.8,0,0,0,0.26,981,22.200000000000003,294,1.2000000000000002
2013,6,27,10,30,11.8,0,0,0,0.26,981,21.400000000000002,290,1.1
2013,6,27,11,30,11.8,0,0,0,0.26,982,20.6,282,1
2013,6,27,12,30,11.9,0,0,0,0.26,982,20.8,270,1.3
2013,6,27,13,30,12,32,418,86,0.26,983,22.400000000000002,265,1.6
2013,6,27,14,30,12.100000000000001,56,671,273,0.26,983,24.8,261,1.5
2013,6,27,15,30,12.4,69,796,477,0.26,983,27.8,261,1.3
2013,6,27,16,30,12.9,79,863,668,0.26,983,30.900000000000002,282,1.2000000000000002
2013,6,27,17,30,13.200000000000001,86,905,829,0.26,983,33.800000000000004,308,1.5
2013,6,27,18,30,13.4,91,928,944,0.26,983,36.2,324,1.9000000000000001
2013,6,27,19,30,13.100000000000001,92,942,1007,0.26,982,38,333,2.1
2013,6,27,20,30,12.700000000000001,93,942,1008,0.26,981,39.2,340,2.3000000000000003
2013,6,27,21,30,12.4,103,914,946,0.26,981,39.800000000000004,343,2.5
2013,6,27,22,30,12.100000000000001,98,890,832,0.26,980,39.900000000000006,345,2.7
2013,6,27,23,30,12.100000000000001,89,848,672,0.26,980,39.800000000000004,346,2.9000000000000004
2013,6,28,0,30,12.100000000000001,75,787,483,0.26,980,38.400000000000006,350,3.1
2013,6,28,1,30,12.200000000000001,59,668,279,0.26,980,36.5,351,2.6
2013,6,28,2,30,12.4,34,418,91,0.26,980,33.300000000000004,350,1.6
2013,6,28,3,30,12.4,0,0,0,0.26,981,30.6,342,1.1
2013,6,28,4,30,12.200000000000001,0,0,0,0.26,981,29.400000000000002,326,1.1
2013,6,28,5,30,11.9,0,0,0,0.26,982,28.3,306,1.1
2013,6,28,6,30,11.700000000000001,0,0,0,0.26,982,27.1,293,1.2000000000000002
2013,6,28,7,30,11.3,0,0,0,0.26,982,26.1,287,1.2000000000000002
2013,6,28,8,30,10.8,0,0,0,0.26,982,25.1,286,1.2000000000000002
2013,6,28,9,30,10.200000000000001,0,0,0,0.26,981,24.3,285,1.1
2013,6,28,10,30,9.5,0,0,0,0.26,981,23.6,282,1
2013,6,28,11,30,8.9,0,0,0,0.26,981,23.1,272,0.9
2013,6,28,12,30,8.4,0,0,0,0.26,981,23.6,257,1
2013,6,28,13,30,8.3,34,390,84,0.26,982,26,255,1.4000000000000001
2013,6,28,14,30,8.5,62,650,272,0.26,982,29,277,1.9000000000000001
2013,6,28,15,30,9.200000000000001,75,789,479,0.26,982,31.700000000000003,298,2.3000000000000003
2013,6,28,16,30,10,86,859,671,0.26,982,34.4,309,2.6
2013,6,28,17,30,10.3,93,901,833,0.26,981,36.7,315,2.7
2013,6,28,18,30,10.4,110,909,946,0.26,981,38.800000000000004,320,2.6
2013,6,28,19,30,10.200000000000001,112,923,1008,0.26,980,40.400000000000006,325,2.4000000000000004
2013,6,28,20,30,9.8,110,925,1009,0.26,979,41.7,330,2.2
2013,6,28,21,30,9.3,103,923,954,0.26,978,42.400000000000006,335,2.2
2013,6,28,22,30,8.8,97,901,841,0.26,978,42.6,339,2.3000000000000003
2013,6,28,23,30,8.4,89,860,680,0.26,977,42.5,340,2.4000000000000004
2013,6,29,0,30,8.1,77,796,490,0.26,977,41.1,341,2.7
2013,6,29,1,30,8,61,675,284,0.26,977,38.7,336,2
2013,6,29,2,30,8.3,35,421,92,0.26,977,35,319,1.3
2013,6,29,3,30,8.5,0,0,0,0.26,978,32,297,1.4000000000000001
2013,6,29,4,30,8.4,0,0,0,0.26,978,30.400000000000002,286,1.6
2013,6,29,5,30,8.200000000000001,0,0,0,0.26,979,29.1,284,1.7000000000000002
2013,6,29,6,30,7.800000000000001,0,0,0,0.26,979,27.900000000000002,281,1.7000000000000002
2013,6,29,7,30,7,0,0,0,0.26,978,26.900000000000002,281,1.6
2013,6,29,8,30,5.800000000000001,0,0,0,0.26,978,26,280,1.4000000000000001
2013,6,29,9,30,4.800000000000001,0,0,0,0.26,978,25.3,276,1.3
2013,6,29,10,30,4.2,0,0,0,0.26,978,24.700000000000003,267,1.1
2013,6,29,11,30,3.8000000000000003,0,0,0,0.26,978,24.3,258,1.1
2013,6,29,12,30,3.5,0,0,0,0.26,978,25,252,1.2000000000000002
2013,6,29,13,30,3.3000000000000003,35,386,84,0.26,978,27.700000000000003,252,1.7000000000000002
2013,6,29,14,30,3.4000000000000004,65,645,272,0.26,978,31,271,2.2
2013,6,29,15,30,4.5,90,752,474,0.26,978,33.800000000000004,297,2.4000000000000004
2013,6,29,16,30,5.4,105,826,668,0.26,978,36.300000000000004,313,2.7
2013,6,29,17,30,6.1000000000000005,115,874,832,0.26,978,38.7,323,3
2013,6,29,18,30,6.6000000000000005,113,914,953,0.26,977,40.7,329,3.1
2013,6,29,19,30,6.6000000000000005,115,927,1015,0.26,977,42.1,331,3.1
2013,6,29,20,30,6.300000000000001,114,926,1014,0.26,976,43,332,3.1
2013,6,29,21,30,6,137,876,945,0.26,975,43.400000000000006,332,3.1
2013,6,29,22,30,5.6000000000000005,129,850,830,0.26,975,43.400000000000006,331,3.2
2013,6,29,23,30,5.2,116,805,671,0.26,974,43.2,331,3.2
2013,6,30,0,30,4.800000000000001,103,721,477,0.26,974,41.800000000000004,329,3.1
2013,6,30,1,30,4.5,78,591,273,0.26,974,39.2,328,2.2
2013,6,30,2,30,4.4,41,336,87,0.26,974,35.2,323,1.3
2013,6,30,3,30,4.3,0,0,0,0.26,975,32.4,317,1.3
2013,6,30,4,30,4,0,0,0,0.26,975,30.900000000000002,314,1.4000000000000001
2013,6,30,5,30,3.6,0,0,0,0.26,975,29.6,315,1.4000000000000001
2013,6,30,6,30,3.4000000000000004,0,0,0,0.26,975,28.400000000000002,319,1.4000000000000001
2013,6,30,7,30,3.2,0,0,0,0.26,975,27.3,321,1.3
2013,6,30,8,30,3,0,0,0,0.26,975,26.6,317,1.2000000000000002
2013,6,30,9,30,3,0,0,0,0.26,975,26.1,305,1.1
2013,6,30,10,30,2.9000000000000004,0,0,0,0.26,975,25.700000000000003,287,1
2013,6,30,11,30,2.8000000000000003,0,0,0,0.26,975,25.5,272,0.9
2013,6,30,12,30,2.8000000000000003,0,0,0,0.26,975,26,264,0.9
2013,6,30,13,30,2.9000000000000004,48,91,59,0.26,976,28,263,1.4000000000000001
2013,6,30,14,30,3.2,136,319,238,0.26,976,30.700000000000003,277,2
2013,6,30,15,30,4,162,552,444,0.26,976,33.1,296,2.2
2013,6,30,16,30,4.7,178,675,637,0.26,976,35.7,308,2.4000000000000004
2013,6,30,17,30,5.300000000000001,187,753,804,0.26,976,38.1,318,2.5
2013,6,30,18,30,5.9,189,797,921,0.26,976,40.2,325,2.6
2013,6,30,19,30,6.1000000000000005,190,819,985,0.26,975,42,331,2.7
2013,6,30,20,30,6,189,821,987,0.26,974,43.2,335,2.8000000000000003
2013,6,30,21,30,6,209,768,917,0.26,974,43.800000000000004,335,2.9000000000000004
2013,6,30,22,30,5.7,202,727,802,0.26,973,43.7,335,3.1
2013,6,30,23,30,5.4,317,185,444,0.26,973,43.5,336,3.1
2007,7,1,0,30,0.1,78,837,513,0.24,979,34.800000000000004,331,3.8000000000000003
2007,7,1,1,30,0,128,114,166,0.24,979,32.300000000000004,333,3
2007,7,1,2,30,0.30000000000000004,37,449,98,0.24,979,28.400000000000002,336,1.8
2007,7,1,3,30,0.7000000000000001,0,0,0,0.24,980,25.400000000000002,335,1.5
2007,7,1,4,30,0.8,0,0,0,0.24,980,24,330,1.6
2007,7,1,5,30,0.7000000000000001,0,0,0,0.24,980,22.8,326,1.7000000000000002
2007,7,1,6,30,0.6000000000000001,0,0,0,0.24,980,21.5,321,1.6
2007,7,1,7,30,0.6000000000000001,0,0,0,0.24,981,20.200000000000003,314,1.5
2007,7,1,8,30,1,0,0,0,0.24,981,18.900000000000002,303,1.3
2007,7,1,9,30,2.1,0,0,0,0.24,981,17.8,291,1.2000000000000002
2007,7,1,10,30,2.7,0,0,0,0.24,981,16.8,279,1.1
2007,7,1,11,30,2.8000000000000003,0,0,0,0.24,981,16.1,267,1
2007,7,1,12,30,2.7,0,0,0,0.24,981,16.5,257,1.2000000000000002
2007,7,1,13,30,2.8000000000000003,34,446,90,0.24,982,18.5,259,1.7000000000000002
2007,7,1,14,30,2.5,60,716,289,0.24,982,21,277,1.9000000000000001
2007,7,1,15,30,2.8000000000000003,70,859,507,0.24,983,23.400000000000002,295,1.8
2007,7,1,16,30,2.8000000000000003,81,922,707,0.24,983,25.900000000000002,306,1.8
2007,7,1,17,30,2.7,89,960,875,0.24,983,28.5,314,1.9000000000000001
2007,7,1,18,30,2.3000000000000003,129,932,984,0.24,982,30.900000000000002,319,2
2007,7,1,19,30,1.8,129,948,1049,0.24,982,33,322,2.1
2007,7,1,20,30,1.2000000000000002,125,953,1052,0.24,981,34.7,325,2.3000000000000003
2007,7,1,21,30,0.30000000000000004,110,960,995,0.24,980,35.9,329,2.5
2007,7,1,22,30,-0.8,105,940,881,0.24,980,36.6,331,2.7
2007,7,1,23,30,-1.8,96,899,715,0.24,979,36.7,332,2.9000000000000004
2007,7,2,0,30,-2.3000000000000003,82,835,516,0.24,979,35.4,335,3.1
2007,7,2,1,30,-2.6,65,713,301,0.24,979,32.800000000000004,339,2.3000000000000003
2007,7,2,2,30,-2,37,455,99,0.24,979,28.6,342,1.4000000000000001
2007,7,2,3,30,-1.8,0,0,0,0.24,980,25.700000000000003,339,1.3
2007,7,2,4,30,-2,0,0,0,0.24,981,24.200000000000003,336,1.4000000000000001
2007,7,2,5,30,-2.4000000000000004,0,0,0,0.24,981,23.1,333,1.4000000000000001
2007,7,2,6,30,-2.4000000000000004,0,0,0,0.24,981,22.1,327,1.3
2007,7,2,7,30,-2.1,0,0,0,0.24,981,21.1,320,1.3
2007,7,2,8,30,-1.3,0,0,0,0.24,981,20.1,309,1.2000000000000002
2007,7,2,9,30,-0.30000000000000004,0,0,0,0.24,981,19.200000000000003,297,1.1
2007,7,2,10,30,0.7000000000000001,0,0,0,0.24,981,18.3,283,1
2007,7,2,11,30,1.3,0,0,0,0.24,982,17.5,268,0.9
2007,7,2,12,30,1.7000000000000002,0,0,0,0.24,982,17.7,255,1.2000000000000002
2007,7,2,13,30,2.1,32,479,91,0.24,983,19.200000000000003,256,1.7000000000000002
2007,7,2,14,30,2.4000000000000004,56,741,292,0.24,983,21.3,270,1.8
2007,7,2,15,30,2.5,64,876,510,0.24,983,23.700000000000003,281,1.8
2007,7,2,16,30,2.5,75,936,711,0.24,983,26.3,292,1.8
2007,7,2,17,30,2.4000000000000004,83,972,879,0.24,983,29,304,2
2007,7,2,18,30,2.2,99,978,997,0.24,983,31.6,314,2.4000000000000004
2007,7,2,19,30,1.7000000000000002,102,989,1061,0.24,982,33.9,320,2.8000000000000003
2007,7,2,20,30,1.2000000000000002,102,988,1062,0.24,982,35.800000000000004,326,3.2
2007,7,2,21,30,0.5,102,976,1002,0.24,981,37,329,3.5
2007,7,2,22,30,0.1,98,947,880,0.24,981,37.4,331,3.6
2007,7,2,23,30,0,91,905,714,0.24,980,37.4,332,3.7
2007,7,3,0,30,0.1,78,842,515,0.24,980,35.9,333,3.7
2007,7,3,1,30,0.4,62,721,300,0.24,980,33.300000000000004,335,2.7
2007,7,3,2,30,1.2000000000000002,36,464,99,0.24,981,29.1,336,1.5
2007,7,3,3,30,1.8,0,0,0,0.24,981,26.1,334,1.3
2007,7,3,4,30,2.2,0,0,0,0.24,982,24.700000000000003,331,1.3
2007,7,3,5,30,2.5,0,0,0,0.24,982,23.6,325,1.2000000000000002
2007,7,3,6,30,2.6,0,0,0,0.24,982,22.6,315,1.2000000000000002
2007,7,3,7,30,2.7,0,0,0,0.24,982,21.5,304,1.2000000000000002
2007,7,3,8,30,3,0,0,0,0.24,982,20.400000000000002,296,1.2000000000000002
2007,7,3,9,30,3.5,0,0,0,0.24,982,19.5,292,1.2000000000000002
2007,7,3,10,30,4.2,0,0,0,0.24,982,18.7,288,1.1
2007,7,3,11,30,5.1000000000000005,0,0,0,0.24,982,18,283,1.1
2007,7,3,12,30,5.9,0,0,0,0.24,983,18.400000000000002,274,1.2000000000000002
2007,7,3,13,30,6.6000000000000005,33,443,88,0.24,983,20.8,273,1.7000000000000002
2007,7,3,14,30,7.4,59,713,285,0.24,983,23.6,288,2.4000000000000004
2007,7,3,15,30,7.800000000000001,68,855,502,0.24,983,26,301,2.5
2007,7,3,16,30,7.7,79,920,702,0.24,983,28.5,308,2.6
2007,7,3,17,30,7.4,86,958,870,0.24,983,30.900000000000002,315,2.6
2007,7,3,18,30,6.9,102,965,987,0.24,982,33.2,321,2.7
2007,7,3,19,30,6.300000000000001,105,975,1051,0.24,982,35.1,327,2.8000000000000003
2007,7,3,20,30,5.5,105,975,1053,0.24,981,36.800000000000004,334,2.9000000000000004
2007,7,3,21,30,4.6000000000000005,100,969,994,0.24,980,37.800000000000004,338,3.1
2007,7,3,22,30,3.7,95,948,877,0.24,979,38.2,342,3.2
2007,7,3,23,30,3.2,87,910,713,0.24,979,38.1,343,3.2
2007,7,4,0,30,3,72,855,516,0.24,978,36.6,348,3
2007,7,4,1,30,3.1,57,745,303,0.24,978,34.1,350,2.1
2007,7,4,2,30,3.7,34,495,101,0.24,979,30.5,348,1.1
2007,7,4,3,30,4,0,0,0,0.24,979,28.200000000000003,339,0.9
2007,7,4,4,30,4.4,0,0,0,0.24,979,27.200000000000003,329,0.9
2007,7,4,5,30,4.6000000000000005,0,0,0,0.24,979,26.200000000000003,319,1
2007,7,4,6,30,4.800000000000001,0,0,0,0.24,979,25.1,309,1.1
2007,7,4,7,30,5,0,0,0,0.24,979,23.900000000000002,300,1.1
2007,7,4,8,30,5.5,0,0,0,0.24,979,22.700000000000003,294,1.1
2007,7,4,9,30,6.5,0,0,0,0.24,979,21.6,286,1.1
2007,7,4,10,30,7.300000000000001,0,0,0,0.24,979,20.700000000000003,274,1
2007,7,4,11,30,7.7,0,0,0,0.24,979,19.900000000000002,260,1
2007,7,4,12,30,7.9,0,0,0,0.24,979,20.200000000000003,247,0.9
2007,7,4,13,30,8.4,33,430,85,0.24,979,22.700000000000003,241,1.4000000000000001
2007,7,4,14,30,8,61,702,283,0.24,979,25.8,251,1.9000000000000001
2007,7,4,15,30,7.800000000000001,80,818,493,0.24,979,28.6,268,2
2007,7,4,16,30,7.9,93,886,693,0.24,979,31.3,284,2.2
2007,7,4,17,30,7.800000000000001,104,922,857,0.24,979,33.9,297,2.3000000000000003
2007,7,4,18,30,7.5,118,931,971,0.24,978,36.300000000000004,302,2.3000000000000003
2007,7,4,19,30,7,124,936,1031,0.24,977,38.5,302,2
2007,7,4,20,30,6.300000000000001,127,933,1033,0.24,977,40.2,304,1.8
2007,7,4,21,30,5.6000000000000005,196,807,940,0.24,976,41.300000000000004,307,1.9000000000000001
2007,7,4,22,30,4.9,149,829,833,0.24,975,41.800000000000004,313,2
2007,7,4,23,30,4.3,121,818,684,0.24,975,41.900000000000006,316,2.1
2007,7,5,0,30,4,139,561,430,0.24,975,40.5,329,2.1
2007,7,5,1,30,4.1000000000000005,105,374,228,0.24,975,37.7,339,1.5
2007,7,5,2,30,5.300000000000001,46,93,58,0.24,975,34,345,0.9
2007,7,5,3,30,5.4,0,0,0,0.24,976,31.900000000000002,332,0.8
2007,7,5,4,30,5.7,0,0,0,0.24,976,30.700000000000003,283,0.8
2007,7,5,5,30,5.9,0,0,0,0.24,977,29,245,1
2007,7,5,6,30,6,0,0,0,0.24,977,27.5,239,1.1
2007,7,5,7,30,6,0,0,0,0.24,977,26.5,234,1
2007,7,5,8,30,6,0,0,0,0.24,976,25.700000000000003,223,0.9
2007,7,5,9,30,6.1000000000000005,0,0,0,0.24,976,25.200000000000003,213,0.9
2007,7,5,10,30,6.2,0,0,0,0.24,976,24.6,210,0.9
2007,7,5,11,30,6.4,0,0,0,0.24,976,24,213,0.9
2007,7,5,12,30,6.6000000000000005,0,0,0,0.24,977,24.3,217,0.9
2007,7,5,13,30,6.800000000000001,42,247,72,0.24,977,26.5,219,1.3
2007,7,5,14,30,6.800000000000001,87,530,254,0.24,978,29.8,222,1.6
2007,7,5,15,30,6.7,107,704,463,0.24,978,33,234,1.3
2007,7,5,16,30,6.7,127,784,657,0.24,978,36.2,259,1.2000000000000002
2007,7,5,17,30,6.300000000000001,142,831,820,0.24,977,39.300000000000004,287,1.5
2007,7,5,18,30,6,150,861,938,0.24,977,42,306,2
2007,7,5,19,30,5,164,863,1000,0.24,976,43.900000000000006,320,2.5
2007,7,5,20,30,4.5,182,834,992,0.24,976,44.900000000000006,330,2.6
2007,7,5,21,30,4.3,126,894,951,0.24,975,45.300000000000004,332,2.6
2007,7,5,22,30,4.6000000000000005,119,868,835,0.24,975,45,326,2.6
2007,7,5,23,30,4.9,111,819,674,0.24,974,44.800000000000004,321,2.7
2007,7,6,0,30,5.4,107,714,477,0.24,974,42.7,300,3
2007,7,6,1,30,6.1000000000000005,88,543,268,0.24,975,39.6,288,2.5
2007,7,6,2,30,7.2,50,230,81,0.24,975,35.4,278,2.1
2007,7,6,3,30,8.1,0,0,0,0.24,976,32.300000000000004,269,2
2007,7,6,4,30,8.8,0,0,0,0.24,977,30.6,257,1.6
2007,7,6,5,30,9.200000000000001,0,0,0,0.24,977,29.900000000000002,242,1
2007,7,6,6,30,9.1,0,0,0,0.24,977,29.700000000000003,192,0.6000000000000001
2007,7,6,7,30,9,0,0,0,0.24,977,29,141,0.5
2007,7,6,8,30,8.9,0,0,0,0.24,977,28.200000000000003,159,0.6000000000000001
2007,7,6,9,30,9,0,0,0,0.24,977,27.200000000000003,203,0.8
2007,7,6,10,30,9.1,0,0,0,0.24,977,26.1,220,1
2007,7,6,11,30,9.200000000000001,0,0,0,0.24,977,25.400000000000002,216,1.1
2007,7,6,12,30,9.200000000000001,0,0,0,0.24,977,25.700000000000003,207,1.1
2007,7,6,13,30,9.1,48,118,62,0.24,977,27.8,200,1
2007,7,6,14,30,8.700000000000001,120,370,236,0.24,977,30.6,111,0.7000000000000001
2007,7,6,15,30,7.800000000000001,119,661,452,0.24,977,33.6,186,0.7000000000000001
2007,7,6,16,30,6.4,187,608,597,0.24,977,36.7,328,1.2000000000000002
2007,7,6,17,30,5.6000000000000005,192,733,790,0.24,977,39.400000000000006,304,1.8
2007,7,6,18,30,4.800000000000001,283,656,883,0.24,977,41.800000000000004,298,2.3000000000000003
2007,7,6,19,30,4.1000000000000005,188,826,988,0.24,976,43.400000000000006,296,2.7
2007,7,6,20,30,3.7,230,770,977,0.24,976,44.1,294,3.1
2007,7,6,21,30,3.5,153,855,941,0.24,975,44,289,3.5
2007,7,6,22,30,3.4000000000000004,148,824,828,0.24,975,43.2,284,3.8000000000000003
2007,7,6,23,30,3.4000000000000004,146,752,663,0.24,975,42.7,282,4
2007,7,7,0,30,3.5,128,661,471,0.24,975,40,280,4
2007,7,7,1,30,3.7,100,507,267,0.24,975,36.800000000000004,280,3.4000000000000004
2007,7,7,2,30,4.6000000000000005,50,240,82,0.24,976,32.6,280,2.5
2007,7,7,3,30,5.7,0,0,0,0.24,977,29.3,281,1.9000000000000001
2007,7,7,4,30,6.6000000000000005,0,0,0,0.24,978,27.400000000000002,282,1.4000000000000001
2007,7,7,5,30,7.2,0,0,0,0.24,978,25.8,287,0.9
2007,7,7,6,30,7.6000000000000005,0,0,0,0.24,979,24.5,288,0.7000000000000001
2007,7,7,7,30,7.800000000000001,0,0,0,0.24,979,23.400000000000002,280,0.7000000000000001
2007,7,7,8,30,8,0,0,0,0.24,979,22.5,270,0.8
2007,7,7,9,30,8.200000000000001,0,0,0,0.24,979,21.700000000000003,262,0.9
2007,7,7,10,30,8.4,0,0,0,0.24,979,21,254,0.9
2007,7,7,11,30,8.6,0,0,0,0.24,979,20.5,249,0.9
2007,7,7,12,30,8.700000000000001,0,0,0,0.24,979,20.700000000000003,254,0.9
2007,7,7,13,30,8.9,36,344,76,0.24,979,22.400000000000002,278,1.1
2007,7,7,14,30,9.3,68,636,266,0.24,980,25,305,1.2000000000000002
2007,7,7,15,30,9.600000000000001,88,777,478,0.24,980,27.700000000000003,312,1.3
2007,7,7,16,30,9.200000000000001,101,855,677,0.24,980,30.900000000000002,307,1.5
2007,7,7,17,30,7.9,108,904,844,0.24,979,34.2,305,1.9000000000000001
2007,7,7,18,30,6.2,124,915,961,0.24,979,36.9,312,2.3000000000000003
2007,7,7,19,30,4.800000000000001,127,932,1028,0.24,978,38.900000000000006,320,2.7
2007,7,7,20,30,3.7,126,933,1031,0.24,977,39.900000000000006,323,3.3000000000000003
2007,7,7,21,30,2.9000000000000004,120,925,973,0.24,977,40.2,322,3.7
2007,7,7,22,30,2.3000000000000003,115,899,857,0.24,976,39.800000000000004,318,4
2007,7,7,23,30,1.9000000000000001,105,857,694,0.24,976,39.5,316,4.1000000000000005
2007,7,8,0,30,1.7000000000000002,88,796,501,0.24,976,37.2,309,3.9000000000000004
2007,7,8,1,30,1.9000000000000001,69,668,289,0.24,976,34.4,301,3.2
2007,7,8,2,30,2.8000000000000003,39,402,93,0.24,976,30.3,286,2.3000000000000003
2007,7,8,3,30,3.9000000000000004,0,0,0,0.24,977,27,270,2.3000000000000003
2007,7,8,4,30,5,0,0,0,0.24,977,25.3,260,2.4000000000000004
2007,7,8,5,30,5.9,0,0,0,0.24,978,24.1,253,2
2007,7,8,6,30,6.4,0,0,0,0.24,978,23,252,1.5
2007,7,8,7,30,6.6000000000000005,0,0,0,0.24,978,22.1,253,1.2000000000000002
2007,7,8,8,30,6.9,0,0,0,0.24,978,21.200000000000003,250,1
2007,7,8,9,30,7.6000000000000005,0,0,0,0.24,978,20.3,247,0.9
2007,7,8,10,30,8.200000000000001,0,0,0,0.24,978,19.700000000000003,246,0.9
2007,7,8,11,30,8.5,0,0,0,0.24,978,19.200000000000003,240,0.8
2007,7,8,12,30,8.700000000000001,0,0,0,0.24,978,19.3,233,0.8
2007,7,8,13,30,9.200000000000001,37,322,74,0.24,978,20.8,225,0.8
2007,7,8,14,30,9.8,71,616,263,0.24,978,23.3,216,0.5
2007,7,8,15,30,10.100000000000001,89,770,474,0.24,978,26.400000000000002,244,0.30000000000000004
2007,7,8,16,30,9.8,102,849,673,0.24,978,29.700000000000003,305,0.5
2007,7,8,17,30,8.9,110,897,840,0.24,978,32.800000000000004,336,1
2007,7,8,18,30,8.200000000000001,125,913,960,0.24,977,35.4,336,1.7000000000000002
2007,7,8,19,30,7.5,130,924,1024,0.24,976,37.300000000000004,335,2.4000000000000004
2007,7,8,20,30,6.6000000000000005,132,919,1023,0.24,976,38.5,334,2.9000000000000004
2007,7,8,21,30,6,135,898,962,0.24,975,39,331,3.3000000000000003
2007,7,8,22,30,5.9,129,867,844,0.24,975,38.900000000000006,327,3.5
2007,7,8,23,30,5.9,119,818,681,0.24,974,38.7,324,3.5
2007,7,9,0,30,6,87,784,494,0.24,974,36.9,314,3.6
2007,7,9,1,30,6.300000000000001,69,649,283,0.24,974,34.5,305,3.2
2007,7,9,2,30,6.9,39,381,89,0.24,975,31,291,2.7
2007,7,9,3,30,7.7,0,0,0,0.24,975,27.900000000000002,276,2.5
2007,7,9,4,30,8.4,0,0,0,0.24,976,25.8,263,2
2007,7,9,5,30,9,0,0,0,0.24,976,24.3,252,1.5
2007,7,9,6,30,9.3,0,0,0,0.24,977,23.5,245,1.2000000000000002
2007,7,9,7,30,9.600000000000001,0,0,0,0.24,977,22.900000000000002,246,1
2007,7,9,8,30,9.9,0,0,0,0.24,977,22.200000000000003,253,0.9
2007,7,9,9,30,10.200000000000001,0,0,0,0.24,977,21.6,263,0.9
2007,7,9,10,30,10.4,0,0,0,0.24,977,21,271,0.8
2007,7,9,11,30,10.5,0,0,0,0.24,977,20.400000000000002,280,0.7000000000000001
2007,7,9,12,30,10.700000000000001,0,0,0,0.24,978,20.3,288,0.7000000000000001
2007,7,9,13,30,10.9,35,328,72,0.24,978,21.8,303,0.8
2007,7,9,14,30,10.9,69,617,260,0.24,979,24.200000000000003,328,1
2007,7,9,15,30,10.600000000000001,85,771,470,0.24,979,26.8,345,1.2000000000000002
2007,7,9,16,30,10.200000000000001,98,847,666,0.24,979,29.6,351,1.4000000000000001
2007,7,9,17,30,9.4,107,890,830,0.24,978,32.4,353,1.6
2007,7,9,18,30,8.700000000000001,132,883,938,0.24,977,34.800000000000004,355,1.8
2007,7,9,19,30,8,145,880,996,0.24,977,36.800000000000004,354,1.9000000000000001
2007,7,9,20,30,7.300000000000001,156,863,993,0.24,976,38.2,349,2
2007,7,9,21,30,6.9,131,880,942,0.24,975,38.900000000000006,342,2.2
2007,7,9,22,30,6.6000000000000005,124,854,828,0.24,975,38.900000000000006,332,2.5
2007,7,9,23,30,6.5,114,807,669,0.24,974,38.800000000000004,327,2.6
2007,7,10,0,30,6.7,106,709,473,0.24,974,36.7,313,3.3000000000000003
2007,7,10,1,30,7.300000000000001,83,558,266,0.24,975,34,302,3.7
2007,7,10,2,30,8.5,44,279,81,0.24,976,30.200000000000003,291,3.7
2007,7,10,3,30,9.600000000000001,0,0,0,0.24,977,26.8,279,3.3000000000000003
2007,7,10,4,30,10,0,0,0,0.24,978,24.8,268,2.7
2007,7,10,5,30,10.200000000000001,0,0,0,0.24,978,23.5,261,2
2007,7,10,6,30,10.3,0,0,0,0.24,978,22.8,261,1.5
2007,7,10,7,30,10.3,0,0,0,0.24,978,22.3,261,1.3
2007,7,10,8,30,10.3,0,0,0,0.24,978,22,260,1.2000000000000002
2007,7,10,9,30,10.5,0,0,0,0.24,978,21.8,257,1.1
2007,7,10,10,30,10.600000000000001,0,0,0,0.24,978,21.5,255,0.9
2007,7,10,11,30,10.9,0,0,0,0.24,978,21.1,266,0.8
2007,7,10,12,30,11.200000000000001,0,0,0,0.24,979,21.1,279,1.4000000000000001
2007,7,10,13,30,11.3,35,2,36,0.24,979,22.1,278,2.3000000000000003
2007,7,10,14,30,11.3,58,0,58,0.24,979,24.1,276,2.5
2007,7,10,15,30,11,211,164,293,0.24,978,26.700000000000003,290,2.3000000000000003
2007,7,10,16,30,10.4,304,117,383,0.24,978,29.6,310,2.1
2007,7,10,17,30,9.700000000000001,382,251,585,0.24,978,32.1,322,2
2007,7,10,18,30,9.1,429,74,497,0.24,978,33.5,245,2.1
2007,7,10,19,30,8.6,398,511,892,0.24,979,33,161,2.5
2007,7,10,20,30,9,403,516,903,0.24,979,31.1,171,1.8
2007,7,10,21,30,10.600000000000001,379,471,813,0.24,978,30.1,113,1
2007,7,10,22,30,11.700000000000001,337,404,670,0.24,978,30.200000000000003,57,1.4000000000000001
2007,7,10,23,30,12.4,280,43,309,0.24,978,30.3,72,1.9000000000000001
2007,7,11,0,30,13.600000000000001,216,221,331,0.24,978,28.3,64,1.7000000000000002
2007,7,11,1,30,14.700000000000001,118,262,204,0.24,978,26.700000000000003,44,1.3
2007,7,11,2,30,15.3,44,34,48,0.24,979,25.5,41,1.3
2007,7,11,3,30,15.700000000000001,0,0,0,0.24,979,24.400000000000002,22,1.2000000000000002
2007,7,11,4,30,16,0,0,0,0.24,980,23.700000000000003,160,1.2000000000000002
2007,7,11,5,30,15.9,0,0,0,0.24,980,23.1,301,1.1
2007,7,11,6,30,15.700000000000001,0,0,0,0.24,979,22.5,278,0.9
2007,7,11,7,30,15.3,0,0,0,0.24,979,21.8,273,0.9
2007,7,11,8,30,14.9,0,0,0,0.24,979,21.1,272,1
2007,7,11,9,30,14.4,0,0,0,0.24,979,20.5,271,1.1
2007,7,11,10,30,14,0,0,0,0.24,979,20,273,1.2000000000000002
2007,7,11,11,30,13.600000000000001,0,0,0,0.24,980,19.400000000000002,273,1.3
2007,7,11,12,30,13.3,0,0,0,0.24,981,19.400000000000002,274,1.6
2007,7,11,13,30,13.200000000000001,41,183,61,0.24,981,20.6,280,1.9000000000000001
2007,7,11,14,30,13.700000000000001,96,462,238,0.24,982,22.400000000000002,291,1.8
2007,7,11,15,30,14,120,655,445,0.24,982,24.5,303,1.7000000000000002
2007,7,11,16,30,14,133,767,646,0.24,981,26.900000000000002,310,1.7000000000000002
2007,7,11,17,30,13.200000000000001,137,836,815,0.24,981,29.400000000000002,312,1.9000000000000001
2007,7,11,18,30,12.100000000000001,125,898,944,0.24,981,31.6,318,2.1
2007,7,11,19,30,10.9,128,915,1011,0.24,980,33.300000000000004,327,2.3000000000000003
2007,7,11,20,30,10,129,914,1014,0.24,980,34.300000000000004,330,2.7
2007,7,11,21,30,9.3,127,898,954,0.24,979,34.6,326,3.1
2007,7,11,22,30,8.9,123,868,838,0.24,979,34.2,320,3.4000000000000004
2007,7,11,23,30,8.700000000000001,114,820,676,0.24,979,33.7,317,3.5
2007,7,12,0,30,8.6,97,747,483,0.24,979,31.5,309,3.8000000000000003
2007,7,12,1,30,8.6,75,615,276,0.24,980,29.5,303,3.8000000000000003
2007,7,12,2,30,8.5,39,353,85,0.24,980,26.8,294,3.3000000000000003
2007,7,12,3,30,8.4,0,0,0,0.24,981,24.200000000000003,283,2.5
2007,7,12,4,30,8.3,0,0,0,0.24,981,22.5,271,1.6
2007,7,12,5,30,8.5,0,0,0,0.24,981,21.6,259,1
2007,7,12,6,30,8.6,0,0,0,0.24,982,20.900000000000002,253,0.8
2007,7,12,7,30,8.700000000000001,0,0,0,0.24,982,20.5,252,0.8
2007,7,12,8,30,8.700000000000001,0,0,0,0.24,981,20.1,254,0.8
2007,7,12,9,30,8.9,0,0,0,0.24,981,19.6,253,0.9
2007,7,12,10,30,9.1,0,0,0,0.24,981,19.200000000000003,251,0.9
2007,7,12,11,30,9.200000000000001,0,0,0,0.24,982,18.900000000000002,251,0.9
2007,7,12,12,30,9.3,0,0,0,0.24,982,18.8,254,1.1
2007,7,12,13,30,9.4,36,134,50,0.24,983,20.1,267,1.5
2007,7,12,14,30,9.4,65,624,255,0.24,983,22.5,292,1.9000000000000001
2007,7,12,15,30,9.3,99,670,431,0.24,983,25.1,311,2.1
2007,7,12,16,30,9.4,85,873,668,0.24,983,27.8,321,2.2
2007,7,12,17,30,9.4,93,915,834,0.24,983,30.3,329,2.3000000000000003
2007,7,12,18,30,9.200000000000001,111,921,950,0.24,982,32.5,334,2.3000000000000003
2007,7,12,19,30,8.700000000000001,113,935,1015,0.24,981,34.4,335,2.4000000000000004
2007,7,12,20,30,8.200000000000001,113,939,1022,0.24,981,35.7,335,2.6
2007,7,12,21,30,7.7,107,933,965,0.24,980,36.4,334,2.8000000000000003
2007,7,12,22,30,7.1000000000000005,102,910,852,0.24,979,36.4,331,3.1
2007,7,12,23,30,6.6000000000000005,101,843,679,0.24,979,36.300000000000004,329,3.2
2007,7,13,0,30,6,83,794,493,0.24,979,34.5,318,3.5
2007,7,13,1,30,5.6000000000000005,65,673,284,0.24,979,32.1,308,3.2
2007,7,13,2,30,5.5,36,415,90,0.24,980,28.5,293,2.8000000000000003
2007,7,13,3,30,5.6000000000000005,0,0,0,0.24,981,25.400000000000002,279,3
2007,7,13,4,30,6.1000000000000005,0,0,0,0.24,982,23.3,267,3
2007,7,13,5,30,6.7,0,0,0,0.24,982,21.6,258,2.3000000000000003
2007,7,13,6,30,7.1000000000000005,0,0,0,0.24,983,20.5,253,1.6
2007,7,13,7,30,7.4,0,0,0,0.24,983,19.5,249,1.1
2007,7,13,8,30,7.7,0,0,0,0.24,983,18.6,247,1
2007,7,13,9,30,7.800000000000001,0,0,0,0.24,983,17.8,246,1
2007,7,13,10,30,8,0,0,0,0.24,983,17.2,247,1
2007,7,13,11,30,7.9,0,0,0,0.24,983,16.7,249,1
2007,7,13,12,30,7.800000000000001,0,0,0,0.24,983,17.2,252,1.3
2007,7,13,13,30,7.800000000000001,30,384,71,0.24,983,19.200000000000003,272,1.8
2007,7,13,14,30,7.7,58,671,261,0.24,984,21.700000000000003,298,2
2007,7,13,15,30,7.800000000000001,72,812,473,0.24,984,24.3,310,2
2007,7,13,16,30,8.200000000000001,84,879,670,0.24,984,26.900000000000002,314,2.1
2007,7,13,17,30,8.5,92,920,836,0.24,983,29.6,318,2.2
2007,7,13,18,30,8.4,109,927,953,0.24,983,32.1,323,2.3000000000000003
2007,7,13,19,30,8,113,938,1017,0.24,982,34.2,329,2.4000000000000004
2007,7,13,20,30,7.2,114,935,1018,0.24,982,35.6,334,2.5
2007,7,13,21,30,6.5,121,910,957,0.24,981,36.4,338,2.7
2007,7,13,22,30,6.1000000000000005,115,884,843,0.24,980,36.5,341,2.8000000000000003
2007,7,13,23,30,5.9,105,841,681,0.24,980,36.4,343,2.8000000000000003
2007,7,14,0,30,5.800000000000001,91,765,486,0.24,980,34.9,344,2.9000000000000004
2007,7,14,1,30,5.7,71,633,277,0.24,980,32.6,344,2.2
2007,7,14,2,30,6,39,361,85,0.24,980,29.3,341,1.4000000000000001
2007,7,14,3,30,6.1000000000000005,0,0,0,0.24,981,26.900000000000002,327,1.2000000000000002
2007,7,14,4,30,6.1000000000000005,0,0,0,0.24,981,25.6,303,1.3
2007,7,14,5,30,6.300000000000001,0,0,0,0.24,981,24.3,283,1.3
2007,7,14,6,30,6.6000000000000005,0,0,0,0.24,981,23.1,273,1.4000000000000001
2007,7,14,7,30,7,0,0,0,0.24,981,22,267,1.4000000000000001
2007,7,14,8,30,7.6000000000000005,0,0,0,0.24,981,21.1,265,1.5
2007,7,14,9,30,8.700000000000001,0,0,0,0.24,981,20.200000000000003,265,1.5
2007,7,14,10,30,9.600000000000001,0,0,0,0.24,981,19.700000000000003,264,1.6
2007,7,14,11,30,10.3,0,0,0,0.24,981,19.3,258,1.6
2007,7,14,12,30,10.700000000000001,0,0,0,0.24,982,19.6,252,1.9000000000000001
2007,7,14,13,30,11,35,78,43,0.24,982,20.8,253,2.2
2007,7,14,14,30,11.100000000000001,94,362,203,0.24,983,22.700000000000003,262,2
2007,7,14,15,30,10.9,151,488,391,0.24,983,24.700000000000003,271,1.7000000000000002
2007,7,14,16,30,10.8,181,612,588,0.24,983,26.8,279,1.5
2007,7,14,17,30,10.5,132,819,794,0.24,983,28.900000000000002,290,1.3
2007,7,14,18,30,10.200000000000001,341,546,838,0.24,982,30.700000000000003,305,1.2000000000000002
2007,7,14,19,30,10,416,439,838,0.24,982,32.300000000000004,320,1.3
2007,7,14,20,30,9.700000000000001,476,99,572,0.24,981,33.800000000000004,329,1.5
2007,7,14,21,30,9.3,352,539,846,0.24,980,35,330,1.7000000000000002
2007,7,14,22,30,9,286,550,739,0.24,979,35.6,329,2
2007,7,14,23,30,9,270,35,294,0.24,979,35.7,329,2.1
2007,7,15,0,30,9,188,375,381,0.24,979,34.300000000000004,333,2.3000000000000003
2007,7,15,1,30,9.1,97,411,230,0.24,979,32.300000000000004,336,1.9000000000000001
2007,7,15,2,30,9.700000000000001,44,245,75,0.24,979,29.700000000000003,335,1.2000000000000002
2007,7,15,3,30,9.8,0,0,0,0.24,979,27.8,329,1
2007,7,15,4,30,9.9,0,0,0,0.24,979,26.8,315,0.9
2007,7,15,5,30,9.9,0,0,0,0.24,980,25.8,292,1
2007,7,15,6,30,10,0,0,0,0.24,980,24.8,274,1.1
2007,7,15,7,30,10,0,0,0,0.24,979,23.900000000000002,266,1.2000000000000002
2007,7,15,8,30,10,0,0,0,0.24,979,23.1,268,1.4000000000000001
2007,7,15,9,30,9.9,0,0,0,0.24,979,22.200000000000003,276,1.4000000000000001
2007,7,15,10,30,9.700000000000001,0,0,0,0.24,980,21.200000000000003,280,1.3
2007,7,15,11,30,9.5,0,0,0,0.24,980,20.400000000000002,274,1.2000000000000002
2007,7,15,12,30,9.200000000000001,0,0,0,0.24,980,20.3,265,1.6
2007,7,15,13,30,9.1,34,144,48,0.24,981,21.400000000000002,272,2
2007,7,15,14,30,8.9,79,515,234,0.24,981,23.400000000000002,288,2.1
2007,7,15,15,30,9,105,673,436,0.24,981,26,298,2.1
2007,7,15,16,30,9.200000000000001,122,763,629,0.24,981,28.900000000000002,306,2.2
2007,7,15,17,30,9.200000000000001,134,814,791,0.24,981,31.700000000000003,313,2.3000000000000003
2007,7,15,18,30,9.1,138,850,910,0.24,980,34.2,318,2.4000000000000004
2007,7,15,19,30,9.1,141,864,973,0.24,980,36.2,326,2.6
2007,7,15,20,30,9.3,141,865,977,0.24,979,37.5,331,2.7
2007,7,15,21,30,9.5,148,837,917,0.24,978,38.2,333,2.8000000000000003
2007,7,15,22,30,9.5,140,810,805,0.24,977,38.300000000000004,335,2.8000000000000003
2007,7,15,23,30,9.600000000000001,127,764,649,0.24,977,38.2,336,2.9000000000000004
2007,7,16,0,30,9.600000000000001,119,655,455,0.24,977,36.800000000000004,336,3
2007,7,16,1,30,9.5,89,512,255,0.24,977,34.800000000000004,335,2.4000000000000004
2007,7,16,2,30,9.5,44,244,75,0.24,977,31.5,330,1.5
2007,7,16,3,30,9.4,0,0,0,0.24,977,29.1,326,1.4000000000000001
2007,7,16,4,30,9.1,0,0,0,0.24,978,27.700000000000003,320,1.5
2007,7,16,5,30,8.9,0,0,0,0.24,978,26.5,314,1.7000000000000002
2007,7,16,6,30,8.8,0,0,0,0.24,978,25.5,307,1.8
2007,7,16,7,30,9,0,0,0,0.24,978,24.400000000000002,299,1.8
2007,7,16,8,30,9.4,0,0,0,0.24,978,23.3,292,1.5
2007,7,16,9,30,10.100000000000001,0,0,0,0.24,978,22.3,287,1.3
2007,7,16,10,30,10.9,0,0,0,0.24,978,21.400000000000002,282,1.1
2007,7,16,11,30,11.8,0,0,0,0.24,979,20.6,273,1
2007,7,16,12,30,12.4,0,0,0,0.24,979,20.5,265,1.3
2007,7,16,13,30,13.100000000000001,32,268,59,0.24,979,21.5,272,1.8
2007,7,16,14,30,13.8,68,569,238,0.24,980,23.400000000000002,284,1.9000000000000001
2007,7,16,15,30,14.100000000000001,82,743,446,0.24,980,25.8,293,2
2007,7,16,16,30,14,95,821,640,0.24,979,28.5,304,2.2
2007,7,16,17,30,13.700000000000001,106,866,804,0.24,979,31.200000000000003,313,2.5
2007,7,16,18,30,12.9,129,869,918,0.24,979,33.6,321,2.8000000000000003
2007,7,16,19,30,11.9,132,886,985,0.24,978,35.5,328,3
2007,7,16,20,30,10.9,131,891,991,0.24,977,36.800000000000004,334,3.1
2007,7,16,21,30,10.200000000000001,127,883,937,0.24,976,37.4,335,3.2
2007,7,16,22,30,9.600000000000001,121,856,823,0.24,976,37.4,332,3.3000000000000003
2007,7,16,23,30,9.1,111,810,665,0.24,975,37.300000000000004,331,3.4000000000000004
2007,7,17,0,30,8.700000000000001,93,742,474,0.24,975,35.6,321,3.6
2007,7,17,1,30,8.200000000000001,72,604,267,0.24,975,33.4,310,3.2
2007,7,17,2,30,7.800000000000001,38,330,79,0.24,976,30.1,295,2.7
2007,7,17,3,30,7,0,0,0,0.24,976,27.400000000000002,283,3
2007,7,17,4,30,6.300000000000001,0,0,0,0.24,977,25.5,278,3.2
2007,7,17,5,30,5.800000000000001,0,0,0,0.24,978,23.8,274,3
2007,7,17,6,30,5.7,0,0,0,0.24,978,22.5,270,2.8000000000000003
2007,7,17,7,30,5.7,0,0,0,0.24,977,21.3,268,2.5
2007,7,17,8,30,5.9,0,0,0,0.24,977,20.400000000000002,269,2.1
2007,7,17,9,30,6.2,0,0,0,0.24,977,19.6,272,1.7000000000000002
2007,7,17,10,30,6.7,0,0,0,0.24,977,18.900000000000002,274,1.4000000000000001
2007,7,17,11,30,7.300000000000001,0,0,0,0.24,977,18.2,275,1.2000000000000002
2007,7,17,12,30,7.9,0,0,0,0.24,978,18.3,279,1.4000000000000001
2007,7,17,13,30,8.4,30,304,60,0.24,978,19.700000000000003,298,1.8
2007,7,17,14,30,8.700000000000001,63,609,244,0.24,978,21.8,320,2.1
2007,7,17,15,30,8.9,77,772,454,0.24,979,24.1,328,2.1
2007,7,17,16,30,8.9,91,849,653,0.24,979,26.5,328,2.3000000000000003
2007,7,17,17,30,8.8,100,894,819,0.24,978,29.1,327,2.5
2007,7,17,18,30,8.6,123,895,935,0.24,978,31.5,328,2.7
2007,7,17,19,30,8.200000000000001,125,913,1003,0.24,977,33.5,331,2.8000000000000003
2007,7,17,20,30,7.800000000000001,123,917,1008,0.24,977,34.9,334,2.9000000000000004
2007,7,17,21,30,7.1000000000000005,125,898,948,0.24,976,35.5,336,3
2007,7,17,22,30,6.5,115,881,837,0.24,975,35.6,336,3
2007,7,17,23,30,6,102,842,676,0.24,975,35.4,336,2.9000000000000004
2007,7,18,0,30,5.5,87,774,484,0.24,974,33.800000000000004,333,2.7
2007,7,18,1,30,5.2,66,649,275,0.24,974,31.400000000000002,325,2.1
2007,7,18,2,30,5.300000000000001,35,376,82,0.24,975,27.900000000000002,305,1.6
2007,7,18,3,30,5.5,0,0,0,0.24,976,25.200000000000003,283,1.8
2007,7,18,4,30,6.2,0,0,0,0.24,976,23.5,269,2.3000000000000003
2007,7,18,5,30,7.300000000000001,0,0,0,0.24,977,22,258,2.7
2007,7,18,6,30,8.700000000000001,0,0,0,0.24,977,20.700000000000003,252,2.7
2007,7,18,7,30,10.100000000000001,0,0,0,0.24,978,19.700000000000003,252,2.4000000000000004
2007,7,18,8,30,11.200000000000001,0,0,0,0.24,978,18.900000000000002,252,2
2007,7,18,9,30,12,0,0,0,0.24,978,18.3,251,1.7000000000000002
2007,7,18,10,30,12.600000000000001,0,0,0,0.24,978,17.7,252,1.6
2007,7,18,11,30,13,0,0,0,0.24,978,17.2,252,1.5
2007,7,18,12,30,13.4,0,0,0,0.24,979,17.3,251,1.7000000000000002
2007,7,18,13,30,13.5,27,338,60,0.24,979,18.900000000000002,269,2.1
2007,7,18,14,30,13.3,56,644,246,0.24,979,21.400000000000002,297,2.2
2007,7,18,15,30,13.200000000000001,70,790,455,0.24,980,24.1,313,2.4000000000000004
2007,7,18,16,30,12.9,82,862,651,0.24,979,26.700000000000003,319,2.7
2007,7,18,17,30,12.600000000000001,91,903,817,0.24,979,29.3,320,2.9000000000000004
2007,7,18,18,30,12,106,916,935,0.24,979,31.400000000000002,317,3
2007,7,18,19,30,11.3,109,927,1000,0.24,978,33.1,315,3.1
2007,7,18,20,30,10.700000000000001,111,924,1002,0.24,977,34.1,314,3.2
2007,7,18,21,30,10.3,115,902,942,0.24,977,34.6,314,3.3000000000000003
2007,7,18,22,30,10.200000000000001,112,873,828,0.24,976,34.5,314,3.4000000000000004
2007,7,18,23,30,10.3,103,828,667,0.24,976,34.2,313,3.4000000000000004
2007,7,19,0,30,10.5,79,778,477,0.24,975,32.4,309,3.5
2007,7,19,1,30,11,62,647,269,0.24,976,30.400000000000002,303,3.2
2007,7,19,2,30,11.600000000000001,34,368,79,0.24,976,27.700000000000003,291,2.7
2007,7,19,3,30,12.200000000000001,0,0,0,0.24,977,25.5,280,2.9000000000000004
2007,7,19,4,30,12.8,0,0,0,0.24,977,24,274,3.3000000000000003
2007,7,19,5,30,13.100000000000001,0,0,0,0.24,978,22.700000000000003,272,3.2
2007,7,19,6,30,13,0,0,0,0.24,978,21.700000000000003,274,2.9000000000000004
2007,7,19,7,30,12.600000000000001,0,0,0,0.24,978,20.900000000000002,280,2.7
2007,7,19,8,30,12,0,0,0,0.24,978,20.200000000000003,286,2.6
2007,7,19,9,30,11.200000000000001,0,0,0,0.24,978,19.5,291,2.4000000000000004
2007,7,19,10,30,10.3,0,0,0,0.24,978,18.8,292,2.1
2007,7,19,11,30,9.3,0,0,0,0.24,978,18.1,291,1.7000000000000002
2007,7,19,12,30,8.700000000000001,0,0,0,0.24,978,18,288,1.9000000000000001
2007,7,19,13,30,8.6,28,312,58,0.24,979,19.200000000000003,299,2.3000000000000003
2007,7,19,14,30,9.200000000000001,60,621,241,0.24,979,21.3,314,2.5
2007,7,19,15,30,10.100000000000001,70,790,454,0.24,979,23.6,321,2.6
2007,7,19,16,30,11,83,861,650,0.24,979,25.900000000000002,324,2.6
2007,7,19,17,30,11.600000000000001,92,904,816,0.24,979,28.400000000000002,326,2.6
2007,7,19,18,30,11.9,112,906,932,0.24,978,30.5,327,2.7
2007,7,19,19,30,11.8,116,918,997,0.24,978,32.300000000000004,329,2.7
2007,7,19,20,30,11.3,117,918,1001,0.24,977,33.4,332,2.7
2007,7,19,21,30,10.700000000000001,105,921,948,0.24,976,34.1,333,2.8000000000000003
2007,7,19,22,30,10.100000000000001,101,895,834,0.24,976,34.300000000000004,333,2.9000000000000004
2007,7,19,23,30,9.5,93,852,673,0.24,975,34.2,333,3
2007,7,20,0,30,9,75,798,482,0.24,975,32.9,334,3.1
2007,7,20,1,30,8.6,59,671,273,0.24,975,31,335,2.7
2007,7,20,2,30,8.200000000000001,32,402,80,0.24,975,28,336,1.9000000000000001
2007,7,20,3,30,7.5,0,0,0,0.24,976,25.700000000000003,335,1.6
2007,7,20,4,30,6.300000000000001,0,0,0,0.24,976,24.8,334,1.8
2007,7,20,5,30,5.1000000000000005,0,0,0,0.24,977,23.900000000000002,333,2.2
2007,7,20,6,30,4.3,0,0,0,0.24,977,22.8,329,2.3000000000000003
2007,7,20,7,30,4.4,0,0,0,0.24,977,21.400000000000002,321,1.9000000000000001
2007,7,20,8,30,5.1000000000000005,0,0,0,0.24,977,20.1,310,1.6
2007,7,20,9,30,6.2,0,0,0,0.24,977,19,297,1.4000000000000001
2007,7,20,10,30,7.2,0,0,0,0.24,977,18.1,290,1.3
2007,7,20,11,30,7.800000000000001,0,0,0,0.24,978,17.400000000000002,287,1.2000000000000002
2007,7,20,12,30,8,0,0,0,0.24,978,17.5,283,1.3
2007,7,20,13,30,8.1,27,346,59,0.24,979,19.3,289,1.8
2007,7,20,14,30,7.9,56,662,248,0.24,979,21.8,304,2
2007,7,20,15,30,7.6000000000000005,69,817,464,0.24,979,24.6,311,1.9000000000000001
2007,7,20,16,30,7.4,80,890,665,0.24,979,27.400000000000002,315,2
2007,7,20,17,30,7.2,88,932,834,0.24,979,30.1,318,2.1
2007,7,20,18,30,6.800000000000001,99,948,956,0.24,979,32.4,322,2.3000000000000003
2007,7,20,19,30,6.300000000000001,103,958,1022,0.24,978,34,325,2.4000000000000004
2007,7,20,20,30,5.6000000000000005,104,957,1026,0.24,977,35.2,328,2.5
2007,7,20,21,30,4.9,109,934,963,0.24,977,35.800000000000004,332,2.6
2007,7,20,22,30,4.4,105,907,847,0.24,976,36,335,2.8000000000000003
2007,7,20,23,30,4,96,863,683,0.24,976,35.9,336,3
2007,7,21,0,30,3.7,77,810,489,0.24,976,34.5,343,3.1
2007,7,21,1,30,3.6,60,684,277,0.24,976,32.1,349,2.3000000000000003
2007,7,21,2,30,3.8000000000000003,32,410,81,0.24,977,28.5,354,1.4000000000000001
2007,7,21,3,30,3.8000000000000003,0,0,0,0.24,977,25.900000000000002,353,1.2000000000000002
2007,7,21,4,30,3.5,0,0,0,0.24,978,24.700000000000003,346,1.2000000000000002
2007,7,21,5,30,3.2,0,0,0,0.24,978,23.5,337,1.2000000000000002
2007,7,21,6,30,3.1,0,0,0,0.24,979,22.400000000000002,329,1.2000000000000002
2007,7,21,7,30,3.4000000000000004,0,0,0,0.24,979,21.3,320,1.2000000000000002
2007,7,21,8,30,4.6000000000000005,0,0,0,0.24,979,20.200000000000003,310,1.1
2007,7,21,9,30,7.1000000000000005,0,0,0,0.24,979,19.200000000000003,299,1.1
2007,7,21,10,30,9.4,0,0,0,0.24,979,18.2,284,1
2007,7,21,11,30,10.8,0,0,0,0.24,979,17.5,265,0.9
2007,7,21,12,30,11.600000000000001,0,0,0,0.24,980,17.6,248,1.3
2007,7,21,13,30,12.3,26,351,58,0.24,980,19.1,241,1.7000000000000002
2007,7,21,14,30,12.600000000000001,54,663,246,0.24,981,22,247,1.8
2007,7,21,15,30,11.9,65,818,460,0.24,981,25.200000000000003,263,1.7000000000000002
2007,7,21,16,30,11.100000000000001,75,891,660,0.24,981,28.1,285,1.7000000000000002
2007,7,21,17,30,10.100000000000001,82,933,829,0.24,981,30.900000000000002,303,1.9000000000000001
2007,7,21,18,30,9.1,100,940,949,0.24,981,33.4,316,2.2
2007,7,21,19,30,7.7,105,951,1015,0.24,980,35.4,326,2.5
2007,7,21,20,30,6.800000000000001,107,948,1019,0.24,980,36.5,333,2.8000000000000003
2007,7,21,21,30,6.300000000000001,102,942,962,0.24,979,37.1,338,3
2007,7,21,22,30,6,98,913,844,0.24,979,37,342,3.1
2007,7,21,23,30,5.9,90,870,681,0.24,979,36.800000000000004,344,3.1
2007,7,22,0,30,5.800000000000001,74,810,485,0.24,978,35.2,350,3
2007,7,22,1,30,6,57,686,274,0.24,979,32.6,178,2.1
2007,7,22,2,30,7.4,31,417,80,0.24,979,29.200000000000003,9,1.2000000000000002
2007,7,22,3,30,7.2,0,0,0,0.24,980,27.200000000000003,13,1
2007,7,22,4,30,7.300000000000001,0,0,0,0.24,980,26.400000000000002,177,0.9
2007,7,22,5,30,7.300000000000001,0,0,0,0.24,980,25.3,332,0.9
2007,7,22,6,30,7.300000000000001,0,0,0,0.24,981,24.1,316,0.9
2007,7,22,7,30,7.2,0,0,0,0.24,981,22.900000000000002,312,1
2007,7,22,8,30,7.2,0,0,0,0.24,981,21.900000000000002,309,1
2007,7,22,9,30,7.6000000000000005,0,0,0,0.24,981,20.900000000000002,300,0.9
2007,7,22,10,30,8.3,0,0,0,0.24,981,19.900000000000002,283,0.9
2007,7,22,11,30,8.9,0,0,0,0.24,981,19,266,0.9
2007,7,22,12,30,9.600000000000001,0,0,0,0.24,982,19,254,1.4000000000000001
2007,7,22,13,30,10.200000000000001,26,327,55,0.24,982,20.3,253,2
2007,7,22,14,30,10.600000000000001,58,638,240,0.24,983,22.700000000000003,260,2.1
2007,7,22,15,30,10.9,74,787,452,0.24,983,25.6,271,2.1
2007,7,22,16,30,11.100000000000001,87,858,649,0.24,983,28.5,288,2.1
2007,7,22,17,30,11,96,900,815,0.24,982,31.1,304,2.4000000000000004
2007,7,22,18,30,10.600000000000001,108,915,933,0.24,982,33.6,317,2.6
2007,7,22,19,30,9.9,114,924,998,0.24,981,35.6,326,2.9000000000000004
2007,7,22,20,30,9.200000000000001,116,920,1000,0.24,980,37.1,334,3
2007,7,22,21,30,8.6,120,898,940,0.24,979,38,340,3.1
2007,7,22,22,30,8.200000000000001,115,867,823,0.24,979,38.2,346,3.2
2007,7,22,23,30,7.9,105,821,662,0.24,979,38.2,348,3.2
2007,7,23,0,30,7.7,87,754,469,0.24,978,36.9,349,2.9000000000000004
2007,7,23,1,30,7.7,67,621,262,0.24,978,34.4,349,2
2007,7,23,2,30,8.700000000000001,34,336,73,0.24,978,30.700000000000003,343,1.2000000000000002
2007,7,23,3,30,8.8,0,0,0,0.24,979,28.400000000000002,335,1.1
2007,7,23,4,30,9.1,0,0,0,0.24,979,27.3,332,1.1
2007,7,23,5,30,9.5,0,0,0,0.24,979,26.3,331,1.2000000000000002
2007,7,23,6,30,10.100000000000001,0,0,0,0.24,980,25.5,326,1.2000000000000002
2007,7,23,7,30,10.600000000000001,0,0,0,0.24,980,24.8,317,1.2000000000000002
2007,7,23,8,30,11,0,0,0,0.24,980,24.200000000000003,306,1.2000000000000002
2007,7,23,9,30,11.8,0,0,0,0.24,980,23.400000000000002,298,1.1
2007,7,23,10,30,12.8,0,0,0,0.24,980,22.6,290,1.1
2007,7,23,11,30,13.700000000000001,0,0,0,0.24,980,22,276,1.1
2007,7,23,12,30,14.4,0,0,0,0.24,980,21.8,257,1.4000000000000001
2007,7,23,13,30,14.700000000000001,17,0,17,0.24,980,22.700000000000003,249,1.8
2007,7,23,14,30,15,84,0,84,0.24,980,24.6,252,1.8
2007,7,23,15,30,15,89,0,89,0.24,980,27.200000000000003,262,1.9000000000000001
2007,7,23,16,30,14.600000000000001,249,29,268,0.24,980,30,280,2
2007,7,23,17,30,14,143,1,144,0.24,980,32.7,298,2.2
2007,7,23,18,30,13.200000000000001,441,112,543,0.24,979,34.9,313,2.6
2007,7,23,19,30,12.200000000000001,331,20,351,0.24,979,36.4,324,2.9000000000000004
2007,7,23,20,30,11.8,446,62,506,0.24,978,37.2,331,3.1
2007,7,23,21,30,11.700000000000001,414,348,731,0.24,977,37.4,336,3.3000000000000003
2007,7,23,22,30,11.700000000000001,382,260,595,0.24,977,37.1,342,3.4000000000000004
2007,7,23,23,30,11.8,228,16,238,0.24,976,36.800000000000004,344,3.4000000000000004
2007,7,24,0,30,12,149,1,149,0.24,976,35.1,347,3.2
2007,7,24,1,30,12.200000000000001,39,0,39,0.24,976,33.5,347,2.4000000000000004
2007,7,24,2,30,12.5,18,0,18,0.24,977,31.5,346,1.4000000000000001
2007,7,24,3,30,12.700000000000001,0,0,0,0.24,977,30,339,1
2007,7,24,4,30,12.8,0,0,0,0.24,978,28.900000000000002,331,0.9
2007,7,24,5,30,12.700000000000001,0,0,0,0.24,978,27.700000000000003,326,0.9
2007,7,24,6,30,12.600000000000001,0,0,0,0.24,978,26.8,323,0.9
2007,7,24,7,30,12.5,0,0,0,0.24,977,26.1,318,0.9
2007,7,24,8,30,12.4,0,0,0,0.24,977,25.400000000000002,312,0.8
2007,7,24,9,30,12.5,0,0,0,0.24,977,24.8,302,0.7000000000000001
2007,7,24,10,30,12.700000000000001,0,0,0,0.24,977,24.200000000000003,287,0.7000000000000001
2007,7,24,11,30,13,0,0,0,0.24,977,23.700000000000003,267,0.6000000000000001
2007,7,24,12,30,13.4,0,0,0,0.24,977,23.700000000000003,243,0.8
2007,7,24,13,30,13.9,30,155,43,0.24,978,25,240,1.2000000000000002
2007,7,24,14,30,14.3,80,470,213,0.24,978,27.1,264,1.5
2007,7,24,15,30,14.200000000000001,83,718,426,0.24,978,29.700000000000003,294,1.8
2007,7,24,16,30,14.100000000000001,98,800,620,0.24,978,32.2,312,2.1
2007,7,24,17,30,14.3,109,848,784,0.24,977,34.300000000000004,321,2.3000000000000003
2007,7,24,18,30,14.5,121,868,902,0.24,977,36,328,2.4000000000000004
2007,7,24,19,30,14.700000000000001,127,878,966,0.24,976,37.4,334,2.5
2007,7,24,20,30,14.700000000000001,130,875,969,0.24,975,38.2,337,2.7
2007,7,24,21,30,14.5,133,852,910,0.24,974,38.6,337,2.9000000000000004
2007,7,24,22,30,14.3,131,818,797,0.24,974,38.5,336,3.1
2007,7,24,23,30,14,122,763,637,0.24,974,38.400000000000006,336,3.2
2007,7,25,0,30,13.600000000000001,90,725,454,0.24,973,37,332,3.1
2007,7,25,1,30,13,69,581,250,0.24,974,35.1,328,2.5
2007,7,25,2,30,12.5,34,291,67,0.24,974,32.4,319,1.5
2007,7,25,3,30,11.9,0,0,0,0.24,975,30.1,304,1.3
2007,7,25,4,30,11.100000000000001,0,0,0,0.24,976,28.6,292,1.3
2007,7,25,5,30,10.200000000000001,0,0,0,0.24,976,27.3,284,1.3
2007,7,25,6,30,9.4,0,0,0,0.24,976,26.200000000000003,278,1.3
2007,7,25,7,30,8.6,0,0,0,0.24,976,25.200000000000003,272,1.1
2007,7,25,8,30,7.9,0,0,0,0.24,976,24.400000000000002,263,1
2007,7,25,9,30,7.2,0,0,0,0.24,976,23.700000000000003,253,0.9
2007,7,25,10,30,6.7,0,0,0,0.24,976,23.1,248,0.8
2007,7,25,11,30,6.300000000000001,0,0,0,0.24,977,22.6,248,0.8
2007,7,25,12,30,6.1000000000000005,0,0,0,0.24,977,22.700000000000003,252,0.8
2007,7,25,13,30,5.9,27,231,46,0.24,978,24.200000000000003,264,1
2007,7,25,14,30,5.9,66,558,223,0.24,978,26.5,286,0.9
2007,7,25,15,30,6.4,85,728,431,0.24,978,29.200000000000003,312,1
2007,7,25,16,30,7.2,100,815,630,0.24,978,32.1,329,1.3
2007,7,25,17,30,7.9,110,865,797,0.24,978,34.6,336,1.8
2007,7,25,18,30,8.1,117,891,917,0.24,977,36.6,340,2.3000000000000003
2007,7,25,19,30,8.1,122,902,983,0.24,976,38.1,341,2.8000000000000003
2007,7,25,20,30,8.1,126,900,988,0.24,976,39,340,3.1
2007,7,25,21,30,7.7,125,884,930,0.24,975,39.5,336,3.4000000000000004
2007,7,25,22,30,7.1000000000000005,122,851,814,0.24,975,39.300000000000004,328,3.5
2007,7,25,23,30,6.5,114,801,653,0.24,974,39.2,324,3.6
2007,7,26,0,30,6.1000000000000005,99,716,458,0.24,974,37.4,315,3.6
2007,7,26,1,30,5.800000000000001,74,574,252,0.24,975,34.9,309,2.9000000000000004
2007,7,26,2,30,6.1000000000000005,35,287,66,0.24,975,31.5,298,2.2
2007,7,26,3,30,6.300000000000001,0,0,0,0.24,976,28.900000000000002,287,2.2
2007,7,26,4,30,6.800000000000001,0,0,0,0.24,977,27.400000000000002,275,2.2
2007,7,26,5,30,7.4,0,0,0,0.24,977,26.1,266,1.7000000000000002
2007,7,26,6,30,7.9,0,0,0,0.24,977,25,263,1.3
2007,7,26,7,30,8.200000000000001,0,0,0,0.24,978,23.900000000000002,265,1
2007,7,26,8,30,8.4,0,0,0,0.24,978,23,272,0.9
2007,7,26,9,30,8.5,0,0,0,0.24,978,22.200000000000003,281,0.8
2007,7,26,10,30,8.4,0,0,0,0.24,978,21.5,286,0.8
2007,7,26,11,30,8.200000000000001,0,0,0,0.24,978,21.1,282,0.7000000000000001
2007,7,26,12,30,8,0,0,0,0.24,978,21.200000000000003,269,0.7000000000000001
2007,7,26,13,30,7.800000000000001,26,252,46,0.24,979,22.8,259,0.8
2007,7,26,14,30,7,63,588,228,0.24,979,25.400000000000002,261,0.8
2007,7,26,15,30,6.2,81,759,440,0.24,979,28.3,283,0.7000000000000001
2007,7,26,16,30,6.1000000000000005,95,838,639,0.24,979,31.5,318,0.9
2007,7,26,17,30,6.300000000000001,105,885,807,0.24,979,34.2,339,1.5
2007,7,26,18,30,6.5,112,912,930,0.24,979,36.4,344,2
2007,7,26,19,30,6.800000000000001,116,923,996,0.24,978,38.1,348,2.4000000000000004
2007,7,26,20,30,7,120,919,999,0.24,977,39.2,351,2.6
2007,7,26,21,30,7,117,908,943,0.24,977,39.800000000000004,352,2.8000000000000003
2007,7,26,22,30,6.9,114,877,826,0.24,976,39.800000000000004,349,2.9000000000000004
2007,7,26,23,30,6.9,106,828,662,0.24,976,39.6,347,2.9000000000000004
2007,7,27,0,30,6.9,92,745,465,0.24,976,38.1,336,2.9000000000000004
2007,7,27,1,30,6.9,70,602,255,0.24,976,35.5,325,2.2
2007,7,27,2,30,7.300000000000001,33,307,66,0.24,977,31.8,307,1.6
2007,7,27,3,30,7.2,0,0,0,0.24,978,29.200000000000003,290,1.7000000000000002
2007,7,27,4,30,7,0,0,0,0.24,978,27.700000000000003,278,1.7000000000000002
2007,7,27,5,30,6.800000000000001,0,0,0,0.24,979,26.3,266,1.6
2007,7,27,6,30,6.5,0,0,0,0.24,979,25.1,257,1.4000000000000001
2007,7,27,7,30,6.300000000000001,0,0,0,0.24,979,24.1,252,1.2000000000000002
2007,7,27,8,30,6.1000000000000005,0,0,0,0.24,979,23.200000000000003,251,1.1
2007,7,27,9,30,5.800000000000001,0,0,0,0.24,979,22.5,250,1
2007,7,27,10,30,5.6000000000000005,0,0,0,0.24,979,21.900000000000002,247,0.9
2007,7,27,11,30,5.5,0,0,0,0.24,979,21.400000000000002,242,0.9
2007,7,27,12,30,5.300000000000001,0,0,0,0.24,979,21.6,237,0.8
2007,7,27,13,30,5.300000000000001,25,252,45,0.24,980,23.5,236,1.1
2007,7,27,14,30,5.300000000000001,62,588,225,0.24,980,26.5,247,1.4000000000000001
2007,7,27,15,30,5.300000000000001,81,754,437,0.24,980,29.5,272,1.4000000000000001
2007,7,27,16,30,5.4,95,843,640,0.24,980,32.300000000000004,299,1.6
2007,7,27,17,30,5.4,104,891,810,0.24,980,34.9,317,2
2007,7,27,18,30,5.4,110,919,934,0.24,979,37.1,326,2.4000000000000004
2007,7,27,19,30,5.300000000000001,116,931,1002,0.24,979,38.800000000000004,331,2.7
2007,7,27,20,30,5.1000000000000005,119,928,1005,0.24,978,39.900000000000006,335,2.8000000000000003
2007,7,27,21,30,4.800000000000001,118,913,946,0.24,977,40.400000000000006,335,3
2007,7,27,22,30,4.5,115,881,829,0.24,977,40.300000000000004,330,3.2
2007,7,27,23,30,4.1000000000000005,106,831,664,0.24,976,40.1,327,3.3000000000000003
2007,7,28,0,30,3.6,87,768,470,0.24,976,38.300000000000004,314,3.5
2007,7,28,1,30,2.9000000000000004,67,630,259,0.24,976,35.4,302,2.9000000000000004
2007,7,28,2,30,2.6,32,331,67,0.24,977,31.5,288,2.4000000000000004
2007,7,28,3,30,2.3000000000000003,0,0,0,0.24,978,28.5,274,2.6
2007,7,28,4,30,2.1,0,0,0,0.24,978,26.6,261,2.5
2007,7,28,5,30,2,0,0,0,0.24,979,25,254,1.9000000000000001
2007,7,28,6,30,1.9000000000000001,0,0,0,0.24,979,23.900000000000002,250,1.4000000000000001
2007,7,28,7,30,2,0,0,0,0.24,979,23.1,243,1.1
2007,7,28,8,30,1.9000000000000001,0,0,0,0.24,979,22.5,236,1
2007,7,28,9,30,2.1,0,0,0,0.24,979,21.700000000000003,231,1
2007,7,28,10,30,2.2,0,0,0,0.24,979,21.1,228,1
2007,7,28,11,30,2,0,0,0,0.24,979,20.6,226,0.9
2007,7,28,12,30,1.4000000000000001,0,0,0,0.24,979,20.8,225,0.8
2007,7,28,13,30,1.1,25,266,45,0.24,979,22.8,224,1.1
2007,7,28,14,30,0.6000000000000001,61,617,231,0.24,979,26.1,229,1.3
2007,7,28,15,30,0.9,79,782,447,0.24,979,29.3,256,1.3
2007,7,28,16,30,0.5,92,865,651,0.24,979,32.300000000000004,291,1.7000000000000002
2007,7,28,17,30,-0.5,101,913,823,0.24,979,34.9,311,2.3000000000000003
2007,7,28,18,30,-1.2000000000000002,107,939,948,0.24,979,37,318,2.8000000000000003
2007,7,28,19,30,-2,112,946,1011,0.24,978,38.6,325,3.2
2007,7,28,20,30,-2.7,113,945,1016,0.24,977,39.5,331,3.4000000000000004
2007,7,28,21,30,-3.1,110,935,957,0.24,977,39.900000000000006,334,3.4000000000000004
2007,7,28,22,30,-3.5,105,908,840,0.24,976,39.900000000000006,333,3.4000000000000004
2007,7,28,23,30,-3.6,96,865,674,0.24,976,39.7,332,3.4000000000000004
2007,7,29,0,30,-3.5,81,794,476,0.24,976,37.800000000000004,325,3.2
2007,7,29,1,30,-3,62,661,262,0.24,976,34.6,316,2.2
2007,7,29,2,30,-1.1,30,358,67,0.24,976,30.5,299,1.4000000000000001
2007,7,29,3,30,0.1,0,0,0,0.24,977,27.900000000000002,280,1.5
2007,7,29,4,30,1.1,0,0,0,0.24,978,26.5,266,1.6
2007,7,29,5,30,2.2,0,0,0,0.24,978,25.3,258,1.6
2007,7,29,6,30,3.2,0,0,0,0.24,978,24.3,255,1.6
2007,7,29,7,30,4.1000000000000005,0,0,0,0.24,978,23.3,257,1.5
2007,7,29,8,30,4.800000000000001,0,0,0,0.24,978,22.400000000000002,260,1.3
2007,7,29,9,30,5.5,0,0,0,0.24,978,21.5,261,1.1
2007,7,29,10,30,6.1000000000000005,0,0,0,0.24,978,20.700000000000003,257,1
2007,7,29,11,30,6.5,0,0,0,0.24,978,19.900000000000002,250,0.9
2007,7,29,12,30,6.7,0,0,0,0.24,978,19.8,243,1.1
2007,7,29,13,30,7,25,66,29,0.24,978,21,247,1.5
2007,7,29,14,30,7.2,58,611,225,0.24,979,23,263,1.7000000000000002
2007,7,29,15,30,6.800000000000001,78,768,437,0.24,979,25.6,279,1.6
2007,7,29,16,30,6.4,89,852,639,0.24,978,28.5,295,1.7000000000000002
2007,7,29,17,30,5.800000000000001,98,904,811,0.24,978,31.5,309,2
2007,7,29,18,30,4.5,105,928,935,0.24,977,34.2,319,2.3000000000000003
2007,7,29,19,30,3.2,109,940,1001,0.24,977,36.4,329,2.7
2007,7,29,20,30,1.8,110,941,1008,0.24,976,38.1,335,2.9000000000000004
2007,7,29,21,30,0.4,117,916,946,0.24,975,39,339,3.1
2007,7,29,22,30,-0.5,111,890,829,0.24,974,39.2,339,3.1
2007,7,29,23,30,-1.1,99,848,665,0.24,974,39.2,339,3.1
2007,7,30,0,30,-1.3,84,775,467,0.24,974,37.6,338,2.9000000000000004
2007,7,30,1,30,-1.1,63,638,255,0.24,974,34.5,338,1.9000000000000001
2007,7,30,2,30,0.5,30,333,64,0.24,974,30.6,330,1.2000000000000002
2007,7,30,3,30,1.4000000000000001,0,0,0,0.24,975,28.200000000000003,307,1.2000000000000002
2007,7,30,4,30,2.2,0,0,0,0.24,975,26.5,286,1.3
2007,7,30,5,30,3.3000000000000003,0,0,0,0.24,975,25.200000000000003,277,1.5
2007,7,30,6,30,4.3,0,0,0,0.24,976,24.1,272,1.5
2007,7,30,7,30,5.2,0,0,0,0.24,975,23.1,267,1.5
2007,7,30,8,30,5.800000000000001,0,0,0,0.24,975,22.3,262,1.4000000000000001
2007,7,30,9,30,6.4,0,0,0,0.24,975,21.6,260,1.3
2007,7,30,10,30,7.1000000000000005,0,0,0,0.24,975,21,257,1.1
2007,7,30,11,30,7.7,0,0,0,0.24,975,20.400000000000002,255,1
2007,7,30,12,30,8.200000000000001,0,0,0,0.24,976,20.5,253,0.9
2007,7,30,13,30,8.6,23,276,42,0.24,976,22.200000000000003,257,1.3
2007,7,30,14,30,9,55,632,226,0.24,976,24.700000000000003,274,1.6
2007,7,30,15,30,9.1,70,789,439,0.24,976,27.1,288,1.5
2007,7,30,16,30,8.9,81,873,643,0.24,976,29.900000000000002,296,1.6
2007,7,30,17,30,8,88,923,816,0.24,976,32.7,307,1.8
2007,7,30,18,30,7,101,936,937,0.24,976,35.2,319,2.2
2007,7,30,19,30,5.6000000000000005,106,946,1003,0.24,975,37.4,328,2.6
2007,7,30,20,30,3.7,109,942,1006,0.24,974,38.800000000000004,334,2.8000000000000003
2007,7,30,21,30,2.1,106,931,947,0.24,974,39.6,334,2.9000000000000004
2007,7,30,22,30,1.2000000000000002,102,906,832,0.24,973,39.6,331,3
2007,7,30,23,30,0.7000000000000001,93,862,667,0.24,973,39.5,329,3.1
2007,7,31,0,30,0.6000000000000001,77,796,469,0.24,973,37.7,323,2.9000000000000004
2007,7,31,1,30,0.9,58,661,256,0.24,973,34.6,314,2
2007,7,31,2,30,2.2,28,359,63,0.24,974,30.5,299,1.4000000000000001
2007,7,31,3,30,3,0,0,0,0.24,974,27.900000000000002,283,1.5
2007,7,31,4,30,4,0,0,0,0.24,975,26.3,269,1.4000000000000001
2007,7,31,5,30,5.1000000000000005,0,0,0,0.24,975,25.1,257,1.2000000000000002
2007,7,31,6,30,5.7,0,0,0,0.24,975,24.3,244,1
2007,7,31,7,30,6,0,0,0,0.24,975,23.700000000000003,228,0.9
2007,7,31,8,30,5.800000000000001,0,0,0,0.24,975,23.3,215,0.8
2007,7,31,9,30,5.7,0,0,0,0.24,975,23,217,0.8
2007,7,31,10,30,5.800000000000001,0,0,0,0.24,975,22.5,229,0.9
2007,7,31,11,30,5.9,0,0,0,0.24,975,22,239,1
2007,7,31,12,30,6.1000000000000005,0,0,0,0.24,975,22,245,0.8
2007,7,31,13,30,6.300000000000001,22,249,40,0.24,976,23.6,257,0.6000000000000001
2007,7,31,14,30,6.5,59,599,220,0.24,977,26.1,272,0.9
2007,7,31,15,30,6.7,82,753,431,0.24,977,28.900000000000002,279,1.3
2007,7,31,16,30,6.2,95,844,636,0.24,977,31.900000000000002,288,1.4000000000000001
2007,7,31,17,30,5.4,105,893,808,0.24,977,34.9,304,1.6
2007,7,31,18,30,4.5,111,921,931,0.24,977,37.5,317,2
2007,7,31,19,30,3.5,117,933,1000,0.24,976,39.300000000000004,323,2.5
2007,7,31,20,30,2.8000000000000003,120,929,1003,0.24,975,40.2,324,2.9000000000000004
2007,7,31,21,30,2.5,121,910,943,0.24,975,40.5,321,3.2
2007,7,31,22,30,2.4000000000000004,116,884,827,0.24,975,40.2,316,3.4000000000000004
2007,7,31,23,30,2.2,105,839,662,0.24,974,39.900000000000006,313,3.5
2004,8,1,0,30,0.8,81,789,467,0.26,975,35.300000000000004,323,3.6
2004,8,1,1,30,0.9,62,644,252,0.26,975,32.5,314,2.9000000000000004
2004,8,1,2,30,1.5,29,315,59,0.26,976,28.700000000000003,298,2.2
2004,8,1,3,30,2.5,0,0,0,0.26,976,26.1,282,2.3000000000000003
2004,8,1,4,30,4,0,0,0,0.26,977,24.400000000000002,271,2.6
2004,8,1,5,30,5.4,0,0,0,0.26,977,22.900000000000002,264,2.5
2004,8,1,6,30,6.4,0,0,0,0.26,978,21.6,259,2.3000000000000003
2004,8,1,7,30,7.1000000000000005,0,0,0,0.26,978,20.6,254,2
2004,8,1,8,30,7.6000000000000005,0,0,0,0.26,978,19.6,253,1.6
2004,8,1,9,30,8.200000000000001,0,0,0,0.26,978,18.6,256,1.3
2004,8,1,10,30,8.700000000000001,0,0,0,0.26,978,17.7,258,1.1
2004,8,1,11,30,9,0,0,0,0.26,978,17.1,258,1
2004,8,1,12,30,9.1,0,0,0,0.26,978,17,256,1.1
2004,8,1,13,30,9.3,22,233,37,0.26,979,18.400000000000002,259,1.4000000000000001
2004,8,1,14,30,9.1,59,604,220,0.26,979,20.700000000000003,273,1.5
2004,8,1,15,30,8.8,80,766,434,0.26,979,23.3,286,1.3
2004,8,1,16,30,8.6,95,854,640,0.26,979,26.1,291,1.2000000000000002
2004,8,1,17,30,8,105,902,813,0.26,979,29.1,297,1.4000000000000001
2004,8,1,18,30,7.1000000000000005,109,933,939,0.26,979,31.900000000000002,305,1.5
2004,8,1,19,30,5.800000000000001,114,944,1006,0.26,978,34.300000000000004,315,1.9000000000000001
2004,8,1,20,30,4.800000000000001,116,941,1009,0.26,977,35.800000000000004,323,2.4000000000000004
2004,8,1,21,30,4.1000000000000005,113,930,949,0.26,977,36.5,325,2.8000000000000003
2004,8,1,22,30,3.6,108,901,830,0.26,976,36.300000000000004,323,3.3000000000000003
2004,8,1,23,30,3.4000000000000004,99,854,663,0.26,976,36,321,3.4000000000000004
2004,8,2,0,30,3.4000000000000004,86,772,461,0.26,976,33.6,311,3.8000000000000003
2004,8,2,1,30,3.7,65,623,246,0.26,976,30.6,300,3.9000000000000004
2004,8,2,2,30,4.4,29,295,56,0.26,977,26.6,286,3.8000000000000003
2004,8,2,3,30,5.5,0,0,0,0.26,978,23.3,273,3.5
2004,8,2,4,30,6.7,0,0,0,0.26,979,21.400000000000002,262,2.8000000000000003
2004,8,2,5,30,7.7,0,0,0,0.26,979,20.3,254,1.9000000000000001
2004,8,2,6,30,8.4,0,0,0,0.26,980,19.400000000000002,252,1.3
2004,8,2,7,30,8.8,0,0,0,0.26,980,18.6,255,1.2000000000000002
2004,8,2,8,30,9.1,0,0,0,0.26,979,17.900000000000002,259,1.2000000000000002
2004,8,2,9,30,9.4,0,0,0,0.26,979,17.3,263,1.1
2004,8,2,10,30,9.600000000000001,0,0,0,0.26,979,16.6,266,1
2004,8,2,11,30,9.8,0,0,0,0.26,980,15.9,265,1
2004,8,2,12,30,10,0,0,0,0.26,980,15.5,263,1.2000000000000002
2004,8,2,13,30,10.200000000000001,22,255,38,0.26,981,16.6,275,1.6
2004,8,2,14,30,10.100000000000001,57,632,223,0.26,981,18.8,301,1.9000000000000001
2004,8,2,15,30,9.9,75,799,442,0.26,982,21.200000000000003,317,1.8
2004,8,2,16,30,9.700000000000001,87,880,648,0.26,982,23.8,321,1.7000000000000002
2004,8,2,17,30,9.1,97,926,822,0.26,981,26.5,320,1.4000000000000001
2004,8,2,18,30,8.1,99,958,949,0.26,981,29.200000000000003,320,1.3
2004,8,2,19,30,6.5,101,971,1018,0.26,980,31.6,324,1.5
2004,8,2,20,30,4.9,101,972,1022,0.26,979,33.300000000000004,331,1.8
2004,8,2,21,30,3.6,99,957,958,0.26,978,34.2,334,2.2
2004,8,2,22,30,2.7,94,933,840,0.26,978,34.4,335,2.7
2004,8,2,23,30,2.1,86,889,671,0.26,978,34.300000000000004,334,2.9000000000000004
2004,8,3,0,30,2.1,80,798,466,0.26,978,32.300000000000004,329,3.3000000000000003
2004,8,3,1,30,2.5,61,652,249,0.26,978,29.5,319,2.9000000000000004
2004,8,3,2,30,3.4000000000000004,28,318,55,0.26,978,25.8,303,2.4000000000000004
2004,8,3,3,30,4.800000000000001,0,0,0,0.26,979,23,285,2.6
2004,8,3,4,30,6.5,0,0,0,0.26,980,21.200000000000003,270,3
2004,8,3,5,30,8.1,0,0,0,0.26,980,19.8,255,2.8000000000000003
2004,8,3,6,30,9,0,0,0,0.26,980,18.8,245,2.3000000000000003
2004,8,3,7,30,9.5,0,0,0,0.26,980,18,241,1.8
2004,8,3,8,30,9.8,0,0,0,0.26,980,17.2,240,1.4000000000000001
2004,8,3,9,30,10.100000000000001,0,0,0,0.26,980,16.5,240,1
2004,8,3,10,30,10.4,0,0,0,0.26,980,15.8,240,0.9
2004,8,3,11,30,10.600000000000001,0,0,0,0.26,980,15.3,240,0.9
2004,8,3,12,30,10.700000000000001,0,0,0,0.26,980,15.4,240,1.1
2004,8,3,13,30,10.700000000000001,21,236,35,0.26,980,17.1,250,1.5
2004,8,3,14,30,10.4,57,617,218,0.26,981,19.8,283,1.6
2004,8,3,15,30,9.9,71,801,438,0.26,981,22.5,315,1.6
2004,8,3,16,30,9.5,84,880,643,0.26,981,25.3,328,1.8
2004,8,3,17,30,8.8,92,927,817,0.26,981,28.200000000000003,333,2
2004,8,3,18,30,7.800000000000001,101,949,942,0.26,980,30.8,336,2.2
2004,8,3,19,30,6.4,103,963,1010,0.26,979,32.7,340,2.3000000000000003
2004,8,3,20,30,5.4,103,967,1018,0.26,979,34,342,2.3000000000000003
2004,8,3,21,30,4.4,107,948,956,0.26,978,34.7,341,2.3000000000000003
2004,8,3,22,30,3.5,101,923,837,0.26,977,34.9,340,2.6
2004,8,3,23,30,3,92,878,668,0.26,977,34.800000000000004,339,2.7
2004,8,4,0,30,2.7,79,799,464,0.27,976,33.2,339,3
2004,8,4,1,30,2.7,60,652,247,0.27,977,30.400000000000002,342,2.2
2004,8,4,2,30,3,27,310,53,0.27,977,26.8,342,1.4000000000000001
2004,8,4,3,30,3.5,0,0,0,0.27,977,24.5,328,1.3
2004,8,4,4,30,4.4,0,0,0,0.27,978,23.200000000000003,305,1.3
2004,8,4,5,30,5.5,0,0,0,0.27,978,21.900000000000002,286,1.4000000000000001
2004,8,4,6,30,6.6000000000000005,0,0,0,0.27,978,20.6,275,1.3
2004,8,4,7,30,7.6000000000000005,0,0,0,0.27,978,19.5,267,1.3
2004,8,4,8,30,8.3,0,0,0,0.27,978,18.7,263,1.2000000000000002
2004,8,4,9,30,8.6,0,0,0,0.27,978,17.900000000000002,262,1.1
2004,8,4,10,30,8.6,0,0,0,0.27,978,17.3,260,1
2004,8,4,11,30,8.5,0,0,0,0.27,978,16.900000000000002,256,1
2004,8,4,12,30,8.6,0,0,0,0.27,979,17,249,1.1
2004,8,4,13,30,8.700000000000001,21,225,34,0.27,979,18.900000000000002,247,1.6
2004,8,4,14,30,8.6,59,613,217,0.27,979,22,266,2
2004,8,4,15,30,7.7,75,797,438,0.27,979,24.900000000000002,292,1.9000000000000001
2004,8,4,16,30,6.800000000000001,89,874,643,0.27,979,27.700000000000003,308,1.9000000000000001
2004,8,4,17,30,6.2,99,920,817,0.27,979,30.3,319,1.9000000000000001
2004,8,4,18,30,5.5,103,946,940,0.27,979,32.6,327,1.9000000000000001
2004,8,4,19,30,4.800000000000001,107,957,1008,0.27,978,34.300000000000004,330,2
2004,8,4,20,30,4.5,108,957,1012,0.27,977,35.4,332,2.2
2004,8,4,21,30,4,103,949,953,0.27,977,36.1,332,2.6
2004,8,4,22,30,3.5,98,925,834,0.27,976,36.2,332,2.9000000000000004
2004,8,4,23,30,3.1,89,880,665,0.27,976,36.1,331,3.1
2004,8,5,0,30,2.9000000000000004,77,802,461,0.26,975,34.5,331,3.1
2004,8,5,1,30,2.8000000000000003,59,652,244,0.26,976,31.700000000000003,333,2.2
2004,8,5,2,30,3.1,26,312,51,0.26,976,27.900000000000002,332,1.3
2004,8,5,3,30,3.4000000000000004,0,0,0,0.26,976,25.700000000000003,326,1.3
2004,8,5,4,30,3.9000000000000004,0,0,0,0.26,977,24.5,320,1.3
2004,8,5,5,30,4.3,0,0,0,0.26,977,23.3,316,1.5
2004,8,5,6,30,5.2,0,0,0,0.26,978,22.3,315,1.6
2004,8,5,7,30,6.4,0,0,0,0.26,978,21.3,311,1.7000000000000002
2004,8,5,8,30,7.800000000000001,0,0,0,0.26,979,20.400000000000002,305,1.6
2004,8,5,9,30,8.9,0,0,0,0.26,979,19.5,298,1.5
2004,8,5,10,30,10,0,0,0,0.26,979,18.7,292,1.2000000000000002
2004,8,5,11,30,10.700000000000001,0,0,0,0.26,979,17.900000000000002,285,1.1
2004,8,5,12,30,11.3,0,0,0,0.26,979,17.8,273,1.1
2004,8,5,13,30,11.5,20,216,32,0.26,980,19.3,267,1.5
2004,8,5,14,30,11.4,57,609,213,0.26,980,22.1,280,1.7000000000000002
2004,8,5,15,30,10.700000000000001,73,787,431,0.26,980,25,294,1.6
2004,8,5,16,30,9.8,87,869,636,0.26,980,27.900000000000002,303,1.7000000000000002
2004,8,5,17,30,8.9,96,917,810,0.26,980,30.700000000000003,313,2
2004,8,5,18,30,7.4,99,950,939,0.26,980,32.9,318,2.2
2004,8,5,19,30,6.2,100,966,1008,0.26,979,34.4,321,2.5
2004,8,5,20,30,5.300000000000001,100,968,1012,0.26,979,35.4,323,2.7
2004,8,5,21,30,4.2,105,947,950,0.26,978,35.9,324,2.8000000000000003
2004,8,5,22,30,3.4000000000000004,99,921,831,0.26,978,36,323,2.9000000000000004
2004,8,5,23,30,2.8000000000000003,91,876,662,0.26,978,35.800000000000004,322,2.9000000000000004
2004,8,6,0,30,2.3000000000000003,77,804,460,0.27,978,34.2,319,2.9000000000000004
2004,8,6,1,30,2.1,58,656,242,0.27,978,31.3,310,2.2
2004,8,6,2,30,2.3000000000000003,25,303,49,0.27,978,27.6,295,1.6
2004,8,6,3,30,2.6,0,0,0,0.27,979,25.200000000000003,281,1.8
2004,8,6,4,30,3.1,0,0,0,0.27,979,23.8,273,2.3000000000000003
2004,8,6,5,30,3.8000000000000003,0,0,0,0.27,980,22.5,274,2.5
2004,8,6,6,30,4.3,0,0,0,0.27,981,21.1,281,2
2004,8,6,7,30,4.6000000000000005,0,0,0,0.27,981,19.900000000000002,285,1.4000000000000001
2004,8,6,8,30,4.800000000000001,0,0,0,0.27,981,18.900000000000002,288,1.1
2004,8,6,9,30,4.800000000000001,0,0,0,0.27,981,18.2,283,0.9
2004,8,6,10,30,4.9,0,0,0,0.27,981,17.7,265,0.8
2004,8,6,11,30,4.800000000000001,0,0,0,0.27,981,17.2,244,0.7000000000000001
2004,8,6,12,30,4.7,0,0,0,0.27,981,17.3,232,0.7000000000000001
2004,8,6,13,30,4.5,19,241,32,0.27,982,19.1,234,1
2004,8,6,14,30,4.2,54,645,218,0.27,982,22.200000000000003,262,1.1
2004,8,6,15,30,3.7,69,819,440,0.27,982,25.3,308,1.1
2004,8,6,16,30,3,81,900,649,0.27,982,28.200000000000003,335,1.6
2004,8,6,17,30,2.4000000000000004,89,947,825,0.27,982,30.8,338,2.2
2004,8,6,18,30,1.9000000000000001,98,968,952,0.27,982,33,336,2.7
2004,8,6,19,30,1,101,980,1020,0.27,981,34.7,336,3
2004,8,6,20,30,0.30000000000000004,101,981,1024,0.27,981,35.6,335,3.1
2004,8,6,21,30,-0.30000000000000004,97,972,964,0.27,980,36,334,3.1
2004,8,6,22,30,-0.8,92,948,843,0.27,979,35.800000000000004,332,3.1
2004,8,6,23,30,-1.2000000000000002,84,905,672,0.27,979,35.6,332,3.1
2004,8,7,0,30,-1.5,71,831,466,0.27,979,33.9,333,3
2004,8,7,1,30,-1.6,54,685,245,0.27,979,30.700000000000003,337,2.1
2004,8,7,2,30,-1.2000000000000002,24,330,48,0.27,979,26.8,338,1.2000000000000002
2004,8,7,3,30,-0.7000000000000001,0,0,0,0.27,980,24.6,332,1.2000000000000002
2004,8,7,4,30,-0.30000000000000004,0,0,0,0.27,980,23.3,323,1.2000000000000002
2004,8,7,5,30,0.1,0,0,0,0.27,981,22.1,313,1.2000000000000002
2004,8,7,6,30,0.4,0,0,0,0.27,981,21.1,306,1.2000000000000002
2004,8,7,7,30,1,0,0,0,0.27,981,20.200000000000003,303,1.3
2004,8,7,8,30,2.7,0,0,0,0.27,981,19.3,302,1.2000000000000002
2004,8,7,9,30,5.5,0,0,0,0.27,981,18.5,299,1
2004,8,7,10,30,7.800000000000001,0,0,0,0.27,981,17.900000000000002,286,0.9
2004,8,7,11,30,9,0,0,0,0.27,981,17.400000000000002,265,0.8
2004,8,7,12,30,9.8,0,0,0,0.27,981,17.400000000000002,243,0.8
2004,8,7,13,30,10.5,18,232,30,0.27,982,19,232,1.2000000000000002
2004,8,7,14,30,10.8,53,635,214,0.27,982,21.900000000000002,238,1.5
2004,8,7,15,30,10.9,69,810,434,0.27,982,25.200000000000003,259,1.4000000000000001
2004,8,7,16,30,9.8,81,891,642,0.27,982,28.3,287,1.4000000000000001
2004,8,7,17,30,8.8,89,938,817,0.27,982,30.900000000000002,306,1.6
2004,8,7,18,30,7.6000000000000005,95,963,944,0.27,981,33.4,316,1.9000000000000001
2004,8,7,19,30,5.6000000000000005,98,980,1015,0.27,980,35.4,324,2.1
2004,8,7,20,30,4.1000000000000005,98,981,1020,0.27,979,36.7,331,2.2
2004,8,7,21,30,3,105,957,956,0.27,979,37.4,336,2.3000000000000003
2004,8,7,22,30,2.4000000000000004,99,933,835,0.27,978,37.5,339,2.5
2004,8,7,23,30,2,90,887,664,0.27,978,37.4,341,2.5
2004,8,8,0,30,1.9000000000000001,73,821,460,0.27,978,35.800000000000004,346,2.4000000000000004
2004,8,8,1,30,2,55,675,240,0.27,978,32.5,353,1.7000000000000002
2004,8,8,2,30,2.5,23,316,46,0.27,978,28.8,180,1.2000000000000002
2004,8,8,3,30,2.9000000000000004,0,0,0,0.27,979,27,6,1.1
2004,8,8,4,30,3.2,0,0,0,0.27,979,26.200000000000003,7,1
2004,8,8,5,30,3.5,0,0,0,0.27,979,25.5,168,0.7000000000000001
2004,8,8,6,30,3.8000000000000003,0,0,0,0.27,979,24.6,302,0.6000000000000001
2004,8,8,7,30,4.1000000000000005,0,0,0,0.27,979,23.400000000000002,272,0.7000000000000001
2004,8,8,8,30,4.5,0,0,0,0.27,979,22.5,267,0.8
2004,8,8,9,30,5.2,0,0,0,0.27,979,21.5,266,0.9
2004,8,8,10,30,6,0,0,0,0.27,980,20.700000000000003,264,1
2004,8,8,11,30,6.6000000000000005,0,0,0,0.27,980,20.1,259,1
2004,8,8,12,30,6.7,0,0,0,0.27,980,19.900000000000002,248,1.1
2004,8,8,13,30,6.800000000000001,17,230,29,0.27,981,21.6,238,1.5
2004,8,8,14,30,6.9,52,637,212,0.27,981,25,239,1.8
2004,8,8,15,30,5.800000000000001,72,801,431,0.27,982,28.400000000000002,251,1.6
2004,8,8,16,30,5,84,885,639,0.27,982,31.6,268,1.5
2004,8,8,17,30,4.2,92,930,812,0.27,981,34.7,288,1.5
2004,8,8,18,30,3.2,98,956,938,0.27,981,37.2,305,1.6
2004,8,8,19,30,2.5,101,968,1006,0.27,980,39,318,1.8
2004,8,8,20,30,1.9000000000000001,101,969,1010,0.27,979,40.2,329,2.1
2004,8,8,21,30,1.5,98,960,949,0.27,979,40.7,335,2.4000000000000004
2004,8,8,22,30,1.4000000000000001,93,933,828,0.27,978,40.7,338,2.6
2004,8,8,23,30,1.4000000000000001,86,887,657,0.27,978,40.5,338,2.7
2004,8,9,0,30,1.5,75,803,452,0.27,978,38.6,338,2.5
2004,8,9,1,30,1.9000000000000001,56,650,233,0.27,978,35.1,335,1.8
2004,8,9,2,30,2.7,23,279,42,0.27,979,30.900000000000002,323,1.3
2004,8,9,3,30,3.4000000000000004,0,0,0,0.27,979,28.6,305,1.4000000000000001
2004,8,9,4,30,4.4,0,0,0,0.27,979,27,288,1.4000000000000001
2004,8,9,5,30,5.4,0,0,0,0.27,980,25.5,276,1.3
2004,8,9,6,30,6.4,0,0,0,0.27,980,24.3,267,1.3
2004,8,9,7,30,7.1000000000000005,0,0,0,0.27,980,23.400000000000002,263,1.3
2004,8,9,8,30,7.7,0,0,0,0.27,980,22.700000000000003,261,1.5
2004,8,9,9,30,8,0,0,0,0.27,980,22.1,258,1.5
2004,8,9,10,30,8.200000000000001,0,0,0,0.27,980,21.5,254,1.4000000000000001
2004,8,9,11,30,8.5,0,0,0,0.27,981,20.900000000000002,249,1.2000000000000002
2004,8,9,12,30,8.700000000000001,0,0,0,0.27,981,20.700000000000003,247,1.2000000000000002
2004,8,9,13,30,8.9,17,168,25,0.27,982,22.400000000000002,249,1.7000000000000002
2004,8,9,14,30,9,59,567,200,0.27,982,25.400000000000002,264,2.1
2004,8,9,15,30,8.8,82,742,414,0.27,982,28.3,283,2
2004,8,9,16,30,8.4,98,831,618,0.27,982,31.1,298,1.9000000000000001
2004,8,9,17,30,7.800000000000001,109,882,791,0.27,982,34.1,310,1.8
2004,8,9,18,30,7.300000000000001,126,894,911,0.27,982,36.800000000000004,318,1.8
2004,8,9,19,30,6.800000000000001,129,910,978,0.27,981,38.900000000000006,324,2
2004,8,9,20,30,6.300000000000001,128,910,979,0.27,980,40.300000000000004,332,2.3000000000000003
2004,8,9,21,30,5.6000000000000005,120,903,920,0.27,979,40.900000000000006,338,2.7
2004,8,9,22,30,5.1000000000000005,113,879,803,0.27,979,40.800000000000004,340,3
2004,8,9,23,30,4.800000000000001,101,831,635,0.27,979,40.7,341,3.2
2004,8,10,0,30,4.7,84,753,435,0.27,979,38.7,340,3.2
2004,8,10,1,30,4.6000000000000005,62,591,221,0.27,979,35.300000000000004,338,2.2
2004,8,10,2,30,4.9,23,221,37,0.27,979,31.200000000000003,329,1.3
2004,8,10,3,30,5.1000000000000005,0,0,0,0.27,979,28.900000000000002,311,1.3
2004,8,10,4,30,5.6000000000000005,0,0,0,0.27,980,27.400000000000002,291,1.3
2004,8,10,5,30,6.1000000000000005,0,0,0,0.27,980,26,279,1.4000000000000001
2004,8,10,6,30,6.6000000000000005,0,0,0,0.27,980,24.8,272,1.6
2004,8,10,7,30,7,0,0,0,0.27,981,23.700000000000003,269,1.7000000000000002
2004,8,10,8,30,7.300000000000001,0,0,0,0.27,980,22.8,268,1.5
2004,8,10,9,30,7.4,0,0,0,0.27,980,22,266,1.3
2004,8,10,10,30,7.300000000000001,0,0,0,0.27,980,21.400000000000002,262,1.2000000000000002
2004,8,10,11,30,7.1000000000000005,0,0,0,0.27,980,20.900000000000002,256,1
2004,8,10,12,30,7,0,0,0,0.27,981,20.900000000000002,250,1
2004,8,10,13,30,6.800000000000001,17,190,25,0.27,981,22.900000000000002,246,1.5
2004,8,10,14,30,6.4,56,603,204,0.27,981,26.200000000000003,254,1.9000000000000001
2004,8,10,15,30,5.800000000000001,75,778,421,0.27,981,29.3,270,1.7000000000000002
2004,8,10,16,30,5.1000000000000005,89,862,627,0.27,981,32.5,289,1.7000000000000002
2004,8,10,17,30,4.6000000000000005,100,906,799,0.27,981,35.5,306,1.7000000000000002
2004,8,10,18,30,4.2,107,934,925,0.27,981,38.1,318,2
2004,8,10,19,30,3.9000000000000004,111,943,989,0.27,980,40.2,328,2.3000000000000003
2004,8,10,20,30,3.8000000000000003,112,940,990,0.27,979,41.5,335,2.5
2004,8,10,21,30,3.4000000000000004,110,927,929,0.27,978,42,338,2.7
2004,8,10,22,30,3,104,900,809,0.27,978,41.800000000000004,339,2.9000000000000004
2004,8,10,23,30,2.7,94,852,639,0.27,978,41.5,338,2.9000000000000004
2004,8,11,0,30,2.5,80,770,436,0.27,977,39.5,335,2.6
2004,8,11,1,30,2.4000000000000004,59,611,221,0.27,977,36,332,1.8
2004,8,11,2,30,2.8000000000000003,21,236,36,0.27,978,32,325,1.2000000000000002
2004,8,11,3,30,2.9000000000000004,0,0,0,0.27,978,30,310,1.2000000000000002
2004,8,11,4,30,3,0,0,0,0.27,979,28.6,289,1.2000000000000002
2004,8,11,5,30,2.9000000000000004,0,0,0,0.27,979,27.3,269,1.2000000000000002
2004,8,11,6,30,2.9000000000000004,0,0,0,0.27,979,26.3,251,1.2000000000000002
2004,8,11,7,30,2.8000000000000003,0,0,0,0.27,979,25.400000000000002,239,1.1
2004,8,11,8,30,2.8000000000000003,0,0,0,0.27,979,24.8,232,1
2004,8,11,9,30,2.6,0,0,0,0.27,979,24.3,229,1
2004,8,11,10,30,2.4000000000000004,0,0,0,0.27,979,23.900000000000002,227,0.9
2004,8,11,11,30,2.3000000000000003,0,0,0,0.27,979,23.8,225,0.9
2004,8,11,12,30,2.2,0,0,0,0.27,979,23.900000000000002,220,0.8
2004,8,11,13,30,2.2,16,161,23,0.27,979,25.6,215,1.1
2004,8,11,14,30,2.4000000000000004,57,577,197,0.27,979,29,217,1.4000000000000001
2004,8,11,15,30,2.5,79,755,413,0.27,979,32.5,238,1.2000000000000002
2004,8,11,16,30,2.6,94,840,616,0.27,979,35.9,277,1.1
2004,8,11,17,30,2.5,104,888,787,0.27,979,38.7,306,1.3
2004,8,11,18,30,2.3000000000000003,105,923,911,0.27,978,40.800000000000004,319,1.6
2004,8,11,19,30,2.3000000000000003,111,933,978,0.27,978,42.300000000000004,330,1.7000000000000002
2004,8,11,20,30,2.3000000000000003,114,927,978,0.27,977,43.2,335,1.9000000000000001
2004,8,11,21,30,2.6,110,913,915,0.27,976,43.5,334,2.2
2004,8,11,22,30,3.1,105,883,795,0.27,976,43.300000000000004,328,2.5
2004,8,11,23,30,3.4000000000000004,96,832,626,0.27,976,43,324,2.7
2004,8,12,0,30,3.7,86,732,423,0.27,976,40.800000000000004,311,2.8000000000000003
2004,8,12,1,30,4.1000000000000005,63,562,211,0.27,976,37.300000000000004,299,2.3000000000000003
2004,8,12,2,30,4.6000000000000005,21,182,32,0.27,977,33.300000000000004,286,2
2004,8,12,3,30,4.9,0,0,0,0.27,977,30.700000000000003,273,2
2004,8,12,4,30,5,0,0,0,0.27,978,29,258,1.7000000000000002
2004,8,12,5,30,5.2,0,0,0,0.27,978,28,239,1.2000000000000002
2004,8,12,6,30,5.300000000000001,0,0,0,0.27,978,27.6,215,0.9
2004,8,12,7,30,5.4,0,0,0,0.27,978,27.200000000000003,185,0.7000000000000001
2004,8,12,8,30,5.6000000000000005,0,0,0,0.27,978,26.700000000000003,168,0.6000000000000001
2004,8,12,9,30,5.6000000000000005,0,0,0,0.27,978,26.400000000000002,178,0.6000000000000001
2004,8,12,10,30,5.5,0,0,0,0.27,978,26.1,198,0.6000000000000001
2004,8,12,11,30,5.4,0,0,0,0.27,978,25.6,204,0.7000000000000001
2004,8,12,12,30,5.4,0,0,0,0.27,978,25.200000000000003,199,0.8
2004,8,12,13,30,5.4,16,113,20,0.27,978,26.200000000000003,201,0.9
2004,8,12,14,30,5.1000000000000005,62,513,186,0.27,979,28.8,231,1.1
2004,8,12,15,30,3.8000000000000003,84,710,397,0.27,979,31.900000000000002,272,1.3
2004,8,12,16,30,3.5,102,801,599,0.27,979,34.800000000000004,297,1.6
2004,8,12,17,30,4.1000000000000005,345,305,579,0.27,979,37.1,308,1.9000000000000001
2004,8,12,18,30,4.800000000000001,432,179,588,0.27,979,38.800000000000004,313,2.1
2004,8,12,19,30,5.4,124,899,958,0.27,978,40,315,2.5
2004,8,12,20,30,6,126,894,958,0.27,978,40.5,314,2.8000000000000003
2004,8,12,21,30,6.6000000000000005,211,757,877,0.27,977,40.5,311,3.2
2004,8,12,22,30,7,127,835,777,0.27,977,39.800000000000004,309,3.4000000000000004
2004,8,12,23,30,7.2,114,781,609,0.27,977,39.300000000000004,308,3.5
2004,8,13,0,30,7.4,104,661,406,0.27,977,36.6,300,3.3000000000000003
2004,8,13,1,30,7.4,74,479,198,0.27,977,33.9,289,2.9000000000000004
2004,8,13,2,30,7.4,21,116,28,0.27,978,31.1,276,2.4000000000000004
2004,8,13,3,30,7.800000000000001,0,0,0,0.27,979,29.3,267,1.8
2004,8,13,4,30,8.4,0,0,0,0.27,979,28.200000000000003,269,1.1
2004,8,13,5,30,8.9,0,0,0,0.27,979,27.400000000000002,295,0.7000000000000001
2004,8,13,6,30,9,0,0,0,0.27,979,26.5,326,0.7000000000000001
2004,8,13,7,30,9,0,0,0,0.27,979,25.6,321,0.7000000000000001
2004,8,13,8,30,9.1,0,0,0,0.27,979,24.700000000000003,289,0.7000000000000001
2004,8,13,9,30,9.200000000000001,0,0,0,0.27,979,24.1,268,0.8
2004,8,13,10,30,9.3,0,0,0,0.27,979,23.6,260,0.9
2004,8,13,11,30,9.4,0,0,0,0.27,979,23.400000000000002,257,0.8
2004,8,13,12,30,9.3,0,0,0,0.27,979,23.5,258,0.8
2004,8,13,13,30,9.200000000000001,15,125,19,0.27,979,25,276,0.7000000000000001
2004,8,13,14,30,8.9,58,526,184,0.27,980,27.700000000000003,151,0.8
2004,8,13,15,30,8.1,86,693,390,0.27,980,30.8,7,1
2004,8,13,16,30,8.3,104,784,588,0.27,980,33.6,170,0.9
2004,8,13,17,30,8.6,116,838,758,0.27,980,36.2,325,1
2004,8,13,18,30,9.1,289,610,821,0.27,979,38.400000000000006,318,1.4000000000000001
2004,8,13,19,30,9.700000000000001,287,666,904,0.27,978,40,322,2
2004,8,13,20,30,10.600000000000001,359,547,866,0.27,978,40.900000000000006,322,2.5
2004,8,13,21,30,11.100000000000001,254,680,851,0.27,977,41,317,2.9000000000000004
2004,8,13,22,30,11.200000000000001,111,850,771,0.27,976,40.400000000000006,309,3.4000000000000004
2004,8,13,23,30,11.200000000000001,107,785,603,0.27,976,39.900000000000006,305,3.7
2004,8,14,0,30,11.3,89,696,405,0.27,976,37,294,4.3
2004,8,14,1,30,11.4,64,526,198,0.27,977,33.9,286,4.4
2004,8,14,2,30,11.3,19,151,27,0.27,977,30.400000000000002,277,4
2004,8,14,3,30,11,0,0,0,0.27,978,27.900000000000002,266,3.3000000000000003
2004,8,14,4,30,10.5,0,0,0,0.27,978,26.5,259,2.2
2004,8,14,5,30,10.3,0,0,0,0.27,979,25.6,267,1.1
2004,8,14,6,30,10.200000000000001,0,0,0,0.27,979,24.8,297,0.7000000000000001
2004,8,14,7,30,10.100000000000001,0,0,0,0.27,979,23.900000000000002,312,0.8
2004,8,14,8,30,10.100000000000001,0,0,0,0.27,980,23,294,1
2004,8,14,9,30,10.200000000000001,0,0,0,0.27,980,22.1,275,1
2004,8,14,10,30,10.3,0,0,0,0.27,980,21.5,265,0.9
2004,8,14,11,30,10.4,0,0,0,0.27,980,21.200000000000003,263,0.8
2004,8,14,12,30,10.4,0,0,0,0.27,980,21.1,261,0.8
2004,8,14,13,30,10.5,14,111,18,0.27,980,22.1,267,1.2000000000000002
2004,8,14,14,30,10.200000000000001,58,526,183,0.27,981,24.700000000000003,286,1.6
2004,8,14,15,30,9,83,707,392,0.27,981,27.8,306,1.6
2004,8,14,16,30,7.7,99,806,596,0.27,981,30.900000000000002,319,1.6
2004,8,14,17,30,7.2,111,860,767,0.27,980,33.4,329,1.8
2004,8,14,18,30,7,116,894,892,0.27,980,35.5,336,2
2004,8,14,19,30,6.9,120,907,958,0.27,979,37.1,338,2.4000000000000004
2004,8,14,20,30,6.800000000000001,121,906,960,0.27,978,38,335,2.7
2004,8,14,21,30,6.800000000000001,133,870,894,0.27,977,38.400000000000006,330,3
2004,8,14,22,30,7,126,839,775,0.27,977,38,323,3.4000000000000004
2004,8,14,23,30,7.1000000000000005,114,784,607,0.27,977,37.7,320,3.5
2004,8,15,0,30,7.2,103,664,402,0.27,977,35.1,308,3.9000000000000004
2004,8,15,1,30,7.2,71,484,193,0.27,977,32.1,298,3.9000000000000004
2004,8,15,2,30,7.6000000000000005,18,105,23,0.27,978,28.5,286,3.6
2004,8,15,3,30,8.3,0,0,0,0.27,979,25.8,272,3.1
2004,8,15,4,30,9.1,0,0,0,0.27,980,24.3,258,2.6
2004,8,15,5,30,9.700000000000001,0,0,0,0.27,980,23.3,249,2
2004,8,15,6,30,10.100000000000001,0,0,0,0.27,980,22.5,247,1.5
2004,8,15,7,30,10.4,0,0,0,0.27,980,21.700000000000003,254,1.1
2004,8,15,8,30,10.600000000000001,0,0,0,0.27,981,20.8,267,1
2004,8,15,9,30,11.200000000000001,0,0,0,0.27,981,19.8,276,1.1
2004,8,15,10,30,11.4,0,0,0,0.27,981,18.900000000000002,280,1.2000000000000002
2004,8,15,11,30,11.4,0,0,0,0.27,981,18.1,280,1.2000000000000002
2004,8,15,12,30,11.3,0,0,0,0.27,981,17.6,275,1.2000000000000002
2004,8,15,13,30,11.200000000000001,13,99,17,0.27,982,18.2,270,1.3
2004,8,15,14,30,10.700000000000001,60,525,183,0.27,982,20.3,279,1.2000000000000002
2004,8,15,15,30,10.4,85,714,396,0.27,982,23.1,300,1.2000000000000002
2004,8,15,16,30,10.3,103,806,598,0.27,982,26.200000000000003,317,1.4000000000000001
2004,8,15,17,30,9.9,116,859,770,0.27,981,29.400000000000002,328,1.8
2004,8,15,18,30,9.600000000000001,124,889,895,0.27,981,32.1,337,2.2
2004,8,15,19,30,9.200000000000001,129,900,959,0.27,980,34.2,344,2.5
2004,8,15,20,30,8.700000000000001,358,544,861,0.27,979,35.800000000000004,349,2.8000000000000003
2004,8,15,21,30,8.200000000000001,116,904,905,0.27,979,36.6,351,2.9000000000000004
2004,8,15,22,30,7.800000000000001,109,875,784,0.27,978,36.6,352,3
2004,8,15,23,30,7.5,99,822,614,0.27,978,36.5,351,3
2004,8,16,0,30,7.300000000000001,82,736,412,0.27,977,34.800000000000004,352,2.9000000000000004
2004,8,16,1,30,7.1000000000000005,59,559,198,0.27,977,32,354,2
2004,8,16,2,30,7.2,17,150,24,0.27,978,28.6,355,1.2000000000000002
2004,8,16,3,30,7.2,0,0,0,0.27,978,26.6,351,1.2000000000000002
2004,8,16,4,30,7,0,0,0,0.27,979,25.5,344,1.3
2004,8,16,5,30,6.7,0,0,0,0.27,980,24.400000000000002,334,1.4000000000000001
2004,8,16,6,30,6.1000000000000005,0,0,0,0.27,980,23.3,322,1.3
2004,8,16,7,30,5.6000000000000005,0,0,0,0.27,980,22.1,314,1.2000000000000002
2004,8,16,8,30,5.300000000000001,0,0,0,0.27,980,21,309,1.1
2004,8,16,9,30,5.4,0,0,0,0.27,980,20,301,1
2004,8,16,10,30,5.800000000000001,0,0,0,0.27,980,19.1,289,0.9
2004,8,16,11,30,6.300000000000001,0,0,0,0.27,981,18.400000000000002,276,0.9
2004,8,16,12,30,6.800000000000001,0,0,0,0.27,981,18.1,265,1
2004,8,16,13,30,7.2,13,123,17,0.27,982,19.200000000000003,264,1.5
2004,8,16,14,30,7.6000000000000005,56,561,187,0.27,982,21.700000000000003,280,1.8
2004,8,16,15,30,7.9,83,731,399,0.27,982,24.5,299,1.8
2004,8,16,16,30,8,99,825,605,0.27,982,27.700000000000003,307,1.8
2004,8,16,17,30,7.6000000000000005,111,878,779,0.27,981,31,308,2
2004,8,16,18,30,7.1000000000000005,116,912,905,0.27,981,33.7,308,2.3000000000000003
2004,8,16,19,30,6.4,120,925,972,0.27,980,35.9,314,2.7
2004,8,16,20,30,5.9,120,923,971,0.27,979,37.1,319,3
2004,8,16,21,30,5.6000000000000005,123,902,908,0.27,979,37.6,323,3.3000000000000003
2004,8,16,22,30,5.4,116,872,785,0.27,978,37.4,325,3.5
2004,8,16,23,30,5.300000000000001,105,815,612,0.27,978,37.2,327,3.7
2004,8,17,0,30,5.2,89,719,408,0.27,978,35.300000000000004,334,3.6
2004,8,17,1,30,5.1000000000000005,62,539,194,0.27,978,32.2,338,2.4000000000000004
2004,8,17,2,30,5.4,16,131,21,0.27,979,28.700000000000003,338,1.3
2004,8,17,3,30,5.7,0,0,0,0.27,979,26.8,332,1.1
2004,8,17,4,30,6,0,0,0,0.27,980,25.700000000000003,327,1.1
2004,8,17,5,30,6.1000000000000005,0,0,0,0.27,980,24.700000000000003,324,1.2000000000000002
2004,8,17,6,30,6.1000000000000005,0,0,0,0.27,981,23.700000000000003,318,1.1
2004,8,17,7,30,6.1000000000000005,0,0,0,0.27,981,22.8,306,1.1
2004,8,17,8,30,6.300000000000001,0,0,0,0.27,981,22,291,1
2004,8,17,9,30,6.7,0,0,0,0.27,981,21.400000000000002,275,0.9
2004,8,17,10,30,7.300000000000001,0,0,0,0.27,981,20.8,262,0.9
2004,8,17,11,30,7.800000000000001,0,0,0,0.27,981,20.3,253,0.9
2004,8,17,12,30,8.3,0,0,0,0.27,981,20,245,0.8
2004,8,17,13,30,8.700000000000001,12,117,16,0.27,982,21.400000000000002,241,1.2000000000000002
2004,8,17,14,30,9,55,562,184,0.27,982,24.200000000000003,257,1.5
2004,8,17,15,30,8.8,76,752,400,0.27,982,27,283,1.5
2004,8,17,16,30,8.3,91,845,607,0.27,982,30,296,1.5
2004,8,17,17,30,7.6000000000000005,101,897,781,0.27,982,32.9,303,1.6
2004,8,17,18,30,7,105,930,907,0.27,982,35.4,312,1.9000000000000001
2004,8,17,19,30,6.5,108,946,976,0.27,981,37.2,320,2.2
2004,8,17,20,30,6.2,108,946,978,0.27,980,38.2,327,2.5
2004,8,17,21,30,5.9,107,930,914,0.27,979,38.7,332,2.7
2004,8,17,22,30,5.6000000000000005,102,897,788,0.27,978,38.5,336,2.9000000000000004
2004,8,17,23,30,5.5,93,845,616,0.27,978,38.300000000000004,338,2.9000000000000004
2004,8,18,0,30,5.300000000000001,77,757,411,0.27,978,36.5,343,2.6
2004,8,18,1,30,5.2,55,582,196,0.27,978,33.300000000000004,346,1.7000000000000002
2004,8,18,2,30,5.4,15,154,20,0.27,978,29.8,342,1.1
2004,8,18,3,30,5.6000000000000005,0,0,0,0.27,979,28.1,329,1.1
2004,8,18,4,30,5.800000000000001,0,0,0,0.27,979,26.900000000000002,314,1.1
2004,8,18,5,30,6,0,0,0,0.27,979,25.6,305,1.1
2004,8,18,6,30,6,0,0,0,0.27,979,24.5,303,1.1
2004,8,18,7,30,6,0,0,0,0.27,979,23.6,301,1.1
2004,8,18,8,30,6.1000000000000005,0,0,0,0.27,979,22.8,292,1
2004,8,18,9,30,6.1000000000000005,0,0,0,0.27,979,22,274,0.9
2004,8,18,10,30,6,0,0,0,0.27,979,21.3,252,0.9
2004,8,18,11,30,6,0,0,0,0.27,979,20.700000000000003,234,0.9
2004,8,18,12,30,5.9,0,0,0,0.27,980,20.6,224,1
2004,8,18,13,30,5.800000000000001,11,104,14,0.27,980,22.1,219,1.5
2004,8,18,14,30,5.7,56,550,181,0.27,980,25.200000000000003,221,1.7000000000000002
2004,8,18,15,30,5.5,77,749,398,0.27,980,28.8,237,1.3
2004,8,18,16,30,5,92,843,605,0.27,980,32.2,268,1
2004,8,18,17,30,4.6000000000000005,103,895,780,0.27,979,34.800000000000004,295,1.1
2004,8,18,18,30,4.4,105,931,907,0.27,978,36.800000000000004,307,1.3
2004,8,18,19,30,4.1000000000000005,108,944,974,0.27,978,38.2,315,1.6
2004,8,18,20,30,4,109,944,975,0.27,977,39.1,320,1.9000000000000001
2004,8,18,21,30,3.8000000000000003,107,929,911,0.27,976,39.5,321,2.3000000000000003
2004,8,18,22,30,3.6,101,901,788,0.27,976,39.2,322,2.6
2004,8,18,23,30,3.6,91,850,615,0.27,975,38.900000000000006,322,2.8000000000000003
2004,8,19,0,30,3.8000000000000003,76,762,409,0.27,975,36.800000000000004,317,2.8000000000000003
2004,8,19,1,30,4.4,54,582,192,0.27,976,33.4,303,2.2
2004,8,19,2,30,5.4,14,144,18,0.27,976,29.5,282,1.8
2004,8,19,3,30,6.800000000000001,0,0,0,0.27,977,27.200000000000003,265,1.9000000000000001
2004,8,19,4,30,8.4,0,0,0,0.27,978,25.6,251,1.7000000000000002
2004,8,19,5,30,9.3,0,0,0,0.27,978,24.5,235,1.3
2004,8,19,6,30,9.600000000000001,0,0,0,0.27,978,23.8,218,1.1
2004,8,19,7,30,9.700000000000001,0,0,0,0.27,978,23.400000000000002,202,1
2004,8,19,8,30,9.600000000000001,0,0,0,0.27,978,22.900000000000002,197,1
2004,8,19,9,30,9.5,0,0,0,0.27,978,22.400000000000002,201,1
2004,8,19,10,30,9.3,0,0,0,0.27,978,21.8,207,1.1
2004,8,19,11,30,9.3,0,0,0,0.27,978,21.400000000000002,210,1.1
2004,8,19,12,30,9.200000000000001,0,0,0,0.27,979,21.1,208,1
2004,8,19,13,30,9.1,11,77,12,0.27,979,22.3,210,1.1
2004,8,19,14,30,9.200000000000001,59,506,173,0.27,980,25,237,1.1
2004,8,19,15,30,9.4,85,705,386,0.27,980,28,280,1
2004,8,19,16,30,8.5,102,804,590,0.27,980,31.1,309,1.1
2004,8,19,17,30,7.7,114,861,763,0.27,979,33.7,319,1.4000000000000001
2004,8,19,18,30,6.9,124,888,887,0.27,978,35.9,322,1.8
2004,8,19,19,30,6.300000000000001,128,902,953,0.27,978,37.5,322,2.2
2004,8,19,20,30,5.9,228,758,922,0.27,977,38.300000000000004,320,2.6
2004,8,19,21,30,5.7,127,882,888,0.27,976,38.6,316,2.9000000000000004
2004,8,19,22,30,5.6000000000000005,119,853,767,0.27,976,38.2,311,3.2
2004,8,19,23,30,5.6000000000000005,107,797,596,0.27,976,37.9,308,3.3000000000000003
2004,8,20,0,30,5.7,89,698,392,0.27,976,35.300000000000004,299,3.7
2004,8,20,1,30,6.2,62,504,179,0.27,977,32.1,291,3.4000000000000004
2004,8,20,2,30,7.1000000000000005,12,83,15,0.27,978,28.400000000000002,283,2.6
2004,8,20,3,30,8.200000000000001,0,0,0,0.27,978,26,275,1.8
2004,8,20,4,30,8.9,0,0,0,0.27,979,24.700000000000003,277,1
2004,8,20,5,30,9.1,0,0,0,0.27,979,23.900000000000002,287,0.7000000000000001
2004,8,20,6,30,9.4,0,0,0,0.27,979,23.3,284,0.7000000000000001
2004,8,20,7,30,9.600000000000001,0,0,0,0.27,979,22.700000000000003,267,0.8
2004,8,20,8,30,9.8,0,0,0,0.27,979,22.200000000000003,251,1
2004,8,20,9,30,9.600000000000001,0,0,0,0.27,979,21.8,235,1
2004,8,20,10,30,9.200000000000001,0,0,0,0.27,979,21.5,221,0.9
2004,8,20,11,30,8.8,0,0,0,0.27,979,21.200000000000003,219,0.9
2004,8,20,12,30,8.4,0,0,0,0.27,980,20.8,226,1
2004,8,20,13,30,8.3,5,0,5,0.27,980,21.8,239,1.2000000000000002
2004,8,20,14,30,8.4,61,487,170,0.27,981,24.1,264,1.4000000000000001
2004,8,20,15,30,8.5,86,703,384,0.27,981,27,300,1.3
2004,8,20,16,30,7.800000000000001,101,808,590,0.27,981,30.1,328,1.3
2004,8,20,17,30,6.9,110,869,764,0.27,981,32.800000000000004,342,1.4000000000000001
2004,8,20,18,30,6.300000000000001,107,916,892,0.27,980,35.2,344,1.6
2004,8,20,19,30,5.800000000000001,112,926,957,0.27,979,37,340,2
2004,8,20,20,30,5.5,116,921,957,0.27,978,38.1,337,2.3000000000000003
2004,8,20,21,30,5.5,111,910,894,0.27,977,38.6,333,2.5
2004,8,20,22,30,5.4,106,878,770,0.27,977,38.400000000000006,327,2.7
2004,8,20,23,30,5.5,95,825,598,0.27,977,38.1,324,2.8000000000000003
2004,8,21,0,30,5.6000000000000005,92,686,386,0.27,976,35.7,312,3.1
2004,8,21,1,30,6,85,95,106,0.27,977,32.4,300,2.8000000000000003
2004,8,21,2,30,6.800000000000001,9,0,9,0.27,977,28.700000000000003,287,2.5
2004,8,21,3,30,8,0,0,0,0.27,978,26.1,276,2.2
2004,8,21,4,30,8.9,0,0,0,0.27,979,24.400000000000002,262,1.7000000000000002
2004,8,21,5,30,9.4,0,0,0,0.27,979,23.3,251,1.4000000000000001
2004,8,21,6,30,9.600000000000001,0,0,0,0.27,979,22.5,248,1.2000000000000002
2004,8,21,7,30,9.700000000000001,0,0,0,0.27,979,21.900000000000002,248,1.2000000000000002
2004,8,21,8,30,9.8,0,0,0,0.27,979,21.3,248,1.1
2004,8,21,9,30,10.200000000000001,0,0,0,0.27,979,20.8,248,1.1
2004,8,21,10,30,10.600000000000001,0,0,0,0.27,979,20.3,252,1.1
2004,8,21,11,30,10.8,0,0,0,0.27,979,19.900000000000002,261,1.1
2004,8,21,12,30,11,0,0,0,0.27,979,19.700000000000003,270,1.1
2004,8,21,13,30,11.200000000000001,4,0,4,0.27,980,20.6,278,1.5
2004,8,21,14,30,11.200000000000001,74,3,75,0.27,980,22.3,296,1.9000000000000001
2004,8,21,15,30,11.200000000000001,154,327,292,0.27,981,24.3,314,2.1
2004,8,21,16,30,11.100000000000001,239,361,457,0.27,980,26.6,322,2.2
2004,8,21,17,30,11.3,296,423,613,0.27,980,29,323,2.2
2004,8,21,18,30,11.5,318,534,775,0.27,979,31.3,322,2.2
2004,8,21,19,30,11.4,379,439,778,0.27,978,33.4,323,2.4000000000000004
2004,8,21,20,30,11.3,379,440,780,0.27,977,34.9,324,2.7
2004,8,21,21,30,11,245,682,830,0.27,976,35.5,322,3
2004,8,21,22,30,10.700000000000001,155,774,739,0.27,976,35.4,319,3.4000000000000004
2004,8,21,23,30,10.600000000000001,155,627,535,0.27,975,35.2,317,3.5
2004,8,22,0,30,10.600000000000001,154,342,300,0.27,975,33,307,3.8000000000000003
2004,8,22,1,30,10.9,74,280,137,0.27,976,30.3,295,3.8000000000000003
2004,8,22,2,30,11.600000000000001,6,0,6,0.27,976,27.1,278,3.9000000000000004
2004,8,22,3,30,12.5,0,0,0,0.27,977,24.6,260,3.9000000000000004
2004,8,22,4,30,13,0,0,0,0.27,978,22.900000000000002,248,3.4000000000000004
2004,8,22,5,30,13.3,0,0,0,0.27,978,21.900000000000002,244,2.6
2004,8,22,6,30,13.3,0,0,0,0.27,978,21.200000000000003,243,1.9000000000000001
2004,8,22,7,30,13.4,0,0,0,0.27,978,20.6,245,1.7000000000000002
2004,8,22,8,30,13.5,0,0,0,0.27,978,20.1,249,1.6
2004,8,22,9,30,13.5,0,0,0,0.27,978,19.5,251,1.6
2004,8,22,10,30,13.700000000000001,0,0,0,0.27,978,19,253,1.6
2004,8,22,11,30,13.700000000000001,0,0,0,0.27,978,18.5,254,1.4000000000000001
2004,8,22,12,30,13.700000000000001,0,0,0,0.27,978,18.2,254,1.3
2004,8,22,13,30,13.700000000000001,0,0,0,0.27,979,18.900000000000002,261,1.6
2004,8,22,14,30,13.700000000000001,70,411,160,0.27,979,20.8,282,2
2004,8,22,15,30,13.3,81,721,384,0.27,979,23.1,306,2
2004,8,22,16,30,12.600000000000001,96,823,591,0.27,979,25.6,318,1.8
2004,8,22,17,30,11.9,105,885,768,0.27,979,28,322,1.6
2004,8,22,18,30,10.8,156,846,878,0.27,978,30.3,324,1.5
2004,8,22,19,30,9.5,194,812,932,0.27,977,32.300000000000004,324,1.5
2004,8,22,20,30,8.3,356,532,838,0.27,976,33.6,323,1.9000000000000001
2004,8,22,21,30,7.5,324,520,768,0.27,976,34.2,321,2.4000000000000004
2004,8,22,22,30,7,147,787,738,0.27,975,34.1,317,3
2004,8,22,23,30,7,92,838,597,0.27,975,33.800000000000004,314,3.3000000000000003
2004,8,23,0,30,7.300000000000001,121,504,334,0.27,975,31.400000000000002,302,4
2004,8,23,1,30,8,80,161,115,0.27,975,28.8,293,4.2
2004,8,23,2,30,9.1,0,0,0,0.27,976,26,282,4.3
2004,8,23,3,30,10.100000000000001,0,0,0,0.27,977,23.5,268,4.1000000000000005
2004,8,23,4,30,10.8,0,0,0,0.27,977,21.900000000000002,256,3.6
2004,8,23,5,30,11.100000000000001,0,0,0,0.27,977,21,250,2.8000000000000003
2004,8,23,6,30,11.200000000000001,0,0,0,0.27,977,20.3,248,1.9000000000000001
2004,8,23,7,30,11.3,0,0,0,0.27,977,19.6,243,1.4000000000000001
2004,8,23,8,30,11.4,0,0,0,0.27,977,19.1,242,1.2000000000000002
2004,8,23,9,30,11.5,0,0,0,0.27,977,18.5,248,1.1
2004,8,23,10,30,11.5,0,0,0,0.27,977,17.900000000000002,253,1
2004,8,23,11,30,11.5,0,0,0,0.27,977,17.3,253,1.1
2004,8,23,12,30,11.600000000000001,0,0,0,0.27,978,17,252,1.1
2004,8,23,13,30,11.700000000000001,0,0,0,0.27,978,17.900000000000002,256,1.4000000000000001
2004,8,23,14,30,11.600000000000001,64,439,159,0.27,978,20.1,279,1.6
2004,8,23,15,30,11.4,78,716,377,0.27,979,22.700000000000003,307,1.5
2004,8,23,16,30,11.3,95,808,579,0.27,978,25.200000000000003,320,1.6
2004,8,23,17,30,10.9,108,861,751,0.27,978,27.6,323,1.9000000000000001
2004,8,23,18,30,10.4,196,768,849,0.27,977,29.6,323,2.4000000000000004
2004,8,23,19,30,9.8,371,481,807,0.27,977,31.200000000000003,321,2.9000000000000004
2004,8,23,20,30,9.200000000000001,333,573,852,0.27,977,32,319,3.4000000000000004
2004,8,23,21,30,8.700000000000001,136,854,863,0.27,976,32.2,317,3.8000000000000003
2004,8,23,22,30,8.6,320,359,589,0.27,976,31.8,313,4
2004,8,23,23,30,8.6,152,630,529,0.27,976,31.5,310,4.1000000000000005
2004,8,24,0,30,8.8,86,679,370,0.27,976,29.700000000000003,298,4.2
2004,8,24,1,30,9.3,57,482,162,0.27,976,27.400000000000002,287,3.8000000000000003
2004,8,24,2,30,10.100000000000001,0,0,0,0.27,977,24.700000000000003,275,3.6
2004,8,24,3,30,11.3,0,0,0,0.27,978,22.6,263,3.7
2004,8,24,4,30,12.700000000000001,0,0,0,0.27,978,21.1,254,3.6
2004,8,24,5,30,13.600000000000001,0,0,0,0.27,979,20.200000000000003,251,3
2004,8,24,6,30,13.9,0,0,0,0.27,979,19.6,249,2.2
2004,8,24,7,30,14,0,0,0,0.27,979,19,248,1.5
2004,8,24,8,30,14,0,0,0,0.27,979,18.5,247,1.1
2004,8,24,9,30,13.9,0,0,0,0.27,979,18.1,248,1
2004,8,24,10,30,13.8,0,0,0,0.27,979,17.6,252,1
2004,8,24,11,30,13.700000000000001,0,0,0,0.27,979,17.1,258,0.9
2004,8,24,12,30,13.5,0,0,0,0.27,979,16.7,261,1
2004,8,24,13,30,13.4,0,0,0,0.27,980,17.7,265,1.4000000000000001
2004,8,24,14,30,13,48,555,167,0.27,980,19.8,282,1.7000000000000002
2004,8,24,15,30,12.600000000000001,69,750,380,0.27,980,22.200000000000003,300,1.7000000000000002
2004,8,24,16,30,12.200000000000001,82,842,585,0.27,980,24.8,311,2
2004,8,24,17,30,11.9,91,894,756,0.27,980,27.400000000000002,320,2.6
2004,8,24,18,30,11.600000000000001,96,923,880,0.27,980,29.5,327,3.1
2004,8,24,19,30,11.4,100,934,943,0.27,979,31.200000000000003,330,3.4000000000000004
2004,8,24,20,30,11.3,99,934,943,0.27,979,32.300000000000004,331,3.5
2004,8,24,21,30,10.9,107,906,876,0.27,978,32.800000000000004,332,3.7
2004,8,24,22,30,10.5,102,874,752,0.27,978,32.7,333,3.7
2004,8,24,23,30,10.200000000000001,92,817,579,0.27,978,32.5,333,3.7
2004,8,25,0,30,10,76,719,374,0.27,978,30.8,330,3.2
2004,8,25,1,30,10.200000000000001,53,512,162,0.27,978,28.200000000000003,322,2.1
2004,8,25,2,30,10.700000000000001,0,0,0,0.27,978,25.400000000000002,302,1.3
2004,8,25,3,30,11.4,0,0,0,0.27,979,23.8,280,1.4000000000000001
2004,8,25,4,30,12.200000000000001,0,0,0,0.27,979,22.900000000000002,266,1.9000000000000001
2004,8,25,5,30,13,0,0,0,0.27,980,22.1,263,2.4000000000000004
2004,8,25,6,30,13.5,0,0,0,0.27,980,21.400000000000002,263,2.3000000000000003
2004,8,25,7,30,13.8,0,0,0,0.27,980,20.8,265,2
2004,8,25,8,30,14,0,0,0,0.27,980,20.1,270,1.9000000000000001
2004,8,25,9,30,14.100000000000001,0,0,0,0.27,980,19.200000000000003,277,1.7000000000000002
2004,8,25,10,30,14,0,0,0,0.27,980,18.5,281,1.4000000000000001
2004,8,25,11,30,13.9,0,0,0,0.27,980,17.8,281,1.1
2004,8,25,12,30,13.8,0,0,0,0.27,981,17.400000000000002,279,0.9
2004,8,25,13,30,13.700000000000001,0,0,0,0.27,981,18.3,282,1.3
2004,8,25,14,30,13.200000000000001,53,511,162,0.27,981,20.5,300,1.8
2004,8,25,15,30,12.4,70,747,379,0.27,982,22.900000000000002,315,1.9000000000000001
2004,8,25,16,30,12.100000000000001,82,842,583,0.27,982,25.6,321,2.2
2004,8,25,17,30,11.8,90,897,756,0.27,982,28.200000000000003,327,2.5
2004,8,25,18,30,11.3,93,929,880,0.27,981,30.5,333,2.9000000000000004
2004,8,25,19,30,10.700000000000001,95,944,945,0.27,980,32.300000000000004,338,3
2004,8,25,20,30,10,95,947,947,0.27,980,33.6,338,3.2
2004,8,25,21,30,9.5,105,914,877,0.27,979,34.2,336,3.3000000000000003
2004,8,25,22,30,9.200000000000001,98,886,754,0.27,978,34.300000000000004,334,3.4000000000000004
2004,8,25,23,30,8.9,88,832,581,0.27,978,34.300000000000004,333,3.4000000000000004
2004,8,26,0,30,8.5,73,736,375,0.27,978,32.6,330,3
2004,8,26,1,30,8.1,49,540,162,0.27,978,29.5,326,1.9000000000000001
2004,8,26,2,30,7.9,0,0,0,0.27,978,26.200000000000003,312,1.2000000000000002
2004,8,26,3,30,8,0,0,0,0.27,979,24.400000000000002,290,1.3
2004,8,26,4,30,8.5,0,0,0,0.27,979,23.200000000000003,275,1.7000000000000002
2004,8,26,5,30,9.5,0,0,0,0.27,980,22.200000000000003,270,2.2
2004,8,26,6,30,10.700000000000001,0,0,0,0.27,980,21.200000000000003,272,2.3000000000000003
2004,8,26,7,30,12,0,0,0,0.27,980,20.5,278,2.1
2004,8,26,8,30,13,0,0,0,0.27,980,19.900000000000002,285,1.8
2004,8,26,9,30,13.700000000000001,0,0,0,0.27,980,19.200000000000003,289,1.4000000000000001
2004,8,26,10,30,14.200000000000001,0,0,0,0.27,980,18.6,290,1.2000000000000002
2004,8,26,11,30,14.5,0,0,0,0.27,980,18,288,1
2004,8,26,12,30,14.700000000000001,0,0,0,0.27,980,17.7,283,0.9
2004,8,26,13,30,14.9,0,0,0,0.27,980,18.8,286,1.4000000000000001
2004,8,26,14,30,14.8,47,573,167,0.27,980,21.200000000000003,307,2
2004,8,26,15,30,14.600000000000001,66,776,385,0.27,980,23.6,324,2.2
2004,8,26,16,30,14.200000000000001,78,873,595,0.27,980,26,325,2.4000000000000004
2004,8,26,17,30,13.3,85,925,770,0.27,980,28.200000000000003,324,2.7
2004,8,26,18,30,12.100000000000001,93,952,897,0.27,979,30.1,322,2.9000000000000004
2004,8,26,19,30,10.8,95,966,962,0.27,978,31.700000000000003,321,3.2
2004,8,26,20,30,9.5,95,966,962,0.27,978,32.9,321,3.5
2004,8,26,21,30,7.9,95,951,897,0.27,977,33.5,322,3.8000000000000003
2004,8,26,22,30,6.5,91,924,772,0.27,976,33.4,327,4
2004,8,26,23,30,5.2,82,870,594,0.27,976,33.2,329,4.1000000000000005
2004,8,27,0,30,4.4,70,769,382,0.27,976,31.1,336,3.8000000000000003
2004,8,27,1,30,4,48,569,164,0.27,976,27.900000000000002,342,2.6
2004,8,27,2,30,4.2,0,0,0,0.27,977,24.5,347,1.4000000000000001
2004,8,27,3,30,4.5,0,0,0,0.27,978,22.6,345,1.2000000000000002
2004,8,27,4,30,4.6000000000000005,0,0,0,0.27,978,21.6,335,1.1
2004,8,27,5,30,4.6000000000000005,0,0,0,0.27,978,20.700000000000003,321,1.1
2004,8,27,6,30,4.7,0,0,0,0.27,978,19.900000000000002,310,1.1
2004,8,27,7,30,4.9,0,0,0,0.27,979,19.3,302,1.1
2004,8,27,8,30,5.2,0,0,0,0.27,979,18.8,293,1
2004,8,27,9,30,5.800000000000001,0,0,0,0.27,979,18.3,278,1
2004,8,27,10,30,6.4,0,0,0,0.27,979,17.900000000000002,265,1
2004,8,27,11,30,7.1000000000000005,0,0,0,0.27,979,17.5,257,1
2004,8,27,12,30,7.6000000000000005,0,0,0,0.27,979,17.3,252,1
2004,8,27,13,30,8,0,0,0,0.27,980,18.8,250,1.4000000000000001
2004,8,27,14,30,8.3,50,552,165,0.27,980,22,257,1.6
2004,8,27,15,30,8.1,72,761,384,0.27,980,25.3,282,1.2000000000000002
2004,8,27,16,30,7,86,859,594,0.27,980,28.5,314,1
2004,8,27,17,30,6.1000000000000005,96,914,770,0.27,980,31.3,327,1.3
2004,8,27,18,30,5.2,100,946,897,0.27,979,33.7,329,1.6
2004,8,27,19,30,4.4,102,960,962,0.27,978,35.5,336,2
2004,8,27,20,30,3.8000000000000003,102,961,961,0.27,978,36.800000000000004,343,2.3000000000000003
2004,8,27,21,30,3.2,99,946,894,0.27,977,37.5,349,2.6
2004,8,27,22,30,2.6,93,917,766,0.27,977,37.4,352,2.9000000000000004
2004,8,27,23,30,2.2,84,863,588,0.27,977,37.2,353,3
2004,8,28,0,30,2,69,765,377,0.27,977,35,352,3
2004,8,28,1,30,2.3000000000000003,47,559,159,0.27,977,31.400000000000002,351,2.4000000000000004
2004,8,28,2,30,3,0,0,0,0.27,977,27.8,350,1.8
2004,8,28,3,30,3.4000000000000004,0,0,0,0.27,978,25.700000000000003,347,1.3
2004,8,28,4,30,3.6,0,0,0,0.27,979,24.400000000000002,335,1.1
2004,8,28,5,30,3.8000000000000003,0,0,0,0.27,979,23.5,308,1.1
2004,8,28,6,30,4.2,0,0,0,0.27,979,22.6,282,1.2000000000000002
2004,8,28,7,30,4.6000000000000005,0,0,0,0.27,979,21.8,267,1.4000000000000001
2004,8,28,8,30,5.300000000000001,0,0,0,0.27,978,21.200000000000003,259,1.5
2004,8,28,9,30,6.1000000000000005,0,0,0,0.27,978,20.6,252,1.4000000000000001
2004,8,28,10,30,6.5,0,0,0,0.27,978,20.1,247,1.2000000000000002
2004,8,28,11,30,6.5,0,0,0,0.27,979,19.700000000000003,244,1.1
2004,8,28,12,30,6,0,0,0,0.27,979,19.5,241,1.1
2004,8,28,13,30,5.6000000000000005,0,0,0,0.27,979,20.8,239,1.3
2004,8,28,14,30,5.300000000000001,48,569,165,0.27,980,24,242,1.7000000000000002
2004,8,28,15,30,4.4,71,768,383,0.27,980,27.5,257,1.7000000000000002
2004,8,28,16,30,3.7,85,865,594,0.27,979,31.1,274,1.3
2004,8,28,17,30,2.9000000000000004,95,918,770,0.27,979,34.4,286,1.2000000000000002
2004,8,28,18,30,1.6,100,952,899,0.27,978,37.2,303,1.2000000000000002
2004,8,28,19,30,0.5,103,965,965,0.27,977,39.2,322,1.3
2004,8,28,20,30,-0.30000000000000004,104,963,963,0.27,976,40.400000000000006,333,1.6
2004,8,28,21,30,-0.7000000000000001,103,944,892,0.27,976,40.800000000000004,336,1.9000000000000001
2004,8,28,22,30,-0.9,97,911,763,0.27,975,40.5,336,2.3000000000000003
2004,8,28,23,30,-0.7000000000000001,89,852,584,0.27,975,40.2,336,2.5
2004,8,29,0,30,-0.2,74,744,370,0.27,975,37.4,331,2.7
2004,8,29,1,30,0.9,49,527,152,0.27,975,33.300000000000004,320,2.3000000000000003
2004,8,29,2,30,2.9000000000000004,0,0,0,0.27,976,29.400000000000002,306,2.2
2004,8,29,3,30,5.300000000000001,0,0,0,0.27,977,27.1,290,2.1
2004,8,29,4,30,7.300000000000001,0,0,0,0.27,977,25.400000000000002,272,1.7000000000000002
2004,8,29,5,30,8.8,0,0,0,0.27,978,24.400000000000002,257,1.4000000000000001
2004,8,29,6,30,9.600000000000001,0,0,0,0.27,978,23.6,247,1.2000000000000002
2004,8,29,7,30,9.8,0,0,0,0.27,978,22.900000000000002,237,1.1
2004,8,29,8,30,9.700000000000001,0,0,0,0.27,978,22.5,231,1
2004,8,29,9,30,9.700000000000001,0,0,0,0.27,978,22,232,1
2004,8,29,10,30,9.9,0,0,0,0.27,978,21.5,238,1
2004,8,29,11,30,10.100000000000001,0,0,0,0.27,978,20.900000000000002,243,0.9
2004,8,29,12,30,10.100000000000001,0,0,0,0.27,978,20.5,245,0.9
2004,8,29,13,30,10.200000000000001,0,0,0,0.27,979,21.1,248,1
2004,8,29,14,30,10.5,51,540,160,0.27,979,23.200000000000003,254,1
2004,8,29,15,30,9.8,76,744,377,0.27,979,26.1,265,0.9
2004,8,29,16,30,8.9,92,846,588,0.27,979,29.5,278,0.8
2004,8,29,17,30,7.5,101,907,767,0.27,979,33.2,289,0.9
2004,8,29,18,30,5.2,102,946,895,0.27,978,36.4,303,1.2000000000000002
2004,8,29,19,30,3.5,104,964,963,0.27,977,38.5,318,1.6
2004,8,29,20,30,2.3000000000000003,104,963,961,0.27,976,39.7,327,1.9000000000000001
2004,8,29,21,30,1.4000000000000001,101,950,893,0.27,976,40.1,330,2.2
2004,8,29,22,30,1,95,918,763,0.27,975,39.800000000000004,331,2.5
2004,8,29,23,30,1,86,862,583,0.27,975,39.5,331,2.7
2004,8,30,0,30,1.4000000000000001,72,752,368,0.27,975,36.9,329,2.7
2004,8,30,1,30,2.5,48,533,150,0.27,975,33,321,2.2
2004,8,30,2,30,4.3,0,0,0,0.27,976,29,304,2
2004,8,30,3,30,6.4,0,0,0,0.27,977,26.700000000000003,285,1.9000000000000001
2004,8,30,4,30,8.3,0,0,0,0.27,977,25.1,268,1.8
2004,8,30,5,30,9.700000000000001,0,0,0,0.27,978,24.1,257,1.6
2004,8,30,6,30,10.5,0,0,0,0.27,978,23.3,251,1.3
2004,8,30,7,30,10.700000000000001,0,0,0,0.27,978,22.5,248,1
2004,8,30,8,30,10.700000000000001,0,0,0,0.27,978,21.900000000000002,248,0.9
2004,8,30,9,30,10.5,0,0,0,0.27,978,21.400000000000002,251,0.9
2004,8,30,10,30,10.3,0,0,0,0.27,978,20.900000000000002,252,0.9
2004,8,30,11,30,10.100000000000001,0,0,0,0.27,978,20.3,252,0.9
2004,8,30,12,30,10,0,0,0,0.27,979,19.8,255,0.9
2004,8,30,13,30,9.8,0,0,0,0.27,979,20.700000000000003,256,1.1
2004,8,30,14,30,9.700000000000001,52,525,157,0.27,980,23.3,256,1.4000000000000001
2004,8,30,15,30,9.3,74,751,376,0.27,980,26.3,261,1.2000000000000002
2004,8,30,16,30,8.8,89,852,586,0.27,980,29.700000000000003,280,1.1
2004,8,30,17,30,7.7,100,906,763,0.27,980,32.9,303,1.2000000000000002
2004,8,30,18,30,6.800000000000001,100,945,890,0.27,979,35.7,316,1.5
2004,8,30,19,30,5.800000000000001,103,958,954,0.27,979,37.7,325,2
2004,8,30,20,30,5,103,956,950,0.27,978,39,330,2.4000000000000004
2004,8,30,21,30,4.2,106,932,879,0.27,977,39.6,333,2.8000000000000003
2004,8,30,22,30,3.6,100,899,750,0.27,977,39.5,332,3.1
2004,8,30,23,30,3.2,90,840,571,0.27,977,39.300000000000004,332,3.3000000000000003
2004,8,31,0,30,3,74,733,360,0.27,977,36.800000000000004,330,2.9000000000000004
2004,8,31,1,30,3.3000000000000003,49,507,143,0.27,978,32.800000000000004,326,1.9000000000000001
2004,8,31,2,30,3.8000000000000003,0,0,0,0.27,978,29,311,1.5
2004,8,31,3,30,4.800000000000001,0,0,0,0.27,979,27.200000000000003,294,1.5
2004,8,31,4,30,6,0,0,0,0.27,980,25.8,281,1.4000000000000001
2004,8,31,5,30,7.1000000000000005,0,0,0,0.27,980,24.6,273,1.3
2004,8,31,6,30,8.1,0,0,0,0.27,980,23.6,268,1.2000000000000002
2004,8,31,7,30,8.8,0,0,0,0.27,980,22.8,267,1.1
2004,8,31,8,30,9.200000000000001,0,0,0,0.27,981,22.1,263,1.1
2004,8,31,9,30,9.3,0,0,0,0.27,981,21.5,255,1.2000000000000002
2004,8,31,10,30,9.4,0,0,0,0.27,981,20.900000000000002,246,1.1
2004,8,31,11,30,9.4,0,0,0,0.27,981,20.3,240,1.1
2004,8,31,12,30,9.3,0,0,0,0.27,981,19.900000000000002,236,1
2004,8,31,13,30,9.1,0,0,0,0.27,981,21.3,235,1.3
2004,8,31,14,30,8.700000000000001,53,507,153,0.27,982,24.3,241,1.8
2004,8,31,15,30,8.1,77,736,371,0.27,982,27.5,256,1.9000000000000001
2004,8,31,16,30,7.5,92,840,580,0.27,982,30.5,273,1.8
2004,8,31,17,30,7,103,893,754,0.27,982,33.300000000000004,290,1.9000000000000001
2004,8,31,18,30,6.6000000000000005,106,931,881,0.27,981,35.7,305,2.2
2004,8,31,19,30,6,108,945,945,0.27,980,37.7,318,2.5
2004,8,31,20,30,5.2,108,945,942,0.27,980,39.1,327,2.7
2004,8,31,21,30,4.6000000000000005,100,940,877,0.27,979,39.800000000000004,332,2.7
2004,8,31,22,30,4,93,910,748,0.27,979,39.800000000000004,335,2.7
2004,8,31,23,30,3.4000000000000004,83,854,569,0.27,978,39.6,337,2.6
2016,9,1,0,30,4.6000000000000005,72,726,352,0.28,975,34.9,321,3.6
2016,9,1,1,30,5.1000000000000005,47,498,137,0.28,976,31.3,313,2.5
2016,9,1,2,30,5.6000000000000005,0,0,0,0.28,976,27.700000000000003,297,1.8
2016,9,1,3,30,5.9,0,0,0,0.28,977,25.8,280,2
2016,9,1,4,30,5.9,0,0,0,0.28,978,24.5,271,2.3000000000000003
2016,9,1,5,30,5.9,0,0,0,0.28,978,23.200000000000003,266,2.5
2016,9,1,6,30,6,0,0,0,0.28,979,22,265,2.2
2016,9,1,7,30,6.300000000000001,0,0,0,0.28,979,21.1,267,1.8
2016,9,1,8,30,6.9,0,0,0,0.28,979,20.200000000000003,270,1.4000000000000001
2016,9,1,9,30,7.9,0,0,0,0.28,979,19.400000000000002,268,1.2000000000000002
2016,9,1,10,30,9,0,0,0,0.28,979,18.6,262,1
2016,9,1,11,30,9.9,0,0,0,0.28,979,18.1,252,0.9
2016,9,1,12,30,10.4,0,0,0,0.28,979,17.7,244,0.9
2016,9,1,13,30,10.600000000000001,0,0,0,0.28,980,18.7,238,1.2000000000000002
2016,9,1,14,30,10.700000000000001,47,544,154,0.28,980,21.200000000000003,251,1.4000000000000001
2016,9,1,15,30,10.700000000000001,71,754,371,0.28,980,23.900000000000002,281,1.1
2016,9,1,16,30,10.700000000000001,85,855,581,0.28,980,26.700000000000003,306,1.1
2016,9,1,17,30,10.3,94,912,756,0.28,980,29.5,314,1.3
2016,9,1,18,30,9.3,101,943,883,0.28,979,32.2,311,1.5
2016,9,1,19,30,8,156,876,928,0.28,978,34.4,315,1.8
2016,9,1,20,30,6.7,103,957,944,0.28,978,35.7,323,2.2
2016,9,1,21,30,5.5,96,949,876,0.28,977,36.300000000000004,326,2.6
2016,9,1,22,30,4.4,90,921,749,0.28,976,36.1,326,2.8000000000000003
2016,9,1,23,30,3.5,81,864,568,0.28,976,35.9,326,3
2016,9,2,0,30,2.8000000000000003,66,766,358,0.28,976,33.300000000000004,318,2.7
2016,9,2,1,30,2.5,42,545,139,0.28,976,29.6,306,1.9000000000000001
2016,9,2,2,30,2.6,0,0,0,0.28,977,25.900000000000002,290,1.6
2016,9,2,3,30,2.7,0,0,0,0.28,977,23.900000000000002,275,1.7000000000000002
2016,9,2,4,30,3.1,0,0,0,0.28,978,22.400000000000002,262,1.8
2016,9,2,5,30,3.6,0,0,0,0.28,978,21.200000000000003,248,1.7000000000000002
2016,9,2,6,30,4.1000000000000005,0,0,0,0.28,978,20.400000000000002,237,1.5
2016,9,2,7,30,4.800000000000001,0,0,0,0.28,978,19.700000000000003,233,1.2000000000000002
2016,9,2,8,30,5.300000000000001,0,0,0,0.28,979,19.200000000000003,237,1
2016,9,2,9,30,6,0,0,0,0.28,979,18.6,246,0.9
2016,9,2,10,30,6.9,0,0,0,0.28,979,17.900000000000002,251,0.9
2016,9,2,11,30,7.5,0,0,0,0.28,978,17.3,248,0.9
2016,9,2,12,30,7.9,0,0,0,0.28,979,17.1,245,0.9
2016,9,2,13,30,8.200000000000001,0,0,0,0.28,979,18.2,246,1.1
2016,9,2,14,30,8.3,52,503,149,0.28,979,20.900000000000002,256,1.4000000000000001
2016,9,2,15,30,7.6000000000000005,82,721,367,0.28,979,24,285,1.4000000000000001
2016,9,2,16,30,6,99,831,579,0.28,979,27,312,1.4000000000000001
2016,9,2,17,30,4.1000000000000005,110,894,757,0.28,979,29.900000000000002,322,1.5
2016,9,2,18,30,2.4000000000000004,93,967,893,0.28,978,32.2,327,1.8
2016,9,2,19,30,1.3,96,982,960,0.28,978,33.9,329,2.1
2016,9,2,20,30,0.5,96,978,953,0.28,977,34.800000000000004,329,2.4000000000000004
2016,9,2,21,30,0.1,122,916,873,0.28,976,35.300000000000004,328,2.7
2016,9,2,22,30,0,95,918,748,0.28,975,35.1,328,2.8000000000000003
2016,9,2,23,30,0.1,85,859,566,0.28,975,34.9,328,2.9000000000000004
2016,9,3,0,30,0.30000000000000004,70,746,350,0.28,975,32.6,329,2.2
2016,9,3,1,30,0.8,44,516,132,0.28,975,29,326,1.4000000000000001
2016,9,3,2,30,1.9000000000000001,0,0,0,0.28,975,25.900000000000002,307,1.2000000000000002
2016,9,3,3,30,3,0,0,0,0.28,975,24.400000000000002,281,1.4000000000000001
2016,9,3,4,30,4.1000000000000005,0,0,0,0.28,976,22.900000000000002,264,1.5
2016,9,3,5,30,5.300000000000001,0,0,0,0.28,976,21.8,254,1.6
2016,9,3,6,30,6.300000000000001,0,0,0,0.28,976,20.900000000000002,244,1.6
2016,9,3,7,30,6.9,0,0,0,0.28,976,19.900000000000002,236,1.4000000000000001
2016,9,3,8,30,7.1000000000000005,0,0,0,0.28,976,19.200000000000003,231,1.3
2016,9,3,9,30,7.1000000000000005,0,0,0,0.28,975,18.7,229,1.2000000000000002
2016,9,3,10,30,7.1000000000000005,0,0,0,0.28,975,18.5,228,1.2000000000000002
2016,9,3,11,30,7,0,0,0,0.28,976,18.3,228,1.2000000000000002
2016,9,3,12,30,7,0,0,0,0.28,976,18.1,227,1.2000000000000002
2016,9,3,13,30,7.2,0,0,0,0.28,976,18.900000000000002,226,1.3
2016,9,3,14,30,7.300000000000001,57,416,136,0.28,977,21.3,237,1.7000000000000002
2016,9,3,15,30,7.6000000000000005,92,646,345,0.28,977,24,261,1.9000000000000001
2016,9,3,16,30,7.7,111,763,550,0.28,977,26.5,279,2
2016,9,3,17,30,7.6000000000000005,123,834,725,0.28,977,28.700000000000003,288,2.4000000000000004
2016,9,3,18,30,7,219,708,803,0.28,977,30.5,293,2.8000000000000003
2016,9,3,19,30,6.2,178,828,903,0.28,976,31.8,294,3.3000000000000003
2016,9,3,20,30,5.300000000000001,104,934,920,0.28,975,32.5,291,3.7
2016,9,3,21,30,4.2,138,866,845,0.28,975,32.5,286,4.1000000000000005
2016,9,3,22,30,3.3000000000000003,94,889,723,0.28,974,31.700000000000003,280,4.5
2016,9,3,23,30,2.8000000000000003,85,826,545,0.28,974,31,277,4.800000000000001
2016,9,4,0,30,2.8000000000000003,70,719,337,0.28,975,27.200000000000003,267,5.300000000000001
2016,9,4,1,30,3.4000000000000004,44,477,124,0.28,975,23.900000000000002,257,4.800000000000001
2016,9,4,2,30,4.7,0,0,0,0.28,976,20.900000000000002,246,4.1000000000000005
2016,9,4,3,30,6.300000000000001,0,0,0,0.28,976,19,237,3.6
2016,9,4,4,30,7.6000000000000005,0,0,0,0.28,977,17.7,235,3.1
2016,9,4,5,30,8.4,0,0,0,0.28,977,16.8,234,2.5
2016,9,4,6,30,9,0,0,0,0.28,977,16.1,231,1.8
2016,9,4,7,30,9.3,0,0,0,0.28,977,15.5,233,1.5
2016,9,4,8,30,9.3,0,0,0,0.28,976,14.9,237,1.4000000000000001
2016,9,4,9,30,9.3,0,0,0,0.28,976,14.3,239,1.4000000000000001
2016,9,4,10,30,9.3,0,0,0,0.28,976,13.8,239,1.4000000000000001
2016,9,4,11,30,9.200000000000001,0,0,0,0.28,976,13.200000000000001,238,1.3
2016,9,4,12,30,9.1,0,0,0,0.28,977,12.8,236,1.2000000000000002
2016,9,4,13,30,8.9,0,0,0,0.28,977,13.4,239,1.6
2016,9,4,14,30,8.700000000000001,69,363,137,0.28,978,15.3,259,1.9000000000000001
2016,9,4,15,30,8,125,565,346,0.28,978,17.5,288,2
2016,9,4,16,30,7.4,164,678,552,0.28,978,19.6,303,2
2016,9,4,17,30,6.9,174,769,727,0.28,977,21.6,305,2.2
2016,9,4,18,30,6.2,108,938,880,0.28,977,23.5,303,2.6
2016,9,4,19,30,5.2,155,873,917,0.28,976,25.1,302,3
2016,9,4,20,30,4.4,108,955,939,0.28,976,26.3,302,3.4000000000000004
2016,9,4,21,30,3.6,120,920,867,0.28,975,27.200000000000003,303,3.7
2016,9,4,22,30,2.8000000000000003,93,912,735,0.28,974,27.5,303,3.9000000000000004
2016,9,4,23,30,2.2,86,845,553,0.28,974,27.5,302,4
2016,9,5,0,30,2,74,716,336,0.28,974,25.8,296,3.7
2016,9,5,1,30,2.5,47,435,118,0.28,974,22.900000000000002,283,2.7
2016,9,5,2,30,3.9000000000000004,0,0,0,0.28,974,19.900000000000002,268,2.7
2016,9,5,3,30,5.800000000000001,0,0,0,0.28,975,18.2,258,3.2
2016,9,5,4,30,7.4,0,0,0,0.28,975,16.7,252,3.2
2016,9,5,5,30,8.5,0,0,0,0.28,975,15.600000000000001,247,2.9000000000000004
2016,9,5,6,30,9,0,0,0,0.28,976,14.9,241,2.4000000000000004
2016,9,5,7,30,9.200000000000001,0,0,0,0.28,976,14.3,233,1.9000000000000001
2016,9,5,8,30,9.200000000000001,0,0,0,0.28,976,13.8,227,1.5
2016,9,5,9,30,9.1,0,0,0,0.28,976,13.3,225,1.3
2016,9,5,10,30,8.9,0,0,0,0.28,976,12.9,225,1.3
2016,9,5,11,30,8.6,0,0,0,0.28,976,12.600000000000001,229,1.4000000000000001
2016,9,5,12,30,8.200000000000001,0,0,0,0.28,976,12.4,235,1.4000000000000001
2016,9,5,13,30,7.7,0,0,0,0.28,976,13.5,243,1.7000000000000002
2016,9,5,14,30,7.6000000000000005,59,422,137,0.28,977,16,260,2.2
2016,9,5,15,30,8.1,95,658,351,0.28,977,18.6,289,2.3000000000000003
2016,9,5,16,30,8.3,118,777,560,0.28,977,20.900000000000002,310,2.4000000000000004
2016,9,5,17,30,7.9,130,848,737,0.28,977,23.1,317,2.3000000000000003
2016,9,5,18,30,7.2,106,937,874,0.28,976,25.200000000000003,319,2.2
2016,9,5,19,30,6.4,146,892,923,0.28,976,27.1,321,2.1
2016,9,5,20,30,5.300000000000001,105,959,936,0.28,975,28.5,324,2
2016,9,5,21,30,4,103,941,864,0.28,974,29.400000000000002,329,2.1
2016,9,5,22,30,2.9000000000000004,95,915,735,0.28,974,29.700000000000003,334,2.1
2016,9,5,23,30,1.9000000000000001,83,856,552,0.28,973,29.700000000000003,337,2.1
2016,9,6,0,30,1.4000000000000001,67,745,337,0.28,974,27.8,344,1.8
2016,9,6,1,30,1.4000000000000001,41,496,119,0.28,974,24.8,352,1.2000000000000002
2016,9,6,2,30,2,0,0,0,0.28,974,22.700000000000003,357,0.9
2016,9,6,3,30,2.4000000000000004,0,0,0,0.28,975,22.1,341,0.8
2016,9,6,4,30,2.5,0,0,0,0.28,975,21.3,314,0.8
2016,9,6,5,30,2.4000000000000004,0,0,0,0.28,975,20.3,300,0.9
2016,9,6,6,30,2.1,0,0,0,0.28,975,19,296,1.1
2016,9,6,7,30,1.9000000000000001,0,0,0,0.28,975,17.8,295,1.2000000000000002
2016,9,6,8,30,1.6,0,0,0,0.28,975,16.900000000000002,292,1.2000000000000002
2016,9,6,9,30,1.5,0,0,0,0.28,975,16.1,282,1.1
2016,9,6,10,30,1.6,0,0,0,0.28,976,15.5,268,1.1
2016,9,6,11,30,1.7000000000000002,0,0,0,0.28,976,14.9,255,1
2016,9,6,12,30,2,0,0,0,0.28,977,14.600000000000001,243,1
2016,9,6,13,30,2.4000000000000004,0,0,0,0.28,977,15.8,232,1.3
2016,9,6,14,30,2.9000000000000004,50,487,139,0.28,978,18.7,234,1.7000000000000002
2016,9,6,15,30,3.5,80,713,355,0.28,978,21.6,262,1.9000000000000001
2016,9,6,16,30,4,99,823,565,0.28,978,24.200000000000003,289,2
2016,9,6,17,30,4.1000000000000005,111,883,741,0.28,978,26.700000000000003,298,2.2
2016,9,6,18,30,4,126,900,861,0.28,978,29.200000000000003,300,2.2
2016,9,6,19,30,3.7,145,894,920,0.28,977,31.400000000000002,302,2.2
2016,9,6,20,30,2.9000000000000004,104,953,927,0.28,976,33.2,310,2.4000000000000004
2016,9,6,21,30,1.9000000000000001,97,943,856,0.28,976,34.300000000000004,320,2.8000000000000003
2016,9,6,22,30,1,90,912,724,0.28,975,34.5,330,3.2
2016,9,6,23,30,0.6000000000000001,79,854,543,0.28,975,34.4,335,3.3000000000000003
2016,9,7,0,30,0.5,64,745,331,0.28,975,31.8,350,2.5
2016,9,7,1,30,0.7000000000000001,38,504,115,0.28,975,27.8,180,1.5
2016,9,7,2,30,1.4000000000000001,0,0,0,0.28,976,24.900000000000002,7,1.2000000000000002
2016,9,7,3,30,1.5,0,0,0,0.28,977,24.400000000000002,8,1.1
2016,9,7,4,30,0.9,0,0,0,0.28,977,24.6,176,1
2016,9,7,5,30,0.2,0,0,0,0.28,977,24.5,331,0.8
2016,9,7,6,30,-0.5,0,0,0,0.28,977,23.700000000000003,315,0.9
2016,9,7,7,30,-1.2000000000000002,0,0,0,0.28,977,22.900000000000002,315,0.9
2016,9,7,8,30,-1.8,0,0,0,0.28,977,22.3,322,0.9
2016,9,7,9,30,-1.8,0,0,0,0.28,977,21.900000000000002,327,0.8
2016,9,7,10,30,-1.4000000000000001,0,0,0,0.28,977,21.400000000000002,300,0.5
2016,9,7,11,30,-1,0,0,0,0.28,977,20.8,249,0.5
2016,9,7,12,30,-0.5,0,0,0,0.28,977,20,224,0.7000000000000001
2016,9,7,13,30,0,0,0,0,0.28,978,20.200000000000003,222,0.9
2016,9,7,14,30,0.5,47,506,138,0.28,978,23,225,1.3
2016,9,7,15,30,0.8,75,727,354,0.28,979,26.900000000000002,244,1.3
2016,9,7,16,30,0.5,93,832,563,0.28,979,30.6,282,1
2016,9,7,17,30,0.30000000000000004,103,891,737,0.28,979,33.6,313,1.1
2016,9,7,18,30,0.4,182,772,810,0.28,979,35.7,326,1.5
2016,9,7,19,30,0.5,147,885,912,0.28,978,37,333,2
2016,9,7,20,30,0.7000000000000001,104,948,920,0.28,978,37.800000000000004,336,2.4000000000000004
2016,9,7,21,30,1.1,106,924,846,0.28,978,38,339,2.7
2016,9,7,22,30,1.6,100,884,711,0.28,977,37.7,339,2.8000000000000003
2016,9,7,23,30,2.1,89,817,529,0.28,977,37.4,339,2.9000000000000004
2016,9,8,0,30,2.6,72,696,318,0.28,978,34.5,335,2.3000000000000003
2016,9,8,1,30,3.6,41,430,105,0.28,978,30.400000000000002,324,1.7000000000000002
2016,9,8,2,30,5.2,0,0,0,0.28,979,26.900000000000002,304,1.6
2016,9,8,3,30,7.1000000000000005,0,0,0,0.28,980,24.8,282,1.7000000000000002
2016,9,8,4,30,9.1,0,0,0,0.28,981,23.1,261,1.6
2016,9,8,5,30,10.5,0,0,0,0.28,982,21.900000000000002,243,1.5
2016,9,8,6,30,11.200000000000001,0,0,0,0.28,982,21,226,1.3
2016,9,8,7,30,11.3,0,0,0,0.28,982,20.400000000000002,211,1.1
2016,9,8,8,30,11.200000000000001,0,0,0,0.28,982,20.200000000000003,195,1
2016,9,8,9,30,11.100000000000001,0,0,0,0.28,982,20,182,0.9
2016,9,8,10,30,11,0,0,0,0.28,982,19.8,179,0.9
2016,9,8,11,30,11.200000000000001,0,0,0,0.28,982,19.8,188,0.8
2016,9,8,12,30,11.5,0,0,0,0.28,982,19.6,205,0.8
2016,9,8,13,30,11.700000000000001,0,0,0,0.28,983,20,224,0.9
2016,9,8,14,30,12,53,426,129,0.28,983,22,243,1.1
2016,9,8,15,30,12.100000000000001,88,658,338,0.28,983,24.8,273,1.3
2016,9,8,16,30,11.600000000000001,109,775,545,0.28,983,27.5,302,1.5
2016,9,8,17,30,10.600000000000001,123,839,718,0.28,983,30.200000000000003,318,1.9000000000000001
2016,9,8,18,30,9.4,107,918,851,0.28,983,32.6,328,2.2
2016,9,8,19,30,8.3,163,846,892,0.28,982,34.5,335,2.4000000000000004
2016,9,8,20,30,7.1000000000000005,110,934,910,0.28,981,35.7,340,2.6
2016,9,8,21,30,6,104,922,839,0.28,980,36.4,344,2.7
2016,9,8,22,30,5.300000000000001,96,886,705,0.28,979,36.4,346,2.8000000000000003
2016,9,8,23,30,4.800000000000001,101,726,489,0.28,979,36.2,346,2.8000000000000003
2016,9,9,0,30,4.6000000000000005,69,700,313,0.28,979,33.7,343,2.2
2016,9,9,1,30,4.5,40,436,102,0.28,979,29.8,337,1.5
2016,9,9,2,30,4.800000000000001,0,0,0,0.28,980,26.5,320,1.4000000000000001
2016,9,9,3,30,5.5,0,0,0,0.28,980,24.8,301,1.6
2016,9,9,4,30,6.6000000000000005,0,0,0,0.28,981,23.200000000000003,284,1.7000000000000002
2016,9,9,5,30,7.9,0,0,0,0.28,981,22,266,2.1
2016,9,9,6,30,9.3,0,0,0,0.28,981,21.1,252,2.4000000000000004
2016,9,9,7,30,10.200000000000001,0,0,0,0.28,981,20.3,243,2.2
2016,9,9,8,30,10.5,0,0,0,0.28,981,19.700000000000003,238,1.8
2016,9,9,9,30,10.600000000000001,0,0,0,0.28,981,19,235,1.3
2016,9,9,10,30,10.700000000000001,0,0,0,0.28,981,18.6,233,1.2000000000000002
2016,9,9,11,30,10.700000000000001,0,0,0,0.28,981,18.400000000000002,234,1.1
2016,9,9,12,30,10.600000000000001,0,0,0,0.28,981,18.2,235,1.1
2016,9,9,13,30,10.5,0,0,0,0.28,982,19.1,237,1.4000000000000001
2016,9,9,14,30,10.3,56,383,123,0.28,982,21.6,248,1.9000000000000001
2016,9,9,15,30,10.100000000000001,96,617,330,0.28,982,24.6,271,2.1
2016,9,9,16,30,9.600000000000001,121,738,534,0.28,982,27.400000000000002,297,2.2
2016,9,9,17,30,9.1,225,562,622,0.28,982,29.8,312,2.4000000000000004
2016,9,9,18,30,8.700000000000001,176,780,806,0.28,982,32,315,2.4000000000000004
2016,9,9,19,30,8.200000000000001,157,857,893,0.28,981,34,316,2.4000000000000004
2016,9,9,20,30,7.9,157,855,886,0.28,980,35.4,316,2.3000000000000003
2016,9,9,21,30,7.4,117,887,821,0.28,979,36.1,316,2.4000000000000004
2016,9,9,22,30,7.1000000000000005,110,847,689,0.28,979,36.2,318,2.6
2016,9,9,23,30,6.800000000000001,114,675,472,0.28,979,36.1,319,2.7
2016,9,10,0,30,6.6000000000000005,79,638,298,0.28,979,33.800000000000004,324,2.8000000000000003
2016,9,10,1,30,6.5,43,360,93,0.28,979,30.3,323,2.3000000000000003
2016,9,10,2,30,6.6000000000000005,0,0,0,0.28,980,27.1,314,2
2016,9,10,3,30,7,0,0,0,0.28,981,25.200000000000003,297,1.9000000000000001
2016,9,10,4,30,7.4,0,0,0,0.28,981,23.8,279,1.9000000000000001
2016,9,10,5,30,8,0,0,0,0.28,982,22.700000000000003,262,1.8
2016,9,10,6,30,8.4,0,0,0,0.28,982,22,245,1.6
2016,9,10,7,30,8.4,0,0,0,0.28,982,21.5,235,1.3
2016,9,10,8,30,8.3,0,0,0,0.28,982,21,234,1.3
2016,9,10,9,30,8.3,0,0,0,0.28,982,20.6,239,1.3
2016,9,10,10,30,8.5,0,0,0,0.28,982,20.1,244,1.3
2016,9,10,11,30,8.8,0,0,0,0.28,982,19.6,244,1.2000000000000002
2016,9,10,12,30,9,0,0,0,0.28,982,19.200000000000003,243,1.1
2016,9,10,13,30,9.1,0,0,0,0.28,983,20,244,1.1
2016,9,10,14,30,9,58,339,117,0.28,983,22.3,252,1.3
2016,9,10,15,30,8.6,100,586,321,0.28,984,25.400000000000002,274,1.4000000000000001
2016,9,10,16,30,7.7,126,718,525,0.28,984,28.5,300,1.4000000000000001
2016,9,10,17,30,7.5,214,591,630,0.28,983,31.5,316,1.6
2016,9,10,18,30,7.5,161,809,812,0.28,983,33.9,323,1.9000000000000001
2016,9,10,19,30,7.6000000000000005,161,847,885,0.28,982,35.6,328,2.1
2016,9,10,20,30,7.5,159,848,879,0.28,982,36.7,331,2.3000000000000003
2016,9,10,21,30,7.300000000000001,164,791,788,0.28,981,37.300000000000004,332,2.4000000000000004
2016,9,10,22,30,7,105,858,687,0.28,981,37.2,329,2.4000000000000004
2016,9,10,23,30,6.7,92,791,507,0.28,980,37,326,2.4000000000000004
2016,9,11,0,30,6.6000000000000005,73,663,297,0.28,980,34.5,317,2
2016,9,11,1,30,6.800000000000001,39,382,90,0.28,981,30.8,304,1.6
2016,9,11,2,30,7.5,0,0,0,0.28,981,27.5,286,1.7000000000000002
2016,9,11,3,30,8.6,0,0,0,0.28,982,25.700000000000003,270,1.9000000000000001
2016,9,11,4,30,9.600000000000001,0,0,0,0.28,983,24.200000000000003,256,1.8
2016,9,11,5,30,10,0,0,0,0.28,983,23.200000000000003,245,1.4000000000000001
2016,9,11,6,30,10,0,0,0,0.28,983,22.6,240,1.2000000000000002
2016,9,11,7,30,10,0,0,0,0.28,983,22.200000000000003,241,1
2016,9,11,8,30,10,0,0,0,0.28,983,21.900000000000002,244,0.8
2016,9,11,9,30,9.8,0,0,0,0.28,983,21.5,250,0.7000000000000001
2016,9,11,10,30,9.5,0,0,0,0.28,983,21,254,0.6000000000000001
2016,9,11,11,30,9.3,0,0,0,0.28,983,20.5,254,0.6000000000000001
2016,9,11,12,30,9.1,0,0,0,0.28,983,20.1,250,0.7000000000000001
2016,9,11,13,30,8.9,0,0,0,0.28,983,20.6,241,0.7000000000000001
2016,9,11,14,30,8.700000000000001,53,394,120,0.28,984,22.6,247,0.8
2016,9,11,15,30,8.5,91,635,328,0.28,984,25.6,279,1
2016,9,11,16,30,8.200000000000001,114,757,534,0.28,984,28.6,309,1.3
2016,9,11,17,30,7.6000000000000005,129,829,710,0.28,983,31.200000000000003,320,1.7000000000000002
2016,9,11,18,30,6.7,133,870,831,0.28,982,33.300000000000004,323,2.1
2016,9,11,19,30,6.1000000000000005,145,882,896,0.28,982,34.800000000000004,325,2.7
2016,9,11,20,30,5.6000000000000005,144,880,888,0.28,981,35.6,324,3.2
2016,9,11,21,30,5.4,209,696,756,0.28,980,35.800000000000004,321,3.5
2016,9,11,22,30,5.4,170,673,625,0.28,979,35.4,316,3.7
2016,9,11,23,30,5.5,88,758,483,0.28,978,35.1,313,3.8000000000000003
2016,9,12,0,30,5.800000000000001,82,619,288,0.28,978,32.4,299,3.4000000000000004
2016,9,12,1,30,6.4,42,322,83,0.28,979,28.900000000000002,285,3.1
2016,9,12,2,30,7.300000000000001,0,0,0,0.28,979,25.6,271,3.4000000000000004
2016,9,12,3,30,8.4,0,0,0,0.28,980,23.3,257,3.5
2016,9,12,4,30,8.9,0,0,0,0.28,980,21.8,245,3
2016,9,12,5,30,9,0,0,0,0.28,980,20.900000000000002,238,2.3000000000000003
2016,9,12,6,30,9,0,0,0,0.28,980,20.1,236,1.7000000000000002
2016,9,12,7,30,8.9,0,0,0,0.28,980,19.400000000000002,236,1.5
2016,9,12,8,30,8.9,0,0,0,0.28,980,18.900000000000002,238,1.3
2016,9,12,9,30,9.1,0,0,0,0.28,979,18.3,241,1.1
2016,9,12,10,30,9.5,0,0,0,0.28,979,17.8,242,1
2016,9,12,11,30,9.9,0,0,0,0.28,979,17.400000000000002,237,1
2016,9,12,12,30,10.200000000000001,0,0,0,0.28,979,16.900000000000002,228,1.1
2016,9,12,13,30,10.3,0,0,0,0.28,979,17.3,221,1.3
2016,9,12,14,30,10.3,55,351,114,0.28,979,19.3,234,1.7000000000000002
2016,9,12,15,30,10.4,96,602,319,0.28,980,22.1,260,2
2016,9,12,16,30,10.4,189,470,448,0.28,979,24.700000000000003,278,2
2016,9,12,17,30,10.200000000000001,211,594,626,0.28,979,27.200000000000003,286,2.2
2016,9,12,18,30,9.8,210,707,775,0.28,978,29.3,290,2.5
2016,9,12,19,30,9.200000000000001,158,852,880,0.28,977,30.8,292,3
2016,9,12,20,30,8.700000000000001,154,855,875,0.28,976,31.6,293,3.5
2016,9,12,21,30,8.4,123,883,814,0.28,975,31.5,291,4
2016,9,12,22,30,8.3,101,864,680,0.28,975,30.700000000000003,286,4.3
2016,9,12,23,30,8.200000000000001,108,683,461,0.28,975,30.1,283,4.4
2016,9,13,0,30,8.200000000000001,69,673,290,0.28,975,26.900000000000002,274,4.4
2016,9,13,1,30,8.5,36,394,85,0.28,975,23.700000000000003,269,4
2016,9,13,2,30,9.4,0,0,0,0.28,976,20.8,261,3.6
2016,9,13,3,30,10.200000000000001,0,0,0,0.28,976,18.900000000000002,251,3
2016,9,13,4,30,10.600000000000001,0,0,0,0.28,976,17.7,242,2
2016,9,13,5,30,10.8,0,0,0,0.28,977,16.7,241,1.4000000000000001
2016,9,13,6,30,10.9,0,0,0,0.28,977,16,247,1.2000000000000002
2016,9,13,7,30,10.9,0,0,0,0.28,977,15.4,253,1.1
2016,9,13,8,30,10.8,0,0,0,0.28,977,14.9,261,1.1
2016,9,13,9,30,10.600000000000001,0,0,0,0.28,977,14.5,271,1
2016,9,13,10,30,10.5,0,0,0,0.28,977,14.100000000000001,278,0.8
2016,9,13,11,30,10.200000000000001,0,0,0,0.28,977,13.8,285,0.6000000000000001
2016,9,13,12,30,10,0,0,0,0.28,978,13.5,294,0.5
2016,9,13,13,30,9.9,0,0,0,0.28,978,13.9,311,0.7000000000000001
2016,9,13,14,30,9.600000000000001,54,413,123,0.28,978,15.200000000000001,306,0.9
2016,9,13,15,30,9.1,89,675,338,0.28,979,17.2,279,1.2000000000000002
2016,9,13,16,30,7.9,190,460,443,0.28,979,19.6,273,1.5
2016,9,13,17,30,6,107,893,728,0.28,979,21.900000000000002,284,1.9000000000000001
2016,9,13,18,30,4.2,98,954,857,0.28,979,23.8,296,2.4000000000000004
2016,9,13,19,30,2.7,135,906,900,0.28,979,25.1,304,2.8000000000000003
2016,9,13,20,30,1.8,131,910,895,0.28,979,25.8,305,3.1
2016,9,13,21,30,1.2000000000000002,112,919,827,0.28,978,25.900000000000002,301,3.3000000000000003
2016,9,13,22,30,0.9,89,912,697,0.28,978,25.6,296,3.3000000000000003
2016,9,13,23,30,1,183,415,395,0.28,978,25.3,294,3.3000000000000003
2016,9,14,0,30,1.4000000000000001,63,720,296,0.28,978,23.1,291,3.1
2016,9,14,1,30,2.2,34,428,84,0.28,979,20.400000000000002,289,2.4000000000000004
2016,9,14,2,30,3.4000000000000004,0,0,0,0.28,979,18,284,2.1
2016,9,14,3,30,4.800000000000001,0,0,0,0.28,980,16.6,276,2.3000000000000003
2016,9,14,4,30,6,0,0,0,0.28,981,15.4,264,2.3000000000000003
2016,9,14,5,30,7,0,0,0,0.28,982,14.5,253,2.1
2016,9,14,6,30,7.6000000000000005,0,0,0,0.28,982,13.8,244,1.6
2016,9,14,7,30,7.9,0,0,0,0.28,982,13.3,239,1.1
2016,9,14,8,30,8,0,0,0,0.28,982,13,235,0.8
2016,9,14,9,30,8,0,0,0,0.28,982,12.8,230,0.7000000000000001
2016,9,14,10,30,8,0,0,0,0.28,983,12.5,224,0.7000000000000001
2016,9,14,11,30,7.9,0,0,0,0.28,983,12.200000000000001,222,0.7000000000000001
2016,9,14,12,30,7.800000000000001,0,0,0,0.28,983,11.9,222,0.8
2016,9,14,13,30,7.7,0,0,0,0.28,984,12.700000000000001,224,1.1
2016,9,14,14,30,7.7,47,452,121,0.28,984,15.200000000000001,236,1.4000000000000001
2016,9,14,15,30,8,79,698,335,0.28,985,18.1,268,1.3
2016,9,14,16,30,7.4,98,816,544,0.28,985,20.700000000000003,300,1.3
2016,9,14,17,30,6.7,108,883,719,0.28,984,23,312,1.3
2016,9,14,18,30,5.7,94,957,852,0.28,984,25.1,313,1.4000000000000001
2016,9,14,19,30,4.5,130,918,902,0.28,983,26.8,311,1.6
2016,9,14,20,30,3.3000000000000003,128,916,893,0.28,983,28.1,313,2
2016,9,14,21,30,2.3000000000000003,95,952,831,0.28,982,28.8,319,2.3000000000000003
2016,9,14,22,30,1.6,88,917,694,0.28,981,28.8,326,2.6
2016,9,14,23,30,1.3,77,851,509,0.28,981,28.6,330,2.7
2016,9,15,0,30,1.2000000000000002,61,724,292,0.28,981,26.200000000000003,341,2.3000000000000003
2016,9,15,1,30,1.5,32,426,80,0.28,981,22.700000000000003,345,1.5
2016,9,15,2,30,2.4000000000000004,0,0,0,0.28,982,19.8,345,1.1
2016,9,15,3,30,3.1,0,0,0,0.28,982,18.900000000000002,336,1.1
2016,9,15,4,30,3.7,0,0,0,0.28,982,18.1,317,1
2016,9,15,5,30,4.2,0,0,0,0.28,983,17.3,297,1
2016,9,15,6,30,4.7,0,0,0,0.28,982,16.5,283,1
2016,9,15,7,30,5.2,0,0,0,0.28,982,15.8,276,1
2016,9,15,8,30,5.6000000000000005,0,0,0,0.28,982,15.3,272,1
2016,9,15,9,30,5.9,0,0,0,0.28,982,14.9,268,1
2016,9,15,10,30,6.1000000000000005,0,0,0,0.28,982,14.5,261,0.9
2016,9,15,11,30,6.4,0,0,0,0.28,982,14.100000000000001,254,0.9
2016,9,15,12,30,6.6000000000000005,0,0,0,0.28,983,13.700000000000001,248,0.9
2016,9,15,13,30,7,0,0,0,0.28,983,14.4,244,1
2016,9,15,14,30,7.4,44,475,120,0.28,983,17,252,1.4000000000000001
2016,9,15,15,30,8,73,718,334,0.28,983,20,277,1.7000000000000002
2016,9,15,16,30,8.200000000000001,91,831,543,0.28,983,22.8,297,1.7000000000000002
2016,9,15,17,30,7.800000000000001,102,893,717,0.28,983,25.5,301,1.7000000000000002
2016,9,15,18,30,6.6000000000000005,96,948,844,0.28,982,28.200000000000003,299,1.8
2016,9,15,19,30,5.1000000000000005,130,914,896,0.28,981,30.400000000000002,299,1.9000000000000001
2016,9,15,20,30,3.7,130,910,886,0.28,980,31.8,306,2.1
2016,9,15,21,30,2.6,111,914,815,0.28,979,32.5,316,2.4000000000000004
2016,9,15,22,30,2,87,912,686,0.28,979,32.300000000000004,326,2.8000000000000003
2016,9,15,23,30,1.7000000000000002,77,844,500,0.28,978,32.1,331,3
2016,9,16,0,30,1.6,60,712,284,0.28,978,29.3,339,2.7
2016,9,16,1,30,2,30,413,75,0.28,979,25.400000000000002,343,1.8
2016,9,16,2,30,2.6,0,0,0,0.28,979,22.3,348,1.4000000000000001
2016,9,16,3,30,3,0,0,0,0.28,980,21.1,353,1.2000000000000002
2016,9,16,4,30,3.1,0,0,0,0.28,980,20.6,355,1.1
2016,9,16,5,30,3.2,0,0,0,0.28,980,20.1,345,0.9
2016,9,16,6,30,3.2,0,0,0,0.28,980,19.5,322,0.9
2016,9,16,7,30,3.1,0,0,0,0.28,980,18.6,302,1
2016,9,16,8,30,3.1,0,0,0,0.28,980,17.6,290,1
2016,9,16,9,30,3.3000000000000003,0,0,0,0.28,980,16.7,280,1.1
2016,9,16,10,30,3.7,0,0,0,0.28,980,16.1,270,1
2016,9,16,11,30,4.2,0,0,0,0.28,980,15.700000000000001,256,1
2016,9,16,12,30,4.7,0,0,0,0.28,980,15.3,242,1
2016,9,16,13,30,5.2,0,0,0,0.28,980,16,233,1.1
2016,9,16,14,30,5.6000000000000005,42,479,118,0.28,981,18.6,236,1.5
2016,9,16,15,30,6,71,720,331,0.28,981,21.700000000000003,259,1.8
2016,9,16,16,30,6,89,830,539,0.28,981,24.400000000000002,285,1.8
2016,9,16,17,30,5.800000000000001,101,890,711,0.28,981,27.1,294,2
2016,9,16,18,30,5.2,96,943,838,0.28,980,29.6,299,2.1
2016,9,16,19,30,4.3,134,900,885,0.28,979,31.700000000000003,306,2.3000000000000003
2016,9,16,20,30,3.4000000000000004,130,907,880,0.28,978,33.1,315,2.5
2016,9,16,21,30,2.7,111,911,808,0.28,978,33.7,322,2.7
2016,9,16,22,30,2.1,96,887,674,0.28,977,33.7,328,2.9000000000000004
2016,9,16,23,30,1.8,85,813,489,0.28,977,33.4,330,3
2016,9,17,0,30,1.7000000000000002,66,674,274,0.28,977,30.700000000000003,337,2.6
2016,9,17,1,30,2,32,351,68,0.28,977,26.700000000000003,341,1.8
2016,9,17,2,30,2.7,0,0,0,0.28,978,23.700000000000003,347,1.5
2016,9,17,3,30,3.1,0,0,0,0.28,979,22.3,350,1.3
2016,9,17,4,30,3.2,0,0,0,0.28,979,21.400000000000002,345,1.2000000000000002
2016,9,17,5,30,3.2,0,0,0,0.28,980,20.8,333,1.1
2016,9,17,6,30,3.1,0,0,0,0.28,980,20.3,322,1.1
2016,9,17,7,30,2.9000000000000004,0,0,0,0.28,980,20,310,1
2016,9,17,8,30,2.7,0,0,0,0.28,980,19.700000000000003,285,0.9
2016,9,17,9,30,2.9000000000000004,0,0,0,0.28,980,19.1,256,0.8
2016,9,17,10,30,3.3000000000000003,0,0,0,0.28,980,18.400000000000002,241,0.9
2016,9,17,11,30,3.8000000000000003,0,0,0,0.28,980,17.8,237,1
2016,9,17,12,30,4.3,0,0,0,0.28,980,17.3,237,1
2016,9,17,13,30,4.7,0,0,0,0.28,981,17.8,238,1.1
2016,9,17,14,30,5.1000000000000005,46,426,112,0.28,981,20.400000000000002,242,1.6
2016,9,17,15,30,5.5,78,681,322,0.28,982,23.700000000000003,259,2
2016,9,17,16,30,5.6000000000000005,99,803,531,0.28,982,26.6,280,2.1
2016,9,17,17,30,5.2,111,867,703,0.28,982,29.5,296,2.3000000000000003
2016,9,17,18,30,4.4,117,905,826,0.28,982,32,306,2.7
2016,9,17,19,30,3.9000000000000004,130,911,886,0.28,981,33.800000000000004,312,3.2
2016,9,17,20,30,3.5,128,908,876,0.28,981,35.1,319,3.6
2016,9,17,21,30,2.8000000000000003,109,915,805,0.28,980,35.800000000000004,325,4
2016,9,17,22,30,1.9000000000000001,92,894,672,0.28,979,35.800000000000004,332,4.1000000000000005
2016,9,17,23,30,1.1,81,823,486,0.28,979,35.6,335,4.1000000000000005
2016,9,18,0,30,0.5,63,685,271,0.28,979,32.300000000000004,348,2.8000000000000003
2016,9,18,1,30,0.5,30,357,66,0.28,979,28.200000000000003,180,1.5
2016,9,18,2,30,0.9,0,0,0,0.28,980,25.8,16,1.2000000000000002
2016,9,18,3,30,1.3,0,0,0,0.28,980,25.400000000000002,41,1
2016,9,18,4,30,1.7000000000000002,0,0,0,0.28,980,24.900000000000002,86,0.8
2016,9,18,5,30,2,0,0,0,0.28,980,24.200000000000003,142,0.7000000000000001
2016,9,18,6,30,2.3000000000000003,0,0,0,0.28,980,23.200000000000003,184,0.8
2016,9,18,7,30,2.6,0,0,0,0.28,980,22.3,204,0.9
2016,9,18,8,30,2.9000000000000004,0,0,0,0.28,980,21.700000000000003,213,1
2016,9,18,9,30,2.9000000000000004,0,0,0,0.28,980,21.3,218,1
2016,9,18,10,30,2.8000000000000003,0,0,0,0.28,980,21,224,1
2016,9,18,11,30,2.6,0,0,0,0.28,980,20.700000000000003,231,1
2016,9,18,12,30,2.5,0,0,0,0.28,980,20.400000000000002,235,0.9
2016,9,18,13,30,2.4000000000000004,0,0,0,0.28,980,21,234,0.9
2016,9,18,14,30,2.3000000000000003,42,465,113,0.28,981,23.700000000000003,229,0.9
2016,9,18,15,30,2.1,70,724,327,0.28,981,27.6,234,1.1
2016,9,18,16,30,1.5,86,846,539,0.28,981,31.3,253,1.1
2016,9,18,17,30,-0.1,170,684,635,0.28,981,34.7,277,1
2016,9,18,18,30,-2.2,112,926,834,0.28,980,37.300000000000004,304,1.1
2016,9,18,19,30,-3.6,123,938,899,0.28,980,38.900000000000006,326,1.3
2016,9,18,20,30,-4.6000000000000005,121,936,888,0.28,979,39.800000000000004,336,1.6
2016,9,18,21,30,-5.300000000000001,98,950,816,0.28,978,40.2,340,1.9000000000000001
2016,9,18,22,30,-5.5,92,910,677,0.28,978,39.800000000000004,343,2.2
2016,9,18,23,30,-5.4,80,838,488,0.28,977,39.5,344,2.3000000000000003
2016,9,19,0,30,-5.1000000000000005,63,694,270,0.28,978,35.6,348,2.1
2016,9,19,1,30,-4.1000000000000005,29,349,62,0.28,978,31.1,352,1.7000000000000002
2016,9,19,2,30,-3.3000000000000003,0,0,0,0.28,979,28.200000000000003,180,1.5
2016,9,19,3,30,-2.6,0,0,0,0.28,979,27,11,1.4000000000000001
2016,9,19,4,30,-2.2,0,0,0,0.28,980,26.8,23,1.1
2016,9,19,5,30,-1.9000000000000001,0,0,0,0.28,980,26.900000000000002,99,0.6000000000000001
2016,9,19,6,30,-1.7000000000000002,0,0,0,0.28,980,26.3,196,0.5
2016,9,19,7,30,-1.4000000000000001,0,0,0,0.28,980,25.1,229,0.8
2016,9,19,8,30,-1,0,0,0,0.28,980,24.3,237,1
2016,9,19,9,30,-0.5,0,0,0,0.28,980,23.700000000000003,237,1.1
2016,9,19,10,30,-0.1,0,0,0,0.28,980,23.400000000000002,230,1
2016,9,19,11,30,0.2,0,0,0,0.28,980,23.400000000000002,218,0.9
2016,9,19,12,30,0.4,0,0,0,0.28,980,23.5,205,0.9
2016,9,19,13,30,0.5,0,0,0,0.28,980,24,192,0.8
2016,9,19,14,30,0.6000000000000001,43,413,105,0.28,981,26.200000000000003,179,1
2016,9,19,15,30,0.9,76,667,311,0.28,981,30,167,1
2016,9,19,16,30,1.4000000000000001,98,740,492,0.28,981,33.800000000000004,240,0.6000000000000001
2016,9,19,17,30,1.7000000000000002,150,730,645,0.28,980,36.7,320,0.7000000000000001
2016,9,19,18,30,2.4000000000000004,186,741,761,0.28,980,38.6,323,1.3
2016,9,19,19,30,3.1,170,812,838,0.28,979,39.800000000000004,328,1.7000000000000002
2016,9,19,20,30,3.7,303,525,731,0.28,978,40.400000000000006,329,2.1
2016,9,19,21,30,4.4,325,372,605,0.28,978,40.2,321,2.4000000000000004
2016,9,19,22,30,5,181,630,584,0.28,977,39.1,304,2.8000000000000003
2016,9,19,23,30,5.6000000000000005,175,390,364,0.28,977,38.300000000000004,293,3
2016,9,20,0,30,6.5,106,275,186,0.28,977,34.4,269,3.3000000000000003
2016,9,20,1,30,7.5,17,60,22,0.28,978,31.5,255,3.6
2016,9,20,2,30,8.3,0,0,0,0.28,979,29.200000000000003,243,3.8000000000000003
2016,9,20,3,30,8.3,0,0,0,0.28,980,27.6,230,2.9000000000000004
2016,9,20,4,30,7.9,0,0,0,0.28,981,26.400000000000002,221,1.9000000000000001
2016,9,20,5,30,7.5,0,0,0,0.28,982,25.6,218,1.3
2016,9,20,6,30,7.300000000000001,0,0,0,0.28,982,25,213,0.7000000000000001
2016,9,20,7,30,7.1000000000000005,0,0,0,0.28,982,24.700000000000003,132,0.4
2016,9,20,8,30,7.2,0,0,0,0.28,982,24.3,46,0.4
2016,9,20,9,30,7.300000000000001,0,0,0,0.28,981,23.8,42,0.4
2016,9,20,10,30,7.5,0,0,0,0.28,981,23.3,55,0.4
2016,9,20,11,30,7.5,0,0,0,0.28,981,23.1,73,0.5
2016,9,20,12,30,7.5,0,0,0,0.28,980,23,109,0.5
2016,9,20,13,30,7.5,0,0,0,0.28,980,23,157,0.5
2016,9,20,14,30,7.5,49,166,73,0.28,980,24.700000000000003,189,0.7000000000000001
2016,9,20,15,30,6.9,128,366,256,0.28,980,27.700000000000003,223,0.9
2016,9,20,16,30,5,182,498,446,0.28,980,30.400000000000002,263,0.9
2016,9,20,17,30,4.800000000000001,223,579,613,0.28,980,32.800000000000004,289,1.2000000000000002
2016,9,20,18,30,5.300000000000001,166,779,769,0.28,980,34.800000000000004,308,1.7000000000000002
2016,9,20,19,30,5.6000000000000005,151,850,847,0.28,979,36,319,2.2
2016,9,20,20,30,5.6000000000000005,201,742,802,0.28,978,36.6,324,2.6
2016,9,20,21,30,5.6000000000000005,137,824,754,0.28,978,36.5,328,2.8000000000000003
2016,9,20,22,30,5.6000000000000005,177,613,566,0.28,977,35.9,330,2.8000000000000003
2016,9,20,23,30,5.6000000000000005,98,720,442,0.28,977,35.4,330,2.7
2016,9,21,0,30,5.800000000000001,78,475,216,0.28,977,32.5,324,1.8
2016,9,21,1,30,6.2,28,228,47,0.28,977,29.400000000000002,307,1.1
2016,9,21,2,30,7,0,0,0,0.28,978,27,278,1.1
2016,9,21,3,30,8.1,0,0,0,0.28,978,25.400000000000002,257,1.3
2016,9,21,4,30,9.3,0,0,0,0.28,979,24.1,247,1.4000000000000001
2016,9,21,5,30,10.600000000000001,0,0,0,0.28,979,23,237,1.3
2016,9,21,6,30,11.9,0,0,0,0.28,979,22.3,224,1.3
2016,9,21,7,30,12.9,0,0,0,0.28,979,21.8,210,1.2000000000000002
2016,9,21,8,30,13.600000000000001,0,0,0,0.28,979,21.3,201,1.1
2016,9,21,9,30,14.100000000000001,0,0,0,0.28,978,20.900000000000002,197,1.1
2016,9,21,10,30,14.5,0,0,0,0.28,978,20.6,199,1.1
2016,9,21,11,30,14.9,0,0,0,0.28,978,20.400000000000002,204,1
2016,9,21,12,30,15.100000000000001,0,0,0,0.28,978,20.200000000000003,209,0.9
2016,9,21,13,30,15.3,0,0,0,0.28,978,20.700000000000003,214,0.9
2016,9,21,14,30,15.4,56,182,82,0.28,979,22.3,236,1.1
2016,9,21,15,30,14.9,135,391,271,0.28,979,24.900000000000002,280,1.4000000000000001
2016,9,21,16,30,12.600000000000001,187,522,462,0.28,979,27.5,318,1.7000000000000002
2016,9,21,17,30,10.9,211,620,627,0.28,979,29.700000000000003,333,1.9000000000000001
2016,9,21,18,30,9.3,169,771,763,0.28,978,31.700000000000003,334,2.3000000000000003
2016,9,21,19,30,7.6000000000000005,164,820,833,0.28,978,33.2,331,2.7
2016,9,21,20,30,6,196,748,800,0.28,977,33.9,328,3.1
2016,9,21,21,30,5,139,817,747,0.28,976,34.1,324,3.4000000000000004
2016,9,21,22,30,4.6000000000000005,175,614,562,0.28,975,33.6,318,3.6
2016,9,21,23,30,4.5,123,582,399,0.28,975,33.2,315,3.7
2016,9,22,0,30,4.3,83,430,205,0.28,975,30.6,312,3.4000000000000004
2016,9,22,1,30,3.9000000000000004,26,50,30,0.28,976,28,310,2.6
2016,9,22,2,30,3.5,0,0,0,0.28,976,25.700000000000003,304,2.3000000000000003
2016,9,22,3,30,3.2,0,0,0,0.28,977,24,296,2.3000000000000003
2016,9,22,4,30,2.8000000000000003,0,0,0,0.28,977,22.3,290,2.7
2016,9,22,5,30,2.4000000000000004,0,0,0,0.28,977,20.5,292,3.3000000000000003
2016,9,22,6,30,2.2,0,0,0,0.28,978,18.6,297,3.6
2016,9,22,7,30,2.6,0,0,0,0.28,978,16.900000000000002,298,3.2
2016,9,22,8,30,3.6,0,0,0,0.28,979,15.5,291,2.6
2016,9,22,9,30,4.6000000000000005,0,0,0,0.28,979,14.3,281,2.3000000000000003
2016,9,22,10,30,5.6000000000000005,0,0,0,0.28,979,13.200000000000001,273,1.9000000000000001
2016,9,22,11,30,6.300000000000001,0,0,0,0.28,980,12.3,264,1.7000000000000002
2016,9,22,12,30,6.800000000000001,0,0,0,0.28,980,11.700000000000001,259,1.6
2016,9,22,13,30,7.1000000000000005,0,0,0,0.28,981,11.8,261,2
2016,9,22,14,30,7.300000000000001,41,467,108,0.28,981,13.3,284,2.7
2016,9,22,15,30,7.1000000000000005,72,723,321,0.28,982,15.700000000000001,311,3.2
2016,9,22,16,30,6.5,89,841,530,0.28,982,18.1,319,3.4000000000000004
2016,9,22,17,30,5.5,97,910,705,0.28,981,20.3,319,3.7
2016,9,22,18,30,4.5,96,961,832,0.28,981,22.200000000000003,318,4.2
2016,9,22,19,30,3.4000000000000004,119,942,884,0.28,980,23.6,317,4.800000000000001
2016,9,22,20,30,2.5,120,923,861,0.28,979,24.5,319,5.300000000000001
2016,9,22,21,30,1.8,90,956,796,0.28,979,24.8,322,5.6000000000000005
2016,9,22,22,30,1.4000000000000001,84,916,656,0.28,979,24.400000000000002,325,5.6000000000000005
2016,9,22,23,30,1.6,75,835,465,0.28,979,24.1,327,5.5
2016,9,23,0,30,1.9000000000000001,58,683,248,0.28,979,22.1,332,4.7
2016,9,23,1,30,2.4000000000000004,24,317,47,0.28,979,19.900000000000002,333,3.3000000000000003
2016,9,23,2,30,3.5,0,0,0,0.28,980,18.2,334,2.6
2016,9,23,3,30,4.3,0,0,0,0.28,981,17.7,333,2.9000000000000004
2016,9,23,4,30,4.800000000000001,0,0,0,0.28,981,17.1,331,2.8000000000000003
2016,9,23,5,30,5.1000000000000005,0,0,0,0.28,982,16.1,327,2.4000000000000004
2016,9,23,6,30,5.300000000000001,0,0,0,0.28,982,15.100000000000001,321,2
2016,9,23,7,30,5.4,0,0,0,0.28,982,14.3,314,1.9000000000000001
2016,9,23,8,30,5.6000000000000005,0,0,0,0.28,982,13.700000000000001,304,1.8
2016,9,23,9,30,5.9,0,0,0,0.28,983,13.200000000000001,293,1.7000000000000002
2016,9,23,10,30,6.1000000000000005,0,0,0,0.28,983,12.600000000000001,285,1.4000000000000001
2016,9,23,11,30,6.1000000000000005,0,0,0,0.28,983,12.200000000000001,278,1.2000000000000002
2016,9,23,12,30,6.2,0,0,0,0.28,983,11.9,275,1.1
2016,9,23,13,30,6.2,0,0,0,0.28,983,12.5,273,1.1
2016,9,23,14,30,6.2,38,469,103,0.28,984,14.8,290,1.7000000000000002
2016,9,23,15,30,5.9,123,306,227,0.28,984,17.6,320,2.8000000000000003
2016,9,23,16,30,5,82,847,523,0.28,984,20,332,3.5
2016,9,23,17,30,3.9000000000000004,92,910,696,0.28,984,22,334,4
2016,9,23,18,30,2.9000000000000004,90,956,819,0.28,984,23.700000000000003,333,4.2
2016,9,23,19,30,2,120,928,870,0.28,984,25,332,4.2
2016,9,23,20,30,1.3,146,844,821,0.28,983,25.8,331,4.2
2016,9,23,21,30,0.8,100,918,774,0.28,983,26.400000000000002,332,4.1000000000000005
2016,9,23,22,30,0.2,94,872,634,0.28,982,26.5,335,3.9000000000000004
2016,9,23,23,30,-0.2,83,786,447,0.28,982,26.400000000000002,336,3.9000000000000004
2016,9,24,0,30,-0.4,64,613,232,0.28,982,24.3,337,2.8000000000000003
2016,9,24,1,30,-0.2,24,221,39,0.28,983,21.8,334,1.5
2016,9,24,2,30,0.2,0,0,0,0.28,983,20.200000000000003,332,1.1
2016,9,24,3,30,0.30000000000000004,0,0,0,0.28,984,19.5,331,1.1
2016,9,24,4,30,0.2,0,0,0,0.28,984,18.7,327,1.2000000000000002
2016,9,24,5,30,0.1,0,0,0,0.28,984,17.6,322,1.2000000000000002
2016,9,24,6,30,0,0,0,0,0.28,984,16.8,314,1.2000000000000002
2016,9,24,7,30,-0.1,0,0,0,0.28,984,16.1,302,1.2000000000000002
2016,9,24,8,30,0.2,0,0,0,0.28,984,15.3,295,1.1
2016,9,24,9,30,0.7000000000000001,0,0,0,0.28,984,14.600000000000001,292,1.1
2016,9,24,10,30,1.3,0,0,0,0.28,983,14.100000000000001,286,1.1
2016,9,24,11,30,2,0,0,0,0.28,984,13.600000000000001,280,1.1
2016,9,24,12,30,2.6,0,0,0,0.28,984,13.200000000000001,266,1.1
2016,9,24,13,30,3.3000000000000003,0,0,0,0.28,984,13.600000000000001,247,1.3
2016,9,24,14,30,3.8000000000000003,36,471,101,0.28,984,15.9,243,1.7000000000000002
2016,9,24,15,30,4.2,64,733,312,0.28,984,19.1,251,1.8
2016,9,24,16,30,3.9000000000000004,80,848,519,0.28,985,22.6,265,1.4000000000000001
2016,9,24,17,30,3.1,162,688,617,0.28,985,26,287,1.2000000000000002
2016,9,24,18,30,2.3000000000000003,127,860,780,0.28,984,29,306,1.4000000000000001
2016,9,24,19,30,1.5,119,926,864,0.28,983,31.3,318,1.6
2016,9,24,20,30,1,125,895,836,0.28,983,32.800000000000004,328,1.9000000000000001
2016,9,24,21,30,0.6000000000000001,101,925,776,0.28,982,33.6,335,2.3000000000000003
2016,9,24,22,30,0.2,81,909,640,0.28,981,33.5,341,2.8000000000000003
2016,9,24,23,30,0.2,71,835,453,0.28,981,33.2,344,3
2016,9,25,0,30,0.5,54,679,236,0.28,981,29.5,348,2.5
2016,9,25,1,30,1.3,21,294,39,0.28,982,25.3,350,1.6
2016,9,25,2,30,2.3000000000000003,0,0,0,0.28,982,22.5,353,1.3
2016,9,25,3,30,2.8000000000000003,0,0,0,0.28,983,21.6,355,1.1
2016,9,25,4,30,3.1,0,0,0,0.28,984,21.3,339,0.9
2016,9,25,5,30,3.2,0,0,0,0.28,984,21,300,0.8
2016,9,25,6,30,3.3000000000000003,0,0,0,0.28,984,20.400000000000002,265,0.8
2016,9,25,7,30,3.5,0,0,0,0.28,984,19.900000000000002,249,0.8
2016,9,25,8,30,3.7,0,0,0,0.28,984,19.5,241,0.9
2016,9,25,9,30,3.9000000000000004,0,0,0,0.28,984,19.400000000000002,234,0.9
2016,9,25,10,30,4.3,0,0,0,0.28,984,19.5,225,0.9
2016,9,25,11,30,4.4,0,0,0,0.28,984,19.6,203,0.9
2016,9,25,12,30,4.3,0,0,0,0.28,984,19.400000000000002,171,1.1
2016,9,25,13,30,3.9000000000000004,0,0,0,0.28,984,19.400000000000002,147,1.2000000000000002
2016,9,25,14,30,3,37,452,97,0.28,985,22.5,138,1.6
2016,9,25,15,30,2,65,723,308,0.28,985,27.6,134,2.7
2016,9,25,16,30,0.30000000000000004,82,846,517,0.28,985,31.5,130,3.8000000000000003
2016,9,25,17,30,-2.2,182,629,596,0.28,985,34.300000000000004,132,3.9000000000000004
2016,9,25,18,30,-3.5,111,907,795,0.28,984,36.1,138,3.2
2016,9,25,19,30,-4,119,924,859,0.28,983,37.4,149,2.3000000000000003
2016,9,25,20,30,-4.2,117,920,844,0.28,982,38.300000000000004,198,1.4000000000000001
2016,9,25,21,30,-4.3,114,870,745,0.28,982,38.6,276,1.3
2016,9,25,22,30,-4.3,89,890,632,0.28,981,38.300000000000004,320,2.1
2016,9,25,23,30,-4.1000000000000005,78,809,444,0.28,981,38,326,2.5
2016,9,26,0,30,-3.6,58,648,229,0.28,981,33.9,332,2.2
2016,9,26,1,30,-2.6,21,232,34,0.28,981,29.400000000000002,333,1.7000000000000002
2016,9,26,2,30,-1.3,0,0,0,0.28,982,26.700000000000003,332,1.6
2016,9,26,3,30,-0.4,0,0,0,0.28,982,25.400000000000002,332,1.4000000000000001
2016,9,26,4,30,0,0,0,0,0.28,983,25,328,1.2000000000000002
2016,9,26,5,30,0.2,0,0,0,0.28,983,25.1,306,1
2016,9,26,6,30,0.30000000000000004,0,0,0,0.28,982,24.900000000000002,271,0.9
2016,9,26,7,30,0.5,0,0,0,0.28,982,24.200000000000003,248,0.9
2016,9,26,8,30,0.7000000000000001,0,0,0,0.28,982,23.700000000000003,236,0.9
2016,9,26,9,30,0.7000000000000001,0,0,0,0.28,982,23.5,225,0.9
2016,9,26,10,30,0.8,0,0,0,0.28,982,23.5,209,0.9
2016,9,26,11,30,0.7000000000000001,0,0,0,0.28,982,23.400000000000002,187,1
2016,9,26,12,30,0.5,0,0,0,0.28,982,22.8,162,1.1
2016,9,26,13,30,0.30000000000000004,0,0,0,0.28,982,22.400000000000002,144,1.3
2016,9,26,14,30,0.2,39,405,92,0.28,983,25,138,1.5
2016,9,26,15,30,0.30000000000000004,69,702,302,0.28,983,29.400000000000002,131,2.5
2016,9,26,16,30,0.1,84,836,512,0.28,983,32.7,122,3.7
2016,9,26,17,30,-1.2000000000000002,122,787,637,0.28,983,35,120,3.7
2016,9,26,18,30,-2.3000000000000003,108,916,797,0.28,982,36.800000000000004,121,2.9000000000000004
2016,9,26,19,30,-3.1,117,931,859,0.28,982,37.9,116,2
2016,9,26,20,30,-3.6,118,913,836,0.28,981,38.5,71,1.3
2016,9,26,21,30,-3.9000000000000004,91,941,770,0.28,980,38.6,193,1.5
2016,9,26,22,30,-3.8000000000000003,85,899,629,0.28,979,38.1,351,2.1
2016,9,26,23,30,-3.6,74,819,441,0.28,979,37.800000000000004,347,2.5
2016,9,27,0,30,-3.2,56,652,225,0.28,979,33.800000000000004,347,2
2016,9,27,1,30,-2.3000000000000003,19,235,32,0.28,979,29.6,349,1.4000000000000001
2016,9,27,2,30,-1.5,0,0,0,0.28,979,27.3,176,1.4000000000000001
2016,9,27,3,30,-0.9,0,0,0,0.28,980,26.700000000000003,8,1.2000000000000002
2016,9,27,4,30,-0.5,0,0,0,0.28,980,26.700000000000003,27,1
2016,9,27,5,30,-0.2,0,0,0,0.28,980,26.8,100,0.6000000000000001
2016,9,27,6,30,0.1,0,0,0,0.28,980,26.200000000000003,199,0.5
2016,9,27,7,30,0.30000000000000004,0,0,0,0.28,980,25,246,0.8
2016,9,27,8,30,0.5,0,0,0,0.28,980,23.700000000000003,263,1
2016,9,27,9,30,0.7000000000000001,0,0,0,0.28,980,22.6,278,1.1
2016,9,27,10,30,0.7000000000000001,0,0,0,0.28,979,21.700000000000003,287,1.2000000000000002
2016,9,27,11,30,0.7000000000000001,0,0,0,0.28,979,21.200000000000003,290,1.1
2016,9,27,12,30,0.5,0,0,0,0.28,979,20.8,286,1.1
2016,9,27,13,30,0.2,0,0,0,0.28,980,21,276,1
2016,9,27,14,30,0,39,386,89,0.28,980,23.5,263,1.2000000000000002
2016,9,27,15,30,0,74,667,294,0.28,980,27.5,261,1.5
2016,9,27,16,30,0.1,94,796,499,0.28,980,31,287,1.5
2016,9,27,17,30,-0.1,154,700,610,0.28,979,34.2,317,1.5
2016,9,27,18,30,-0.4,108,912,791,0.28,979,36.4,324,1.8
2016,9,27,19,30,-0.6000000000000001,119,919,847,0.28,978,37.5,318,2.2
2016,9,27,20,30,-0.7000000000000001,276,553,708,0.28,977,37.9,315,2.5
2016,9,27,21,30,-1,142,793,710,0.28,976,37.800000000000004,315,2.7
2016,9,27,22,30,-1.4000000000000001,92,867,612,0.28,976,37.4,318,2.8000000000000003
2016,9,27,23,30,-1.9000000000000001,79,783,426,0.28,976,37,320,2.7
2016,9,28,0,30,-2.5,59,613,214,0.28,976,33.5,332,1.6
2016,9,28,1,30,-2.8000000000000003,18,194,27,0.28,976,30.1,341,1
2016,9,28,2,30,-2.9000000000000004,0,0,0,0.28,976,28.6,345,0.9
2016,9,28,3,30,-2.7,0,0,0,0.28,977,27.8,303,0.7000000000000001
2016,9,28,4,30,-2.3000000000000003,0,0,0,0.28,977,26.400000000000002,248,0.8
2016,9,28,5,30,-1.7000000000000002,0,0,0,0.28,977,24.6,239,1.2000000000000002
2016,9,28,6,30,-1,0,0,0,0.28,977,23.200000000000003,244,1.5
2016,9,28,7,30,-0.2,0,0,0,0.28,977,22.400000000000002,247,1.6
2016,9,28,8,30,0.6000000000000001,0,0,0,0.28,977,21.8,247,1.6
2016,9,28,9,30,1.1,0,0,0,0.28,977,21.400000000000002,240,1.5
2016,9,28,10,30,1.4000000000000001,0,0,0,0.28,977,21.1,231,1.3
2016,9,28,11,30,1.5,0,0,0,0.28,978,21,224,1.3
2016,9,28,12,30,1.6,0,0,0,0.28,978,21.200000000000003,217,1.2000000000000002
2016,9,28,13,30,1.7000000000000002,0,0,0,0.28,978,21.700000000000003,210,1.2000000000000002
2016,9,28,14,30,1.7000000000000002,44,76,53,0.28,979,23.900000000000002,201,1.2000000000000002
2016,9,28,15,30,1.8,126,222,198,0.28,979,27.6,192,1.2000000000000002
2016,9,28,16,30,1.3,142,624,457,0.28,979,31.1,166,1
2016,9,28,17,30,0.7000000000000001,163,709,623,0.28,979,33.800000000000004,126,0.9
2016,9,28,18,30,1.4000000000000001,162,771,735,0.28,978,35.6,103,1
2016,9,28,19,30,2.8000000000000003,119,882,815,0.28,978,36.6,95,1.3
2016,9,28,20,30,4.3,144,838,796,0.28,977,37.1,91,1.5
2016,9,28,21,30,5.5,158,751,693,0.28,977,37,84,1.7000000000000002
2016,9,28,22,30,6.300000000000001,178,564,514,0.28,977,36.4,76,1.9000000000000001
2016,9,28,23,30,6.9,98,682,397,0.28,977,36,71,2
2016,9,29,0,30,7.4,91,203,142,0.28,977,32.800000000000004,62,1.7000000000000002
2016,9,29,1,30,8.4,17,83,20,0.28,978,29.700000000000003,58,1.2000000000000002
2016,9,29,2,30,9.700000000000001,0,0,0,0.28,979,27.700000000000003,49,0.9
2016,9,29,3,30,10.4,0,0,0,0.28,979,26.8,169,0.7000000000000001
2016,9,29,4,30,10.200000000000001,0,0,0,0.28,979,25.700000000000003,279,0.7000000000000001
2016,9,29,5,30,10.600000000000001,0,0,0,0.28,980,24.3,259,1
2016,9,29,6,30,10.4,0,0,0,0.28,980,23.3,256,1.2000000000000002
2016,9,29,7,30,10,0,0,0,0.28,980,22.6,255,1.2000000000000002
2016,9,29,8,30,9.700000000000001,0,0,0,0.28,980,22.3,254,1.1
2016,9,29,9,30,9.200000000000001,0,0,0,0.28,980,22.3,251,1
2016,9,29,10,30,8.700000000000001,0,0,0,0.28,981,22.400000000000002,241,0.9
2016,9,29,11,30,8.3,0,0,0,0.28,981,22.200000000000003,226,0.8
2016,9,29,12,30,8,0,0,0,0.28,981,21.900000000000002,213,0.8
2016,9,29,13,30,7.6000000000000005,0,0,0,0.28,982,22,203,0.8
2016,9,29,14,30,7.4,42,287,77,0.28,982,23.8,200,0.9
2016,9,29,15,30,7.5,87,574,273,0.28,983,27.3,212,1
2016,9,29,16,30,6.300000000000001,112,714,471,0.28,983,30.5,238,1
2016,9,29,17,30,6.1000000000000005,127,791,637,0.28,983,33.1,261,1.2000000000000002
2016,9,29,18,30,5.800000000000001,128,846,755,0.28,982,34.800000000000004,277,1.5
2016,9,29,19,30,5.4,132,871,816,0.28,982,35.9,286,1.9000000000000001
2016,9,29,20,30,4.9,133,859,797,0.28,981,36.5,292,2.4000000000000004
2016,9,29,21,30,4.6000000000000005,145,778,695,0.28,981,36.5,296,2.8000000000000003
2016,9,29,22,30,4.5,156,627,526,0.28,980,35.9,298,3.1
2016,9,29,23,30,4.3,75,772,409,0.28,980,35.5,298,3.2
2016,9,30,0,30,4.2,55,601,201,0.28,980,32.1,292,2.4000000000000004
2016,9,30,1,30,4.4,15,183,22,0.28,981,28.5,284,1.7000000000000002
2016,9,30,2,30,4.7,0,0,0,0.28,981,26,273,1.8
2016,9,30,3,30,5.2,0,0,0,0.28,982,24.5,262,1.7000000000000002
2016,9,30,4,30,5.6000000000000005,0,0,0,0.28,982,23.400000000000002,251,1.5
2016,9,30,5,30,6,0,0,0,0.28,983,22.700000000000003,243,1.2000000000000002
2016,9,30,6,30,6.300000000000001,0,0,0,0.28,982,22.5,235,1
2016,9,30,7,30,6.4,0,0,0,0.28,982,22.5,226,0.7000000000000001
2016,9,30,8,30,6.300000000000001,0,0,0,0.28,982,22.200000000000003,223,0.6000000000000001
2016,9,30,9,30,6.2,0,0,0,0.28,982,21.700000000000003,230,0.6000000000000001
2016,9,30,10,30,6.1000000000000005,0,0,0,0.28,983,21.1,234,0.7000000000000001
2016,9,30,11,30,5.9,0,0,0,0.28,983,20.5,232,0.8
2016,9,30,12,30,5.800000000000001,0,0,0,0.28,983,20.1,227,0.8
2016,9,30,13,30,5.6000000000000005,0,0,0,0.28,983,20.200000000000003,228,0.7000000000000001
2016,9,30,14,30,5.5,36,373,81,0.28,983,22,246,0.8
2016,9,30,15,30,5.4,69,665,282,0.28,984,25.3,278,1
2016,9,30,16,30,5.300000000000001,87,795,483,0.28,984,28.400000000000002,301,1.2000000000000002
2016,9,30,17,30,5.2,97,866,652,0.28,983,30.900000000000002,310,1.6
2016,9,30,18,30,5.1000000000000005,138,818,741,0.28,983,32.9,314,2.2
2016,9,30,19,30,4.5,123,894,821,0.28,982,34.1,319,2.7
2016,9,30,20,30,4,132,859,793,0.28,981,34.7,321,3.2
2016,9,30,21,30,3.3000000000000003,139,787,692,0.28,981,34.6,320,3.5
2016,9,30,22,30,2.9000000000000004,92,854,592,0.28,980,33.9,316,3.6
2016,9,30,23,30,2.7,78,769,407,0.28,980,33.4,313,3.6
2012,10,1,0,30,2,72,472,185,0.25,980,33.4,332,2
2012,10,1,1,30,2.3000000000000003,13,63,15,0.25,980,29.3,344,1.4000000000000001
2012,10,1,2,30,2.5,0,0,0,0.25,981,27.200000000000003,181,1.3
2012,10,1,3,30,2.5,0,0,0,0.25,981,26.400000000000002,18,1.3
2012,10,1,4,30,2.5,0,0,0,0.25,981,26.200000000000003,26,1.1
2012,10,1,5,30,2.4000000000000004,0,0,0,0.25,981,26.200000000000003,174,0.8
2012,10,1,6,30,2.4000000000000004,0,0,0,0.25,981,25.400000000000002,284,0.7000000000000001
2012,10,1,7,30,2.4000000000000004,0,0,0,0.25,981,24.1,245,0.9
2012,10,1,8,30,2.3000000000000003,0,0,0,0.25,981,23.200000000000003,242,1
2012,10,1,9,30,2.3000000000000003,0,0,0,0.25,981,22.700000000000003,241,1
2012,10,1,10,30,2.2,0,0,0,0.25,981,22.3,240,1
2012,10,1,11,30,2.1,0,0,0,0.25,981,22,241,1
2012,10,1,12,30,2,0,0,0,0.25,981,21.700000000000003,240,1
2012,10,1,13,30,2,0,0,0,0.25,981,21.900000000000002,237,0.9
2012,10,1,14,30,2,43,241,72,0.25,982,24,233,1
2012,10,1,15,30,2.1,89,570,271,0.25,982,27.5,237,1.3
2012,10,1,16,30,2,117,716,472,0.25,982,30.6,254,1.5
2012,10,1,17,30,1.6,133,794,639,0.25,982,33.6,272,1.5
2012,10,1,18,30,1.1,128,864,762,0.25,981,36.1,284,1.5
2012,10,1,19,30,0.7000000000000001,131,883,816,0.25,980,37.9,295,1.8
2012,10,1,20,30,0.30000000000000004,128,881,802,0.25,980,39,306,2.2
2012,10,1,21,30,-0.1,115,875,725,0.25,979,39.300000000000004,314,2.6
2012,10,1,22,30,-0.4,105,823,584,0.25,978,39,322,2.9000000000000004
2012,10,1,23,30,-0.6000000000000001,90,727,397,0.25,978,38.6,326,3
2012,10,2,0,30,-0.6000000000000001,65,516,186,0.25,978,34.2,342,2
2012,10,2,1,30,-0.30000000000000004,12,76,14,0.25,978,30,175,1.3
2012,10,2,2,30,-0.1,0,0,0,0.25,979,28,5,1.2000000000000002
2012,10,2,3,30,-0.1,0,0,0,0.25,979,27.6,8,1.1
2012,10,2,4,30,-0.30000000000000004,0,0,0,0.25,979,27.200000000000003,169,0.9
2012,10,2,5,30,-0.6000000000000001,0,0,0,0.25,979,26.3,311,0.8
2012,10,2,6,30,-0.8,0,0,0,0.25,979,25.200000000000003,284,0.9
2012,10,2,7,30,-1,0,0,0,0.25,979,24.3,273,1
2012,10,2,8,30,-1.3,0,0,0,0.25,978,23.700000000000003,264,1.1
2012,10,2,9,30,-1.3,0,0,0,0.25,978,23.3,254,1
2012,10,2,10,30,-1.1,0,0,0,0.25,978,23,238,0.9
2012,10,2,11,30,-0.9,0,0,0,0.25,978,22.700000000000003,217,0.8
2012,10,2,12,30,-0.8,0,0,0,0.25,978,22.5,198,0.8
2012,10,2,13,30,-0.6000000000000001,0,0,0,0.25,978,22.6,188,0.8
2012,10,2,14,30,-0.5,37,331,75,0.25,978,24.6,185,1
2012,10,2,15,30,-0.30000000000000004,74,640,276,0.25,979,28.3,190,1.1
2012,10,2,16,30,-0.30000000000000004,95,778,478,0.25,979,31.8,229,0.9
2012,10,2,17,30,-0.5,109,849,647,0.25,978,34.800000000000004,279,0.8
2012,10,2,18,30,-0.6000000000000001,107,906,768,0.25,978,37.2,302,1.3
2012,10,2,19,30,-0.6000000000000001,110,920,821,0.25,977,38.800000000000004,315,1.8
2012,10,2,20,30,-0.7000000000000001,111,914,806,0.25,976,39.6,323,2.2
2012,10,2,21,30,-0.8,122,858,717,0.25,975,39.800000000000004,327,2.5
2012,10,2,22,30,-0.8,112,805,576,0.25,975,39.400000000000006,329,2.7
2012,10,2,23,30,-0.9,94,706,389,0.25,975,39,330,2.8000000000000003
2012,10,3,0,30,-0.7000000000000001,67,494,180,0.25,975,34.6,328,1.7000000000000002
2012,10,3,1,30,-0.4,11,56,12,0.25,975,30.6,317,1.2000000000000002
2012,10,3,2,30,0,0,0,0,0.25,975,28.400000000000002,292,1.3
2012,10,3,3,30,0.5,0,0,0,0.25,976,27.1,270,1.4000000000000001
2012,10,3,4,30,1,0,0,0,0.25,977,26,254,1.4000000000000001
2012,10,3,5,30,1.5,0,0,0,0.25,977,25.200000000000003,239,1.4000000000000001
2012,10,3,6,30,1.9000000000000001,0,0,0,0.25,977,24.700000000000003,224,1.3
2012,10,3,7,30,2,0,0,0,0.25,977,24.5,208,1.2000000000000002
2012,10,3,8,30,1.9000000000000001,0,0,0,0.25,977,24.400000000000002,193,1.2000000000000002
2012,10,3,9,30,1.9000000000000001,0,0,0,0.25,977,24.1,182,1.2000000000000002
2012,10,3,10,30,1.9000000000000001,0,0,0,0.25,977,23.6,176,1.2000000000000002
2012,10,3,11,30,2,0,0,0,0.25,977,23,174,1.2000000000000002
2012,10,3,12,30,2.2,0,0,0,0.25,977,22.3,175,1.3
2012,10,3,13,30,2.4000000000000004,0,0,0,0.25,978,21.900000000000002,181,1.3
2012,10,3,14,30,2.7,36,329,73,0.25,978,24,188,1.6
2012,10,3,15,30,3.2,74,642,274,0.25,979,27.900000000000002,201,2.1
2012,10,3,16,30,3.5,94,782,476,0.25,979,31.3,225,2.3000000000000003
2012,10,3,17,30,3.2,106,859,647,0.25,979,34,251,2.1
2012,10,3,18,30,2.7,113,896,763,0.25,978,35.6,270,2
2012,10,3,19,30,2.3000000000000003,120,895,807,0.25,978,36.7,284,1.9000000000000001
2012,10,3,20,30,1.9000000000000001,113,912,802,0.25,977,37.2,290,2
2012,10,3,21,30,1.8,113,877,717,0.25,977,37.2,288,2.2
2012,10,3,22,30,1.8,104,825,576,0.25,977,36.5,283,2.6
2012,10,3,23,30,2.1,88,723,387,0.25,977,36,280,2.9000000000000004
2012,10,4,0,30,2.8000000000000003,62,518,178,0.25,977,31.900000000000002,272,3.2
2012,10,4,1,30,4.3,10,54,11,0.25,978,28.1,267,3.3000000000000003
2012,10,4,2,30,6.1000000000000005,0,0,0,0.25,979,25,257,3.2
2012,10,4,3,30,7.4,0,0,0,0.25,980,22.8,243,2.2
2012,10,4,4,30,8,0,0,0,0.25,980,21.400000000000002,224,1.3
2012,10,4,5,30,8.3,0,0,0,0.25,981,20.700000000000003,201,0.9
2012,10,4,6,30,8.3,0,0,0,0.25,981,20.3,184,0.8
2012,10,4,7,30,8.3,0,0,0,0.25,982,20.200000000000003,181,0.7000000000000001
2012,10,4,8,30,8.1,0,0,0,0.25,982,20.1,192,0.5
2012,10,4,9,30,7.9,0,0,0,0.25,982,19.8,204,0.5
2012,10,4,10,30,7.7,0,0,0,0.25,982,19.400000000000002,205,0.6000000000000001
2012,10,4,11,30,7.5,0,0,0,0.25,982,19,206,0.6000000000000001
2012,10,4,12,30,7.5,0,0,0,0.25,982,18.6,212,0.7000000000000001
2012,10,4,13,30,7.4,0,0,0,0.25,983,18.400000000000002,221,0.8
2012,10,4,14,30,7.5,37,306,70,0.25,983,19.6,234,1.1
2012,10,4,15,30,7.7,76,624,268,0.25,984,22.200000000000003,258,1.5
2012,10,4,16,30,8.4,97,771,471,0.25,984,24.8,284,1.8
2012,10,4,17,30,8.4,283,247,438,0.25,984,27,302,2.2
2012,10,4,18,30,8.200000000000001,133,820,725,0.25,984,29,312,2.6
2012,10,4,19,30,7.7,111,915,810,0.25,983,30.700000000000003,315,3.1
2012,10,4,20,30,6.9,108,914,795,0.25,983,31.700000000000003,315,3.4000000000000004
2012,10,4,21,30,6.1000000000000005,100,902,716,0.25,982,31.900000000000002,313,3.6
2012,10,4,22,30,5.4,90,861,578,0.25,982,31.5,308,3.8000000000000003
2012,10,4,23,30,4.7,76,773,391,0.25,982,31.200000000000003,306,3.8000000000000003
2012,10,5,0,30,4.3,55,572,180,0.25,982,27.8,294,2.9000000000000004
2012,10,5,1,30,4.3,0,0,0,0.25,982,24.3,280,2.2
2012,10,5,2,30,4.800000000000001,0,0,0,0.25,983,21.8,266,2.7
2012,10,5,3,30,5.5,0,0,0,0.25,983,20.200000000000003,257,3.2
2012,10,5,4,30,6.300000000000001,0,0,0,0.25,984,19,253,3.1
2012,10,5,5,30,7,0,0,0,0.25,984,18.2,255,2.8000000000000003
2012,10,5,6,30,7.7,0,0,0,0.25,984,17.6,257,2.4000000000000004
2012,10,5,7,30,8.3,0,0,0,0.25,984,17.2,256,2.1
2012,10,5,8,30,8.700000000000001,0,0,0,0.25,985,17,254,2
2012,10,5,9,30,8.8,0,0,0,0.25,984,16.900000000000002,257,1.8
2012,10,5,10,30,8.700000000000001,0,0,0,0.25,984,16.8,263,1.6
2012,10,5,11,30,8.700000000000001,0,0,0,0.25,985,16.6,270,1.4000000000000001
2012,10,5,12,30,8.8,0,0,0,0.25,985,16.1,276,1.2000000000000002
2012,10,5,13,30,8.9,0,0,0,0.25,985,16,275,1.3
2012,10,5,14,30,9.1,36,124,50,0.25,985,17,284,2
2012,10,5,15,30,9.5,84,0,84,0.25,986,18.8,303,2.7
2012,10,5,16,30,9.8,164,450,382,0.25,985,20.6,315,2.9000000000000004
2012,10,5,17,30,9.8,126,751,594,0.25,985,21.900000000000002,325,2.9000000000000004
2012,10,5,18,30,9.5,305,383,580,0.25,984,22.400000000000002,328,2.5
2012,10,5,19,30,9.200000000000001,372,161,494,0.25,984,23.900000000000002,309,2.6
2012,10,5,20,30,8.6,257,551,668,0.25,983,26.200000000000003,300,3.5
2012,10,5,21,30,7,267,30,287,0.25,982,27.6,314,4
2012,10,5,22,30,5.800000000000001,117,719,520,0.25,982,27.700000000000003,324,3.9000000000000004
2012,10,5,23,30,4.9,80,676,352,0.25,982,27.5,328,3.8000000000000003
2012,10,6,0,30,4.4,68,0,68,0.24,981,24.6,339,2.2
2012,10,6,1,30,4.7,0,0,0,0.24,981,21.700000000000003,341,1.2000000000000002
2012,10,6,2,30,5.2,0,0,0,0.24,981,20,333,1
2012,10,6,3,30,5.5,0,0,0,0.24,982,19.200000000000003,324,1
2012,10,6,4,30,5.5,0,0,0,0.24,982,18.400000000000002,319,1
2012,10,6,5,30,5.5,0,0,0,0.24,982,17.5,316,1
2012,10,6,6,30,5.6000000000000005,0,0,0,0.24,982,17,316,1
2012,10,6,7,30,6,0,0,0,0.24,982,16.6,312,1
2012,10,6,8,30,6.5,0,0,0,0.24,982,16.1,303,0.9
2012,10,6,9,30,7.1000000000000005,0,0,0,0.24,982,15.4,289,0.9
2012,10,6,10,30,7.6000000000000005,0,0,0,0.24,982,14.8,276,0.9
2012,10,6,11,30,8.200000000000001,0,0,0,0.24,982,14.3,267,0.9
2012,10,6,12,30,8.700000000000001,0,0,0,0.24,982,14,265,0.9
2012,10,6,13,30,9.200000000000001,0,0,0,0.24,982,14.200000000000001,263,0.8
2012,10,6,14,30,9.5,32,348,68,0.24,982,16.1,270,1.2000000000000002
2012,10,6,15,30,10,66,655,265,0.24,983,18.7,290,1.8
2012,10,6,16,30,10.3,85,790,463,0.24,983,20.8,309,2.1
2012,10,6,17,30,10.3,96,860,629,0.24,982,23,322,2.4000000000000004
2012,10,6,18,30,10.100000000000001,102,898,743,0.24,981,25.1,326,2.6
2012,10,6,19,30,9.600000000000001,102,916,794,0.24,981,26.900000000000002,323,3
2012,10,6,20,30,8.8,99,916,779,0.24,980,28,325,3.3000000000000003
2012,10,6,21,30,8.200000000000001,97,890,697,0.24,979,28.400000000000002,328,3.4000000000000004
2012,10,6,22,30,7.9,88,843,557,0.24,979,28.200000000000003,332,3.3000000000000003
2012,10,6,23,30,7.6000000000000005,74,749,372,0.24,978,28,334,3.3000000000000003
2012,10,7,0,30,7.5,49,568,168,0.24,978,25.1,349,2.1
2012,10,7,1,30,7.800000000000001,0,0,0,0.24,978,22.3,185,1.1
2012,10,7,2,30,8.200000000000001,0,0,0,0.24,978,20.700000000000003,18,0.8
2012,10,7,3,30,8.5,0,0,0,0.24,979,20,172,0.6000000000000001
2012,10,7,4,30,8.700000000000001,0,0,0,0.24,979,19.1,304,0.5
2012,10,7,5,30,9,0,0,0,0.24,979,18,286,0.8
2012,10,7,6,30,9.200000000000001,0,0,0,0.24,979,17,289,1
2012,10,7,7,30,9.3,0,0,0,0.24,979,16.3,292,1.2000000000000002
2012,10,7,8,30,9.200000000000001,0,0,0,0.24,979,15.600000000000001,295,1.2000000000000002
2012,10,7,9,30,9,0,0,0,0.24,979,15,293,1.1
2012,10,7,10,30,8.8,0,0,0,0.24,979,14.5,284,1
2012,10,7,11,30,8.700000000000001,0,0,0,0.24,979,14,273,1
2012,10,7,12,30,8.700000000000001,0,0,0,0.24,980,13.600000000000001,262,0.9
2012,10,7,13,30,8.700000000000001,0,0,0,0.24,980,13.700000000000001,254,1
2012,10,7,14,30,8.8,30,372,68,0.24,981,15.5,255,1.4000000000000001
2012,10,7,15,30,8.9,65,664,264,0.24,981,18.3,276,1.8
2012,10,7,16,30,9.1,83,801,464,0.24,981,20.8,299,1.8
2012,10,7,17,30,9.1,93,876,633,0.24,981,22.900000000000002,308,1.9000000000000001
2012,10,7,18,30,9,96,920,748,0.24,980,24.700000000000003,308,2
2012,10,7,19,30,8.6,98,934,800,0.24,979,26.400000000000002,308,2.1
2012,10,7,20,30,8,98,929,783,0.24,979,27.5,310,2.3000000000000003
2012,10,7,21,30,7.300000000000001,109,873,693,0.24,978,28.1,315,2.5
2012,10,7,22,30,6.7,100,814,549,0.24,978,27.8,320,2.7
2012,10,7,23,30,6.300000000000001,85,709,363,0.24,977,27.5,324,2.8000000000000003
2012,10,8,0,30,6.300000000000001,59,482,157,0.24,978,24.6,337,2.1
2012,10,8,1,30,6.6000000000000005,0,0,0,0.24,978,21.6,348,1.2000000000000002
2012,10,8,2,30,7,0,0,0,0.24,979,19.900000000000002,355,1
2012,10,8,3,30,7.1000000000000005,0,0,0,0.24,979,19.3,351,0.9
2012,10,8,4,30,6.9,0,0,0,0.24,979,18.8,321,0.8
2012,10,8,5,30,6.800000000000001,0,0,0,0.24,979,17.900000000000002,288,0.8
2012,10,8,6,30,6.800000000000001,0,0,0,0.24,979,16.7,282,1
2012,10,8,7,30,6.7,0,0,0,0.24,980,15.700000000000001,288,1.1
2012,10,8,8,30,6.7,0,0,0,0.24,980,14.9,294,1.2000000000000002
2012,10,8,9,30,6.7,0,0,0,0.24,980,14.200000000000001,293,1.1
2012,10,8,10,30,6.9,0,0,0,0.24,980,13.5,284,1
2012,10,8,11,30,7.2,0,0,0,0.24,980,12.9,272,0.9
2012,10,8,12,30,7.5,0,0,0,0.24,981,12.5,258,0.9
2012,10,8,13,30,7.800000000000001,0,0,0,0.24,981,12.5,249,0.9
2012,10,8,14,30,8,32,313,63,0.24,982,14,254,1.4000000000000001
2012,10,8,15,30,8.1,75,600,253,0.24,982,16.6,285,1.8
2012,10,8,16,30,7.7,97,750,451,0.24,982,19.1,315,1.9000000000000001
2012,10,8,17,30,7.5,110,832,619,0.24,982,21.3,326,2.1
2012,10,8,18,30,7.4,111,885,735,0.24,981,23.3,329,2.3000000000000003
2012,10,8,19,30,7.2,114,899,786,0.24,981,24.900000000000002,328,2.5
2012,10,8,20,30,6.7,112,896,768,0.24,980,26.1,327,2.6
2012,10,8,21,30,6.1000000000000005,100,885,689,0.24,980,26.6,327,2.8000000000000003
2012,10,8,22,30,5.5,93,831,547,0.24,979,26.400000000000002,329,2.8000000000000003
2012,10,8,23,30,5.1000000000000005,80,723,360,0.24,979,26.200000000000003,330,2.8000000000000003
2012,10,9,0,30,5,54,506,154,0.25,979,23.200000000000003,332,1.9000000000000001
2012,10,9,1,30,5.2,0,0,0,0.25,979,20.400000000000002,330,1.1
2012,10,9,2,30,5.800000000000001,0,0,0,0.25,980,18.7,316,1.1
2012,10,9,3,30,6.2,0,0,0,0.25,980,17.6,296,1.2000000000000002
2012,10,9,4,30,6.6000000000000005,0,0,0,0.25,981,16.5,287,1.3
2012,10,9,5,30,7.1000000000000005,0,0,0,0.25,981,15.700000000000001,284,1.4000000000000001
2012,10,9,6,30,7.6000000000000005,0,0,0,0.25,981,14.9,281,1.4000000000000001
2012,10,9,7,30,8,0,0,0,0.25,981,14.200000000000001,280,1.5
2012,10,9,8,30,8.4,0,0,0,0.25,981,13.600000000000001,281,1.6
2012,10,9,9,30,8.8,0,0,0,0.25,981,13,281,1.5
2012,10,9,10,30,9.1,0,0,0,0.25,981,12.5,278,1.3
2012,10,9,11,30,9.4,0,0,0,0.25,981,12.100000000000001,273,1.1
2012,10,9,12,30,9.5,0,0,0,0.25,981,12.100000000000001,266,1
2012,10,9,13,30,9.600000000000001,0,0,0,0.25,982,12.3,257,1
2012,10,9,14,30,9.600000000000001,33,263,58,0.25,982,13.700000000000001,255,1.4000000000000001
2012,10,9,15,30,9.5,81,563,246,0.25,982,16,277,1.6
2012,10,9,16,30,8.9,102,729,444,0.25,982,18.5,303,1.5
2012,10,9,17,30,8.5,114,816,610,0.25,981,20.900000000000002,312,1.7000000000000002
2012,10,9,18,30,8.1,154,757,685,0.25,981,22.6,313,1.9000000000000001
2012,10,9,19,30,7.5,278,486,638,0.25,980,23.700000000000003,312,2
2012,10,9,20,30,6.9,347,237,520,0.25,980,24.3,314,2.1
2012,10,9,21,30,6.300000000000001,308,109,380,0.25,979,24.6,319,2.1
2012,10,9,22,30,5.800000000000001,124,675,490,0.25,979,24.400000000000002,327,1.9000000000000001
2012,10,9,23,30,5.5,104,539,311,0.25,979,24.3,331,1.8
2012,10,10,0,30,5.4,66,384,141,0.25,979,21.900000000000002,339,1.2000000000000002
2012,10,10,1,30,5.7,0,0,0,0.25,979,19.5,330,0.8
2012,10,10,2,30,6.300000000000001,0,0,0,0.25,979,18,299,1
2012,10,10,3,30,6.9,0,0,0,0.25,979,16.7,271,1.3
2012,10,10,4,30,7.5,0,0,0,0.25,980,15.5,262,1.4000000000000001
2012,10,10,5,30,8.200000000000001,0,0,0,0.25,980,14.600000000000001,254,1.4000000000000001
2012,10,10,6,30,8.9,0,0,0,0.25,980,14,245,1.3
2012,10,10,7,30,9.600000000000001,0,0,0,0.25,980,13.700000000000001,235,1.1
2012,10,10,8,30,9.9,0,0,0,0.25,980,13.5,226,1
2012,10,10,9,30,9.9,0,0,0,0.25,980,13.3,219,0.9
2012,10,10,10,30,9.9,0,0,0,0.25,980,13,218,1
2012,10,10,11,30,9.9,0,0,0,0.25,980,12.700000000000001,219,1
2012,10,10,12,30,9.8,0,0,0,0.25,980,12.5,219,1
2012,10,10,13,30,9.700000000000001,0,0,0,0.25,980,12.5,217,1.1
2012,10,10,14,30,9.700000000000001,34,217,54,0.25,980,14.100000000000001,219,1.5
2012,10,10,15,30,9.9,79,560,242,0.25,980,16.8,232,1.8
2012,10,10,16,30,10,99,732,440,0.25,980,19.200000000000003,244,1.8
2012,10,10,17,30,8.9,111,818,605,0.25,980,21.1,245,2
2012,10,10,18,30,7.800000000000001,124,846,714,0.25,979,22.400000000000002,248,2.3000000000000003
2012,10,10,19,30,6.9,124,867,764,0.25,979,23.200000000000003,253,2.7
2012,10,10,20,30,6.4,127,842,737,0.25,978,23.6,260,3.1
2012,10,10,21,30,6.1000000000000005,222,14,231,0.25,978,23.400000000000002,265,3.3000000000000003
2012,10,10,22,30,6,188,466,438,0.25,977,22.8,270,3.5
2012,10,10,23,30,5.9,144,31,155,0.25,977,22.400000000000002,272,3.5
2012,10,11,0,30,6,56,464,143,0.24,978,20.1,280,3.2
2012,10,11,1,30,6.4,0,0,0,0.24,978,18.2,283,2.9000000000000004
2012,10,11,2,30,7,0,0,0,0.24,978,16.7,282,2.8000000000000003
2012,10,11,3,30,7.6000000000000005,0,0,0,0.24,979,15.700000000000001,278,2.5
2012,10,11,4,30,8.1,0,0,0,0.24,979,14.700000000000001,273,2.1
2012,10,11,5,30,8.5,0,0,0,0.24,979,14.200000000000001,265,1.9000000000000001
2012,10,11,6,30,8.8,0,0,0,0.24,979,13.9,257,1.6
2012,10,11,7,30,9,0,0,0,0.24,978,13.600000000000001,252,1.3
2012,10,11,8,30,9.200000000000001,0,0,0,0.24,978,13.5,249,1.2000000000000002
2012,10,11,9,30,9.3,0,0,0,0.24,978,13.4,249,1.2000000000000002
2012,10,11,10,30,9.3,0,0,0,0.24,978,13.5,253,1.1
2012,10,11,11,30,9.4,0,0,0,0.24,978,13.600000000000001,257,1.1
2012,10,11,12,30,9.5,0,0,0,0.24,978,13.8,256,1.2000000000000002
2012,10,11,13,30,9.8,0,0,0,0.24,978,13.9,255,1.2000000000000002
2012,10,11,14,30,10.100000000000001,28,0,28,0.24,978,14.3,256,1.6
2012,10,11,15,30,10.200000000000001,9,0,9,0.24,978,15.3,263,2
2012,10,11,16,30,9.8,157,7,160,0.24,979,16.5,275,2
2012,10,11,17,30,9.4,40,0,40,0.24,978,17.6,281,2.1
2012,10,11,18,30,9.1,331,132,422,0.24,978,18.6,282,2
2012,10,11,19,30,8.9,290,448,618,0.24,978,19.3,281,2
2012,10,11,20,30,8.5,280,454,606,0.24,977,19.700000000000003,282,2.2
2012,10,11,21,30,8.200000000000001,304,120,382,0.24,977,19.700000000000003,283,2.5
2012,10,11,22,30,8.1,217,44,241,0.24,977,19.3,283,2.7
2012,10,11,23,30,8,154,139,206,0.24,977,19.1,282,2.7
2012,10,12,0,30,8.3,67,56,77,0.24,978,17.5,280,1.9000000000000001
2012,10,12,1,30,8.9,0,0,0,0.24,978,16,282,1.3
2012,10,12,2,30,9.5,0,0,0,0.24,979,14.8,281,1.3
2012,10,12,3,30,9.9,0,0,0,0.24,979,14.100000000000001,273,1.4000000000000001
2012,10,12,4,30,10.3,0,0,0,0.24,980,13.600000000000001,261,1.7000000000000002
2012,10,12,5,30,10.5,0,0,0,0.24,980,13.3,253,1.7000000000000002
2012,10,12,6,30,10.600000000000001,0,0,0,0.24,980,13,249,1.8
2012,10,12,7,30,10.5,0,0,0,0.24,980,12.600000000000001,252,1.7000000000000002
2012,10,12,8,30,10.4,0,0,0,0.24,980,12.3,256,1.7000000000000002
2012,10,12,9,30,10.3,0,0,0,0.24,980,12.100000000000001,258,1.6
2012,10,12,10,30,10.3,0,0,0,0.24,980,12,261,1.3
2012,10,12,11,30,10.200000000000001,0,0,0,0.24,981,11.8,265,1.1
2012,10,12,12,30,10.200000000000001,0,0,0,0.24,982,11.5,265,0.9
2012,10,12,13,30,10,0,0,0,0.24,983,11.4,262,0.9
2012,10,12,14,30,10,35,77,42,0.24,983,12.3,260,1.5
2012,10,12,15,30,10.200000000000001,109,57,125,0.24,984,13.9,266,2
2012,10,12,16,30,10,193,226,296,0.24,984,15.9,276,1.9000000000000001
2012,10,12,17,30,9.1,129,0,129,0.24,984,18.1,291,1.9000000000000001
2012,10,12,18,30,8.4,224,12,232,0.24,984,19.900000000000002,310,2.2
2012,10,12,19,30,8,48,0,48,0.24,984,21.1,326,2.4000000000000004
2012,10,12,20,30,7.800000000000001,160,2,161,0.24,984,21.5,330,2.6
2012,10,12,21,30,7.9,303,178,418,0.24,985,21.400000000000002,327,2.8000000000000003
2012,10,12,22,30,8,229,237,354,0.24,985,20.900000000000002,325,3
2012,10,12,23,30,8.1,108,566,316,0.24,985,20.6,325,3.1
2012,10,13,0,30,8.3,62,360,127,0.24,985,18.6,332,2.8000000000000003
2012,10,13,1,30,8.6,0,0,0,0.24,986,17,340,1.8
2012,10,13,2,30,8.9,0,0,0,0.24,986,15.600000000000001,348,1.3
2012,10,13,3,30,9,0,0,0,0.24,987,14.9,346,1
2012,10,13,4,30,9.1,0,0,0,0.24,987,14.200000000000001,308,0.7000000000000001
2012,10,13,5,30,9.200000000000001,0,0,0,0.24,986,13.3,270,0.7000000000000001
2012,10,13,6,30,9.3,0,0,0,0.24,987,12.3,266,0.9
2012,10,13,7,30,9.4,0,0,0,0.24,987,11.700000000000001,269,1
2012,10,13,8,30,9.5,0,0,0,0.24,987,11.4,272,1
2012,10,13,9,30,9.5,0,0,0,0.24,987,11,272,1
2012,10,13,10,30,9.4,0,0,0,0.24,988,10.600000000000001,275,1
2012,10,13,11,30,9.3,0,0,0,0.24,988,10.200000000000001,284,1
2012,10,13,12,30,9.1,0,0,0,0.24,988,9.8,291,1
2012,10,13,13,30,9.1,0,0,0,0.24,989,9.8,288,1
2012,10,13,14,30,9,32,202,49,0.24,989,11.100000000000001,286,1.5
2012,10,13,15,30,8.9,79,556,235,0.24,990,12.9,297,2
2012,10,13,16,30,8.9,147,2,148,0.24,990,14.5,308,2
2012,10,13,17,30,8.9,270,205,391,0.24,990,16.400000000000002,307,1.8
2012,10,13,18,30,8.8,115,867,709,0.24,989,18.5,300,1.7000000000000002
2012,10,13,19,30,8.700000000000001,112,895,761,0.24,988,20.6,299,1.7000000000000002
2012,10,13,20,30,8.4,106,899,744,0.24,987,22.200000000000003,306,1.9000000000000001
2012,10,13,21,30,8.200000000000001,98,878,661,0.24,987,23,314,2.1
2012,10,13,22,30,7.9,88,827,520,0.24,986,23.200000000000003,319,2.3000000000000003
2012,10,13,23,30,7.800000000000001,74,720,336,0.24,986,23.1,322,2.5
2012,10,14,0,30,7.800000000000001,51,454,131,0.24,986,20,329,1.9000000000000001
2012,10,14,1,30,8.200000000000001,0,0,0,0.24,986,17.400000000000002,326,1
2012,10,14,2,30,8.3,0,0,0,0.24,987,16.2,287,0.6000000000000001
2012,10,14,3,30,8.5,0,0,0,0.24,987,15.4,239,0.6000000000000001
2012,10,14,4,30,8.6,0,0,0,0.24,987,14.700000000000001,222,0.7000000000000001
2012,10,14,5,30,8.6,0,0,0,0.24,987,14.200000000000001,216,0.8
2012,10,14,6,30,8.700000000000001,0,0,0,0.24,986,13.700000000000001,215,0.8
2012,10,14,7,30,8.9,0,0,0,0.24,986,13.3,226,0.8
2012,10,14,8,30,9,0,0,0,0.24,986,12.9,239,0.8
2012,10,14,9,30,9,0,0,0,0.24,986,12.600000000000001,246,0.9
2012,10,14,10,30,9.1,0,0,0,0.24,986,12.3,250,0.9
2012,10,14,11,30,9.1,0,0,0,0.24,986,12.100000000000001,256,0.9
2012,10,14,12,30,9.1,0,0,0,0.24,987,11.8,263,0.9
2012,10,14,13,30,9.200000000000001,0,0,0,0.24,987,11.8,265,0.9
2012,10,14,14,30,9.3,30,189,45,0.24,987,13.700000000000001,258,1.2000000000000002
2012,10,14,15,30,9.3,72,586,235,0.24,987,17,246,1.5
2012,10,14,16,30,8.9,95,745,431,0.24,987,20.5,246,1.4000000000000001
2012,10,14,17,30,7.9,109,826,595,0.24,986,24.3,275,1.3
2012,10,14,18,30,6.4,107,892,714,0.24,986,27.400000000000002,307,1.5
2012,10,14,19,30,5.300000000000001,110,908,764,0.24,985,29.3,320,1.9000000000000001
2012,10,14,20,30,4.7,108,903,745,0.24,984,30.200000000000003,328,2.4000000000000004
2012,10,14,21,30,4.5,109,861,657,0.24,983,30.400000000000002,334,2.8000000000000003
2012,10,14,22,30,4.4,99,802,514,0.24,983,29.8,338,3
2012,10,14,23,30,4.6000000000000005,82,686,328,0.24,983,29.3,339,3
2012,10,15,0,30,5.6000000000000005,49,475,130,0.24,983,24.6,344,1.9000000000000001
2012,10,15,1,30,6.9,0,0,0,0.24,983,20.8,347,1.1
2012,10,15,2,30,7.4,0,0,0,0.24,983,19.3,348,1
2012,10,15,3,30,7.6000000000000005,0,0,0,0.24,983,18.7,328,0.8
2012,10,15,4,30,7.7,0,0,0,0.24,983,17.900000000000002,294,0.7000000000000001
2012,10,15,5,30,7.7,0,0,0,0.24,983,17,277,0.8
2012,10,15,6,30,7.6000000000000005,0,0,0,0.24,983,16.3,276,0.9
2012,10,15,7,30,7.6000000000000005,0,0,0,0.24,983,15.8,279,0.9
2012,10,15,8,30,7.5,0,0,0,0.24,983,15.3,283,0.9
2012,10,15,9,30,7.4,0,0,0,0.24,983,14.700000000000001,287,0.9
2012,10,15,10,30,7.4,0,0,0,0.24,982,14,287,1
2012,10,15,11,30,7.6000000000000005,0,0,0,0.24,982,13.5,281,0.9
2012,10,15,12,30,7.7,0,0,0,0.24,982,13.200000000000001,268,0.9
2012,10,15,13,30,7.800000000000001,0,0,0,0.24,982,13.3,255,0.9
2012,10,15,14,30,7.800000000000001,28,216,45,0.24,983,14.9,241,1
2012,10,15,15,30,7.6000000000000005,77,555,229,0.24,983,18.1,217,1.2000000000000002
2012,10,15,16,30,7,100,730,427,0.24,983,21.700000000000003,233,1.1
2012,10,15,17,30,6.1000000000000005,114,817,592,0.24,982,25,293,1.2000000000000002
2012,10,15,18,30,5.2,109,891,712,0.24,982,27.3,328,2
2012,10,15,19,30,4.800000000000001,114,899,757,0.24,981,28.700000000000003,333,2.6
2012,10,15,20,30,4.5,113,891,737,0.24,980,29.200000000000003,337,3
2012,10,15,21,30,4.5,87,893,651,0.24,979,29.3,339,3.2
2012,10,15,22,30,4.3,82,846,516,0.24,979,28.8,339,3.1
2012,10,15,23,30,4.3,67,745,331,0.24,979,28.400000000000002,338,3
2012,10,16,0,30,4.800000000000001,45,489,126,0.24,979,24.200000000000003,337,1.5
2012,10,16,1,30,5.7,0,0,0,0.24,979,21.1,334,0.9
2012,10,16,2,30,5.9,0,0,0,0.24,980,19.900000000000002,327,0.7000000000000001
2012,10,16,3,30,6.2,0,0,0,0.24,980,19.3,251,0.5
2012,10,16,4,30,6.4,0,0,0,0.24,980,18.5,187,0.7000000000000001
2012,10,16,5,30,6.5,0,0,0,0.24,980,17.900000000000002,198,0.9
2012,10,16,6,30,6.5,0,0,0,0.24,980,17.5,211,0.9
2012,10,16,7,30,6.4,0,0,0,0.24,980,17.1,226,0.9
2012,10,16,8,30,6.4,0,0,0,0.24,980,16.7,239,0.9
2012,10,16,9,30,6.4,0,0,0,0.24,980,16,250,0.9
2012,10,16,10,30,6.5,0,0,0,0.24,979,15.200000000000001,258,1
2012,10,16,11,30,6.6000000000000005,0,0,0,0.24,980,14.600000000000001,260,1.1
2012,10,16,12,30,6.9,0,0,0,0.24,980,14.200000000000001,252,1.1
2012,10,16,13,30,7.2,0,0,0,0.24,980,14.100000000000001,238,1.1
2012,10,16,14,30,7.6000000000000005,24,277,45,0.24,980,16,227,1.5
2012,10,16,15,30,8,56,656,233,0.24,980,19.3,233,1.9000000000000001
2012,10,16,16,30,8.1,73,800,428,0.24,980,22.200000000000003,271,2.1
2012,10,16,17,30,7.7,84,869,589,0.24,980,24.700000000000003,309,2.8000000000000003
2012,10,16,18,30,7.300000000000001,95,895,696,0.24,980,26.700000000000003,323,3.4000000000000004
2012,10,16,19,30,7.300000000000001,97,910,744,0.24,979,28,328,3.7
2012,10,16,20,30,7.300000000000001,95,908,726,0.24,978,29,329,3.7
2012,10,16,21,30,7.7,103,849,635,0.24,977,29.5,329,3.5
2012,10,16,22,30,8.1,95,782,492,0.24,977,29.3,329,3.1
2012,10,16,23,30,8.6,79,662,310,0.24,976,29,328,2.9000000000000004
2012,10,17,0,30,9.200000000000001,48,414,115,0.24,976,25.6,317,1.5
2012,10,17,1,30,9.8,0,0,0,0.24,976,22.900000000000002,302,0.8
2012,10,17,2,30,10.100000000000001,0,0,0,0.24,976,21.900000000000002,298,0.7000000000000001
2012,10,17,3,30,10.200000000000001,0,0,0,0.24,976,21.6,299,0.7000000000000001
2012,10,17,4,30,10.200000000000001,0,0,0,0.24,976,21.1,295,0.8
2012,10,17,5,30,10.3,0,0,0,0.24,977,20.1,294,1.1
2012,10,17,6,30,10.5,0,0,0,0.24,977,19,297,1.2000000000000002
2012,10,17,7,30,11,0,0,0,0.24,977,18.1,298,1.3
2012,10,17,8,30,11.700000000000001,0,0,0,0.24,976,17.5,298,1.3
2012,10,17,9,30,12.700000000000001,0,0,0,0.24,976,16.900000000000002,294,1.3
2012,10,17,10,30,13.4,0,0,0,0.24,976,16.3,288,1.2000000000000002
2012,10,17,11,30,13.8,0,0,0,0.24,976,15.8,283,1.2000000000000002
2012,10,17,12,30,13.9,0,0,0,0.24,976,15.3,278,1.3
2012,10,17,13,30,13.700000000000001,0,0,0,0.24,976,15,271,1.3
2012,10,17,14,30,13.600000000000001,25,228,41,0.24,977,16.5,262,1.7000000000000002
2012,10,17,15,30,13.100000000000001,60,644,232,0.24,977,20,253,2
2012,10,17,16,30,11.5,77,798,428,0.24,977,24.200000000000003,230,1.6
2012,10,17,17,30,8.8,88,876,593,0.24,977,28.6,146,1.4000000000000001
2012,10,17,18,30,5.9,93,916,705,0.24,976,32,71,1.6
2012,10,17,19,30,4.2,97,927,752,0.24,975,34.1,52,1.7000000000000002
2012,10,17,20,30,3.3000000000000003,99,916,732,0.24,975,35.2,40,1.8
2012,10,17,21,30,2.7,93,891,647,0.24,974,35.5,35,1.9000000000000001
2012,10,17,22,30,2.5,86,829,504,0.24,974,35,31,2.1
2012,10,17,23,30,2.7,72,712,317,0.24,975,34.6,28,2.2
2012,10,18,0,30,4.800000000000001,44,461,116,0.24,975,29.200000000000003,15,1.4000000000000001
2012,10,18,1,30,5.6000000000000005,0,0,0,0.24,976,25.400000000000002,19,1.3
2012,10,18,2,30,5.800000000000001,0,0,0,0.24,977,23.6,35,1.2000000000000002
2012,10,18,3,30,5.7,0,0,0,0.24,977,22.900000000000002,61,1.2000000000000002
2012,10,18,4,30,5,0,0,0,0.24,978,22.6,93,1.2000000000000002
2012,10,18,5,30,4,0,0,0,0.24,978,22.1,117,1.2000000000000002
2012,10,18,6,30,3,0,0,0,0.24,978,21.400000000000002,127,1.3
2012,10,18,7,30,2,0,0,0,0.24,978,20.6,128,1.3
2012,10,18,8,30,1.1,0,0,0,0.24,978,19.8,130,1.4000000000000001
2012,10,18,9,30,0.5,0,0,0,0.24,978,19.1,133,1.5
2012,10,18,10,30,0.5,0,0,0,0.24,978,18.6,137,1.6
2012,10,18,11,30,0.8,0,0,0,0.24,978,18.2,141,1.8
2012,10,18,12,30,1.3,0,0,0,0.24,979,17.900000000000002,146,2
2012,10,18,13,30,1.8,0,0,0,0.24,979,17.900000000000002,151,2.3000000000000003
2012,10,18,14,30,2.6,25,208,39,0.24,980,19.8,156,3.1
2012,10,18,15,30,3.8000000000000003,67,586,222,0.24,980,23.3,159,3.9000000000000004
2012,10,18,16,30,5.7,90,744,415,0.24,981,27.1,156,4.1000000000000005
2012,10,18,17,30,6.5,105,827,579,0.24,981,30.5,150,4
2012,10,18,18,30,5.6000000000000005,113,867,689,0.24,981,32.800000000000004,146,3.2
2012,10,18,19,30,3.9000000000000004,117,884,739,0.24,980,34.2,142,2.3000000000000003
2012,10,18,20,30,2.2,117,877,719,0.24,980,34.9,130,1.5
2012,10,18,21,30,0.8,107,860,638,0.24,979,35.1,84,1
2012,10,18,22,30,0,97,797,495,0.24,979,34.6,27,1
2012,10,18,23,30,-0.2,79,675,309,0.24,979,34.2,7,1.1
2012,10,19,0,30,2.9000000000000004,46,424,111,0.24,979,29.400000000000002,356,1
2012,10,19,1,30,4.3,0,0,0,0.24,980,26.1,343,1.1
2012,10,19,2,30,6.4,0,0,0,0.24,980,24.3,317,1.3
2012,10,19,3,30,9.1,0,0,0,0.24,980,22.900000000000002,286,1.5
2012,10,19,4,30,11.8,0,0,0,0.24,981,21.5,267,1.6
2012,10,19,5,30,14.200000000000001,0,0,0,0.24,981,20.400000000000002,257,1.9000000000000001
2012,10,19,6,30,15.8,0,0,0,0.24,981,19.700000000000003,253,2
2012,10,19,7,30,16.6,0,0,0,0.24,981,19.1,252,1.8
2012,10,19,8,30,16.900000000000002,0,0,0,0.24,982,18.6,248,1.5
2012,10,19,9,30,17,0,0,0,0.24,982,18.1,243,1.3
2012,10,19,10,30,16.900000000000002,0,0,0,0.24,981,17.7,243,1.2000000000000002
2012,10,19,11,30,16.8,0,0,0,0.24,981,17.2,246,1.3
2012,10,19,12,30,16.7,0,0,0,0.24,981,16.8,250,1.3
2012,10,19,13,30,16.6,0,0,0,0.24,982,16.7,256,1.5
2012,10,19,14,30,16.5,26,149,36,0.24,982,17.900000000000002,264,2.3000000000000003
2012,10,19,15,30,16.5,83,483,209,0.24,982,20.1,285,3.1
2012,10,19,16,30,16.7,114,655,398,0.24,983,22.400000000000002,312,3.3000000000000003
2012,10,19,17,30,16.5,122,766,558,0.24,982,24.700000000000003,325,3.3000000000000003
2012,10,19,18,30,16,102,877,681,0.24,981,26.700000000000003,325,3
2012,10,19,19,30,15.200000000000001,103,900,731,0.24,980,28.6,323,2.9000000000000004
2012,10,19,20,30,13.9,101,899,714,0.24,979,30,324,3.1
2012,10,19,21,30,12.3,98,866,628,0.24,978,30.6,329,3.3000000000000003
2012,10,19,22,30,11.4,89,800,485,0.24,978,30.400000000000002,335,3.4000000000000004
2012,10,19,23,30,10.9,74,677,301,0.24,978,30.1,338,3.3000000000000003
2012,10,20,0,30,10.9,48,369,102,0.24,977,26.400000000000002,350,1.7000000000000002
2012,10,20,1,30,11.5,0,0,0,0.24,977,23.700000000000003,352,0.8
2012,10,20,2,30,12,0,0,0,0.24,978,22.400000000000002,305,0.5
2012,10,20,3,30,12.4,0,0,0,0.24,978,21.3,244,0.4
2012,10,20,4,30,12.700000000000001,0,0,0,0.24,978,20.200000000000003,229,0.6000000000000001
2012,10,20,5,30,12.9,0,0,0,0.24,978,19.3,236,0.7000000000000001
2012,10,20,6,30,13.200000000000001,0,0,0,0.24,978,18.5,248,0.8
2012,10,20,7,30,13.600000000000001,0,0,0,0.24,978,17.8,259,0.9
2012,10,20,8,30,13.9,0,0,0,0.24,978,17.2,264,0.9
2012,10,20,9,30,14.200000000000001,0,0,0,0.24,977,16.6,264,0.9
2012,10,20,10,30,14.3,0,0,0,0.24,977,16.2,258,0.9
2012,10,20,11,30,14.5,0,0,0,0.24,977,15.8,252,0.8
2012,10,20,12,30,14.600000000000001,0,0,0,0.24,977,15.5,246,0.8
2012,10,20,13,30,14.600000000000001,0,0,0,0.24,977,15.4,244,0.7000000000000001
2012,10,20,14,30,14.600000000000001,24,152,34,0.24,978,16.400000000000002,250,0.7000000000000001
2012,10,20,15,30,14.5,77,515,209,0.24,978,18.7,276,0.8
2012,10,20,16,30,14,106,685,400,0.24,978,21.200000000000003,306,1.1
2012,10,20,17,30,13.4,116,785,560,0.24,977,23.400000000000002,319,1.8
2012,10,20,18,30,12.5,102,879,678,0.24,977,25.200000000000003,329,2.5
2012,10,20,19,30,11.5,103,897,726,0.24,976,26.5,338,2.8000000000000003
2012,10,20,20,30,10.600000000000001,100,897,708,0.24,975,27.3,345,2.4000000000000004
2012,10,20,21,30,9.8,116,818,614,0.24,974,27.8,340,2.1
2012,10,20,22,30,9.200000000000001,103,753,472,0.24,974,27.6,329,2.4000000000000004
2012,10,20,23,30,8.700000000000001,84,622,290,0.24,974,27.400000000000002,326,2.7
2012,10,21,0,30,8.6,48,344,97,0.24,974,24.200000000000003,331,1.7000000000000002
2012,10,21,1,30,8.9,0,0,0,0.24,974,21.700000000000003,319,1.1
2012,10,21,2,30,9.200000000000001,0,0,0,0.24,974,20.1,291,1.2000000000000002
2012,10,21,3,30,9.5,0,0,0,0.24,975,18.7,272,1.5
2012,10,21,4,30,10.100000000000001,0,0,0,0.24,975,17.8,263,1.9000000000000001
2012,10,21,5,30,10.700000000000001,0,0,0,0.24,976,17,260,2.2
2012,10,21,6,30,11.100000000000001,0,0,0,0.24,976,16.2,257,2.2
2012,10,21,7,30,11.4,0,0,0,0.24,976,15.600000000000001,253,1.8
2012,10,21,8,30,11.5,0,0,0,0.24,976,15,250,1.5
2012,10,21,9,30,11.4,0,0,0,0.24,976,14.600000000000001,250,1.2000000000000002
2012,10,21,10,30,11.3,0,0,0,0.24,976,14.100000000000001,252,1.1
2012,10,21,11,30,11.200000000000001,0,0,0,0.24,977,13.5,255,1
2012,10,21,12,30,10.9,0,0,0,0.24,977,12.9,257,0.9
2012,10,21,13,30,10.700000000000001,0,0,0,0.24,977,12.4,257,0.8
2012,10,21,14,30,10.4,23,182,34,0.24,978,13.100000000000001,261,1.2000000000000002
2012,10,21,15,30,9.600000000000001,63,599,215,0.24,979,15.200000000000001,281,1.6
2012,10,21,16,30,7.2,83,768,410,0.24,979,17.6,307,1.6
2012,10,21,17,30,5.9,93,853,572,0.24,979,19.900000000000002,319,1.9000000000000001
2012,10,21,18,30,3.9000000000000004,100,895,683,0.24,978,21.900000000000002,321,2.2
2012,10,21,19,30,1.5,101,914,731,0.24,977,23.400000000000002,321,2.7
2012,10,21,20,30,-0.6000000000000001,98,911,712,0.24,977,24.400000000000002,319,3.1
2012,10,21,21,30,-2.5,94,882,626,0.24,976,24.6,320,3.2
2012,10,21,22,30,-3.8000000000000003,83,827,485,0.24,976,24.200000000000003,324,2.9000000000000004
2012,10,21,23,30,-4.6000000000000005,67,717,301,0.24,975,23.900000000000002,326,2.7
2012,10,22,0,30,-4.5,42,424,101,0.24,975,20.8,335,1.2000000000000002
2012,10,22,1,30,-3.3000000000000003,0,0,0,0.24,975,18.7,292,0.5
2012,10,22,2,30,-3.1,0,0,0,0.24,976,17.3,235,0.6000000000000001
2012,10,22,3,30,-2.9000000000000004,0,0,0,0.24,976,15.9,232,1
2012,10,22,4,30,-2.2,0,0,0,0.24,976,14.4,237,1.4000000000000001
2012,10,22,5,30,-1.3,0,0,0,0.24,976,13.200000000000001,236,1.6
2012,10,22,6,30,-0.1,0,0,0,0.24,976,12.4,231,1.7000000000000002
2012,10,22,7,30,1.1,0,0,0,0.24,976,11.700000000000001,222,1.6
2012,10,22,8,30,2.3000000000000003,0,0,0,0.24,976,11.4,214,1.5
2012,10,22,9,30,3.3000000000000003,0,0,0,0.24,976,11.200000000000001,207,1.3
2012,10,22,10,30,4.1000000000000005,0,0,0,0.24,976,11,197,1.2000000000000002
2012,10,22,11,30,4.6000000000000005,0,0,0,0.24,976,10.700000000000001,185,1.1
2012,10,22,12,30,4.9,0,0,0,0.24,977,10.3,173,1
2012,10,22,13,30,5,0,0,0,0.24,977,10.100000000000001,158,1
2012,10,22,14,30,4.9,20,26,22,0.24,978,11.4,146,1.2000000000000002
2012,10,22,15,30,4.7,95,178,139,0.24,979,14.200000000000001,156,1.6
2012,10,22,16,30,3.1,82,757,402,0.24,979,16.7,186,1.9000000000000001
2012,10,22,17,30,1.1,254,134,328,0.24,978,18.8,220,2.1
2012,10,22,18,30,0.9,173,663,601,0.24,978,20.1,249,2.6
2012,10,22,19,30,2.8000000000000003,100,895,713,0.24,978,20.5,265,3
2012,10,22,20,30,5.2,148,0,148,0.24,977,20.400000000000002,271,3.3000000000000003
2012,10,22,21,30,7.1000000000000005,278,168,378,0.24,977,20,271,3.6
2012,10,22,22,30,8.4,201,60,229,0.24,977,19.200000000000003,270,3.7
2012,10,22,23,30,9.200000000000001,92,0,92,0.24,977,18.7,270,3.7
2012,10,23,0,30,9.600000000000001,22,0,22,0.24,978,16.6,274,2.8000000000000003
2012,10,23,1,30,10,0,0,0,0.24,978,15.200000000000001,280,1.9000000000000001
2012,10,23,2,30,10.100000000000001,0,0,0,0.24,979,14.100000000000001,288,1.4000000000000001
2012,10,23,3,30,10,0,0,0,0.24,979,13.200000000000001,296,1
2012,10,23,4,30,9.8,0,0,0,0.24,980,12.600000000000001,302,0.8
2012,10,23,5,30,9.4,0,0,0,0.24,980,12,304,0.8
2012,10,23,6,30,9,0,0,0,0.24,980,11.4,313,0.8
2012,10,23,7,30,8.6,0,0,0,0.24,980,10.8,336,0.6000000000000001
2012,10,23,8,30,8.3,0,0,0,0.24,980,10.3,348,0.30000000000000004
2012,10,23,9,30,8.1,0,0,0,0.24,980,9.8,297,0.4
2012,10,23,10,30,8,0,0,0,0.24,980,9.3,243,0.5
2012,10,23,11,30,7.9,0,0,0,0.24,980,8.8,225,0.7000000000000001
2012,10,23,12,30,7.800000000000001,0,0,0,0.24,980,8.5,214,0.7000000000000001
2012,10,23,13,30,7.7,0,0,0,0.24,981,8.4,215,0.8
2012,10,23,14,30,7.6000000000000005,21,182,31,0.24,981,9.3,216,1.1
2012,10,23,15,30,8,63,584,207,0.24,982,11.4,251,1.4000000000000001
2012,10,23,16,30,8,83,754,398,0.24,982,13.700000000000001,307,1.5
2012,10,23,17,30,7,93,844,560,0.24,981,15.700000000000001,330,1.9000000000000001
2012,10,23,18,30,6.2,103,876,665,0.24,981,17.2,333,2.1
2012,10,23,19,30,5.9,106,889,711,0.24,980,18.3,336,2.3000000000000003
2012,10,23,20,30,5.6000000000000005,103,887,692,0.24,980,19.3,335,2.6
2012,10,23,21,30,5.2,93,871,610,0.24,979,19.5,333,3
2012,10,23,22,30,4.9,82,812,469,0.24,979,19.1,332,3.2
2012,10,23,23,30,4.800000000000001,66,700,288,0.24,979,18.7,331,3.3000000000000003
2012,10,24,0,30,4.800000000000001,46,143,64,0.24,979,16.5,339,2.8000000000000003
2012,10,24,1,30,5.2,0,0,0,0.24,980,14.700000000000001,345,2
2012,10,24,2,30,5.5,0,0,0,0.24,980,13.5,344,1.6
2012,10,24,3,30,5.800000000000001,0,0,0,0.24,980,12.5,341,1.2000000000000002
2012,10,24,4,30,5.9,0,0,0,0.24,981,11.700000000000001,337,1
2012,10,24,5,30,5.9,0,0,0,0.24,981,10.8,327,0.9
2012,10,24,6,30,5.800000000000001,0,0,0,0.24,981,10,316,0.9
2012,10,24,7,30,5.6000000000000005,0,0,0,0.24,981,9.3,312,1
2012,10,24,8,30,5.4,0,0,0,0.24,982,8.700000000000001,314,1
2012,10,24,9,30,5.1000000000000005,0,0,0,0.24,982,8.1,317,1.1
2012,10,24,10,30,4.800000000000001,0,0,0,0.24,982,7.7,319,1
2012,10,24,11,30,4.6000000000000005,0,0,0,0.24,983,7.300000000000001,315,1
2012,10,24,12,30,4.5,0,0,0,0.24,983,7.1000000000000005,305,0.9
2012,10,24,13,30,4.5,0,0,0,0.24,983,6.9,295,0.9
2012,10,24,14,30,4.6000000000000005,20,205,30,0.24,984,8.200000000000001,284,1.1
2012,10,24,15,30,4.7,57,640,212,0.24,985,11.3,299,1.8
2012,10,24,16,30,3.4000000000000004,76,799,407,0.24,985,14.3,329,2.8000000000000003
2012,10,24,17,30,1.8,87,878,569,0.24,985,16.7,338,3.6
2012,10,24,18,30,1.1,92,919,679,0.24,985,18.400000000000002,338,3.9000000000000004
2012,10,24,19,30,1.1,96,927,723,0.24,985,19.5,336,4.2
2012,10,24,20,30,1.6,96,920,703,0.24,984,20.200000000000003,335,4.3
2012,10,24,21,30,2.2,92,884,614,0.24,984,20.400000000000002,335,4.3
2012,10,24,22,30,2.7,83,825,472,0.24,984,20,335,4.1000000000000005
2012,10,24,23,30,3.2,67,701,286,0.24,984,19.700000000000003,335,4.1000000000000005
2012,10,25,0,30,3.7,37,429,92,0.24,985,16.6,340,2.5
2012,10,25,1,30,4.3,0,0,0,0.24,985,14,345,1.4000000000000001
2012,10,25,2,30,4.800000000000001,0,0,0,0.24,986,12.8,350,1.3
2012,10,25,3,30,5.1000000000000005,0,0,0,0.24,986,12.100000000000001,352,1.3
2012,10,25,4,30,5.300000000000001,0,0,0,0.24,986,11.5,352,1.3
2012,10,25,5,30,5.4,0,0,0,0.24,986,11,347,1.2000000000000002
2012,10,25,6,30,5.4,0,0,0,0.24,986,10.5,335,1.2000000000000002
2012,10,25,7,30,5.4,0,0,0,0.24,986,9.9,322,1.2000000000000002
2012,10,25,8,30,5.4,0,0,0,0.24,987,9.5,312,1.2000000000000002
2012,10,25,9,30,5.300000000000001,0,0,0,0.24,987,9.3,305,1.2000000000000002
2012,10,25,10,30,5.1000000000000005,0,0,0,0.24,987,9.200000000000001,301,1.2000000000000002
2012,10,25,11,30,5,0,0,0,0.24,987,9.200000000000001,297,1.2000000000000002
2012,10,25,12,30,4.800000000000001,0,0,0,0.24,987,9.1,294,1.1
2012,10,25,13,30,4.6000000000000005,0,0,0,0.24,987,9.1,290,1.1
2012,10,25,14,30,4.3,17,209,27,0.24,987,10.700000000000001,281,1.3
2012,10,25,15,30,4.1000000000000005,50,638,203,0.24,988,13.8,292,2.1
2012,10,25,16,30,3,67,793,392,0.24,988,16.7,322,3
2012,10,25,17,30,2.7,78,865,550,0.24,988,18.900000000000002,336,3.8000000000000003
2012,10,25,18,30,3.6,93,883,653,0.24,987,20.400000000000002,339,4.3
2012,10,25,19,30,4.5,97,894,697,0.24,987,21.5,339,4.4
2012,10,25,20,30,5.300000000000001,96,890,679,0.24,986,22.1,338,4.4
2012,10,25,21,30,5.800000000000001,95,850,593,0.24,985,22.3,338,4.5
2012,10,25,22,30,5.9,86,788,454,0.24,984,21.900000000000002,339,4.4
2012,10,25,23,30,5.9,69,664,274,0.24,984,21.6,339,4.4
2012,10,26,0,30,5.800000000000001,35,426,87,0.24,984,18.3,339,2.7
2012,10,26,1,30,5.9,0,0,0,0.24,985,15.700000000000001,338,1.7000000000000002
2012,10,26,2,30,5.9,0,0,0,0.24,985,14.5,339,1.8
2012,10,26,3,30,5.7,0,0,0,0.24,985,13.700000000000001,338,1.8
2012,10,26,4,30,5.300000000000001,0,0,0,0.24,986,12.8,330,1.7000000000000002
2012,10,26,5,30,4.800000000000001,0,0,0,0.24,986,11.9,319,1.6
2012,10,26,6,30,4.2,0,0,0,0.24,986,11.100000000000001,313,1.5
2012,10,26,7,30,3.7,0,0,0,0.24,985,10.600000000000001,312,1.4000000000000001
2012,10,26,8,30,3.4000000000000004,0,0,0,0.24,985,10.200000000000001,307,1.3
2012,10,26,9,30,3.1,0,0,0,0.24,985,9.9,298,1.2000000000000002
2012,10,26,10,30,2.7,0,0,0,0.24,985,9.9,295,1.2000000000000002
2012,10,26,11,30,2.1,0,0,0,0.24,985,10.200000000000001,297,1.2000000000000002
2012,10,26,12,30,1.2000000000000002,0,0,0,0.24,985,10.5,291,1
2012,10,26,13,30,0.2,0,0,0,0.24,986,10.4,277,0.9
2012,10,26,14,30,-0.6000000000000001,17,144,23,0.24,986,11.600000000000001,275,1.1
2012,10,26,15,30,-1.1,56,608,200,0.24,986,14.8,300,1.4000000000000001
2012,10,26,16,30,-2,77,776,392,0.24,987,18.2,169,1.9000000000000001
2012,10,26,17,30,-3.4000000000000004,90,855,552,0.24,986,21.1,15,2.1
2012,10,26,18,30,-4.2,93,906,663,0.24,986,23.5,7,2.1
2012,10,26,19,30,-4.5,96,919,709,0.24,985,25.200000000000003,173,2.1
2012,10,26,20,30,-4.5,95,912,688,0.24,984,26.200000000000003,340,2.3000000000000003
2012,10,26,21,30,-4.2,88,887,604,0.24,983,26.6,333,2.5
2012,10,26,22,30,-3.6,81,817,459,0.24,983,26.1,332,2.7
2012,10,26,23,30,-2.8000000000000003,66,686,275,0.24,983,25.700000000000003,332,2.9000000000000004
2012,10,27,0,30,-0.9,35,405,83,0.24,983,20.700000000000003,338,1.8
2012,10,27,1,30,0.6000000000000001,0,0,0,0.24,983,17.3,345,1.4000000000000001
2012,10,27,2,30,1.3,0,0,0,0.24,983,16,351,1.3
2012,10,27,3,30,1.9000000000000001,0,0,0,0.24,983,15.3,350,1.2000000000000002
2012,10,27,4,30,2.3000000000000003,0,0,0,0.24,983,14.8,331,1.1
2012,10,27,5,30,2.4000000000000004,0,0,0,0.24,983,14,307,1.1
2012,10,27,6,30,2.3000000000000003,0,0,0,0.24,983,13.3,295,1.1
2012,10,27,7,30,2,0,0,0,0.24,983,12.8,286,1.1
2012,10,27,8,30,1.8,0,0,0,0.24,982,12.4,279,1.1
2012,10,27,9,30,1.8,0,0,0,0.24,982,12,274,1
2012,10,27,10,30,1.7000000000000002,0,0,0,0.24,982,11.700000000000001,272,1
2012,10,27,11,30,1.8,0,0,0,0.24,982,11.5,269,0.9
2012,10,27,12,30,1.8,0,0,0,0.24,982,11.4,265,0.9
2012,10,27,13,30,1.7000000000000002,0,0,0,0.24,982,11.4,263,0.9
2012,10,27,14,30,1.6,16,175,23,0.24,982,12.700000000000001,266,0.9
2012,10,27,15,30,1.6,56,603,196,0.24,982,15.9,273,1.1
2012,10,27,16,30,1.3,76,771,387,0.24,982,19.3,292,1.3
2012,10,27,17,30,0.8,88,852,546,0.24,982,22.400000000000002,319,1.4000000000000001
2012,10,27,18,30,0.4,90,906,657,0.24,981,24.8,331,1.5
2012,10,27,19,30,0,93,920,703,0.24,980,26.700000000000003,329,1.6
2012,10,27,20,30,-0.30000000000000004,92,913,683,0.24,980,28,331,1.8
2012,10,27,21,30,-0.7000000000000001,89,880,597,0.24,979,28.5,341,2.1
2012,10,27,22,30,-0.9,79,818,455,0.24,979,28.1,348,2.5
2012,10,27,23,30,-0.6000000000000001,63,691,271,0.24,979,27.6,351,2.8000000000000003
2012,10,28,0,30,0.9,33,406,80,0.24,979,22,351,1.9000000000000001
2012,10,28,1,30,1.9000000000000001,0,0,0,0.24,979,18.3,348,1.4000000000000001
2012,10,28,2,30,2.4000000000000004,0,0,0,0.24,980,17.2,345,1.2000000000000002
2012,10,28,3,30,2.7,0,0,0,0.24,980,17.1,333,0.9
2012,10,28,4,30,2.7,0,0,0,0.24,980,17.2,288,0.6000000000000001
2012,10,28,5,30,2.6,0,0,0,0.24,980,16.900000000000002,242,0.6000000000000001
2012,10,28,6,30,2.5,0,0,0,0.24,980,16.6,232,0.7000000000000001
2012,10,28,7,30,2.3000000000000003,0,0,0,0.24,980,16.2,238,0.7000000000000001
2012,10,28,8,30,2.3000000000000003,0,0,0,0.24,980,16,246,0.7000000000000001
2012,10,28,9,30,2.3000000000000003,0,0,0,0.24,980,15.600000000000001,252,0.8
2012,10,28,10,30,2.3000000000000003,0,0,0,0.24,980,15.200000000000001,253,0.8
2012,10,28,11,30,2.3000000000000003,0,0,0,0.24,980,15,241,0.8
2012,10,28,12,30,2.3000000000000003,0,0,0,0.24,980,14.8,217,0.9
2012,10,28,13,30,2.1,0,0,0,0.24,980,14.600000000000001,190,1
2012,10,28,14,30,1.6,14,168,21,0.24,980,15.4,170,1.1
2012,10,28,15,30,1.4000000000000001,51,635,197,0.24,981,18.900000000000002,157,1.4000000000000001
2012,10,28,16,30,0.9,70,801,390,0.24,981,23.3,147,1.9000000000000001
2012,10,28,17,30,0,81,881,551,0.24,980,27.200000000000003,138,2
2012,10,28,18,30,-1.5,85,928,662,0.24,980,30,139,1.6
2012,10,28,19,30,-2.6,88,944,710,0.24,979,31.6,96,0.8
2012,10,28,20,30,-3.4000000000000004,88,936,689,0.24,979,32.4,193,0.7000000000000001
2012,10,28,21,30,-3.8000000000000003,85,904,602,0.24,979,32.4,336,1.3
2012,10,28,22,30,-4,77,841,459,0.24,978,31.8,338,2
2012,10,28,23,30,-3.7,61,716,274,0.24,978,31.200000000000003,339,2.3000000000000003
2012,10,29,0,30,-1,32,432,79,0.24,979,24.6,344,1.6
2012,10,29,1,30,0.30000000000000004,0,0,0,0.24,980,20.8,346,1.4000000000000001
2012,10,29,2,30,1,0,0,0,0.24,980,19.400000000000002,347,1.2000000000000002
2012,10,29,3,30,1.3,0,0,0,0.24,981,18.900000000000002,332,0.9
2012,10,29,4,30,1.5,0,0,0,0.24,981,18.5,282,0.7000000000000001
2012,10,29,5,30,1.7000000000000002,0,0,0,0.24,982,17.900000000000002,234,0.8
2012,10,29,6,30,1.7000000000000002,0,0,0,0.24,982,17.1,218,1
2012,10,29,7,30,1.8,0,0,0,0.24,982,16.6,206,1
2012,10,29,8,30,1.8,0,0,0,0.24,982,16.1,196,1.1
2012,10,29,9,30,1.6,0,0,0,0.24,982,15.700000000000001,190,1.1
2012,10,29,10,30,1.4000000000000001,0,0,0,0.24,982,15.5,189,1.1
2012,10,29,11,30,1.1,0,0,0,0.24,982,15.3,193,1.1
2012,10,29,12,30,0.9,0,0,0,0.24,983,15.200000000000001,196,1.1
2012,10,29,13,30,0.6000000000000001,0,0,0,0.24,983,15.100000000000001,197,1.1
2012,10,29,14,30,0.4,14,185,20,0.24,984,15.9,196,0.9
2012,10,29,15,30,0.6000000000000001,54,606,190,0.24,984,18.6,191,0.9
2012,10,29,16,30,0.30000000000000004,74,777,381,0.24,984,22.1,182,0.7000000000000001
2012,10,29,17,30,-0.2,85,859,540,0.24,984,25.400000000000002,249,0.5
2012,10,29,18,30,-1.1,80,930,654,0.24,984,28.200000000000003,325,0.8
2012,10,29,19,30,-1.4000000000000001,82,945,700,0.24,983,29.8,333,1.3
2012,10,29,20,30,-1.5,81,939,680,0.24,982,30.5,338,1.7000000000000002
2012,10,29,21,30,-1.4000000000000001,75,916,595,0.24,982,30.700000000000003,341,2
2012,10,29,22,30,-1.4000000000000001,67,857,454,0.24,981,30.200000000000003,345,2.2
2012,10,29,23,30,-1.1,54,739,271,0.24,981,29.700000000000003,348,2.3000000000000003
2012,10,30,0,30,1,32,414,76,0.24,982,23.900000000000002,177,1.2000000000000002
2012,10,30,1,30,1.5,0,0,0,0.24,982,20.700000000000003,3,1.2000000000000002
2012,10,30,2,30,1.9000000000000001,0,0,0,0.24,983,19.8,7,1.1
2012,10,30,3,30,2.3000000000000003,0,0,0,0.24,983,19.400000000000002,176,0.7000000000000001
2012,10,30,4,30,2.6,0,0,0,0.24,984,18.8,285,0.6000000000000001
2012,10,30,5,30,2.8000000000000003,0,0,0,0.24,984,17.5,226,0.9
2012,10,30,6,30,3.1,0,0,0,0.24,983,16.6,226,1
2012,10,30,7,30,3.4000000000000004,0,0,0,0.24,983,16.1,222,1
2012,10,30,8,30,3.5,0,0,0,0.24,983,15.9,217,1
2012,10,30,9,30,3.2,0,0,0,0.24,983,15.9,211,1
2012,10,30,10,30,2.8000000000000003,0,0,0,0.24,983,16,206,0.9
2012,10,30,11,30,2.2,0,0,0,0.24,983,16.1,199,1
2012,10,30,12,30,1.7000000000000002,0,0,0,0.24,983,16,191,1
2012,10,30,13,30,1.1,0,0,0,0.24,983,15.8,188,1
2012,10,30,14,30,0.6000000000000001,14,120,18,0.24,983,16.6,188,1
2012,10,30,15,30,0.6000000000000001,59,556,183,0.24,983,19,191,1
2012,10,30,16,30,0.7000000000000001,84,738,373,0.24,984,22.5,245,0.8
2012,10,30,17,30,0.4,98,826,531,0.24,983,25.5,316,0.9
2012,10,30,18,30,0,90,910,648,0.24,983,27.6,337,1.4000000000000001
2012,10,30,19,30,-0.2,93,923,693,0.24,982,28.900000000000002,337,1.6
2012,10,30,20,30,-0.4,93,914,672,0.24,981,29.700000000000003,338,1.9000000000000001
2012,10,30,21,30,-0.7000000000000001,88,884,586,0.24,980,29.900000000000002,340,2.1
2012,10,30,22,30,-1,80,816,444,0.24,980,29.3,342,2.1
2012,10,30,23,30,-1.1,63,682,261,0.24,980,28.900000000000002,344,2.2
2012,10,31,0,30,0.8,33,360,70,0.23,980,23.400000000000002,351,1.2000000000000002
2012,10,31,1,30,1,0,0,0,0.23,980,20.5,179,1.1
2012,10,31,2,30,1.4000000000000001,0,0,0,0.23,981,19.6,7,0.9
2012,10,31,3,30,1.9000000000000001,0,0,0,0.23,981,19,113,0.6000000000000001
2012,10,31,4,30,2.5,0,0,0,0.23,981,17.900000000000002,217,0.8
2012,10,31,5,30,3.1,0,0,0,0.23,981,16.5,218,1.1
2012,10,31,6,30,3.7,0,0,0,0.23,981,15.5,212,1.2000000000000002
2012,10,31,7,30,3.7,0,0,0,0.23,980,15.200000000000001,204,1.3
2012,10,31,8,30,3.3000000000000003,0,0,0,0.23,980,15.200000000000001,198,1.3
2012,10,31,9,30,2.8000000000000003,0,0,0,0.23,980,15.100000000000001,196,1.2000000000000002
2012,10,31,10,30,2.4000000000000004,0,0,0,0.23,980,14.9,201,1.1
2012,10,31,11,30,2.1,0,0,0,0.23,980,14.4,214,1.1
2012,10,31,12,30,1.9000000000000001,0,0,0,0.23,981,13.8,225,1.1
2012,10,31,13,30,1.9000000000000001,0,0,0,0.23,981,13.3,229,1.1
2012,10,31,14,30,2,12,126,16,0.23,982,13.8,222,1.1
2012,10,31,15,30,2.2,55,582,182,0.23,982,16.3,212,1.2000000000000002
2012,10,31,16,30,2.8000000000000003,77,763,373,0.23,982,19.6,240,1.4000000000000001
2012,10,31,17,30,3.1,91,841,529,0.23,982,22.6,279,1.7000000000000002
2012,10,31,18,30,2.3000000000000003,97,888,638,0.23,982,25.1,295,2
2012,10,31,19,30,1.6,256,437,538,0.23,981,26.700000000000003,310,2.1
2012,10,31,20,30,0.9,293,225,434,0.23,980,27.6,321,2.3000000000000003
2012,10,31,21,30,0.4,206,19,216,0.23,979,27.6,327,2.6
2012,10,31,22,30,0.4,190,98,233,0.23,979,26.5,333,2.7
2012,10,31,23,30,1.4000000000000001,93,374,200,0.23,979,25.700000000000003,336,2.7
2006,11,1,0,30,5.2,39,250,65,0.24,981,16.3,57,1.1
2006,11,1,1,30,5.7,0,0,0,0.24,981,13.5,109,0.8
2006,11,1,2,30,6.300000000000001,0,0,0,0.24,982,12.100000000000001,142,0.9
2006,11,1,3,30,6.7,0,0,0,0.24,982,11.200000000000001,166,0.9
2006,11,1,4,30,6.800000000000001,0,0,0,0.24,982,10.600000000000001,182,1
2006,11,1,5,30,6.7,0,0,0,0.24,983,10.3,195,1
2006,11,1,6,30,6.300000000000001,0,0,0,0.24,983,10.100000000000001,209,0.9
2006,11,1,7,30,5.800000000000001,0,0,0,0.24,983,10.100000000000001,220,0.9
2006,11,1,8,30,5.4,0,0,0,0.24,983,10.3,227,0.9
2006,11,1,9,30,5,0,0,0,0.24,983,10.5,232,0.8
2006,11,1,10,30,4.7,0,0,0,0.24,983,10.600000000000001,240,0.8
2006,11,1,11,30,4.5,0,0,0,0.24,983,10.600000000000001,250,0.7000000000000001
2006,11,1,12,30,4.2,0,0,0,0.24,983,10.700000000000001,258,0.7000000000000001
2006,11,1,13,30,4,0,0,0,0.24,984,10.8,250,0.6000000000000001
2006,11,1,14,30,3.9000000000000004,10,0,10,0.24,984,11.3,239,0.5
2006,11,1,15,30,4,81,152,114,0.24,984,12.9,227,0.7000000000000001
2006,11,1,16,30,4.800000000000001,141,351,276,0.24,984,15.3,202,0.9
2006,11,1,17,30,5.1000000000000005,224,263,360,0.24,984,17.900000000000002,208,0.7000000000000001
2006,11,1,18,30,4.2,189,566,532,0.24,984,20.3,268,0.7000000000000001
2006,11,1,19,30,3.3000000000000003,120,844,664,0.24,983,21.900000000000002,315,1.4000000000000001
2006,11,1,20,30,3.2,117,840,644,0.24,983,22.8,327,2.1
2006,11,1,21,30,3.5,116,789,556,0.24,982,23.1,336,2.5
2006,11,1,22,30,3.7,98,726,418,0.24,982,22.8,339,2.5
2006,11,1,23,30,3.8000000000000003,76,581,240,0.24,982,22.400000000000002,338,2.5
2006,11,2,0,30,4.4,37,218,59,0.24,982,18.6,181,1.1
2006,11,2,1,30,4.5,0,0,0,0.24,982,16.400000000000002,59,0.7000000000000001
2006,11,2,2,30,4.7,0,0,0,0.24,982,15.200000000000001,125,0.7000000000000001
2006,11,2,3,30,4.9,0,0,0,0.24,983,14.3,157,0.9
2006,11,2,4,30,4.9,0,0,0,0.24,983,13.8,171,0.9
2006,11,2,5,30,4.9,0,0,0,0.24,983,13.8,179,0.9
2006,11,2,6,30,4.9,0,0,0,0.24,983,14,190,0.9
2006,11,2,7,30,5,0,0,0,0.24,983,14.4,201,0.8
2006,11,2,8,30,5.1000000000000005,0,0,0,0.24,983,14.700000000000001,206,0.7000000000000001
2006,11,2,9,30,5.2,0,0,0,0.24,983,14.8,219,0.7000000000000001
2006,11,2,10,30,5.5,0,0,0,0.24,983,14.600000000000001,238,0.7000000000000001
2006,11,2,11,30,5.800000000000001,0,0,0,0.24,983,14.4,240,0.7000000000000001
2006,11,2,12,30,6.300000000000001,0,0,0,0.24,984,14.3,221,0.6000000000000001
2006,11,2,13,30,6.7,0,0,0,0.24,984,14.100000000000001,190,0.6000000000000001
2006,11,2,14,30,7,6,0,6,0.24,984,14.3,174,0.6000000000000001
2006,11,2,15,30,7.4,76,372,156,0.24,984,15.600000000000001,175,0.8
2006,11,2,16,30,8,156,214,238,0.24,985,17.7,190,1
2006,11,2,17,30,9.8,130,692,486,0.24,985,20.200000000000003,259,1.2000000000000002
2006,11,2,18,30,10.4,128,780,598,0.24,985,22.3,322,1.9000000000000001
2006,11,2,19,30,10.5,131,800,643,0.24,984,23.6,334,2.4000000000000004
2006,11,2,20,30,10.3,127,799,625,0.24,983,24.200000000000003,339,2.5
2006,11,2,21,30,10.200000000000001,107,799,549,0.24,982,24.3,338,2.5
2006,11,2,22,30,10.100000000000001,98,717,410,0.24,982,23.900000000000002,334,2.4000000000000004
2006,11,2,23,30,10.200000000000001,77,565,235,0.24,982,23.5,334,2.4000000000000004
2006,11,3,0,30,10.5,34,260,59,0.23,982,20.400000000000002,181,1.2000000000000002
2006,11,3,1,30,10.600000000000001,0,0,0,0.23,982,18.400000000000002,43,0.7000000000000001
2006,11,3,2,30,10.9,0,0,0,0.23,983,17.3,109,0.5
2006,11,3,3,30,11.100000000000001,0,0,0,0.23,983,16.5,176,0.6000000000000001
2006,11,3,4,30,11.4,0,0,0,0.23,983,15.8,216,0.7000000000000001
2006,11,3,5,30,11.600000000000001,0,0,0,0.23,983,15.100000000000001,239,0.8
2006,11,3,6,30,11.9,0,0,0,0.23,983,14.5,248,0.8
2006,11,3,7,30,12.3,0,0,0,0.23,983,13.9,243,0.7000000000000001
2006,11,3,8,30,12.5,0,0,0,0.23,982,13.5,232,0.7000000000000001
2006,11,3,9,30,12.600000000000001,0,0,0,0.23,983,13.100000000000001,229,0.8
2006,11,3,10,30,12.5,0,0,0,0.23,983,12.700000000000001,230,0.8
2006,11,3,11,30,12.4,0,0,0,0.23,983,12.4,225,0.8
2006,11,3,12,30,12.100000000000001,0,0,0,0.23,983,12.100000000000001,209,0.7000000000000001
2006,11,3,13,30,12,0,0,0,0.23,983,12.100000000000001,195,0.8
2006,11,3,14,30,11.700000000000001,11,49,12,0.23,983,12.9,191,1
2006,11,3,15,30,11.600000000000001,79,83,97,0.23,984,14.8,189,1.5
2006,11,3,16,30,11.600000000000001,138,350,270,0.23,984,17.1,193,1.4000000000000001
2006,11,3,17,30,11.100000000000001,144,584,442,0.23,984,19,259,1
2006,11,3,18,30,10.700000000000001,233,427,489,0.23,984,20.1,326,1.3
2006,11,3,19,30,10.600000000000001,258,410,518,0.23,984,21,336,2.1
2006,11,3,20,30,10.5,177,619,560,0.23,984,21.6,343,2.5
2006,11,3,21,30,10.4,250,182,350,0.23,983,21.900000000000002,180,2.3000000000000003
2006,11,3,22,30,10.3,109,654,392,0.23,983,21.700000000000003,180,1.9000000000000001
2006,11,3,23,30,10.3,83,503,222,0.23,983,21.6,347,1.8
2006,11,4,0,30,10.4,35,210,54,0.23,983,18.8,324,1.1
2006,11,4,1,30,10.700000000000001,0,0,0,0.23,983,16.8,307,0.6000000000000001
2006,11,4,2,30,11,0,0,0,0.23,983,15.9,290,0.5
2006,11,4,3,30,11.200000000000001,0,0,0,0.23,983,15.100000000000001,288,0.6000000000000001
2006,11,4,4,30,11.3,0,0,0,0.23,984,14.4,298,0.8
2006,11,4,5,30,11.5,0,0,0,0.23,984,13.8,308,0.9
2006,11,4,6,30,11.700000000000001,0,0,0,0.23,984,13.5,313,1
2006,11,4,7,30,12,0,0,0,0.23,984,13.3,313,1.1
2006,11,4,8,30,12.200000000000001,0,0,0,0.23,984,13,310,1.2000000000000002
2006,11,4,9,30,12.3,0,0,0,0.23,984,12.600000000000001,305,1.3
2006,11,4,10,30,12.200000000000001,0,0,0,0.23,984,12.200000000000001,296,1.3
2006,11,4,11,30,11.700000000000001,0,0,0,0.23,984,11.700000000000001,283,1.2000000000000002
2006,11,4,12,30,11.3,0,0,0,0.23,984,11.3,269,1.2000000000000002
2006,11,4,13,30,11,0,0,0,0.23,985,11,262,1.2000000000000002
2006,11,4,14,30,11.700000000000001,10,39,11,0.23,986,11.8,266,1.8
2006,11,4,15,30,11.5,20,0,20,0.23,986,13.700000000000001,276,2.3000000000000003
2006,11,4,16,30,11.100000000000001,149,50,168,0.23,987,15.9,292,2.3000000000000003
2006,11,4,17,30,10.5,97,804,505,0.23,987,18,306,2.4000000000000004
2006,11,4,18,30,10,101,860,612,0.23,987,19.8,316,2.6
2006,11,4,19,30,9.4,102,882,659,0.23,986,21.1,322,2.7
2006,11,4,20,30,8.9,101,876,639,0.23,985,22.1,325,2.9000000000000004
2006,11,4,21,30,8.4,93,853,558,0.23,985,22.700000000000003,327,3.1
2006,11,4,22,30,7.800000000000001,83,781,418,0.23,984,22.6,329,3.1
2006,11,4,23,30,7.4,66,634,239,0.23,984,22.3,330,3
2006,11,5,0,30,7.4,32,277,56,0.24,984,18.3,328,1.5
2006,11,5,1,30,7.6000000000000005,0,0,0,0.24,985,15.700000000000001,330,1.1
2006,11,5,2,30,7.6000000000000005,0,0,0,0.24,986,14.700000000000001,335,1.2000000000000002
2006,11,5,3,30,7.4,0,0,0,0.24,986,14.200000000000001,331,1.1
2006,11,5,4,30,7.2,0,0,0,0.24,986,13.8,310,1.1
2006,11,5,5,30,7.1000000000000005,0,0,0,0.24,986,13.100000000000001,288,1.1
2006,11,5,6,30,7.2,0,0,0,0.24,986,12.3,284,1.1
2006,11,5,7,30,7.6000000000000005,0,0,0,0.24,986,11.600000000000001,287,1.2000000000000002
2006,11,5,8,30,8,0,0,0,0.24,986,11,286,1.2000000000000002
2006,11,5,9,30,8.5,0,0,0,0.24,986,10.5,281,1.2000000000000002
2006,11,5,10,30,9,0,0,0,0.24,986,10.100000000000001,277,1.2000000000000002
2006,11,5,11,30,9.4,0,0,0,0.24,986,9.8,270,1.3
2006,11,5,12,30,9.700000000000001,0,0,0,0.24,987,9.700000000000001,258,1.3
2006,11,5,13,30,9.8,0,0,0,0.24,987,9.8,246,1.2000000000000002
2006,11,5,14,30,9.9,0,0,0,0.24,987,10.700000000000001,235,1.5
2006,11,5,15,30,9.700000000000001,66,445,156,0.24,987,12.600000000000001,235,1.9000000000000001
2006,11,5,16,30,9.5,146,43,162,0.24,988,15.100000000000001,255,1.9000000000000001
2006,11,5,17,30,8.9,108,775,498,0.24,988,17.7,282,1.8
2006,11,5,18,30,8,259,294,433,0.24,987,20,299,2.1
2006,11,5,19,30,7.300000000000001,99,894,660,0.24,987,21.6,305,2.5
2006,11,5,20,30,6.5,99,884,638,0.24,986,22.700000000000003,313,3
2006,11,5,21,30,5.9,108,743,510,0.24,985,23.1,322,3.2
2006,11,5,22,30,5.7,100,635,370,0.24,985,22.700000000000003,327,3.2
2006,11,5,23,30,5.6000000000000005,68,607,231,0.24,985,22.3,329,3.1
2006,11,6,0,30,5.800000000000001,33,210,51,0.24,985,18.1,321,1.5
2006,11,6,1,30,5.9,0,0,0,0.24,986,15.700000000000001,318,1.1
2006,11,6,2,30,6,0,0,0,0.24,986,15,318,1.1
2006,11,6,3,30,6,0,0,0,0.24,987,14.5,313,1.1
2006,11,6,4,30,6.1000000000000005,0,0,0,0.24,987,14,304,1.1
2006,11,6,5,30,6.300000000000001,0,0,0,0.24,987,13.4,297,1.2000000000000002
2006,11,6,6,30,6.6000000000000005,0,0,0,0.24,987,12.8,292,1.2000000000000002
2006,11,6,7,30,6.9,0,0,0,0.24,987,12.3,287,1.1
2006,11,6,8,30,7.300000000000001,0,0,0,0.24,987,12,281,1.1
2006,11,6,9,30,7.6000000000000005,0,0,0,0.24,987,11.700000000000001,274,1.1
2006,11,6,10,30,7.9,0,0,0,0.24,986,11.4,270,1.1
2006,11,6,11,30,8,0,0,0,0.24,986,11.200000000000001,270,1.1
2006,11,6,12,30,8,0,0,0,0.24,987,11,271,1.1
2006,11,6,13,30,7.9,0,0,0,0.24,987,10.9,268,1
2006,11,6,14,30,7.6000000000000005,0,0,0,0.24,987,12,261,1.2000000000000002
2006,11,6,15,30,7.1000000000000005,50,551,160,0.24,987,15.100000000000001,255,1.7000000000000002
2006,11,6,16,30,6.1000000000000005,72,737,342,0.24,987,19,265,1.8
2006,11,6,17,30,4.800000000000001,84,827,497,0.24,987,22.6,292,1.6
2006,11,6,18,30,3.6,161,626,528,0.24,986,25.400000000000002,318,1.5
2006,11,6,19,30,2.8000000000000003,102,866,642,0.24,986,27.400000000000002,330,1.7000000000000002
2006,11,6,20,30,2.4000000000000004,103,856,622,0.24,985,28.6,338,1.9000000000000001
2006,11,6,21,30,2.2,113,724,502,0.24,984,28.8,346,2.2
2006,11,6,22,30,2.2,158,353,307,0.24,984,28.200000000000003,349,2.5
2006,11,6,23,30,2.5,85,379,186,0.24,984,27.6,349,2.7
2006,11,7,0,30,3.8000000000000003,29,87,36,0.24,985,21.5,346,1.8
2006,11,7,1,30,4.4,0,0,0,0.24,985,18.2,345,1.4000000000000001
2006,11,7,2,30,4.9,0,0,0,0.24,985,17,338,1.1
2006,11,7,3,30,5.300000000000001,0,0,0,0.24,985,16.6,310,0.9
2006,11,7,4,30,5.4,0,0,0,0.24,985,16.2,276,0.8
2006,11,7,5,30,5.5,0,0,0,0.24,985,15.9,263,0.9
2006,11,7,6,30,5.4,0,0,0,0.24,985,15.600000000000001,267,0.9
2006,11,7,7,30,5.300000000000001,0,0,0,0.24,985,15.4,277,0.9
2006,11,7,8,30,5.300000000000001,0,0,0,0.24,985,14.9,288,0.9
2006,11,7,9,30,5.7,0,0,0,0.24,985,14.100000000000001,294,0.9
2006,11,7,10,30,6.4,0,0,0,0.24,984,13.3,291,0.9
2006,11,7,11,30,7.1000000000000005,0,0,0,0.24,984,12.700000000000001,279,0.9
2006,11,7,12,30,7.800000000000001,0,0,0,0.24,984,12.200000000000001,264,0.9
2006,11,7,13,30,8.200000000000001,0,0,0,0.24,984,12,253,0.9
2006,11,7,14,30,8.3,0,0,0,0.24,984,13,253,0.9
2006,11,7,15,30,8.200000000000001,68,376,142,0.24,984,15.9,265,1.3
2006,11,7,16,30,8.200000000000001,103,595,319,0.24,984,19.1,289,1.6
2006,11,7,17,30,8.200000000000001,123,699,469,0.24,984,21.700000000000003,312,2
2006,11,7,18,30,8,105,830,588,0.24,984,23.900000000000002,322,2.4000000000000004
2006,11,7,19,30,8.1,110,841,631,0.24,983,25.400000000000002,323,2.9000000000000004
2006,11,7,20,30,8,112,827,610,0.24,982,26.200000000000003,323,3.2
2006,11,7,21,30,8.1,104,796,528,0.24,982,26.3,323,3.1
2006,11,7,22,30,8.200000000000001,94,712,391,0.24,981,25.6,322,2.9000000000000004
2006,11,7,23,30,8.5,73,546,217,0.24,981,25.1,320,2.7
2006,11,8,0,30,9,29,229,48,0.24,981,20.700000000000003,297,1.2000000000000002
2006,11,8,1,30,9.5,0,0,0,0.24,981,18.5,259,0.8
2006,11,8,2,30,9.9,0,0,0,0.24,981,17.7,217,0.8
2006,11,8,3,30,10,0,0,0,0.24,980,16.900000000000002,192,0.9
2006,11,8,4,30,10.100000000000001,0,0,0,0.24,980,16.2,190,1
2006,11,8,5,30,10.4,0,0,0,0.24,980,15.700000000000001,202,1
2006,11,8,6,30,10.700000000000001,0,0,0,0.24,980,15.200000000000001,222,1
2006,11,8,7,30,11.100000000000001,0,0,0,0.24,980,14.700000000000001,243,1
2006,11,8,8,30,11.5,0,0,0,0.24,979,14.100000000000001,258,1.1
2006,11,8,9,30,11.8,0,0,0,0.24,979,13.600000000000001,264,1.1
2006,11,8,10,30,12.200000000000001,0,0,0,0.24,979,13,265,1.1
2006,11,8,11,30,12.600000000000001,0,0,0,0.24,978,12.600000000000001,264,1.1
2006,11,8,12,30,12.4,0,0,0,0.24,978,12.4,262,1.1
2006,11,8,13,30,12.200000000000001,0,0,0,0.24,979,12.200000000000001,261,1.1
2006,11,8,14,30,13.200000000000001,0,0,0,0.24,979,13.200000000000001,261,1.1
2006,11,8,15,30,13.3,51,534,154,0.24,979,15.4,268,1.5
2006,11,8,16,30,13.3,74,730,336,0.24,979,17.7,290,1.8
2006,11,8,17,30,13.100000000000001,84,829,491,0.24,979,19.900000000000002,313,1.9000000000000001
2006,11,8,18,30,12.8,94,867,595,0.24,979,21.900000000000002,325,2.1
2006,11,8,19,30,12.5,97,880,638,0.24,978,23.5,331,2.3000000000000003
2006,11,8,20,30,12.4,96,868,616,0.24,977,24.5,330,2.5
2006,11,8,21,30,12.5,93,825,530,0.24,976,24.900000000000002,324,2.7
2006,11,8,22,30,12.9,86,734,390,0.24,976,24.6,321,2.9000000000000004
2006,11,8,23,30,13.4,69,565,215,0.24,975,24.200000000000003,321,3
2006,11,9,0,30,13.8,30,177,44,0.23,975,21.200000000000003,335,2.5
2006,11,9,1,30,13.8,0,0,0,0.23,976,19.400000000000002,340,2.5
2006,11,9,2,30,13.200000000000001,0,0,0,0.23,976,18.2,337,3.1
2006,11,9,3,30,11.4,0,0,0,0.23,977,16.900000000000002,331,3.2
2006,11,9,4,30,8,0,0,0,0.23,977,15.200000000000001,320,3
2006,11,9,5,30,3.5,0,0,0,0.23,978,13.3,307,2.6
2006,11,9,6,30,0.6000000000000001,0,0,0,0.23,978,11.5,300,2.2
2006,11,9,7,30,0.7000000000000001,0,0,0,0.23,979,10.3,299,2.1
2006,11,9,8,30,2.7,0,0,0,0.23,979,9.5,303,2
2006,11,9,9,30,4.5,0,0,0,0.23,979,9.1,308,1.8
2006,11,9,10,30,5.4,0,0,0,0.23,979,8.700000000000001,307,1.4000000000000001
2006,11,9,11,30,5.800000000000001,0,0,0,0.23,979,8.3,297,1.3
2006,11,9,12,30,6,0,0,0,0.23,979,7.800000000000001,296,1.5
2006,11,9,13,30,6,0,0,0,0.23,980,7.6000000000000005,302,1.6
2006,11,9,14,30,6,0,0,0,0.23,980,8.3,299,2.1
2006,11,9,15,30,6,52,548,156,0.23,981,10.200000000000001,301,3.1
2006,11,9,16,30,5.7,75,764,347,0.23,982,12.5,310,3.9000000000000004
2006,11,9,17,30,4.6000000000000005,86,867,508,0.23,982,14.700000000000001,317,3.9000000000000004
2006,11,9,18,30,2.8000000000000003,90,919,618,0.23,982,16.5,323,3.8000000000000003
2006,11,9,19,30,1,92,937,665,0.23,982,17.8,328,3.9000000000000004
2006,11,9,20,30,-0.4,92,929,644,0.23,981,18.6,331,4.1000000000000005
2006,11,9,21,30,-1.5,90,887,557,0.23,981,18.900000000000002,335,4
2006,11,9,22,30,-2.2,80,815,415,0.23,981,18.5,338,3.8000000000000003
2006,11,9,23,30,-2.4000000000000004,62,667,233,0.23,981,18.2,339,3.7
2006,11,10,0,30,-1.8,28,265,48,0.24,981,14,333,2
2006,11,10,1,30,-1.3,0,0,0,0.24,982,11.4,328,1.4000000000000001
2006,11,10,2,30,-1,0,0,0,0.24,982,10.4,325,1.4000000000000001
2006,11,10,3,30,-0.8,0,0,0,0.24,983,9.700000000000001,319,1.4000000000000001
2006,11,10,4,30,-0.8,0,0,0,0.24,983,9.1,308,1.3
2006,11,10,5,30,-0.8,0,0,0,0.24,983,8.6,299,1.3
2006,11,10,6,30,-0.9,0,0,0,0.24,984,8.3,295,1.2000000000000002
2006,11,10,7,30,-1,0,0,0,0.24,984,8.200000000000001,286,1.1
2006,11,10,8,30,-1.2000000000000002,0,0,0,0.24,984,8.1,272,1
2006,11,10,9,30,-1.3,0,0,0,0.24,983,7.800000000000001,264,1
2006,11,10,10,30,-1.3,0,0,0,0.24,983,7.4,267,1.1
2006,11,10,11,30,-1.5,0,0,0,0.24,983,7.1000000000000005,273,1.1
2006,11,10,12,30,-1.9000000000000001,0,0,0,0.24,984,6.9,278,1.1
2006,11,10,13,30,-2.2,0,0,0,0.24,984,6.7,283,1
2006,11,10,14,30,-2.5,0,0,0,0.24,985,7.4,281,0.9
2006,11,10,15,30,-2.7,52,545,152,0.24,985,10.3,257,1.1
2006,11,10,16,30,-3.3000000000000003,75,754,340,0.24,985,14.200000000000001,210,1.4000000000000001
2006,11,10,17,30,-5,85,860,501,0.24,985,18.2,167,1.6
2006,11,10,18,30,-7.4,91,907,609,0.24,985,21.700000000000003,145,2.1
2006,11,10,19,30,-9.8,95,922,655,0.24,984,24.200000000000003,141,2.4000000000000004
2006,11,10,20,30,-11.100000000000001,94,915,635,0.24,983,25.6,146,2
2006,11,10,21,30,-11.700000000000001,92,872,548,0.24,983,26,97,1.2000000000000002
2006,11,10,22,30,-11.5,84,680,361,0.24,983,25.200000000000003,31,1.3
2006,11,10,23,30,-10,66,505,194,0.24,983,24.400000000000002,18,1.6
2006,11,11,0,30,-7.1000000000000005,25,96,32,0.23,983,18.3,49,1.4000000000000001
2006,11,11,1,30,-6.6000000000000005,0,0,0,0.23,983,16.5,85,1.4000000000000001
2006,11,11,2,30,-7,0,0,0,0.23,982,16.1,119,1.6
2006,11,11,3,30,-7.6000000000000005,0,0,0,0.23,983,15.5,137,1.5
2006,11,11,4,30,-7.6000000000000005,0,0,0,0.23,983,14.5,148,1.3
2006,11,11,5,30,-7.5,0,0,0,0.23,983,13.700000000000001,155,1.3
2006,11,11,6,30,-7.300000000000001,0,0,0,0.23,982,13.3,156,1.2000000000000002
2006,11,11,7,30,-6.9,0,0,0,0.23,982,13.4,159,1.1
2006,11,11,8,30,-6.300000000000001,0,0,0,0.23,981,13.5,173,1
2006,11,11,9,30,-5.4,0,0,0,0.23,981,12.600000000000001,212,1.1
2006,11,11,10,30,-4,0,0,0,0.23,981,11,245,1.4000000000000001
2006,11,11,11,30,-1.9000000000000001,0,0,0,0.23,981,10,254,1.5
2006,11,11,12,30,0.2,0,0,0,0.23,981,9.8,255,1.3
2006,11,11,13,30,1.5,0,0,0,0.23,981,10,255,1.1
2006,11,11,14,30,2,0,0,0,0.23,981,10.200000000000001,268,1.4000000000000001
2006,11,11,15,30,2.3000000000000003,67,69,80,0.23,982,10.8,280,2
2006,11,11,16,30,2.3000000000000003,90,0,90,0.23,983,12,295,2.3000000000000003
2006,11,11,17,30,1.1,175,16,182,0.23,983,13.8,305,1.8
2006,11,11,18,30,0.4,224,30,241,0.23,982,15.9,293,1.6
2006,11,11,19,30,0.9,283,155,377,0.23,981,17.5,289,2.3000000000000003
2006,11,11,20,30,2.5,161,630,532,0.23,980,18,302,2.9000000000000004
2006,11,11,21,30,4.2,178,9,183,0.23,980,17.6,312,3.2
2006,11,11,22,30,5.5,82,0,82,0.23,980,16.6,320,3.3000000000000003
2006,11,11,23,30,6.5,66,579,210,0.23,980,16,324,3.3000000000000003
2006,11,12,0,30,7,27,191,40,0.23,980,13.9,336,2.8000000000000003
2006,11,12,1,30,7.1000000000000005,0,0,0,0.23,980,12.8,342,2.7
2006,11,12,2,30,7,0,0,0,0.23,981,12,342,2.7
2006,11,12,3,30,6.800000000000001,0,0,0,0.23,981,11.200000000000001,338,2.6
2006,11,12,4,30,6.6000000000000005,0,0,0,0.23,982,10.3,331,2.6
2006,11,12,5,30,6.5,0,0,0,0.23,982,9.600000000000001,325,2.6
2006,11,12,6,30,6.5,0,0,0,0.23,983,8.9,319,2.4000000000000004
2006,11,12,7,30,6.5,0,0,0,0.23,983,8.200000000000001,314,2.3000000000000003
2006,11,12,8,30,6.4,0,0,0,0.23,983,7.800000000000001,309,2.2
2006,11,12,9,30,6.300000000000001,0,0,0,0.23,983,7.6000000000000005,306,2.3000000000000003
2006,11,12,10,30,6.2,0,0,0,0.23,984,7.4,307,2
2006,11,12,11,30,5.9,0,0,0,0.23,984,7.2,306,1.6
2006,11,12,12,30,5.800000000000001,0,0,0,0.23,984,6.9,297,1.3
2006,11,12,13,30,5.6000000000000005,0,0,0,0.23,984,6.4,277,1.1
2006,11,12,14,30,5.5,0,0,0,0.23,985,7,247,1.1
2006,11,12,15,30,5.6000000000000005,66,84,81,0.23,985,8.8,227,1.2000000000000002
2006,11,12,16,30,5.1000000000000005,131,283,229,0.23,985,11.600000000000001,223,1.1
2006,11,12,17,30,3.6,163,7,166,0.23,985,15.200000000000001,184,0.9
2006,11,12,18,30,1,166,1,166,0.23,985,18.8,193,0.9
2006,11,12,19,30,-0.8,253,355,466,0.23,984,21.1,276,1
2006,11,12,20,30,-1.7000000000000002,270,195,384,0.23,984,22.1,326,1.4000000000000001
2006,11,12,21,30,-2.2,86,867,534,0.23,984,22.200000000000003,345,2
2006,11,12,22,30,-2.3000000000000003,76,792,394,0.23,984,21.6,352,2.6
2006,11,12,23,30,-2,58,642,217,0.23,984,21.1,354,2.8000000000000003
2006,11,13,0,30,-0.8,23,275,42,0.23,984,15.700000000000001,180,1.8
2006,11,13,1,30,0,0,0,0,0.23,984,13.100000000000001,6,1.2000000000000002
2006,11,13,2,30,0.5,0,0,0,0.23,984,12.600000000000001,18,1
2006,11,13,3,30,0.6000000000000001,0,0,0,0.23,984,12.600000000000001,66,0.6000000000000001
2006,11,13,4,30,0.5,0,0,0,0.23,984,12.4,153,0.5
2006,11,13,5,30,0.2,0,0,0,0.23,984,11.9,222,0.7000000000000001
2006,11,13,6,30,-0.1,0,0,0,0.23,985,11.3,254,0.8
2006,11,13,7,30,-0.1,0,0,0,0.23,985,10.600000000000001,271,0.9
2006,11,13,8,30,0,0,0,0,0.23,985,10.200000000000001,283,0.9
2006,11,13,9,30,0.1,0,0,0,0.23,985,10,270,0.6000000000000001
2006,11,13,10,30,0.1,0,0,0,0.23,985,9.700000000000001,201,0.5
2006,11,13,11,30,0.2,0,0,0,0.23,985,9.4,152,0.7000000000000001
2006,11,13,12,30,0.1,0,0,0,0.23,985,8.9,150,0.9
2006,11,13,13,30,-0.30000000000000004,0,0,0,0.23,985,8.5,148,1
2006,11,13,14,30,-1,0,0,0,0.23,985,9.200000000000001,146,1
2006,11,13,15,30,-1.8,47,506,135,0.23,986,11.8,142,1.6
2006,11,13,16,30,-2.6,71,706,312,0.23,986,15,137,1.9000000000000001
2006,11,13,17,30,-3.7,85,797,461,0.23,986,17.6,114,1.2000000000000002
2006,11,13,18,30,-3.9000000000000004,91,843,562,0.23,985,19.5,48,0.9
2006,11,13,19,30,-1.9000000000000001,94,854,603,0.23,985,20.400000000000002,2,1.2000000000000002
2006,11,13,20,30,0.5,91,849,583,0.23,984,20.700000000000003,2,1.5
2006,11,13,21,30,2.3000000000000003,87,805,499,0.23,984,20.200000000000003,166,1.7000000000000002
2006,11,13,22,30,4,150,23,159,0.23,984,19,327,1.8
2006,11,13,23,30,5.300000000000001,59,575,199,0.23,984,18.400000000000002,324,1.9000000000000001
2006,11,14,0,30,6.4,23,227,37,0.23,984,16,178,1.3
2006,11,14,1,30,7.300000000000001,0,0,0,0.23,984,14.8,40,1
2006,11,14,2,30,8,0,0,0,0.23,984,14,79,0.8
2006,11,14,3,30,8.6,0,0,0,0.23,984,13.5,110,0.7000000000000001
2006,11,14,4,30,9,0,0,0,0.23,984,13.100000000000001,129,0.7000000000000001
2006,11,14,5,30,9.600000000000001,0,0,0,0.23,984,12.700000000000001,133,0.9
2006,11,14,6,30,10.100000000000001,0,0,0,0.23,984,12.5,139,0.9
2006,11,14,7,30,10.5,0,0,0,0.23,983,12.4,147,0.9
2006,11,14,8,30,10.9,0,0,0,0.23,983,12.4,159,0.9
2006,11,14,9,30,11.3,0,0,0,0.23,982,12.700000000000001,189,0.8
2006,11,14,10,30,11.700000000000001,0,0,0,0.23,982,12.9,230,0.9
2006,11,14,11,30,12.100000000000001,0,0,0,0.23,982,12.9,261,1
2006,11,14,12,30,12.4,0,0,0,0.23,982,13,276,1.1
2006,11,14,13,30,12.600000000000001,0,0,0,0.23,982,13,284,1.1
2006,11,14,14,30,12.700000000000001,0,0,0,0.23,982,13.4,293,1.3
2006,11,14,15,30,13,52,430,126,0.23,983,14.5,305,1.6
2006,11,14,16,30,13.4,80,652,299,0.23,983,15.9,319,2
2006,11,14,17,30,13.4,93,765,451,0.23,983,17.400000000000002,332,2.3000000000000003
2006,11,14,18,30,12.700000000000001,112,794,553,0.23,983,19,338,2.4000000000000004
2006,11,14,19,30,11.8,113,823,600,0.23,983,20.3,340,2.4000000000000004
2006,11,14,20,30,11.100000000000001,108,827,585,0.23,982,21,341,2.5
2006,11,14,21,30,10.5,93,818,510,0.23,982,21.1,342,2.6
2006,11,14,22,30,10,78,761,379,0.23,982,20.5,341,2.4000000000000004
2006,11,14,23,30,9.600000000000001,58,620,208,0.23,982,20,341,2.3000000000000003
2006,11,15,0,30,9.600000000000001,24,200,37,0.23,982,16.400000000000002,341,1.2000000000000002
2006,11,15,1,30,9.8,0,0,0,0.23,983,14.4,331,0.8
2006,11,15,2,30,9.9,0,0,0,0.23,984,13.4,323,0.8
2006,11,15,3,30,9.9,0,0,0,0.23,984,12.5,320,0.9
2006,11,15,4,30,9.700000000000001,0,0,0,0.23,984,11.9,317,1
2006,11,15,5,30,9.4,0,0,0,0.23,985,11.3,313,1.1
2006,11,15,6,30,8.9,0,0,0,0.23,984,10.700000000000001,309,1.2000000000000002
2006,11,15,7,30,8.5,0,0,0,0.23,984,10.3,302,1.2000000000000002
2006,11,15,8,30,8.200000000000001,0,0,0,0.23,984,9.9,286,1.1
2006,11,15,9,30,8.3,0,0,0,0.23,983,9.600000000000001,273,1
2006,11,15,10,30,8.5,0,0,0,0.23,983,9.3,276,0.9
2006,11,15,11,30,8.6,0,0,0,0.23,983,9.200000000000001,286,0.9
2006,11,15,12,30,8.6,0,0,0,0.23,983,9.3,270,0.7000000000000001
2006,11,15,13,30,8.200000000000001,0,0,0,0.23,983,9.200000000000001,235,0.7000000000000001
2006,11,15,14,30,7.4,0,0,0,0.23,983,9.9,208,0.9
2006,11,15,15,30,5.9,43,545,135,0.23,984,13.100000000000001,179,1.3
2006,11,15,16,30,3.6,65,751,316,0.23,984,17.5,151,2.1
2006,11,15,17,30,-0.2,205,146,273,0.23,984,21.3,138,2.4000000000000004
2006,11,15,18,30,-3.9000000000000004,83,896,577,0.23,983,24.3,139,2.4000000000000004
2006,11,15,19,30,-5.5,88,908,622,0.23,982,26,145,2
2006,11,15,20,30,-6,88,897,602,0.23,982,26.700000000000003,131,1.2000000000000002
2006,11,15,21,30,-5.800000000000001,78,881,524,0.23,981,26.900000000000002,65,0.9
2006,11,15,22,30,-5.1000000000000005,67,817,388,0.23,981,26.3,14,1.3
2006,11,15,23,30,-3.2,52,677,214,0.23,981,25.6,12,1.4000000000000001
2006,11,16,0,30,0.1,20,303,38,0.23,982,19.1,24,1.1
2006,11,16,1,30,-0.1,0,0,0,0.23,982,16.900000000000002,40,1.1
2006,11,16,2,30,0,0,0,0,0.23,982,16.7,75,0.9
2006,11,16,3,30,-0.30000000000000004,0,0,0,0.23,982,16.5,136,0.7000000000000001
2006,11,16,4,30,-0.8,0,0,0,0.23,982,16,181,0.8
2006,11,16,5,30,-1.1,0,0,0,0.23,982,15.5,189,1
2006,11,16,6,30,-1.5,0,0,0,0.23,981,15.200000000000001,191,1.1
2006,11,16,7,30,-1.8,0,0,0,0.23,981,15.200000000000001,195,1
2006,11,16,8,30,-2.1,0,0,0,0.23,981,15.200000000000001,208,0.7000000000000001
2006,11,16,9,30,-2.1,0,0,0,0.23,981,15,238,0.5
2006,11,16,10,30,-1.7000000000000002,0,0,0,0.23,980,14.3,272,0.5
2006,11,16,11,30,-0.9,0,0,0,0.23,980,13,292,0.6000000000000001
2006,11,16,12,30,0,0,0,0,0.23,981,11.8,296,0.7000000000000001
2006,11,16,13,30,0.9,0,0,0,0.23,981,11.200000000000001,273,0.6000000000000001
2006,11,16,14,30,1.6,0,0,0,0.23,981,11.200000000000001,229,0.6000000000000001
2006,11,16,15,30,1.9000000000000001,42,547,132,0.23,981,13.200000000000001,198,0.8
2006,11,16,16,30,1.7000000000000002,64,757,314,0.23,982,16.5,215,0.8
2006,11,16,17,30,0.7000000000000001,76,852,469,0.23,982,19.200000000000003,289,0.9
2006,11,16,18,30,0.2,83,899,575,0.23,981,21.400000000000002,343,1.4000000000000001
2006,11,16,19,30,-0.2,87,913,621,0.23,981,22.900000000000002,345,1.7000000000000002
2006,11,16,20,30,-0.5,86,901,599,0.23,980,23.6,341,1.9000000000000001
2006,11,16,21,30,-0.4,81,863,515,0.23,980,23.700000000000003,331,2
2006,11,16,22,30,0,71,793,380,0.23,980,23,321,2
2006,11,16,23,30,0.8,54,641,205,0.23,980,22.400000000000002,316,2.1
2006,11,17,0,30,2.3000000000000003,20,268,35,0.24,980,17.400000000000002,301,0.9
2006,11,17,1,30,2.9000000000000004,0,0,0,0.24,980,15.3,267,0.7000000000000001
2006,11,17,2,30,3.5,0,0,0,0.24,981,14.5,209,0.6000000000000001
2006,11,17,3,30,4,0,0,0,0.24,981,13.700000000000001,177,0.8
2006,11,17,4,30,4.3,0,0,0,0.24,981,13.200000000000001,181,0.9
2006,11,17,5,30,4.7,0,0,0,0.24,981,12.8,186,1
2006,11,17,6,30,5,0,0,0,0.24,981,12.700000000000001,189,1
2006,11,17,7,30,5.2,0,0,0,0.24,981,12.600000000000001,192,1
2006,11,17,8,30,5.5,0,0,0,0.24,981,12.600000000000001,194,1
2006,11,17,9,30,5.800000000000001,0,0,0,0.24,981,12.5,194,0.9
2006,11,17,10,30,5.9,0,0,0,0.24,981,12.3,198,0.9
2006,11,17,11,30,5.9,0,0,0,0.24,981,12,203,0.9
2006,11,17,12,30,5.9,0,0,0,0.24,981,11.700000000000001,208,0.9
2006,11,17,13,30,6,0,0,0,0.24,982,11.5,210,0.9
2006,11,17,14,30,6.1000000000000005,0,0,0,0.24,982,12,208,0.8
2006,11,17,15,30,6.4,43,489,122,0.24,983,14.3,196,1
2006,11,17,16,30,6.4,65,703,295,0.24,983,17.2,174,1.1
2006,11,17,17,30,6.5,78,804,445,0.24,983,19.400000000000002,96,0.9
2006,11,17,18,30,6.7,86,846,546,0.24,983,21.3,21,1.1
2006,11,17,19,30,6.800000000000001,89,864,591,0.24,982,22.8,185,1.5
2006,11,17,20,30,7,88,854,571,0.24,982,23.8,354,1.8
2006,11,17,21,30,7.6000000000000005,81,826,493,0.24,982,24.200000000000003,345,2.1
2006,11,17,22,30,8.5,71,749,361,0.24,982,23.8,342,2.1
2006,11,17,23,30,9.200000000000001,54,597,193,0.24,982,23.3,341,2
2006,11,18,0,30,9.8,20,225,32,0.22,982,19.6,315,0.7000000000000001
2006,11,18,1,30,10.100000000000001,0,0,0,0.22,982,17.7,222,0.4
2006,11,18,2,30,10.4,0,0,0,0.22,982,16.8,153,0.6000000000000001
2006,11,18,3,30,10.4,0,0,0,0.22,983,16.3,174,0.6000000000000001
2006,11,18,4,30,10.4,0,0,0,0.22,983,15.9,216,0.6000000000000001
2006,11,18,5,30,10.5,0,0,0,0.22,983,15.3,251,0.7000000000000001
2006,11,18,6,30,10.700000000000001,0,0,0,0.22,983,14.5,267,0.9
2006,11,18,7,30,10.9,0,0,0,0.22,983,13.9,273,0.9
2006,11,18,8,30,11.3,0,0,0,0.22,983,13.4,271,1
2006,11,18,9,30,11.600000000000001,0,0,0,0.22,983,13,270,0.9
2006,11,18,10,30,11.9,0,0,0,0.22,983,12.5,267,0.9
2006,11,18,11,30,12,0,0,0,0.22,983,12,255,0.9
2006,11,18,12,30,11.8,0,0,0,0.22,983,11.8,237,1
2006,11,18,13,30,11.600000000000001,0,0,0,0.22,983,11.600000000000001,223,1.1
2006,11,18,14,30,12,0,0,0,0.22,984,12.200000000000001,218,1.2000000000000002
2006,11,18,15,30,11.9,47,457,119,0.22,984,14.100000000000001,219,1.6
2006,11,18,16,30,11.600000000000001,74,0,74,0.22,984,16.7,240,1.7000000000000002
2006,11,18,17,30,10.9,176,28,188,0.22,985,19.6,292,1.6
2006,11,18,18,30,9.5,93,854,555,0.22,985,22.3,333,2.1
2006,11,18,19,30,8.8,96,877,603,0.22,984,23.700000000000003,336,2.5
2006,11,18,20,30,8.6,91,878,585,0.22,983,24.400000000000002,329,2.5
2006,11,18,21,30,8.3,85,850,507,0.22,983,24.6,321,2.5
2006,11,18,22,30,8,74,776,372,0.22,983,24.1,317,2.5
2006,11,18,23,30,7.9,57,616,200,0.22,983,23.700000000000003,316,2.5
2006,11,19,0,30,8.5,20,236,33,0.22,983,18.3,324,1.3
2006,11,19,1,30,9.5,0,0,0,0.22,984,15.600000000000001,333,1
2006,11,19,2,30,10.3,0,0,0,0.22,984,15,335,0.8
2006,11,19,3,30,10.600000000000001,0,0,0,0.22,984,14.8,304,0.6000000000000001
2006,11,19,4,30,10.600000000000001,0,0,0,0.22,984,14.8,272,0.6000000000000001
2006,11,19,5,30,10.3,0,0,0,0.22,984,14.9,265,0.6000000000000001
2006,11,19,6,30,9.700000000000001,0,0,0,0.22,984,14.9,260,0.5
2006,11,19,7,30,8.9,0,0,0,0.22,984,14.8,226,0.5
2006,11,19,8,30,7.800000000000001,0,0,0,0.22,984,14.5,169,0.5
2006,11,19,9,30,6.6000000000000005,0,0,0,0.22,984,14.100000000000001,140,0.7000000000000001
2006,11,19,10,30,5.4,0,0,0,0.22,984,13.700000000000001,134,0.9
2006,11,19,11,30,4.3,0,0,0,0.22,984,13.3,131,1.1
2006,11,19,12,30,3.2,0,0,0,0.22,984,12.700000000000001,131,1.3
2006,11,19,13,30,2,0,0,0,0.22,984,12,134,1.3
2006,11,19,14,30,0.7000000000000001,0,0,0,0.22,984,12.5,134,1.3
2006,11,19,15,30,-0.1,10,0,10,0.22,985,16,127,1.5
2006,11,19,16,30,-0.1,53,0,53,0.22,985,20.8,120,2.2
2006,11,19,17,30,-1.2000000000000002,114,0,114,0.22,985,24.6,117,2.7
2006,11,19,18,30,-2.4000000000000004,205,23,218,0.22,985,27.400000000000002,118,2.6
2006,11,19,19,30,-3.5,210,17,220,0.22,984,29.1,121,2.2
2006,11,19,20,30,-4,250,81,296,0.22,983,29.900000000000002,116,1.7000000000000002
2006,11,19,21,30,-4.3,217,222,327,0.22,983,29.900000000000002,91,1.4000000000000001
2006,11,19,22,30,-4.1000000000000005,72,795,375,0.22,983,28.700000000000003,45,1.1
2006,11,19,23,30,-0.9,55,629,199,0.22,983,27.700000000000003,18,1
2006,11,20,0,30,0.1,19,251,32,0.22,983,21.3,24,1.2000000000000002
2006,11,20,1,30,-0.30000000000000004,0,0,0,0.22,983,18.8,34,1.3
2006,11,20,2,30,-0.30000000000000004,0,0,0,0.22,984,17.900000000000002,47,1.1
2006,11,20,3,30,-0.5,0,0,0,0.22,984,17.900000000000002,66,0.9
2006,11,20,4,30,-0.7000000000000001,0,0,0,0.22,984,17.8,111,0.6000000000000001
2006,11,20,5,30,-1,0,0,0,0.22,984,17.2,161,0.5
2006,11,20,6,30,-1.2000000000000002,0,0,0,0.22,984,16.5,189,0.5
2006,11,20,7,30,-1.2000000000000002,0,0,0,0.22,984,16,217,0.5
2006,11,20,8,30,-1.1,0,0,0,0.22,984,15.4,237,0.5
2006,11,20,9,30,-1.1,0,0,0,0.22,984,14.8,221,0.6000000000000001
2006,11,20,10,30,-0.9,0,0,0,0.22,984,14.100000000000001,194,0.8
2006,11,20,11,30,-1,0,0,0,0.22,983,13.200000000000001,181,1
2006,11,20,12,30,-1.3,0,0,0,0.22,983,12.5,172,1.1
2006,11,20,13,30,-1.6,0,0,0,0.22,984,12,164,1.1
2006,11,20,14,30,-1.9000000000000001,0,0,0,0.22,984,12.200000000000001,153,1.1
2006,11,20,15,30,-1.9000000000000001,41,502,117,0.22,984,15.200000000000001,144,1.5
2006,11,20,16,30,-2,43,0,43,0.22,984,19.5,139,2.3000000000000003
2006,11,20,17,30,-2.6,76,0,76,0.22,984,23.6,135,2.6
2006,11,20,18,30,-2.7,94,0,94,0.22,983,27.200000000000003,131,2.5
2006,11,20,19,30,-2.8000000000000003,109,0,109,0.22,982,29.3,127,2.1
2006,11,20,20,30,-3,111,0,111,0.22,981,30.200000000000003,115,1.6
2006,11,20,21,30,-3.4000000000000004,92,0,92,0.22,981,30.1,86,1.2000000000000002
2006,11,20,22,30,-3.5,146,30,157,0.22,980,28.5,41,1
2006,11,20,23,30,0.2,78,0,78,0.22,980,27.200000000000003,17,0.8
2006,11,21,0,30,0.30000000000000004,19,0,19,0.21,981,21.6,27,1
2006,11,21,1,30,-0.30000000000000004,0,0,0,0.21,981,19.8,37,1
2006,11,21,2,30,-0.30000000000000004,0,0,0,0.21,982,18.900000000000002,44,1
2006,11,21,3,30,-0.5,0,0,0,0.21,982,18.6,61,0.9
2006,11,21,4,30,-1,0,0,0,0.21,982,18.3,86,0.8
2006,11,21,5,30,-1.3,0,0,0,0.21,982,17.8,107,0.9
2006,11,21,6,30,-1.6,0,0,0,0.21,981,17,121,1
2006,11,21,7,30,-1.9000000000000001,0,0,0,0.21,981,16,129,1.1
2006,11,21,8,30,-2.3000000000000003,0,0,0,0.21,981,15.200000000000001,137,1.2000000000000002
2006,11,21,9,30,-2.6,0,0,0,0.21,980,14.8,147,1.3
2006,11,21,10,30,-2.7,0,0,0,0.21,980,14.5,166,1.3
2006,11,21,11,30,-2.5,0,0,0,0.21,980,14,188,1.3
2006,11,21,12,30,-2.3000000000000003,0,0,0,0.21,981,13.5,205,1.3
2006,11,21,13,30,-2,0,0,0,0.21,982,13,216,1.3
2006,11,21,14,30,-1.5,0,0,0,0.21,982,13.100000000000001,220,1.2000000000000002
2006,11,21,15,30,-0.4,52,173,78,0.21,983,15.100000000000001,217,1.3
2006,11,21,16,30,0.8,127,157,176,0.21,983,18.2,227,1.4000000000000001
2006,11,21,17,30,2.1,182,279,306,0.21,983,20.700000000000003,265,1.3
2006,11,21,18,30,3.1,241,183,338,0.21,983,22.700000000000003,297,1.5
2006,11,21,19,30,3.2,264,152,350,0.21,983,23.6,310,1.8
2006,11,21,20,30,3.3000000000000003,256,154,341,0.21,982,24.200000000000003,320,2.1
2006,11,21,21,30,3.3000000000000003,190,376,374,0.21,982,24.5,327,2.3000000000000003
2006,11,21,22,30,3.2,86,640,326,0.21,982,23.6,336,2.3000000000000003
2006,11,21,23,30,3.8000000000000003,80,263,139,0.21,982,22.700000000000003,342,2.3000000000000003
2006,11,22,0,30,5,20,0,20,0.21,983,18.2,344,2.1
2006,11,22,1,30,5.9,0,0,0,0.21,983,16.2,344,1.5
2006,11,22,2,30,6.7,0,0,0,0.21,984,15,344,1
2006,11,22,3,30,7.1000000000000005,0,0,0,0.21,984,14.3,335,0.8
2006,11,22,4,30,7.300000000000001,0,0,0,0.21,985,13.600000000000001,305,0.7000000000000001
2006,11,22,5,30,7.7,0,0,0,0.21,985,13,272,0.7000000000000001
2006,11,22,6,30,8.200000000000001,0,0,0,0.21,985,12.600000000000001,249,0.6000000000000001
2006,11,22,7,30,8.6,0,0,0,0.21,985,12.200000000000001,233,0.6000000000000001
2006,11,22,8,30,8.8,0,0,0,0.21,985,11.9,218,0.5
2006,11,22,9,30,8.8,0,0,0,0.21,985,11.600000000000001,199,0.6000000000000001
2006,11,22,10,30,8.5,0,0,0,0.21,985,11.200000000000001,190,0.6000000000000001
2006,11,22,11,30,8.200000000000001,0,0,0,0.21,985,10.8,193,0.7000000000000001
2006,11,22,12,30,7.800000000000001,0,0,0,0.21,985,10.4,195,0.7000000000000001
2006,11,22,13,30,7.4,0,0,0,0.21,985,10.100000000000001,194,0.7000000000000001
2006,11,22,14,30,7,0,0,0,0.21,986,10.3,187,0.6000000000000001
2006,11,22,15,30,6.800000000000001,42,0,42,0.21,986,11.600000000000001,155,0.7000000000000001
2006,11,22,16,30,7.1000000000000005,122,212,187,0.21,986,13.3,111,1
2006,11,22,17,30,7.4,192,148,257,0.21,986,14.700000000000001,98,1
2006,11,22,18,30,6.9,233,244,362,0.21,986,16.1,81,0.8
2006,11,22,19,30,6.300000000000001,220,421,457,0.21,985,17.5,200,0.5
2006,11,22,20,30,5.800000000000001,185,519,471,0.21,985,18.900000000000002,329,0.8
2006,11,22,21,30,5,201,305,350,0.21,984,19.6,325,1.4000000000000001
2006,11,22,22,30,4.9,147,279,252,0.21,984,19.1,335,1.9000000000000001
2006,11,22,23,30,5.4,81,230,133,0.21,984,18.5,340,2.1
2006,11,23,0,30,6.2,18,0,18,0.21,984,14.9,355,1.3
2006,11,23,1,30,6.9,0,0,0,0.21,985,13.100000000000001,183,1
2006,11,23,2,30,7.4,0,0,0,0.21,985,12.3,18,0.8
2006,11,23,3,30,7.6000000000000005,0,0,0,0.21,985,12,121,0.5
2006,11,23,4,30,7.800000000000001,0,0,0,0.21,985,11.600000000000001,222,0.5
2006,11,23,5,30,7.800000000000001,0,0,0,0.21,985,11,240,0.8
2006,11,23,6,30,7.800000000000001,0,0,0,0.21,985,10.600000000000001,253,0.9
2006,11,23,7,30,7.800000000000001,0,0,0,0.21,985,10.4,263,0.9
2006,11,23,8,30,7.7,0,0,0,0.21,986,10.3,274,1
2006,11,23,9,30,7.5,0,0,0,0.21,986,10.200000000000001,289,1
2006,11,23,10,30,7.5,0,0,0,0.21,986,10.100000000000001,304,1.2000000000000002
2006,11,23,11,30,7.5,0,0,0,0.21,986,9.700000000000001,313,1.4000000000000001
2006,11,23,12,30,7.5,0,0,0,0.21,986,9.4,319,1.5
2006,11,23,13,30,7.6000000000000005,0,0,0,0.21,986,9.200000000000001,324,1.6
2006,11,23,14,30,7.6000000000000005,0,0,0,0.21,987,9.3,323,1.6
2006,11,23,15,30,7.6000000000000005,50,26,53,0.21,987,10.3,319,2
2006,11,23,16,30,7.5,124,110,158,0.21,987,12.3,324,2.8000000000000003
2006,11,23,17,30,7.1000000000000005,176,297,306,0.21,986,14.4,334,3.6
2006,11,23,18,30,6.6000000000000005,225,290,377,0.21,986,16,337,4.3
2006,11,23,19,30,5.800000000000001,243,59,276,0.21,986,17,338,4.6000000000000005
2006,11,23,20,30,4.5,251,120,316,0.21,985,17.5,336,4.5
2006,11,23,21,30,3.4000000000000004,81,877,505,0.21,985,17.400000000000002,334,4.2
2006,11,23,22,30,2.3000000000000003,71,804,370,0.21,984,16.7,333,3.8000000000000003
2006,11,23,23,30,1.1,54,642,196,0.21,984,16.3,332,3.6
2006,11,24,0,30,0.2,19,227,29,0.21,985,12,325,1.7000000000000002
2006,11,24,1,30,-0.7000000000000001,0,0,0,0.21,985,9.700000000000001,324,1.4000000000000001
2006,11,24,2,30,-1.8,0,0,0,0.21,985,8.700000000000001,327,1.4000000000000001
2006,11,24,3,30,-2.9000000000000004,0,0,0,0.21,985,7.9,326,1.4000000000000001
2006,11,24,4,30,-3.8000000000000003,0,0,0,0.21,985,7.2,321,1.4000000000000001
2006,11,24,5,30,-4,0,0,0,0.21,985,6.5,315,1.4000000000000001
2006,11,24,6,30,-3.8000000000000003,0,0,0,0.21,984,5.9,308,1.4000000000000001
2006,11,24,7,30,-3.4000000000000004,0,0,0,0.21,984,5.300000000000001,299,1.3
2006,11,24,8,30,-3.2,0,0,0,0.21,984,4.7,292,1.3
2006,11,24,9,30,-3.1,0,0,0,0.21,984,4.1000000000000005,288,1.3
2006,11,24,10,30,-3,0,0,0,0.21,983,3.6,286,1.3
2006,11,24,11,30,-2.9000000000000004,0,0,0,0.21,983,3.2,283,1.3
2006,11,24,12,30,-2.8000000000000003,0,0,0,0.21,983,2.7,277,1.3
2006,11,24,13,30,-2.7,0,0,0,0.21,984,2.4000000000000004,270,1.2000000000000002
2006,11,24,14,30,-2.7,0,0,0,0.21,984,2.9000000000000004,262,1.3
2006,11,24,15,30,-2.7,25,0,25,0.21,984,4.9,260,1.8
2006,11,24,16,30,-2.7,90,0,90,0.21,984,7.6000000000000005,272,2
2006,11,24,17,30,-3,181,64,209,0.21,984,10.100000000000001,292,2
2006,11,24,18,30,-3.5,236,124,300,0.21,983,12.4,310,2.2
2006,11,24,19,30,-4,87,929,606,0.21,983,14,319,2.6
2006,11,24,20,30,-4.5,87,913,585,0.21,982,14.9,323,3
2006,11,24,21,30,-4.6000000000000005,81,879,504,0.21,981,14.9,326,3.2
2006,11,24,22,30,-4.4,72,801,368,0.21,981,14.200000000000001,328,3.1
2006,11,24,23,30,-4.1000000000000005,54,637,195,0.21,981,13.600000000000001,328,3
2006,11,25,0,30,-3.6,18,217,28,0.2,981,9.1,316,1.3
2006,11,25,1,30,-3.2,0,0,0,0.2,981,7.1000000000000005,295,0.8
2006,11,25,2,30,-2.8000000000000003,0,0,0,0.2,981,6.6000000000000005,261,0.7000000000000001
2006,11,25,3,30,-2.6,0,0,0,0.2,982,6.2,231,0.6000000000000001
2006,11,25,4,30,-2.5,0,0,0,0.2,982,5.800000000000001,224,0.7000000000000001
2006,11,25,5,30,-2.4000000000000004,0,0,0,0.2,981,5.800000000000001,232,0.8
2006,11,25,6,30,-2.5,0,0,0,0.2,981,5.9,247,0.8
2006,11,25,7,30,-2.7,0,0,0,0.2,981,5.9,263,0.8
2006,11,25,8,30,-2.7,0,0,0,0.2,981,5.800000000000001,274,0.9
2006,11,25,9,30,-2.7,0,0,0,0.2,981,5.6000000000000005,275,0.9
2006,11,25,10,30,-2.6,0,0,0,0.2,981,5.2,268,0.9
2006,11,25,11,30,-2.3000000000000003,0,0,0,0.2,981,4.9,259,1
2006,11,25,12,30,-1.9000000000000001,0,0,0,0.2,981,4.9,256,1
2006,11,25,13,30,-1.4000000000000001,0,0,0,0.2,981,5,260,0.9
2006,11,25,14,30,-0.8,0,0,0,0.2,981,5.300000000000001,269,0.9
2006,11,25,15,30,0,40,455,101,0.2,981,7,287,1.3
2006,11,25,16,30,0.9,66,707,277,0.2,982,9.5,312,2.1
2006,11,25,17,30,1.2000000000000002,80,817,431,0.2,982,11.5,325,2.7
2006,11,25,18,30,0.7000000000000001,85,878,540,0.2,982,13.100000000000001,325,3
2006,11,25,19,30,-0.2,87,900,588,0.2,982,14.3,326,3.2
2006,11,25,20,30,-1.1,86,895,572,0.2,981,15,329,3.2
2006,11,25,21,30,-1.8,89,842,492,0.2,981,15.100000000000001,332,3.2
2006,11,25,22,30,-2.5,77,763,359,0.2,980,14.5,335,3
2006,11,25,23,30,-2.9000000000000004,58,592,188,0.2,980,14.100000000000001,336,2.9000000000000004
2006,11,26,0,30,-2.9000000000000004,19,171,26,0.2,981,10,338,1.2000000000000002
2006,11,26,1,30,-3,0,0,0,0.2,981,8.700000000000001,335,0.7000000000000001
2006,11,26,2,30,-3,0,0,0,0.2,981,8.4,258,0.4
2006,11,26,3,30,-2.9000000000000004,0,0,0,0.2,981,8.1,188,0.4
2006,11,26,4,30,-3,0,0,0,0.2,982,7.800000000000001,202,0.6000000000000001
2006,11,26,5,30,-3.2,0,0,0,0.2,982,7.5,218,0.8
2006,11,26,6,30,-3.3000000000000003,0,0,0,0.2,981,7.2,229,0.9
2006,11,26,7,30,-3.3000000000000003,0,0,0,0.2,981,6.800000000000001,238,0.9
2006,11,26,8,30,-3.1,0,0,0,0.2,981,6.4,250,1
2006,11,26,9,30,-2.6,0,0,0,0.2,981,6,258,0.9
2006,11,26,10,30,-2,0,0,0,0.2,980,5.7,261,0.9
2006,11,26,11,30,-1.3,0,0,0,0.2,980,5.300000000000001,262,0.9
2006,11,26,12,30,-0.5,0,0,0,0.2,981,4.9,259,1
2006,11,26,13,30,0.4,0,0,0,0.2,981,4.6000000000000005,250,1
2006,11,26,14,30,1.2000000000000002,0,0,0,0.2,981,4.9,235,0.9
2006,11,26,15,30,1.8,41,425,97,0.2,982,6.9,225,1
2006,11,26,16,30,2.2,69,678,270,0.2,982,9.8,248,0.9
2006,11,26,17,30,2.4000000000000004,85,794,424,0.2,982,12.3,294,0.8
2006,11,26,18,30,2.1,93,847,528,0.2,982,14.100000000000001,318,1.2000000000000002
2006,11,26,19,30,1.6,95,871,577,0.2,981,15.4,326,1.7000000000000002
2006,11,26,20,30,0.9,97,854,558,0.2,981,15.9,335,2.1
2006,11,26,21,30,0.5,99,789,475,0.2,980,15.3,345,2.4000000000000004
2006,11,26,22,30,0.6000000000000001,148,245,237,0.2,980,14.200000000000001,176,2.2
2006,11,26,23,30,1.1,80,22,85,0.2,980,13.5,1,2
2006,11,27,0,30,1.6,16,0,16,0.2,980,10.600000000000001,40,0.8
2006,11,27,1,30,1.9000000000000001,0,0,0,0.2,980,9.3,72,0.7000000000000001
2006,11,27,2,30,2,0,0,0,0.2,980,8.700000000000001,101,0.7000000000000001
2006,11,27,3,30,2.1,0,0,0,0.2,980,8.5,121,0.7000000000000001
2006,11,27,4,30,2.3000000000000003,0,0,0,0.2,980,8.4,131,0.8
2006,11,27,5,30,2.7,0,0,0,0.2,980,8.1,139,1.1
2006,11,27,6,30,3,0,0,0,0.2,980,7.7,147,1.3
2006,11,27,7,30,3.2,0,0,0,0.2,979,7.5,152,1.4000000000000001
2006,11,27,8,30,3.6,0,0,0,0.2,979,7.5,156,1.4000000000000001
2006,11,27,9,30,4.2,0,0,0,0.2,979,7.6000000000000005,164,1.4000000000000001
2006,11,27,10,30,4.800000000000001,0,0,0,0.2,979,7.7,175,1.4000000000000001
2006,11,27,11,30,5.5,0,0,0,0.2,979,7.800000000000001,190,1.3
2006,11,27,12,30,6,0,0,0,0.2,979,7.9,215,1.2000000000000002
2006,11,27,13,30,6.300000000000001,0,0,0,0.2,980,7.7,242,1.2000000000000002
2006,11,27,14,30,6.4,0,0,0,0.2,980,7.7,259,1.2000000000000002
2006,11,27,15,30,6.6000000000000005,43,387,93,0.2,981,8.700000000000001,264,1.6
2006,11,27,16,30,6.800000000000001,74,642,262,0.2,981,10.100000000000001,272,2
2006,11,27,17,30,6.7,88,766,413,0.2,981,11.5,287,2.3000000000000003
2006,11,27,18,30,6.1000000000000005,94,831,519,0.2,981,12.8,296,2.7
2006,11,27,19,30,5.300000000000001,95,854,565,0.2,981,13.8,297,3.1
2006,11,27,20,30,4.9,212,29,228,0.2,980,14.4,298,3.6
2006,11,27,21,30,4.7,202,65,233,0.2,980,14.4,302,4
2006,11,27,22,30,4.7,74,745,345,0.2,979,13.8,307,4
2006,11,27,23,30,5,83,112,107,0.2,979,13.3,310,3.9000000000000004
2006,11,28,0,30,5.4,18,169,25,0.2,979,11.3,322,2.1
2006,11,28,1,30,5.9,0,0,0,0.2,979,10.5,327,1.7000000000000002
2006,11,28,2,30,6.300000000000001,0,0,0,0.2,980,10,327,1.6
2006,11,28,3,30,6.5,0,0,0,0.2,980,9.4,326,1.5
2006,11,28,4,30,6.5,0,0,0,0.2,980,8.9,323,1.7000000000000002
2006,11,28,5,30,6.6000000000000005,0,0,0,0.2,981,8.5,318,2
2006,11,28,6,30,6.4,0,0,0,0.2,981,8,315,2.3000000000000003
2006,11,28,7,30,6.1000000000000005,0,0,0,0.2,981,7.6000000000000005,312,2.7
2006,11,28,8,30,5.800000000000001,0,0,0,0.2,981,7.2,311,2.9000000000000004
2006,11,28,9,30,5.4,0,0,0,0.2,981,6.6000000000000005,309,2.8000000000000003
2006,11,28,10,30,4.9,0,0,0,0.2,982,5.800000000000001,310,2.5
2006,11,28,11,30,4.3,0,0,0,0.2,982,5,308,2.4000000000000004
2006,11,28,12,30,3.8000000000000003,0,0,0,0.2,982,4.3,304,2.2
2006,11,28,13,30,3.3000000000000003,0,0,0,0.2,982,3.7,301,1.9000000000000001
2006,11,28,14,30,2.8000000000000003,0,0,0,0.2,983,3.7,303,2
2006,11,28,15,30,2.8000000000000003,40,424,93,0.2,983,5.1000000000000005,313,2.7
2006,11,28,16,30,3.1,70,684,268,0.2,984,7.300000000000001,327,3.7
2006,11,28,17,30,2.6,82,813,424,0.2,984,9.200000000000001,334,4.3
2006,11,28,18,30,0.9,86,881,534,0.2,984,10.600000000000001,335,4.6000000000000005
2006,11,28,19,30,-0.7000000000000001,88,911,587,0.2,983,11.600000000000001,334,4.6000000000000005
2006,11,28,20,30,-1.9000000000000001,87,907,573,0.2,983,12.100000000000001,332,4.800000000000001
2006,11,28,21,30,-2.7,79,881,496,0.2,983,12.100000000000001,330,4.9
2006,11,28,22,30,-3.2,69,811,363,0.2,983,11.600000000000001,328,4.800000000000001
2006,11,28,23,30,-3.4000000000000004,51,653,192,0.2,983,11.100000000000001,327,4.7
2006,11,29,0,30,-3.3000000000000003,17,226,26,0.2,983,7.6000000000000005,327,2.6
2006,11,29,1,30,-2.8000000000000003,0,0,0,0.2,984,5.6000000000000005,328,2
2006,11,29,2,30,-2.5,0,0,0,0.2,984,4.800000000000001,330,1.9000000000000001
2006,11,29,3,30,-2.2,0,0,0,0.2,985,3.9000000000000004,332,1.7000000000000002
2006,11,29,4,30,-2.2,0,0,0,0.2,985,3.2,332,1.5
2006,11,29,5,30,-2.2,0,0,0,0.2,985,2.7,329,1.4000000000000001
2006,11,29,6,30,-2.2,0,0,0,0.2,985,2.2,324,1.4000000000000001
2006,11,29,7,30,-2.1,0,0,0,0.2,986,1.8,318,1.3
2006,11,29,8,30,-2.1,0,0,0,0.2,986,1.5,312,1.3
2006,11,29,9,30,-2,0,0,0,0.2,986,1.1,306,1.3
2006,11,29,10,30,-1.9000000000000001,0,0,0,0.2,986,0.7000000000000001,303,1.3
2006,11,29,11,30,-1.8,0,0,0,0.2,986,0.30000000000000004,298,1.2000000000000002
2006,11,29,12,30,-1.8,0,0,0,0.2,987,0,289,1.2000000000000002
2006,11,29,13,30,-1.8,0,0,0,0.2,987,-0.4,276,1.2000000000000002
2006,11,29,14,30,-2,0,0,0,0.2,988,0.1,265,1.2000000000000002
2006,11,29,15,30,-2.2,38,457,94,0.2,988,2.5,253,1.5
2006,11,29,16,30,-2.7,64,725,271,0.2,989,6,230,1.4000000000000001
2006,11,29,17,30,-4.5,77,839,428,0.2,989,8.9,155,1.1
2006,11,29,18,30,-6.4,81,905,539,0.2,989,11.3,103,1.3
2006,11,29,19,30,-7.9,83,926,589,0.2,988,13.100000000000001,117,1.3
2006,11,29,20,30,-9.5,83,928,578,0.2,988,14.5,124,1.1
2006,11,29,21,30,-11.100000000000001,84,873,496,0.2,987,15.4,96,1
2006,11,29,22,30,-12.200000000000001,75,782,358,0.2,987,15.3,213,1
2006,11,29,23,30,-10.8,57,602,186,0.2,987,15,358,1
2006,11,30,0,30,-9.3,18,148,24,0.2,988,9.9,55,0.7000000000000001
2006,11,30,1,30,-10,0,0,0,0.2,989,7.7,89,0.9
2006,11,30,2,30,-10.5,0,0,0,0.2,989,6.5,110,1.1
2006,11,30,3,30,-11.600000000000001,0,0,0,0.2,990,5.800000000000001,125,1.2000000000000002
2006,11,30,4,30,-12.700000000000001,0,0,0,0.2,991,5.2,139,1.3
2006,11,30,5,30,-13.700000000000001,0,0,0,0.2,992,4.6000000000000005,147,1.3
2006,11,30,6,30,-14.5,0,0,0,0.2,992,3.9000000000000004,147,1.3
2006,11,30,7,30,-15.4,0,0,0,0.2,993,3.2,143,1.3
2006,11,30,8,30,-16.3,0,0,0,0.2,993,2.8000000000000003,140,1.5
2006,11,30,9,30,-17.400000000000002,0,0,0,0.2,993,2.7,137,1.7000000000000002
2006,11,30,10,30,-18.3,0,0,0,0.2,993,2.6,137,1.9000000000000001
2006,11,30,11,30,-18.7,0,0,0,0.2,993,2.5,137,2
2006,11,30,12,30,-18.8,0,0,0,0.2,993,2.5,137,2
2006,11,30,13,30,-18.8,0,0,0,0.2,993,2.5,138,2.1
2006,11,30,14,30,-18.7,0,0,0,0.2,994,3.2,138,2.2
2006,11,30,15,30,-18,39,420,89,0.2,994,6.1000000000000005,137,2.9000000000000004
2006,11,30,16,30,-18.8,66,692,263,0.2,995,10,137,3.6
2006,11,30,17,30,-21.1,81,813,418,0.2,995,13,134,3.3000000000000003
2006,11,30,18,30,-21.700000000000003,88,873,528,0.2,995,15.3,122,2.1
2006,11,30,19,30,-21.5,92,893,577,0.2,994,16.7,79,1.1
2006,11,30,20,30,-21.200000000000003,91,887,562,0.2,994,17.5,29,1.2000000000000002
2006,11,30,21,30,-20.6,80,870,488,0.2,993,17.5,10,1.7000000000000002
2006,11,30,22,30,-20.1,70,794,356,0.2,993,16.7,6,1.8
2006,11,30,23,30,-18.400000000000002,52,630,187,0.2,992,16.1,4,1.7000000000000002
2009,12,1,0,30,0.2,16,246,26,0.24,982,13.700000000000001,5,1.6
2009,12,1,1,30,-1.1,0,0,0,0.24,983,11.4,8,1.5
2009,12,1,2,30,-1.2000000000000002,0,0,0,0.24,983,10.9,10,1.2000000000000002
2009,12,1,3,30,-1.9000000000000001,0,0,0,0.24,983,11.100000000000001,161,0.7000000000000001
2009,12,1,4,30,-2.5,0,0,0,0.24,983,10.9,269,0.6000000000000001
2009,12,1,5,30,-2.8000000000000003,0,0,0,0.24,983,10.100000000000001,226,0.9
2009,12,1,6,30,-3,0,0,0,0.24,982,9.5,225,1
2009,12,1,7,30,-3.4000000000000004,0,0,0,0.24,982,9.4,229,1
2009,12,1,8,30,-3.9000000000000004,0,0,0,0.24,982,9.600000000000001,237,0.9
2009,12,1,9,30,-4.3,0,0,0,0.24,982,9.700000000000001,249,0.7000000000000001
2009,12,1,10,30,-4.6000000000000005,0,0,0,0.24,981,9.4,265,0.5
2009,12,1,11,30,-4.7,0,0,0,0.24,981,9,245,0.4
2009,12,1,12,30,-4.9,0,0,0,0.24,981,8.4,211,0.5
2009,12,1,13,30,-5.2,0,0,0,0.24,981,7.800000000000001,199,0.7000000000000001
2009,12,1,14,30,-5.300000000000001,0,0,0,0.24,981,7.800000000000001,187,0.7000000000000001
2009,12,1,15,30,-5,37,405,84,0.24,981,9.4,176,0.7000000000000001
2009,12,1,16,30,-3.1,65,681,256,0.24,981,12.200000000000001,175,0.7000000000000001
2009,12,1,17,30,-5.1000000000000005,81,798,409,0.24,981,15.200000000000001,249,0.6000000000000001
2009,12,1,18,30,-4.9,91,854,518,0.24,980,17.900000000000002,328,0.7000000000000001
2009,12,1,19,30,-5.4,97,870,567,0.24,980,19.3,334,1.3
2009,12,1,20,30,-5.300000000000001,94,790,512,0.24,979,19.8,337,1.7000000000000002
2009,12,1,21,30,-4.9,152,509,389,0.24,978,19.6,342,1.9000000000000001
2009,12,1,22,30,-4.4,139,288,242,0.24,978,18.5,348,1.8
2009,12,1,23,30,-2.7,70,322,138,0.24,978,17.7,351,1.8
2009,12,2,0,30,0.8,18,0,18,0.24,978,12.3,352,1
2009,12,2,1,30,-0.5,0,0,0,0.24,979,11,353,0.8
2009,12,2,2,30,-0.5,0,0,0,0.24,979,10.700000000000001,285,0.5
2009,12,2,3,30,-0.30000000000000004,0,0,0,0.24,979,10.100000000000001,215,0.6000000000000001
2009,12,2,4,30,-0.30000000000000004,0,0,0,0.24,979,9.4,215,0.8
2009,12,2,5,30,-0.30000000000000004,0,0,0,0.24,979,8.8,218,0.9
2009,12,2,6,30,-0.4,0,0,0,0.24,979,8.4,220,1
2009,12,2,7,30,-0.5,0,0,0,0.24,979,8,224,1
2009,12,2,8,30,-0.5,0,0,0,0.24,979,7.7,227,1
2009,12,2,9,30,-0.6000000000000001,0,0,0,0.24,979,7.5,231,1
2009,12,2,10,30,-0.6000000000000001,0,0,0,0.24,979,7.5,236,1.1
2009,12,2,11,30,-0.5,0,0,0,0.24,979,7.300000000000001,240,1.1
2009,12,2,12,30,-0.30000000000000004,0,0,0,0.24,980,7,241,1.1
2009,12,2,13,30,0.1,0,0,0,0.24,980,6.800000000000001,240,1.1
2009,12,2,14,30,0.6000000000000001,0,0,0,0.24,980,6.9,241,1
2009,12,2,15,30,1.1,39,346,78,0.24,980,8.700000000000001,246,0.9
2009,12,2,16,30,2.1,72,632,247,0.24,980,11.600000000000001,267,0.8
2009,12,2,17,30,1.6,88,765,400,0.24,980,14.3,298,0.9
2009,12,2,18,30,0.9,92,850,514,0.24,980,16.3,316,1.4000000000000001
2009,12,2,19,30,0.8,95,873,565,0.24,979,17.5,322,2
2009,12,2,20,30,0.9,93,869,551,0.24,978,18.1,327,2.5
2009,12,2,21,30,0.9,88,832,475,0.24,978,18,332,2.8000000000000003
2009,12,2,22,30,0.7000000000000001,76,750,345,0.24,978,17.1,338,2.8000000000000003
2009,12,2,23,30,0.8,56,582,179,0.24,978,16.400000000000002,340,2.6
2009,12,3,0,30,2.3000000000000003,16,162,22,0.24,978,11.3,349,1
2009,12,3,1,30,1.5,0,0,0,0.24,979,9.8,204,0.6000000000000001
2009,12,3,2,30,1.3,0,0,0,0.24,979,8.9,113,0.5
2009,12,3,3,30,1.2000000000000002,0,0,0,0.24,979,7.800000000000001,176,0.9
2009,12,3,4,30,1.1,0,0,0,0.24,979,6.9,189,1
2009,12,3,5,30,1,0,0,0,0.24,979,6.4,201,1.1
2009,12,3,6,30,0.8,0,0,0,0.24,980,6.300000000000001,213,1
2009,12,3,7,30,0.6000000000000001,0,0,0,0.24,980,6.300000000000001,226,1
2009,12,3,8,30,0.4,0,0,0,0.24,980,6.4,239,0.9
2009,12,3,9,30,0.30000000000000004,0,0,0,0.24,980,6.2,251,0.9
2009,12,3,10,30,0.30000000000000004,0,0,0,0.24,980,5.7,258,0.9
2009,12,3,11,30,0.30000000000000004,0,0,0,0.24,980,5.300000000000001,259,0.9
2009,12,3,12,30,0.4,0,0,0,0.24,981,4.9,256,0.8
2009,12,3,13,30,0.4,0,0,0,0.24,981,4.5,248,0.9
2009,12,3,14,30,0.5,0,0,0,0.24,982,4.4,236,0.9
2009,12,3,15,30,0.8,37,381,79,0.24,982,6.4,229,1.1
2009,12,3,16,30,1.3,67,670,251,0.24,983,9.8,222,1.3
2009,12,3,17,30,0.9,82,801,407,0.24,983,12.9,198,1.3
2009,12,3,18,30,-0.9,87,872,519,0.24,983,15.600000000000001,170,1.2000000000000002
2009,12,3,19,30,-2.3000000000000003,89,899,571,0.24,982,17.3,141,0.9
2009,12,3,20,30,-3.1,87,903,561,0.24,982,18.3,70,0.8
2009,12,3,21,30,-3.4000000000000004,78,883,488,0.24,981,18.6,14,0.9
2009,12,3,22,30,-3.4000000000000004,69,806,356,0.24,981,17.900000000000002,183,1
2009,12,3,23,30,-1.7000000000000002,51,637,185,0.24,982,17.3,358,0.9
2009,12,4,0,30,0.30000000000000004,16,213,24,0.24,982,12.700000000000001,354,0.6000000000000001
2009,12,4,1,30,-0.4,0,0,0,0.24,983,11.100000000000001,325,0.4
2009,12,4,2,30,-0.2,0,0,0,0.24,984,10.3,267,0.30000000000000004
2009,12,4,3,30,-0.7000000000000001,0,0,0,0.24,985,9.8,233,0.30000000000000004
2009,12,4,4,30,-1,0,0,0,0.24,985,9.3,218,0.4
2009,12,4,5,30,-1.5,0,0,0,0.24,985,8.6,179,0.5
2009,12,4,6,30,-2.1,0,0,0,0.24,986,7.6000000000000005,144,0.9
2009,12,4,7,30,-3.2,0,0,0,0.24,985,6.300000000000001,132,1.2000000000000002
2009,12,4,8,30,-4.4,0,0,0,0.24,985,5.300000000000001,131,1.4000000000000001
2009,12,4,9,30,-5.7,0,0,0,0.24,985,4.9,133,1.7000000000000002
2009,12,4,10,30,-7,0,0,0,0.24,985,4.7,135,2
2009,12,4,11,30,-8.5,0,0,0,0.24,985,4.5,138,2.2
2009,12,4,12,30,-9.8,0,0,0,0.24,985,4.4,141,2.4000000000000004
2009,12,4,13,30,-10.9,0,0,0,0.24,985,4.3,145,2.5
2009,12,4,14,30,-11.4,0,0,0,0.24,986,4.800000000000001,148,2.5
2009,12,4,15,30,-11.100000000000001,37,192,57,0.24,986,7.4,149,2.9000000000000004
2009,12,4,16,30,-10.5,105,48,118,0.24,987,11.200000000000001,148,3.3000000000000003
2009,12,4,17,30,-12.200000000000001,76,854,420,0.24,987,14.5,139,3.3000000000000003
2009,12,4,18,30,-13.5,165,500,412,0.24,987,17.3,124,2.7
2009,12,4,19,30,-13.700000000000001,88,928,583,0.24,986,19.1,92,1.8
2009,12,4,20,30,-13.4,89,917,569,0.24,985,19.8,51,1.5
2009,12,4,21,30,-12.9,85,880,492,0.24,984,19.6,31,1.7000000000000002
2009,12,4,22,30,-12.200000000000001,74,801,359,0.24,984,18.2,28,1.4000000000000001
2009,12,4,23,30,-4.6000000000000005,54,641,189,0.24,984,17.2,29,1
2009,12,5,0,30,-3.6,17,207,25,0.23,984,12.700000000000001,40,0.9
2009,12,5,1,30,-5.5,0,0,0,0.23,984,11.8,59,0.8
2009,12,5,2,30,-5,0,0,0,0.23,984,11.3,83,0.7000000000000001
2009,12,5,3,30,-4.2,0,0,0,0.23,984,10.9,108,0.7000000000000001
2009,12,5,4,30,-3.8000000000000003,0,0,0,0.23,984,10.5,148,0.6000000000000001
2009,12,5,5,30,-3.1,0,0,0,0.23,983,10.100000000000001,202,0.7000000000000001
2009,12,5,6,30,-1.7000000000000002,0,0,0,0.23,983,9.600000000000001,238,0.8
2009,12,5,7,30,0,0,0,0,0.23,983,9.200000000000001,254,0.8
2009,12,5,8,30,1.5,0,0,0,0.23,982,8.8,256,0.7000000000000001
2009,12,5,9,30,2.7,0,0,0,0.23,982,8.5,231,0.6000000000000001
2009,12,5,10,30,3.4000000000000004,0,0,0,0.23,981,8.1,195,0.6000000000000001
2009,12,5,11,30,3.4000000000000004,0,0,0,0.23,980,7.800000000000001,177,0.8
2009,12,5,12,30,3,0,0,0,0.23,979,7.6000000000000005,176,0.9
2009,12,5,13,30,2.5,0,0,0,0.23,979,7.5,181,0.9
2009,12,5,14,30,2.1,0,0,0,0.23,979,7.5,185,1
2009,12,5,15,30,1.9000000000000001,37,48,42,0.23,979,8.5,184,0.9
2009,12,5,16,30,2.1,107,127,141,0.23,979,10.5,223,0.6000000000000001
2009,12,5,17,30,1.6,90,741,386,0.23,979,13,295,0.8
2009,12,5,18,30,1.1,89,837,500,0.23,978,15,327,1.5
2009,12,5,19,30,1,92,866,553,0.23,977,16.2,328,2.2
2009,12,5,20,30,1.1,92,865,544,0.23,976,16.6,328,2.9000000000000004
2009,12,5,21,30,1.1,94,811,468,0.23,975,16.3,326,3.2
2009,12,5,22,30,1.2000000000000002,84,720,339,0.23,974,15.3,320,3
2009,12,5,23,30,1.3,62,543,176,0.23,974,14.700000000000001,317,2.7
2009,12,6,0,30,2.1,17,123,22,0.23,974,9.8,327,1.2000000000000002
2009,12,6,1,30,2.2,0,0,0,0.23,974,7.9,331,1.1
2009,12,6,2,30,2.4000000000000004,0,0,0,0.23,975,7,325,1.1
2009,12,6,3,30,2.4000000000000004,0,0,0,0.23,975,6.2,318,1.1
2009,12,6,4,30,2.4000000000000004,0,0,0,0.23,976,5.5,316,1.1
2009,12,6,5,30,2.5,0,0,0,0.23,976,5.1000000000000005,320,1
2009,12,6,6,30,2.4000000000000004,0,0,0,0.23,976,4.9,321,0.9
2009,12,6,7,30,2.4000000000000004,0,0,0,0.23,976,4.800000000000001,312,0.7000000000000001
2009,12,6,8,30,2.3000000000000003,0,0,0,0.23,976,4.800000000000001,263,0.4
2009,12,6,9,30,2.2,0,0,0,0.23,976,4.4,206,0.5
2009,12,6,10,30,2.2,0,0,0,0.23,976,3.8000000000000003,192,0.8
2009,12,6,11,30,2.2,0,0,0,0.23,976,3.2,197,1
2009,12,6,12,30,2.2,0,0,0,0.23,977,2.8000000000000003,199,1.1
2009,12,6,13,30,2.1,0,0,0,0.23,977,2.6,193,1.2000000000000002
2009,12,6,14,30,2,0,0,0,0.23,978,2.8000000000000003,185,1.2000000000000002
2009,12,6,15,30,1.8,43,233,67,0.23,978,4.6000000000000005,179,1.7000000000000002
2009,12,6,16,30,1.6,90,528,231,0.23,978,7.300000000000001,176,2.2
2009,12,6,17,30,1.2000000000000002,112,688,386,0.23,977,9.600000000000001,176,2.2
2009,12,6,18,30,0.5,101,838,510,0.23,976,11.5,184,2.1
2009,12,6,19,30,-0.5,103,861,559,0.23,975,13,218,2.1
2009,12,6,20,30,-1.5,100,861,548,0.23,974,13.9,256,2.5
2009,12,6,21,30,-1.8,202,201,295,0.23,974,13.9,273,2.9000000000000004
2009,12,6,22,30,-1.6,66,712,318,0.23,974,13.100000000000001,276,3
2009,12,6,23,30,-0.8,78,189,117,0.23,974,12.5,275,3
2009,12,7,0,30,0.8,10,0,10,0.24,974,9.5,274,1.8
2009,12,7,1,30,1.7000000000000002,0,0,0,0.24,974,8.5,267,1.4000000000000001
2009,12,7,2,30,2.6,0,0,0,0.24,974,8.3,249,1.2000000000000002
2009,12,7,3,30,3.1,0,0,0,0.24,974,8.200000000000001,225,1.2000000000000002
2009,12,7,4,30,3.5,0,0,0,0.24,974,8.1,209,1.3
2009,12,7,5,30,3.8000000000000003,0,0,0,0.24,974,7.9,206,1.4000000000000001
2009,12,7,6,30,4.1000000000000005,0,0,0,0.24,974,7.7,197,1.5
2009,12,7,7,30,4.5,0,0,0,0.24,974,7.5,180,1.5
2009,12,7,8,30,4.7,0,0,0,0.24,974,7.300000000000001,170,1.7000000000000002
2009,12,7,9,30,4.7,0,0,0,0.24,973,7.1000000000000005,163,2
2009,12,7,10,30,4.7,0,0,0,0.24,973,6.9,153,2.4000000000000004
2009,12,7,11,30,4.5,0,0,0,0.24,972,6.7,143,2.8000000000000003
2009,12,7,12,30,4.4,0,0,0,0.24,971,6.5,136,3
2009,12,7,13,30,4.2,0,0,0,0.24,970,6.2,134,3.2
2009,12,7,14,30,4,0,0,0,0.24,970,6.1000000000000005,134,3.4000000000000004
2009,12,7,15,30,3.9000000000000004,12,0,12,0.24,969,6.300000000000001,138,3.5
2009,12,7,16,30,4.1000000000000005,77,0,77,0.24,969,7.1000000000000005,149,3.7
2009,12,7,17,30,4.3,135,2,135,0.24,968,8.4,171,4
2009,12,7,18,30,4.6000000000000005,208,278,343,0.24,968,9.8,200,4.4
2009,12,7,19,30,4.9,49,0,49,0.24,967,10.4,234,4.800000000000001
2009,12,7,20,30,4.9,170,5,172,0.24,966,9.9,264,5.5
2009,12,7,21,30,4.3,11,0,11,0.24,966,9,286,6.2
2009,12,7,22,30,2.9000000000000004,65,0,65,0.24,967,7.800000000000001,299,6.2
2009,12,7,23,30,1.6,10,0,10,0.24,967,7.2,305,6
2009,12,8,0,30,1.2000000000000002,18,96,22,0.24,968,5.1000000000000005,313,4.5
2009,12,8,1,30,0.9,0,0,0,0.24,969,4.1000000000000005,314,4.1000000000000005
2009,12,8,2,30,0.5,0,0,0,0.24,970,3.4000000000000004,312,4
2009,12,8,3,30,0.1,0,0,0,0.24,971,2.8000000000000003,310,3.6
2009,12,8,4,30,-0.4,0,0,0,0.24,972,1.9000000000000001,309,2.9000000000000004
2009,12,8,5,30,-0.9,0,0,0,0.24,973,0.9,305,2.1
2009,12,8,6,30,-1.5,0,0,0,0.24,974,0.1,300,1.6
2009,12,8,7,30,-2,0,0,0,0.24,974,-0.5,294,1.4000000000000001
2009,12,8,8,30,-2.4000000000000004,0,0,0,0.24,976,-1,290,1.1
2009,12,8,9,30,-2.9000000000000004,0,0,0,0.24,977,-1.2000000000000002,286,0.9
2009,12,8,10,30,-3.3000000000000003,0,0,0,0.24,977,-1.2000000000000002,268,0.6000000000000001
2009,12,8,11,30,-3.7,0,0,0,0.24,978,-1.3,226,0.4
2009,12,8,12,30,-3.9000000000000004,0,0,0,0.24,979,-1.2000000000000002,172,0.5
2009,12,8,13,30,-4.1000000000000005,0,0,0,0.24,980,-1.3,140,0.6000000000000001
2009,12,8,14,30,-4.2,0,0,0,0.24,981,-1.1,136,0.8
2009,12,8,15,30,-4,33,414,73,0.24,981,0.5,141,1.1
2009,12,8,16,30,-3.4000000000000004,62,714,248,0.24,982,3,146,1.1
2009,12,8,17,30,-4.5,76,844,408,0.24,983,5,235,0.8
2009,12,8,18,30,-6,86,887,516,0.24,983,6.6000000000000005,330,1.2000000000000002
2009,12,8,19,30,-6.800000000000001,90,911,569,0.24,982,7.6000000000000005,341,1.8
2009,12,8,20,30,-7.2,87,902,554,0.24,982,8.1,348,2.1
2009,12,8,21,30,-7.300000000000001,81,873,481,0.24,982,7.9,353,2.2
2009,12,8,22,30,-7.300000000000001,71,798,353,0.24,982,7.2,182,2.2
2009,12,8,23,30,-7.2,53,625,183,0.24,982,6.7,9,2.2
2009,12,9,0,30,-5.2,17,207,24,0.24,983,2.6,51,1.1
2009,12,9,1,30,-5.300000000000001,0,0,0,0.24,983,1.1,83,1
2009,12,9,2,30,-5.6000000000000005,0,0,0,0.24,984,0.6000000000000001,109,1
2009,12,9,3,30,-5.800000000000001,0,0,0,0.24,984,0.5,133,1.1
2009,12,9,4,30,-6,0,0,0,0.24,984,0.4,150,1
2009,12,9,5,30,-6.2,0,0,0,0.24,984,-0.1,159,1
2009,12,9,6,30,-7.1000000000000005,0,0,0,0.24,984,-0.4,160,1
2009,12,9,7,30,-7.4,0,0,0,0.24,984,-0.1,158,1
2009,12,9,8,30,-7.300000000000001,0,0,0,0.24,984,0.2,155,1
2009,12,9,9,30,-7.300000000000001,0,0,0,0.24,984,0.2,148,1
2009,12,9,10,30,-7.1000000000000005,0,0,0,0.24,984,0,143,1
2009,12,9,11,30,-7.2,0,0,0,0.24,984,-0.30000000000000004,145,1.1
2009,12,9,12,30,-7.4,0,0,0,0.24,984,-0.7000000000000001,148,1.1
2009,12,9,13,30,-7.800000000000001,0,0,0,0.24,984,-1,145,1.2000000000000002
2009,12,9,14,30,-7.9,0,0,0,0.24,985,-0.6000000000000001,146,1.1
2009,12,9,15,30,-7.5,31,421,71,0.24,985,1.6,139,1
2009,12,9,16,30,-6.800000000000001,57,733,247,0.24,985,4.800000000000001,100,1.4000000000000001
2009,12,9,17,30,-7.800000000000001,71,855,405,0.24,985,7.2,65,1.8
2009,12,9,18,30,-8.1,79,908,517,0.24,985,8.8,54,1.7000000000000002
2009,12,9,19,30,-8.1,82,931,571,0.24,984,9.9,42,1.5
2009,12,9,20,30,-7.9,82,926,561,0.24,983,10.600000000000001,25,1.4000000000000001
2009,12,9,21,30,-7.7,79,888,486,0.24,983,10.700000000000001,186,1.4000000000000001
2009,12,9,22,30,-7.5,70,803,353,0.24,983,10.100000000000001,358,1.5
2009,12,9,23,30,-6.800000000000001,52,643,186,0.24,983,9.5,357,1.5
2009,12,10,0,30,-3.9000000000000004,17,224,26,0.24,983,4.2,11,1.1
2009,12,10,1,30,-5.4,0,0,0,0.24,983,2.3000000000000003,29,1.1
2009,12,10,2,30,-6,0,0,0,0.24,983,2,57,1.1
2009,12,10,3,30,-6.6000000000000005,0,0,0,0.24,983,2.3000000000000003,96,1
2009,12,10,4,30,-6.9,0,0,0,0.24,983,2.3000000000000003,134,1
2009,12,10,5,30,-7,0,0,0,0.24,983,2.1,153,1.1
2009,12,10,6,30,-7,0,0,0,0.24,983,2.2,157,1.1
2009,12,10,7,30,-6.800000000000001,0,0,0,0.24,983,2.5,155,1.1
2009,12,10,8,30,-6.4,0,0,0,0.24,983,2.7,150,1.1
2009,12,10,9,30,-6.1000000000000005,0,0,0,0.24,983,2.6,144,1.1
2009,12,10,10,30,-6.2,0,0,0,0.24,983,2.5,142,1.1
2009,12,10,11,30,-6.4,0,0,0,0.24,982,2.4000000000000004,142,1.1
2009,12,10,12,30,-6.300000000000001,0,0,0,0.24,982,2.3000000000000003,144,1.1
2009,12,10,13,30,-6.2,0,0,0,0.24,983,2.3000000000000003,146,1.1
2009,12,10,14,30,-5.9,0,0,0,0.24,983,2.6,147,1.1
2009,12,10,15,30,-4.9,33,68,39,0.24,983,4.5,147,1.3
2009,12,10,16,30,-4.1000000000000005,78,0,78,0.24,983,7.4,148,1.9000000000000001
2009,12,10,17,30,-4.7,155,38,170,0.24,983,9.8,147,2
2009,12,10,18,30,-4.6000000000000005,83,836,485,0.24,982,11.5,153,1.6
2009,12,10,19,30,-3.7,183,493,441,0.24,982,12.3,166,1.4000000000000001
2009,12,10,20,30,-2.5,226,72,263,0.24,981,12.5,174,1.2000000000000002
2009,12,10,21,30,-1.2000000000000002,171,19,180,0.24,980,12.5,160,1
2009,12,10,22,30,0.2,23,0,23,0.24,980,12,129,0.9
2009,12,10,23,30,3,78,31,84,0.24,980,11.5,113,0.8
2009,12,11,0,30,2.7,6,0,6,0.24,980,9.200000000000001,113,1.3
2009,12,11,1,30,2.9000000000000004,0,0,0,0.24,979,8.6,119,1.8
2009,12,11,2,30,3.8000000000000003,0,0,0,0.24,979,8.200000000000001,129,2.2
2009,12,11,3,30,4.7,0,0,0,0.24,980,7.7,143,2.3000000000000003
2009,12,11,4,30,5.2,0,0,0,0.24,980,7.300000000000001,147,2.4000000000000004
2009,12,11,5,30,5.2,0,0,0,0.24,980,7.2,137,3
2009,12,11,6,30,4.9,0,0,0,0.24,980,7.2,128,3.5
2009,12,11,7,30,4.7,0,0,0,0.24,980,7.1000000000000005,126,3.4000000000000004
2009,12,11,8,30,4.7,0,0,0,0.24,980,7.1000000000000005,133,3.3000000000000003
2009,12,11,9,30,4.6000000000000005,0,0,0,0.24,979,7.2,140,3.4000000000000004
2009,12,11,10,30,4.800000000000001,0,0,0,0.24,979,7.1000000000000005,144,3.2
2009,12,11,11,30,4.9,0,0,0,0.24,979,6.9,146,2.9000000000000004
2009,12,11,12,30,5,0,0,0,0.24,980,6.800000000000001,148,2.7
2009,12,11,13,30,5.2,0,0,0,0.24,980,6.9,153,2.6
2009,12,11,14,30,5.5,0,0,0,0.24,980,7.1000000000000005,157,2.6
2009,12,11,15,30,5.800000000000001,31,6,31,0.24,981,8.200000000000001,161,3
2009,12,11,16,30,6.5,95,22,100,0.24,981,10.100000000000001,168,3.4000000000000004
2009,12,11,17,30,7.5,128,450,303,0.24,981,12.100000000000001,178,3.4000000000000004
2009,12,11,18,30,8.200000000000001,213,194,306,0.24,981,13.700000000000001,187,3.2
2009,12,11,19,30,8.4,61,0,61,0.24,980,14.700000000000001,196,2.9000000000000004
2009,12,11,20,30,8.4,194,20,205,0.24,980,15.3,204,2.5
2009,12,11,21,30,8.4,138,0,138,0.24,979,15.3,207,2.1
2009,12,11,22,30,8.5,102,0,102,0.24,979,14.700000000000001,194,1.6
2009,12,11,23,30,9.3,35,0,35,0.24,979,14.3,182,1.3
2009,12,12,0,30,8.9,17,112,22,0.24,979,11.3,150,1.4000000000000001
2009,12,12,1,30,8.3,0,0,0,0.24,979,10.4,154,1.8
2009,12,12,2,30,8.200000000000001,0,0,0,0.24,979,10.200000000000001,159,2.3000000000000003
2009,12,12,3,30,8.200000000000001,0,0,0,0.24,979,10,161,2.7
2009,12,12,4,30,8.1,0,0,0,0.24,979,9.700000000000001,162,2.9000000000000004
2009,12,12,5,30,8.1,0,0,0,0.24,979,9.5,163,2.9000000000000004
2009,12,12,6,30,8.1,0,0,0,0.24,979,9.4,163,2.7
2009,12,12,7,30,8.200000000000001,0,0,0,0.24,979,9.3,161,2.4000000000000004
2009,12,12,8,30,8.200000000000001,0,0,0,0.24,979,9.1,157,2.1
2009,12,12,9,30,8.3,0,0,0,0.24,979,9.1,153,2
2009,12,12,10,30,8.3,0,0,0,0.24,979,9.200000000000001,149,2
2009,12,12,11,30,8.4,0,0,0,0.24,978,9.4,145,2.1
2009,12,12,12,30,8.6,0,0,0,0.24,978,9.700000000000001,142,2.3000000000000003
2009,12,12,13,30,8.700000000000001,0,0,0,0.24,978,10,141,2.5
2009,12,12,14,30,9,0,0,0,0.24,978,10.4,142,2.6
2009,12,12,15,30,9.3,30,274,55,0.24,978,11.600000000000001,148,2.9000000000000004
2009,12,12,16,30,10.100000000000001,68,501,194,0.24,978,13.4,165,3.2
2009,12,12,17,30,10.700000000000001,160,64,184,0.24,978,15.100000000000001,190,3.6
2009,12,12,18,30,10.700000000000001,173,441,383,0.24,977,16.5,207,4.5
2009,12,12,19,30,10,238,122,301,0.24,976,17.400000000000002,212,5.300000000000001
2009,12,12,20,30,9.1,173,6,176,0.24,975,17.7,212,5.9
2009,12,12,21,30,8.9,42,0,42,0.24,975,17.3,210,5.9
2009,12,12,22,30,9.200000000000001,111,0,111,0.24,975,16.3,202,5.5
2009,12,12,23,30,10,4,0,4,0.24,974,15.700000000000001,196,5.1000000000000005
2009,12,13,0,30,10.600000000000001,15,0,15,0.22,973,13.9,183,5
2009,12,13,1,30,10.9,0,0,0,0.22,973,13.700000000000001,193,5.5
2009,12,13,2,30,11.200000000000001,0,0,0,0.22,973,13.3,221,5.5
2009,12,13,3,30,10.5,0,0,0,0.22,974,12.100000000000001,244,4.800000000000001
2009,12,13,4,30,9.3,0,0,0,0.22,975,10.4,245,3.6
2009,12,13,5,30,8.1,0,0,0,0.22,975,9.4,238,2.9000000000000004
2009,12,13,6,30,7.6000000000000005,0,0,0,0.22,975,9.200000000000001,234,2.7
2009,12,13,7,30,7.6000000000000005,0,0,0,0.22,975,9,229,2.5
2009,12,13,8,30,7.6000000000000005,0,0,0,0.22,975,8.9,229,2.3000000000000003
2009,12,13,9,30,7.4,0,0,0,0.22,976,8.700000000000001,233,2.3000000000000003
2009,12,13,10,30,7.1000000000000005,0,0,0,0.22,976,8.5,238,2.2
2009,12,13,11,30,6.9,0,0,0,0.22,977,8.1,241,2
2009,12,13,12,30,6.5,0,0,0,0.22,977,7.6000000000000005,237,1.7000000000000002
2009,12,13,13,30,6.1000000000000005,0,0,0,0.22,978,7.1000000000000005,230,1.5
2009,12,13,14,30,5.800000000000001,0,0,0,0.22,979,7,226,1.4000000000000001
2009,12,13,15,30,5.800000000000001,28,0,28,0.22,980,8.4,221,1.8
2009,12,13,16,30,6.5,99,109,126,0.22,980,10.4,223,2.7
2009,12,13,17,30,6.5,163,104,203,0.22,981,11.9,234,3.3000000000000003
2009,12,13,18,30,6.2,210,93,254,0.22,981,13.100000000000001,244,3.5
2009,12,13,19,30,6,112,791,523,0.22,980,13.9,255,3.7
2009,12,13,20,30,6.2,108,796,517,0.22,980,14.200000000000001,265,3.6
2009,12,13,21,30,6.4,106,747,446,0.22,980,14,275,3.4000000000000004
2009,12,13,22,30,6.6000000000000005,93,655,324,0.22,980,13.4,283,2.9000000000000004
2009,12,13,23,30,6.9,79,39,87,0.22,980,13,287,2.5
2009,12,14,0,30,7.4,11,0,11,0.23,980,10.5,303,0.8
2009,12,14,1,30,7.300000000000001,0,0,0,0.23,981,9.700000000000001,289,0.5
2009,12,14,2,30,7.4,0,0,0,0.23,981,9.200000000000001,254,0.6000000000000001
2009,12,14,3,30,7.300000000000001,0,0,0,0.23,981,8.700000000000001,236,0.8
2009,12,14,4,30,7.2,0,0,0,0.23,982,8.200000000000001,239,1
2009,12,14,5,30,7.1000000000000005,0,0,0,0.23,982,7.7,249,1.1
2009,12,14,6,30,6.9,0,0,0,0.23,983,7.1000000000000005,258,1.2000000000000002
2009,12,14,7,30,6.7,0,0,0,0.23,983,6.7,263,1.2000000000000002
2009,12,14,8,30,6.4,0,0,0,0.23,983,6.4,264,1.1
2009,12,14,9,30,6.300000000000001,0,0,0,0.23,983,6.300000000000001,263,1
2009,12,14,10,30,6.2,0,0,0,0.23,983,6.2,263,0.9
2009,12,14,11,30,6.1000000000000005,0,0,0,0.23,983,6.1000000000000005,268,0.8
2009,12,14,12,30,6,0,0,0,0.23,984,6.2,275,0.9
2009,12,14,13,30,6,0,0,0,0.23,985,6.2,276,0.9
2009,12,14,14,30,5.9,0,0,0,0.23,985,6.5,275,1
2009,12,14,15,30,6,35,201,52,0.23,986,7.2,276,1
2009,12,14,16,30,6.300000000000001,97,64,113,0.23,987,8.4,144,0.9
2009,12,14,17,30,6.6000000000000005,100,694,365,0.23,987,10.200000000000001,184,0.9
2009,12,14,18,30,6.4,100,806,482,0.23,987,11.9,180,1
2009,12,14,19,30,5.6000000000000005,98,856,542,0.23,986,13.200000000000001,26,0.8
2009,12,14,20,30,4.9,90,873,537,0.23,985,14.100000000000001,188,0.7000000000000001
2009,12,14,21,30,4.2,90,823,465,0.23,985,14.4,326,1.2000000000000002
2009,12,14,22,30,3.7,79,742,341,0.23,986,14,321,1.5
2009,12,14,23,30,3.7,59,565,178,0.23,986,13.600000000000001,317,1.3
2009,12,15,0,30,4.5,19,143,24,0.23,986,9.4,332,0.9
2009,12,15,1,30,3.8000000000000003,0,0,0,0.23,987,8.4,177,0.8
2009,12,15,2,30,3.8000000000000003,0,0,0,0.23,987,8.1,68,0.6000000000000001
2009,12,15,3,30,3.7,0,0,0,0.23,987,7.7,137,0.7000000000000001
2009,12,15,4,30,3.4000000000000004,0,0,0,0.23,987,7.300000000000001,160,0.9
2009,12,15,5,30,3.1,0,0,0,0.23,987,7.1000000000000005,169,1
2009,12,15,6,30,2.6,0,0,0,0.23,987,6.9,167,1
2009,12,15,7,30,2.2,0,0,0,0.23,987,6.5,156,1.1
2009,12,15,8,30,1.8,0,0,0,0.23,987,6.2,152,1.2000000000000002
2009,12,15,9,30,1.4000000000000001,0,0,0,0.23,987,6.2,155,1.3
2009,12,15,10,30,1.2000000000000002,0,0,0,0.23,987,6.4,156,1.2000000000000002
2009,12,15,11,30,1.1,0,0,0,0.23,987,6.300000000000001,154,1.2000000000000002
2009,12,15,12,30,0.9,0,0,0,0.23,987,6.2,151,1.2000000000000002
2009,12,15,13,30,0.9,0,0,0,0.23,987,6.2,149,1.2000000000000002
2009,12,15,14,30,1,0,0,0,0.23,987,6.4,144,1.2000000000000002
2009,12,15,15,30,1.3,29,56,34,0.23,988,7.7,140,1.2000000000000002
2009,12,15,16,30,2.6,96,61,111,0.23,988,10.5,142,1.8
2009,12,15,17,30,2.2,145,326,269,0.23,989,13.700000000000001,139,2.7
2009,12,15,18,30,1.5,98,799,475,0.23,988,16.3,133,3
2009,12,15,19,30,0.4,104,823,531,0.23,988,17.900000000000002,130,2.8000000000000003
2009,12,15,20,30,-0.2,205,368,394,0.23,987,18.3,125,2.1
2009,12,15,21,30,-0.1,199,91,240,0.23,987,18.1,118,1.4000000000000001
2009,12,15,22,30,1.2000000000000002,114,446,272,0.23,987,17.400000000000002,91,0.7000000000000001
2009,12,15,23,30,5.2,80,163,114,0.23,987,16.8,68,0.30000000000000004
2009,12,16,0,30,2.4000000000000004,17,0,17,0.23,987,14,51,0.8
2009,12,16,1,30,2.1,0,0,0,0.23,988,13.100000000000001,58,0.9
2009,12,16,2,30,1.6,0,0,0,0.23,988,12.700000000000001,78,0.7000000000000001
2009,12,16,3,30,1.2000000000000002,0,0,0,0.23,988,12.200000000000001,112,0.6000000000000001
2009,12,16,4,30,0.6000000000000001,0,0,0,0.23,988,11.700000000000001,147,0.7000000000000001
2009,12,16,5,30,0.5,0,0,0,0.23,988,11.100000000000001,171,0.8
2009,12,16,6,30,0.4,0,0,0,0.23,988,10.5,186,0.9
2009,12,16,7,30,0,0,0,0,0.23,988,10.200000000000001,196,0.9
2009,12,16,8,30,-0.1,0,0,0,0.23,988,9.9,209,0.8
2009,12,16,9,30,-0.30000000000000004,0,0,0,0.23,988,9.600000000000001,225,0.7000000000000001
2009,12,16,10,30,-0.2,0,0,0,0.23,988,9.600000000000001,232,0.6000000000000001
2009,12,16,11,30,0,0,0,0,0.23,988,9.5,220,0.5
2009,12,16,12,30,0,0,0,0,0.23,988,9,207,0.5
2009,12,16,13,30,-0.30000000000000004,0,0,0,0.23,988,8.3,213,0.6000000000000001
2009,12,16,14,30,-0.6000000000000001,0,0,0,0.23,989,8,219,0.7000000000000001
2009,12,16,15,30,-0.4,28,293,51,0.23,989,9.3,214,0.7000000000000001
2009,12,16,16,30,1.6,60,629,214,0.23,990,12,202,0.8
2009,12,16,17,30,0.1,77,772,369,0.23,990,14.700000000000001,105,1
2009,12,16,18,30,-0.1,81,855,485,0.23,989,16.7,183,1.4000000000000001
2009,12,16,19,30,-0.1,86,878,540,0.23,988,17.8,344,1.7000000000000002
2009,12,16,20,30,0,150,582,448,0.23,987,18.2,331,1.9000000000000001
2009,12,16,21,30,0.2,86,822,460,0.23,987,18.1,323,2.4000000000000004
2009,12,16,22,30,0.5,75,740,337,0.23,987,17.2,321,2.5
2009,12,16,23,30,2,65,391,148,0.23,987,16.400000000000002,322,2.2
2009,12,17,0,30,3.8000000000000003,17,190,26,0.23,988,11.100000000000001,316,1.2000000000000002
2009,12,17,1,30,3,0,0,0,0.23,988,10,313,0.9
2009,12,17,2,30,2.7,0,0,0,0.23,988,10,269,0.7000000000000001
2009,12,17,3,30,2.6,0,0,0,0.23,988,9.9,229,0.8
2009,12,17,4,30,2.5,0,0,0,0.23,988,9.700000000000001,238,0.9
2009,12,17,5,30,2.5,0,0,0,0.23,988,9.3,254,1
2009,12,17,6,30,2.2,0,0,0,0.23,988,8.700000000000001,268,1.1
2009,12,17,7,30,2,0,0,0,0.23,988,8.200000000000001,275,1.2000000000000002
2009,12,17,8,30,2.1,0,0,0,0.23,987,7.9,273,1.1
2009,12,17,9,30,2.3000000000000003,0,0,0,0.23,987,7.6000000000000005,265,1.1
2009,12,17,10,30,2.5,0,0,0,0.23,987,7.300000000000001,256,1
2009,12,17,11,30,2.7,0,0,0,0.23,987,6.9,251,1
2009,12,17,12,30,2.9000000000000004,0,0,0,0.23,987,6.5,247,1
2009,12,17,13,30,3.1,0,0,0,0.23,987,6.4,240,1
2009,12,17,14,30,3.2,0,0,0,0.23,988,6.5,235,0.9
2009,12,17,15,30,3.3000000000000003,31,236,49,0.23,988,8.1,245,1
2009,12,17,16,30,4,19,0,19,0.23,988,10.700000000000001,262,1.3
2009,12,17,17,30,4.1000000000000005,97,0,97,0.23,988,12.700000000000001,277,1.5
2009,12,17,18,30,4.3,195,307,339,0.23,987,14.200000000000001,293,1.6
2009,12,17,19,30,4.3,196,21,206,0.23,986,15.100000000000001,309,1.8
2009,12,17,20,30,4.4,159,0,159,0.23,986,15.700000000000001,320,2.1
2009,12,17,21,30,4.7,111,0,111,0.23,985,15.700000000000001,325,2.5
2009,12,17,22,30,5,90,0,90,0.23,986,15,328,2.8000000000000003
2009,12,17,23,30,5.4,72,301,136,0.23,986,14.4,329,2.8000000000000003
2009,12,18,0,30,6.1000000000000005,18,0,18,0.24,986,9.600000000000001,319,1.3
2009,12,18,1,30,6.300000000000001,0,0,0,0.24,987,8.1,310,1.1
2009,12,18,2,30,6.5,0,0,0,0.24,987,7.7,296,1
2009,12,18,3,30,6.6000000000000005,0,0,0,0.24,987,7.4,277,1
2009,12,18,4,30,6.6000000000000005,0,0,0,0.24,987,6.9,261,0.9
2009,12,18,5,30,6.4,0,0,0,0.24,987,6.4,256,0.9
2009,12,18,6,30,6,0,0,0,0.24,986,6,263,0.9
2009,12,18,7,30,5.7,0,0,0,0.24,986,5.7,274,0.9
2009,12,18,8,30,5.6000000000000005,0,0,0,0.24,986,5.6000000000000005,282,0.9
2009,12,18,9,30,5.7,0,0,0,0.24,986,5.7,288,0.9
2009,12,18,10,30,6,0,0,0,0.24,986,6,287,1.1
2009,12,18,11,30,6.300000000000001,0,0,0,0.24,986,6.4,276,1.4000000000000001
2009,12,18,12,30,5.9,0,0,0,0.24,986,6.5,262,1.6
2009,12,18,13,30,5.6000000000000005,0,0,0,0.24,987,6.4,250,1.7000000000000002
2009,12,18,14,30,5.300000000000001,0,0,0,0.24,987,6.4,248,1.8
2009,12,18,15,30,5.1000000000000005,30,257,49,0.24,987,7,252,1.8
2009,12,18,16,30,5.1000000000000005,26,0,26,0.24,987,8.4,255,1.8
2009,12,18,17,30,5,55,0,55,0.24,987,10.3,266,1.8
2009,12,18,18,30,4.9,106,0,106,0.24,987,12.4,290,1.9000000000000001
2009,12,18,19,30,4.7,166,3,168,0.24,986,14,310,2
2009,12,18,20,30,4.5,163,2,164,0.24,985,14.9,315,2.3000000000000003
2009,12,18,21,30,4.4,129,0,129,0.24,984,15.100000000000001,313,2.6
2009,12,18,22,30,4.2,90,0,90,0.24,984,14.5,315,2.6
2009,12,18,23,30,4.3,53,0,53,0.24,984,14,316,2.5
2009,12,19,0,30,4.9,16,0,16,0.24,984,9.3,316,1.2000000000000002
2009,12,19,1,30,4.4,0,0,0,0.24,984,7.6000000000000005,314,1.1
2009,12,19,2,30,4.1000000000000005,0,0,0,0.24,985,7.1000000000000005,309,1
2009,12,19,3,30,3.8000000000000003,0,0,0,0.24,985,7,305,1
2009,12,19,4,30,3.5,0,0,0,0.24,984,7.2,308,0.9
2009,12,19,5,30,3.4000000000000004,0,0,0,0.24,984,7.5,306,0.8
2009,12,19,6,30,3.1,0,0,0,0.24,984,7.800000000000001,292,0.8
2009,12,19,7,30,2.7,0,0,0,0.24,984,8.200000000000001,280,0.7000000000000001
2009,12,19,8,30,2.3000000000000003,0,0,0,0.24,983,8.4,275,0.7000000000000001
2009,12,19,9,30,1.9000000000000001,0,0,0,0.24,984,8.200000000000001,276,0.8
2009,12,19,10,30,1.5,0,0,0,0.24,984,8.200000000000001,275,0.7000000000000001
2009,12,19,11,30,1.3,0,0,0,0.24,983,8.1,226,0.6000000000000001
2009,12,19,12,30,1,0,0,0,0.24,983,7.9,164,0.8
2009,12,19,13,30,0.6000000000000001,0,0,0,0.24,983,7.5,142,1.1
2009,12,19,14,30,0.2,0,0,0,0.24,983,7.5,134,1.3
2009,12,19,15,30,0.4,26,32,29,0.24,984,9.9,137,1.4000000000000001
2009,12,19,16,30,2.3000000000000003,59,0,59,0.24,984,14.100000000000001,146,2
2009,12,19,17,30,2.1,159,166,221,0.24,985,17.8,145,2.8000000000000003
2009,12,19,18,30,2.3000000000000003,158,487,387,0.24,984,20.5,142,3
2009,12,19,19,30,2.3000000000000003,128,662,469,0.24,984,22.1,145,2.7
2009,12,19,20,30,2.2,193,425,410,0.24,983,22.700000000000003,147,2.2
2009,12,19,21,30,2.2,92,807,461,0.24,983,22.5,139,1.5
2009,12,19,22,30,3,128,366,258,0.24,983,21.1,108,0.8
2009,12,19,23,30,7.4,73,310,139,0.24,983,19.900000000000002,87,0.5
2009,12,20,0,30,5,21,0,21,0.24,983,16.2,79,0.6000000000000001
2009,12,20,1,30,4.1000000000000005,0,0,0,0.24,983,14.9,107,0.6000000000000001
2009,12,20,2,30,4.1000000000000005,0,0,0,0.24,984,14,133,0.7000000000000001
2009,12,20,3,30,4,0,0,0,0.24,984,13.100000000000001,147,0.8
2009,12,20,4,30,3.5,0,0,0,0.24,984,12.5,155,0.9
2009,12,20,5,30,3.2,0,0,0,0.24,984,11.9,153,1
2009,12,20,6,30,3,0,0,0,0.24,983,11.200000000000001,147,1.1
2009,12,20,7,30,2.6,0,0,0,0.24,983,10.5,144,1.2000000000000002
2009,12,20,8,30,2.2,0,0,0,0.24,983,10,144,1.3
2009,12,20,9,30,1.9000000000000001,0,0,0,0.24,983,9.700000000000001,142,1.3
2009,12,20,10,30,1.8,0,0,0,0.24,983,9.8,140,1.2000000000000002
2009,12,20,11,30,2,0,0,0,0.24,983,9.9,138,1.2000000000000002
2009,12,20,12,30,2,0,0,0,0.24,983,9.8,136,1.3
2009,12,20,13,30,2,0,0,0,0.24,983,9.8,135,1.4000000000000001
2009,12,20,14,30,2,0,0,0,0.24,983,10,137,1.4000000000000001
2009,12,20,15,30,2.2,20,0,20,0.24,984,11.3,144,1.5
2009,12,20,16,30,3.6,61,0,61,0.24,984,13.8,148,2
2009,12,20,17,30,3.1,158,98,195,0.24,985,16.3,144,2.6
2009,12,20,18,30,2.7,188,35,204,0.24,984,17.7,135,2.5
2009,12,20,19,30,3.4000000000000004,217,50,243,0.24,983,18.6,125,2.2
2009,12,20,20,30,3.3000000000000003,229,226,344,0.24,982,19.5,123,2.1
2009,12,20,21,30,2.8000000000000003,175,383,350,0.24,982,20,129,1.6
2009,12,20,22,30,3.7,128,369,259,0.24,982,19.3,109,0.8
2009,12,20,23,30,7,74,426,166,0.24,982,18.6,86,0.5
2009,12,21,0,30,4.6000000000000005,18,62,21,0.24,983,15.100000000000001,24,0.7000000000000001
2009,12,21,1,30,3.7,0,0,0,0.24,983,14.100000000000001,20,0.7000000000000001
2009,12,21,2,30,3.6,0,0,0,0.24,983,13.600000000000001,38,0.5
2009,12,21,3,30,3.6,0,0,0,0.24,984,13.100000000000001,107,0.4
2009,12,21,4,30,3.4000000000000004,0,0,0,0.24,984,12.700000000000001,167,0.5
2009,12,21,5,30,3.1,0,0,0,0.24,984,12.3,175,0.6000000000000001
2009,12,21,6,30,2.9000000000000004,0,0,0,0.24,984,12,174,0.7000000000000001
2009,12,21,7,30,2.8000000000000003,0,0,0,0.24,983,11.9,169,0.7000000000000001
2009,12,21,8,30,2.7,0,0,0,0.24,983,11.8,157,0.7000000000000001
2009,12,21,9,30,2.4000000000000004,0,0,0,0.24,983,11.8,146,0.6000000000000001
2009,12,21,10,30,2,0,0,0,0.24,983,11.8,131,0.6000000000000001
2009,12,21,11,30,1.8,0,0,0,0.24,982,11.700000000000001,114,0.6000000000000001
2009,12,21,12,30,1.5,0,0,0,0.24,982,11.5,114,0.6000000000000001
2009,12,21,13,30,1.2000000000000002,0,0,0,0.24,982,11.100000000000001,122,0.7000000000000001
2009,12,21,14,30,1.1,0,0,0,0.24,982,10.600000000000001,127,1
2009,12,21,15,30,1.3,25,27,27,0.24,982,10.600000000000001,130,1
2009,12,21,16,30,3,85,6,86,0.24,982,12.200000000000001,135,1.1
2009,12,21,17,30,3.5,127,425,285,0.24,982,14.8,142,1.6
2009,12,21,18,30,1.9000000000000001,174,411,366,0.24,981,17,164,1.7000000000000002
2009,12,21,19,30,1.8,221,296,373,0.24,980,18.2,230,1.5
2009,12,21,20,30,2.7,229,93,277,0.24,980,18.5,291,1.8
2009,12,21,21,30,3.7,158,466,372,0.24,979,18,309,2.2
2009,12,21,22,30,4.9,141,277,240,0.24,979,16.900000000000002,318,1.9000000000000001
2009,12,21,23,30,6.6000000000000005,77,5,79,0.24,979,16.1,321,1.6
2009,12,22,0,30,7.300000000000001,16,0,16,0.24,979,12.200000000000001,333,1
2009,12,22,1,30,7.300000000000001,0,0,0,0.24,979,11.3,327,0.9
2009,12,22,2,30,7.800000000000001,0,0,0,0.24,979,11,312,0.9
2009,12,22,3,30,8.4,0,0,0,0.24,979,10.8,299,0.9
2009,12,22,4,30,8.9,0,0,0,0.24,979,10.8,289,0.9
2009,12,22,5,30,9.200000000000001,0,0,0,0.24,978,10.700000000000001,285,1.3
2009,12,22,6,30,9.3,0,0,0,0.24,978,10.5,287,2.1
2009,12,22,7,30,8.9,0,0,0,0.24,978,9.9,289,2.9000000000000004
2009,12,22,8,30,8.3,0,0,0,0.24,978,9.1,290,3.5
2009,12,22,9,30,7.5,0,0,0,0.24,978,8.3,292,4
2009,12,22,10,30,6.7,0,0,0,0.24,978,7.5,296,4.4
2009,12,22,11,30,5.7,0,0,0,0.24,978,6.4,297,4.6000000000000005
2009,12,22,12,30,4.5,0,0,0,0.24,978,5.300000000000001,296,4.3
2009,12,22,13,30,3.3000000000000003,0,0,0,0.24,979,4.5,297,4.1000000000000005
2009,12,22,14,30,2.2,0,0,0,0.24,979,3.9000000000000004,300,3.7
2009,12,22,15,30,1.8,27,294,47,0.24,980,4.4,303,3.9000000000000004
2009,12,22,16,30,1.9000000000000001,58,665,214,0.24,980,5.9,312,4.800000000000001
2009,12,22,17,30,1.2000000000000002,71,817,375,0.24,980,7.2,322,5.6000000000000005
2009,12,22,18,30,0.5,79,891,495,0.24,980,8.4,325,6.1000000000000005
2009,12,22,19,30,-0.6000000000000001,81,923,556,0.24,979,9.4,327,6.4
2009,12,22,20,30,-1.9000000000000001,80,924,552,0.24,978,10,326,6.7
2009,12,22,21,30,-2.8000000000000003,76,894,486,0.24,978,10.200000000000001,324,6.9
2009,12,22,22,30,-3.4000000000000004,69,820,363,0.24,978,9.8,324,6.9
2009,12,22,23,30,-3.8000000000000003,53,663,198,0.24,978,9.5,323,6.800000000000001
2009,12,23,0,30,-3.5,20,278,35,0.25,979,7.2,321,5.4
2009,12,23,1,30,-2.8000000000000003,0,0,0,0.25,979,6.1000000000000005,319,5.2
2009,12,23,2,30,-2.1,0,0,0,0.25,979,5.4,319,5.1000000000000005
2009,12,23,3,30,-1.6,0,0,0,0.25,980,4.7,320,4.6000000000000005
2009,12,23,4,30,-1.2000000000000002,0,0,0,0.25,980,4,322,3.9000000000000004
2009,12,23,5,30,-1,0,0,0,0.25,981,3.2,322,3.2
2009,12,23,6,30,-0.9,0,0,0,0.25,982,2.3000000000000003,312,2.5
2009,12,23,7,30,-0.8,0,0,0,0.25,982,1.5,296,2.1
2009,12,23,8,30,-0.9,0,0,0,0.25,982,0.9,292,1.9000000000000001
2009,12,23,9,30,-1.1,0,0,0,0.25,983,0.30000000000000004,300,1.7000000000000002
2009,12,23,10,30,-1.6,0,0,0,0.25,983,-0.1,302,1.4000000000000001
2009,12,23,11,30,-2.2,0,0,0,0.25,983,-0.30000000000000004,290,1.3
2009,12,23,12,30,-2.8000000000000003,0,0,0,0.25,984,-0.5,278,1.3
2009,12,23,13,30,-3.3000000000000003,0,0,0,0.25,984,-0.6000000000000001,275,1.4000000000000001
2009,12,23,14,30,-4.1000000000000005,0,0,0,0.25,985,-0.2,278,1.5
2009,12,23,15,30,-4.6000000000000005,24,383,51,0.25,986,2.1,283,2.1
2009,12,23,16,30,-4.9,53,725,223,0.25,986,5.2,292,2.7
2009,12,23,17,30,-5.7,68,857,386,0.25,987,7.6000000000000005,306,2.8000000000000003
2009,12,23,18,30,-6.1000000000000005,82,900,502,0.25,987,9.600000000000001,319,2.5
2009,12,23,19,30,-5.9,85,919,558,0.25,986,11,335,2
2009,12,23,20,30,-5.7,84,920,555,0.25,985,11.8,174,1.6
2009,12,23,21,30,-5.300000000000001,80,891,489,0.25,985,12,11,1.3
2009,12,23,22,30,-5,71,821,366,0.25,985,11.5,18,0.9
2009,12,23,23,30,-4.2,54,670,202,0.25,985,11,19,0.7000000000000001
2009,12,24,0,30,-1.8,20,296,36,0.25,985,6.7,274,0.4
2009,12,24,1,30,-3.3000000000000003,0,0,0,0.25,986,5.4,274,0.5
2009,12,24,2,30,-3.6,0,0,0,0.25,986,4.800000000000001,244,0.5
2009,12,24,3,30,-4,0,0,0,0.25,986,4.4,217,0.6000000000000001
2009,12,24,4,30,-4.3,0,0,0,0.25,986,4.1000000000000005,210,0.8
2009,12,24,5,30,-4.5,0,0,0,0.25,986,3.9000000000000004,206,0.9
2009,12,24,6,30,-4.7,0,0,0,0.25,985,3.7,204,1
2009,12,24,7,30,-4.9,0,0,0,0.25,985,3.6,202,1.1
2009,12,24,8,30,-5.1000000000000005,0,0,0,0.25,985,3.6,196,1.1
2009,12,24,9,30,-5.4,0,0,0,0.25,985,3.4000000000000004,186,1
2009,12,24,10,30,-5.7,0,0,0,0.25,984,3.2,177,1
2009,12,24,11,30,-6.1000000000000005,0,0,0,0.25,984,2.9000000000000004,168,1
2009,12,24,12,30,-6.5,0,0,0,0.25,984,2.7,159,1
2009,12,24,13,30,-6.9,0,0,0,0.25,985,2.7,152,1.1
2009,12,24,14,30,-7.2,0,0,0,0.25,985,3,148,1.1
2009,12,24,15,30,-6.5,23,359,48,0.25,986,5.4,150,1.1
2009,12,24,16,30,-3.9000000000000004,53,707,218,0.25,986,9.3,149,1.5
2009,12,24,17,30,-5.5,68,842,379,0.25,986,12.600000000000001,134,2
2009,12,24,18,30,-5.6000000000000005,76,905,498,0.25,986,15.100000000000001,122,1.9000000000000001
2009,12,24,19,30,-5.6000000000000005,80,922,555,0.25,985,16.900000000000002,124,1.6
2009,12,24,20,30,-5.5,80,921,553,0.25,984,17.7,124,1.3
2009,12,24,21,30,-5.2,84,866,483,0.25,984,17.900000000000002,96,1.1
2009,12,24,22,30,-4.6000000000000005,131,360,261,0.25,983,16.8,47,0.9
2009,12,24,23,30,0.9,58,628,197,0.25,983,15.9,21,0.8
2009,12,25,0,30,-0.30000000000000004,22,196,33,0.25,984,11.100000000000001,30,1
2009,12,25,1,30,-2.1,0,0,0,0.25,984,9.9,53,1
2009,12,25,2,30,-2.3000000000000003,0,0,0,0.25,984,9.200000000000001,97,0.9
2009,12,25,3,30,-2.8000000000000003,0,0,0,0.25,984,8.4,140,1
2009,12,25,4,30,-3.4000000000000004,0,0,0,0.25,984,7.4,155,1.2000000000000002
2009,12,25,5,30,-4.1000000000000005,0,0,0,0.25,984,6.4,154,1.2000000000000002
2009,12,25,6,30,-4.800000000000001,0,0,0,0.25,984,5.7,147,1.3
2009,12,25,7,30,-5.300000000000001,0,0,0,0.25,984,5.1000000000000005,140,1.3
2009,12,25,8,30,-5.7,0,0,0,0.25,984,4.7,137,1.4000000000000001
2009,12,25,9,30,-6.2,0,0,0,0.25,983,4.4,139,1.4000000000000001
2009,12,25,10,30,-6.6000000000000005,0,0,0,0.25,983,4.3,146,1.4000000000000001
2009,12,25,11,30,-7.1000000000000005,0,0,0,0.25,983,4.1000000000000005,152,1.3
2009,12,25,12,30,-7.5,0,0,0,0.25,983,3.9000000000000004,152,1.3
2009,12,25,13,30,-7.7,0,0,0,0.25,983,3.5,149,1.3
2009,12,25,14,30,-7.800000000000001,0,0,0,0.25,983,3.5,147,1.3
2009,12,25,15,30,-6.9,23,335,45,0.25,983,5.7,149,1.6
2009,12,25,16,30,-4.3,52,688,212,0.25,984,9.5,153,2.3000000000000003
2009,12,25,17,30,-6,67,827,373,0.25,984,12.8,154,2.7
2009,12,25,18,30,-5.7,78,882,489,0.25,984,15.700000000000001,150,2.4000000000000004
2009,12,25,19,30,-6,83,903,547,0.25,983,17.6,141,1.7000000000000002
2009,12,25,20,30,-6.1000000000000005,83,901,545,0.25,982,18.5,125,1.1
2009,12,25,21,30,-6,80,866,480,0.25,981,18.400000000000002,84,0.8
2009,12,25,22,30,-5.5,71,797,359,0.25,981,17.3,38,0.7000000000000001
2009,12,25,23,30,-0.6000000000000001,54,646,198,0.25,980,16.400000000000002,21,0.7000000000000001
2009,12,26,0,30,-0.9,21,264,36,0.25,980,11.700000000000001,27,0.9
2009,12,26,1,30,-2.7,0,0,0,0.25,981,10.4,59,0.9
2009,12,26,2,30,-2.9000000000000004,0,0,0,0.25,981,9.600000000000001,117,0.9
2009,12,26,3,30,-3.1,0,0,0,0.25,981,8.5,165,1
2009,12,26,4,30,-3.2,0,0,0,0.25,981,7.4,180,1.2000000000000002
2009,12,26,5,30,-3.3000000000000003,0,0,0,0.25,982,6.5,181,1.3
2009,12,26,6,30,-3.5,0,0,0,0.25,982,6,177,1.3
2009,12,26,7,30,-3.8000000000000003,0,0,0,0.25,981,5.7,167,1.3
2009,12,26,8,30,-3.9000000000000004,0,0,0,0.25,981,5.300000000000001,158,1.3
2009,12,26,9,30,-4.1000000000000005,0,0,0,0.25,981,4.7,159,1.3
2009,12,26,10,30,-4.2,0,0,0,0.25,981,4.3,164,1.3
2009,12,26,11,30,-4.1000000000000005,0,0,0,0.25,981,4.1000000000000005,163,1.4000000000000001
2009,12,26,12,30,-3.8000000000000003,0,0,0,0.25,981,4.2,158,1.6
2009,12,26,13,30,-3.6,0,0,0,0.25,981,4.4,160,1.7000000000000002
2009,12,26,14,30,-3.4000000000000004,0,0,0,0.25,982,4.7,164,1.7000000000000002
2009,12,26,15,30,-3,21,0,21,0.25,982,6,167,1.9000000000000001
2009,12,26,16,30,-2.3000000000000003,91,130,121,0.25,983,8.6,167,2.5
2009,12,26,17,30,-1.9000000000000001,122,442,285,0.25,983,11.4,153,3.4000000000000004
2009,12,26,18,30,-2.6,207,180,291,0.25,982,13.3,139,3.8000000000000003
2009,12,26,19,30,-2.6,236,141,308,0.25,982,14,136,3.4000000000000004
2009,12,26,20,30,-1.9000000000000001,209,363,395,0.25,981,14.4,138,2.7
2009,12,26,21,30,-1.5,100,699,423,0.25,981,14.8,146,2.2
2009,12,26,22,30,-1.1,152,192,222,0.25,982,14.3,143,1.6
2009,12,26,23,30,1.4000000000000001,67,527,186,0.25,982,13.8,135,1.1
2009,12,27,0,30,1.1,22,166,32,0.25,983,9.200000000000001,107,1
2009,12,27,1,30,-0.2,0,0,0,0.25,983,7.7,112,1.1
2009,12,27,2,30,-0.5,0,0,0,0.25,984,6.7,120,1.3
2009,12,27,3,30,-0.7000000000000001,0,0,0,0.25,984,5.9,128,1.4000000000000001
2009,12,27,4,30,-1,0,0,0,0.25,984,5.5,135,1.4000000000000001
2009,12,27,5,30,-1.1,0,0,0,0.25,984,5.2,141,1.4000000000000001
2009,12,27,6,30,-1.3,0,0,0,0.25,984,4.9,147,1.4000000000000001
2009,12,27,7,30,-1.5,0,0,0,0.25,984,4.4,148,1.4000000000000001
2009,12,27,8,30,-1.9000000000000001,0,0,0,0.25,984,4,148,1.4000000000000001
2009,12,27,9,30,-2.4000000000000004,0,0,0,0.25,984,3.7,151,1.4000000000000001
2009,12,27,10,30,-2.7,0,0,0,0.25,985,3.5,156,1.4000000000000001
2009,12,27,11,30,-2.9000000000000004,0,0,0,0.25,985,3.5,158,1.4000000000000001
2009,12,27,12,30,-3,0,0,0,0.25,985,3.7,160,1.3
2009,12,27,13,30,-2.7,0,0,0,0.25,986,4.1000000000000005,159,1.3
2009,12,27,14,30,-2.6,0,0,0,0.25,986,4.6000000000000005,154,1.3
2009,12,27,15,30,-2.3000000000000003,16,0,16,0.25,986,6.2,148,1.4000000000000001
2009,12,27,16,30,-1,73,0,73,0.25,986,8.700000000000001,144,1.9000000000000001
2009,12,27,17,30,-2.6,64,0,64,0.25,987,11.100000000000001,132,2.1
2009,12,27,18,30,-2.5,199,64,228,0.25,986,13,111,1.6
2009,12,27,19,30,-1.5,216,330,386,0.25,985,14,82,1.3
2009,12,27,20,30,-0.4,215,333,386,0.25,985,14.3,54,1.3
2009,12,27,21,30,0.2,173,408,362,0.25,984,14.200000000000001,41,1.3
2009,12,27,22,30,0.6000000000000001,155,122,199,0.25,984,13.600000000000001,31,1.1
2009,12,27,23,30,2.9000000000000004,85,216,134,0.25,984,13,24,0.8
2009,12,28,0,30,2.4000000000000004,22,94,28,0.25,984,10.3,28,0.7000000000000001
2009,12,28,1,30,1.5,0,0,0,0.25,985,9.200000000000001,69,0.7000000000000001
2009,12,28,2,30,1.1,0,0,0,0.25,985,8.200000000000001,106,0.9
2009,12,28,3,30,0.6000000000000001,0,0,0,0.25,986,7.4,119,1
2009,12,28,4,30,0,0,0,0,0.25,986,6.9,122,1.1
2009,12,28,5,30,-0.7000000000000001,0,0,0,0.25,986,6.6000000000000005,120,1.2000000000000002
2009,12,28,6,30,-1.3,0,0,0,0.25,985,6.4,120,1.2000000000000002
2009,12,28,7,30,-1.8,0,0,0,0.25,985,6.300000000000001,122,1.1
2009,12,28,8,30,-2.1,0,0,0,0.25,985,6.1000000000000005,123,1
2009,12,28,9,30,-2.1,0,0,0,0.25,985,6.1000000000000005,122,1
2009,12,28,10,30,-2.1,0,0,0,0.25,984,6.1000000000000005,119,0.9
2009,12,28,11,30,-2.1,0,0,0,0.25,984,5.9,118,0.9
2009,12,28,12,30,-2.3000000000000003,0,0,0,0.25,984,5.5,124,0.9
2009,12,28,13,30,-2.6,0,0,0,0.25,984,5.1000000000000005,131,1
2009,12,28,14,30,-2.8000000000000003,0,0,0,0.25,984,5.1000000000000005,138,1
2009,12,28,15,30,-2.5,25,212,39,0.25,984,6.9,145,1
2009,12,28,16,30,-0.7000000000000001,87,38,96,0.25,984,10.100000000000001,148,1.5
2009,12,28,17,30,-2.3000000000000003,155,86,186,0.25,984,12.600000000000001,137,2.3000000000000003
2009,12,28,18,30,-3.3000000000000003,198,63,228,0.25,984,14.4,128,2.7
2009,12,28,19,30,-3.8000000000000003,214,42,235,0.25,983,15.4,131,2.6
2009,12,28,20,30,-3.9000000000000004,185,472,428,0.25,982,15.700000000000001,133,2.3000000000000003
2009,12,28,21,30,-3.6,191,315,337,0.25,982,15.600000000000001,128,1.7000000000000002
2009,12,28,22,30,-3.1,123,433,282,0.25,982,14.600000000000001,237,1.1
2009,12,28,23,30,0.7000000000000001,88,172,127,0.25,982,13.9,351,0.8
2009,12,29,0,30,0.8,22,32,24,0.25,982,10.5,3,1
2009,12,29,1,30,0.8,0,0,0,0.25,982,9.200000000000001,5,1
2009,12,29,2,30,1.3,0,0,0,0.25,982,8.6,180,0.8
2009,12,29,3,30,1.5,0,0,0,0.25,983,8.3,342,0.6000000000000001
2009,12,29,4,30,1.4000000000000001,0,0,0,0.25,983,7.9,319,0.7000000000000001
2009,12,29,5,30,1.5,0,0,0,0.25,983,7.4,302,0.8
2009,12,29,6,30,1.9000000000000001,0,0,0,0.25,983,6.7,297,0.9
2009,12,29,7,30,2.4000000000000004,0,0,0,0.25,983,6.2,298,0.9
2009,12,29,8,30,2.8000000000000003,0,0,0,0.25,983,5.9,300,0.9
2009,12,29,9,30,3.2,0,0,0,0.25,983,5.7,302,0.9
2009,12,29,10,30,3.4000000000000004,0,0,0,0.25,983,5.300000000000001,306,0.8
2009,12,29,11,30,3.6,0,0,0,0.25,983,4.9,302,0.7000000000000001
2009,12,29,12,30,3.7,0,0,0,0.25,983,4.5,277,0.7000000000000001
2009,12,29,13,30,3.7,0,0,0,0.25,983,4,255,0.7000000000000001
2009,12,29,14,30,3.5,0,0,0,0.25,984,3.9000000000000004,253,0.8
2009,12,29,15,30,3.5,25,226,39,0.25,984,5.2,249,1
2009,12,29,16,30,3.8000000000000003,27,0,27,0.25,985,7.800000000000001,267,1
2009,12,29,17,30,3.3000000000000003,37,0,37,0.25,986,10.200000000000001,321,1
2009,12,29,18,30,3,73,0,73,0.25,986,12,354,1.3
2009,12,29,19,30,2.9000000000000004,87,0,87,0.25,985,13.100000000000001,357,1.6
2009,12,29,20,30,2.8000000000000003,122,0,122,0.25,984,13.700000000000001,356,1.7000000000000002
2009,12,29,21,30,2.9000000000000004,95,0,95,0.25,984,13.700000000000001,347,1.9000000000000001
2009,12,29,22,30,2.9000000000000004,50,0,50,0.25,984,13.100000000000001,342,2.1
2009,12,29,23,30,3.2,20,0,20,0.25,985,12.600000000000001,343,2.2
2009,12,30,0,30,3.9000000000000004,23,13,24,0.25,985,9,2,0.8
2009,12,30,1,30,3.5,0,0,0,0.25,985,8.1,13,0.7000000000000001
2009,12,30,2,30,3.6,0,0,0,0.25,986,7.5,49,0.7000000000000001
2009,12,30,3,30,3.7,0,0,0,0.25,986,6.800000000000001,103,0.7000000000000001
2009,12,30,4,30,3.7,0,0,0,0.25,986,6.5,144,0.8
2009,12,30,5,30,3.6,0,0,0,0.25,987,6.5,164,0.7000000000000001
2009,12,30,6,30,3.6,0,0,0,0.25,987,6.4,171,0.6000000000000001
2009,12,30,7,30,3.5,0,0,0,0.25,987,6.300000000000001,168,0.6000000000000001
2009,12,30,8,30,3.5,0,0,0,0.25,987,6.300000000000001,150,0.6000000000000001
2009,12,30,9,30,3.5,0,0,0,0.25,987,6.2,131,0.7000000000000001
2009,12,30,10,30,3.5,0,0,0,0.25,987,6.1000000000000005,119,0.9
2009,12,30,11,30,3.4000000000000004,0,0,0,0.25,987,5.9,113,1.1
2009,12,30,12,30,3.4000000000000004,0,0,0,0.25,987,6,121,1.2000000000000002
2009,12,30,13,30,3.7,0,0,0,0.25,987,6.5,126,1.1
2009,12,30,14,30,4.2,0,0,0,0.25,987,6.9,124,1.1
2009,12,30,15,30,4.800000000000001,9,0,9,0.25,987,7.4,127,1.1
2009,12,30,16,30,5.7,85,22,90,0.25,988,8.200000000000001,117,1.1
2009,12,30,17,30,6.2,60,0,60,0.25,988,9,102,1.2000000000000002
2009,12,30,18,30,6.9,187,35,203,0.25,988,9.8,93,1.3
2009,12,30,19,30,7.4,146,0,146,0.25,987,10.8,77,1.3
2009,12,30,20,30,7.7,131,725,507,0.25,987,11.5,52,1.4000000000000001
2009,12,30,21,30,7.4,206,96,251,0.25,987,11.9,32,1.4000000000000001
2009,12,30,22,30,6.9,100,645,339,0.25,987,11.8,22,1.2000000000000002
2009,12,30,23,30,6.5,55,0,55,0.25,987,11.600000000000001,18,1.1
2009,12,31,0,30,6.300000000000001,26,208,40,0.25,987,8.5,53,0.7000000000000001
2009,12,31,1,30,5.6000000000000005,0,0,0,0.25,987,7.1000000000000005,97,0.8
2009,12,31,2,30,5.5,0,0,0,0.25,988,6.4,118,0.9
2009,12,31,3,30,5.300000000000001,0,0,0,0.25,988,5.9,126,1
2009,12,31,4,30,5.1000000000000005,0,0,0,0.25,989,5.5,139,1
2009,12,31,5,30,4.9,0,0,0,0.25,989,5,155,1
2009,12,31,6,30,4.5,0,0,0,0.25,990,4.5,171,1
2009,12,31,7,30,4,0,0,0,0.25,990,4.3,187,1
2009,12,31,8,30,3.3000000000000003,0,0,0,0.25,991,4.5,197,1
2009,12,31,9,30,2.8000000000000003,0,0,0,0.25,991,4.800000000000001,207,0.9
2009,12,31,10,30,2.4000000000000004,0,0,0,0.25,991,5.1000000000000005,222,0.8
2009,12,31,11,30,2.1,0,0,0,0.25,991,5.4,219,0.6000000000000001
2009,12,31,12,30,1.9000000000000001,0,0,0,0.25,991,5.5,161,0.5
2009,12,31,13,30,1.6,0,0,0,0.25,991,5.1000000000000005,115,0.8
2009,12,31,14,30,1.2000000000000002,0,0,0,0.25,992,4.9,120,1
2009,12,31,15,30,1.1,23,234,37,0.25,992,6.7,124,1.3
2009,12,31,16,30,2.3000000000000003,60,582,194,0.25,992,10,127,2.2
2009,12,31,17,30,1.7000000000000002,80,730,349,0.25,992,13,129,2.9000000000000004
2009,12,31,18,30,0.4,86,819,468,0.25,992,15.600000000000001,126,2.8000000000000003
2009,12,31,19,30,-0.1,91,848,531,0.25,991,17.3,120,2.2
2009,12,31,20,30,0,180,500,440,0.25,990,18.1,103,1.4000000000000001
2009,12,31,21,30,0.5,85,824,472,0.25,990,18.3,62,1.1
2009,12,31,22,30,1,74,766,359,0.25,990,17.5,32,1.1
2009,12,31,23,30,3.5,57,621,203,0.25,990,16.8,32,1
