Source,Location ID,City,State,Country,Latitude,Longitude,Time Zone,Elevation,Local Time Zone,Dew Point Units,DHI Units,DNI Units,GHI Units,Temperature Units,Pressure Units,Wind Direction Units,Wind Speed Units,Surface Albedo Units,Version
NSRDB,523069,-,-,-,31.41,-103.5,0,794,-6,c,w/m2,w/m2,w/m2,c,mbar,Degrees,m/s,N/A,3.2.2
Year,Month,Day,Hour,Minute,Dew Point,DHI,DNI,GHI,Surface Albedo,Pressure,Temperature,Wind Direction,Wind Speed
2021,1,1,0,30,-5.6000000000000005,0,0,0,0.22,915,3.1,48,0.7000000000000001
2021,1,1,1,30,-7.2,0,0,0,0.22,916,2,83,0.6000000000000001
2021,1,1,2,30,-7.800000000000001,0,0,0,0.22,916,0.6000000000000001,109,0.8
2021,1,1,3,30,-8.1,0,0,0,0.22,916,-0.5,124,0.9
2021,1,1,4,30,-8.1,0,0,0,0.22,916,-1,147,0.9
2021,1,1,5,30,-8.200000000000001,0,0,0,0.22,916,-1.5,184,0.9
2021,1,1,6,30,-8.5,0,0,0,0.22,917,-1.9000000000000001,221,1
2021,1,1,7,30,-9.1,0,0,0,0.22,917,-2.4000000000000004,247,1.3
2021,1,1,8,30,-9.700000000000001,0,0,0,0.22,917,-2.8000000000000003,266,1.4000000000000001
2021,1,1,9,30,-10.200000000000001,0,0,0,0.22,918,-2.9000000000000004,284,1.4000000000000001
2021,1,1,10,30,-10.600000000000001,0,0,0,0.22,918,-2.9000000000000004,305,1.3
2021,1,1,11,30,-10.8,0,0,0,0.22,919,-3.1,321,1.3
2021,1,1,12,30,-11,0,0,0,0.22,920,-3.4000000000000004,324,1.2000000000000002
2021,1,1,13,30,-11.3,0,0,0,0.22,921,-3,320,1.2000000000000002
2021,1,1,14,30,-10.8,30,565,90,0.22,922,-1,316,1.4000000000000001
2021,1,1,15,30,-9.600000000000001,48,836,284,0.22,923,2.3000000000000003,329,1.3
2021,1,1,16,30,-8.9,58,931,454,0.22,923,5.2,190,1.1
2021,1,1,17,30,-9.8,113,760,513,0.22,923,7,37,1.5
2021,1,1,18,30,-10.3,103,862,601,0.22,922,7.9,34,1.7000000000000002
2021,1,1,19,30,-10.200000000000001,83,934,621,0.22,922,8.4,25,1.8
2021,1,1,20,30,-10.100000000000001,69,960,569,0.22,922,8.6,11,1.7000000000000002
2021,1,1,21,30,-10.200000000000001,64,894,437,0.22,922,8.4,171,1.5
2021,1,1,22,30,-8.3,53,769,261,0.22,923,7.2,326,1.1
2021,1,1,23,30,-4.6000000000000005,34,229,56,0.22,923,6.300000000000001,311,0.8
2021,1,2,0,30,-6.800000000000001,0,0,0,0.23,924,4.3,295,1.2000000000000002
2021,1,2,1,30,-6.800000000000001,0,0,0,0.23,925,3.5,291,1.3
2021,1,2,2,30,-7,0,0,0,0.23,925,2.9000000000000004,292,1.4000000000000001
2021,1,2,3,30,-7.5,0,0,0,0.23,925,2.1,295,1.5
2021,1,2,4,30,-8.5,0,0,0,0.23,925,1.1,299,1.6
2021,1,2,5,30,-9.5,0,0,0,0.23,925,0.4,302,1.6
2021,1,2,6,30,-10.200000000000001,0,0,0,0.23,925,-0.2,302,1.6
2021,1,2,7,30,-10.8,0,0,0,0.23,925,-0.7000000000000001,298,1.6
2021,1,2,8,30,-11.5,0,0,0,0.23,925,-1.4000000000000001,291,1.7000000000000002
2021,1,2,9,30,-12.100000000000001,0,0,0,0.23,926,-1.9000000000000001,283,1.7000000000000002
2021,1,2,10,30,-12.5,0,0,0,0.23,926,-2.4000000000000004,275,1.9000000000000001
2021,1,2,11,30,-12.9,0,0,0,0.23,926,-2.6,271,2.1
2021,1,2,12,30,-13.100000000000001,0,0,0,0.23,926,-2.7,269,2.2
2021,1,2,13,30,-13.200000000000001,0,0,0,0.23,927,-1.7000000000000002,266,2.7
2021,1,2,14,30,-12.5,28,562,88,0.23,927,1.2000000000000002,262,3.8000000000000003
2021,1,2,15,30,-10.9,45,834,280,0.23,928,4.7,260,4.3
2021,1,2,16,30,-10,53,941,454,0.23,927,8,263,4.6000000000000005
2021,1,2,17,30,-11,62,995,586,0.23,926,10.8,265,5.2
2021,1,2,18,30,-11.4,68,1009,652,0.23,925,12.5,265,5.7
2021,1,2,19,30,-11.4,68,1008,650,0.23,923,13.600000000000001,266,6.1000000000000005
2021,1,2,20,30,-11.3,67,981,580,0.23,922,14,267,6.1000000000000005
2021,1,2,21,30,-10.9,63,920,448,0.23,922,13.700000000000001,268,5.4
2021,1,2,22,30,-8.6,52,798,270,0.23,922,11.100000000000001,266,3.8000000000000003
2021,1,2,23,30,-5.800000000000001,31,489,78,0.23,921,8.9,264,2.8000000000000003
2021,1,3,0,30,-6.4,0,0,0,0.22,922,5.800000000000001,261,3
2021,1,3,1,30,-6.300000000000001,0,0,0,0.22,922,5.7,260,3.4000000000000004
2021,1,3,2,30,-6,0,0,0,0.22,922,6,256,3.7
2021,1,3,3,30,-5.6000000000000005,0,0,0,0.22,922,6.4,253,3.8000000000000003
2021,1,3,4,30,-5.300000000000001,0,0,0,0.22,922,6.4,253,3.7
2021,1,3,5,30,-5.1000000000000005,0,0,0,0.22,922,6,256,3.8000000000000003
2021,1,3,6,30,-5.2,0,0,0,0.22,922,5.300000000000001,258,4
2021,1,3,7,30,-5.5,0,0,0,0.22,922,4.5,259,4.1000000000000005
2021,1,3,8,30,-5.9,0,0,0,0.22,922,3.9000000000000004,259,4.3
2021,1,3,9,30,-6.1000000000000005,0,0,0,0.22,921,3.5,260,4.6000000000000005
2021,1,3,10,30,-6.1000000000000005,0,0,0,0.22,921,3.2,262,4.800000000000001
2021,1,3,11,30,-6.2,0,0,0,0.22,922,2.7,263,4.800000000000001
2021,1,3,12,30,-6.300000000000001,0,0,0,0.22,922,2.1,261,4.7
2021,1,3,13,30,-6.5,0,0,0,0.22,923,2.4000000000000004,260,5
2021,1,3,14,30,-6.5,30,560,89,0.22,923,4.3,261,5.300000000000001
2021,1,3,15,30,-6,48,835,283,0.22,924,7.6000000000000005,264,5.1000000000000005
2021,1,3,16,30,-5.6000000000000005,57,944,459,0.22,923,11.600000000000001,274,5.1000000000000005
2021,1,3,17,30,-6.800000000000001,63,993,587,0.22,923,15.100000000000001,285,5.300000000000001
2021,1,3,18,30,-8.200000000000001,66,1012,653,0.22,921,17.2,287,5.4
2021,1,3,19,30,-9,64,1007,647,0.22,920,18.400000000000002,284,5.5
2021,1,3,20,30,-9.4,62,984,578,0.22,920,18.900000000000002,281,5.4
2021,1,3,21,30,-9.3,138,485,342,0.22,919,18.3,276,4.6000000000000005
2021,1,3,22,30,-6,53,747,259,0.22,920,15.200000000000001,268,3.1
2021,1,3,23,30,-3.7,35,316,66,0.22,920,12.700000000000001,264,2.4000000000000004
2021,1,4,0,30,-4.9,0,0,0,0.22,920,9.600000000000001,261,3.3000000000000003
2021,1,4,1,30,-5.300000000000001,0,0,0,0.22,921,9.200000000000001,262,4
2021,1,4,2,30,-5.7,0,0,0,0.22,921,8.5,262,4.3
2021,1,4,3,30,-6.1000000000000005,0,0,0,0.22,921,7.800000000000001,260,4.3
2021,1,4,4,30,-6.300000000000001,0,0,0,0.22,921,7.2,259,4.2
2021,1,4,5,30,-6.4,0,0,0,0.22,921,6.800000000000001,259,4.1000000000000005
2021,1,4,6,30,-6.4,0,0,0,0.22,921,6.4,260,4.1000000000000005
2021,1,4,7,30,-6.4,0,0,0,0.22,921,6,262,4
2021,1,4,8,30,-6.4,0,0,0,0.22,921,5.6000000000000005,266,4
2021,1,4,9,30,-6.5,0,0,0,0.22,922,5.2,271,4.1000000000000005
2021,1,4,10,30,-6.6000000000000005,0,0,0,0.22,922,4.9,274,4.4
2021,1,4,11,30,-6.7,0,0,0,0.22,922,4.7,277,4.7
2021,1,4,12,30,-6.7,0,0,0,0.22,923,4.5,280,4.6000000000000005
2021,1,4,13,30,-6.7,0,0,0,0.22,924,5.1000000000000005,284,4.6000000000000005
2021,1,4,14,30,-6.7,29,528,85,0.22,925,7.4,290,4.9
2021,1,4,15,30,-6.300000000000001,48,810,276,0.22,926,10.5,307,5
2021,1,4,16,30,-6,57,919,449,0.22,926,13.5,329,4.9
2021,1,4,17,30,-5.7,65,964,575,0.22,925,15.9,340,4.7
2021,1,4,18,30,-5.7,71,980,641,0.22,925,17.6,346,4.2
2021,1,4,19,30,-5.7,70,981,640,0.22,924,18.7,354,3.7
2021,1,4,20,30,-5.7,68,959,573,0.22,924,19,185,3.1
2021,1,4,21,30,-5.7,60,906,444,0.22,924,18.400000000000002,19,2.3000000000000003
2021,1,4,22,30,-3.7,49,793,270,0.22,924,15.8,39,1.5
2021,1,4,23,30,-0.8,29,501,80,0.22,924,13.9,52,1.1
2021,1,5,0,30,-3.4000000000000004,0,0,0,0.22,925,10.700000000000001,77,1.4000000000000001
2021,1,5,1,30,-3.6,0,0,0,0.22,926,9.5,89,1.5
2021,1,5,2,30,-3.5,0,0,0,0.22,926,8.3,100,1.5
2021,1,5,3,30,-3.4000000000000004,0,0,0,0.22,926,7.300000000000001,111,1.4000000000000001
2021,1,5,4,30,-3.4000000000000004,0,0,0,0.22,926,6.5,123,1.3
2021,1,5,5,30,-3.5,0,0,0,0.22,926,6,135,1.2000000000000002
2021,1,5,6,30,-3.5,0,0,0,0.22,925,5.7,144,1
2021,1,5,7,30,-3.5,0,0,0,0.22,925,5.300000000000001,150,0.9
2021,1,5,8,30,-3.6,0,0,0,0.22,925,5,152,0.7000000000000001
2021,1,5,9,30,-3.7,0,0,0,0.22,924,4.6000000000000005,153,0.7000000000000001
2021,1,5,10,30,-3.8000000000000003,0,0,0,0.22,924,4.1000000000000005,163,0.7000000000000001
2021,1,5,11,30,-3.9000000000000004,0,0,0,0.22,923,3.7,184,0.7000000000000001
2021,1,5,12,30,-4.1000000000000005,0,0,0,0.22,924,3.3000000000000003,204,0.7000000000000001
2021,1,5,13,30,-4.3,0,0,0,0.22,924,3.9000000000000004,211,0.8
2021,1,5,14,30,-3.7,37,249,63,0.22,924,6.5,215,1.2000000000000002
2021,1,5,15,30,-3.4000000000000004,73,590,239,0.22,923,10.100000000000001,227,1.4000000000000001
2021,1,5,16,30,-2.8000000000000003,101,693,397,0.22,922,13.8,232,1.7000000000000002
2021,1,5,17,30,-2.6,173,549,464,0.22,921,17.400000000000002,234,2.5
2021,1,5,18,30,-2.7,80,938,626,0.22,919,20.1,239,3.2
2021,1,5,19,30,-2.8000000000000003,204,506,499,0.22,918,21.900000000000002,241,3.7
2021,1,5,20,30,-2.7,100,820,534,0.22,917,22.400000000000002,242,3.8000000000000003
2021,1,5,21,30,-2.2,176,248,282,0.22,916,21.1,243,2.9000000000000004
2021,1,5,22,30,1.7000000000000002,106,167,153,0.22,916,18.3,243,1.9000000000000001
2021,1,5,23,30,1.4000000000000001,38,132,52,0.22,917,16.7,243,1.8
2021,1,6,0,30,0.6000000000000001,0,0,0,0.22,917,13.5,251,2.2
2021,1,6,1,30,0.1,0,0,0,0.22,918,12.3,258,2.6
2021,1,6,2,30,-0.5,0,0,0,0.22,918,11.600000000000001,265,3.1
2021,1,6,3,30,-1.3,0,0,0,0.22,919,10.8,270,3.2
2021,1,6,4,30,-2.2,0,0,0,0.22,919,9.9,274,3.2
2021,1,6,5,30,-3,0,0,0,0.22,919,9.200000000000001,280,3.1
2021,1,6,6,30,-3.5,0,0,0,0.22,919,8.6,287,3.3000000000000003
2021,1,6,7,30,-3.9000000000000004,0,0,0,0.22,920,8,295,3.5
2021,1,6,8,30,-4.4,0,0,0,0.22,920,7.300000000000001,304,3.8000000000000003
2021,1,6,9,30,-5.1000000000000005,0,0,0,0.22,921,6.4,313,3.9000000000000004
2021,1,6,10,30,-5.9,0,0,0,0.22,921,5.5,321,4.1000000000000005
2021,1,6,11,30,-6.5,0,0,0,0.22,923,4.800000000000001,328,4.1000000000000005
2021,1,6,12,30,-6.4,0,0,0,0.22,924,4,332,3.7
2021,1,6,13,30,-5.9,0,0,0,0.22,925,4.1000000000000005,331,3.6
2021,1,6,14,30,-5.300000000000001,28,51,33,0.22,926,6,333,4.4
2021,1,6,15,30,-4.2,109,145,150,0.22,927,8.700000000000001,345,5.4
2021,1,6,16,30,-3.6,62,905,449,0.22,927,10.9,352,6
2021,1,6,17,30,-4,68,959,577,0.22,927,12.600000000000001,349,6
2021,1,6,18,30,-4.6000000000000005,70,986,646,0.22,926,13.8,346,5.9
2021,1,6,19,30,-5.4,67,996,649,0.22,925,14.4,344,5.800000000000001
2021,1,6,20,30,-6.4,63,979,583,0.22,925,14.5,342,5.4
2021,1,6,21,30,-7.2,57,937,458,0.22,925,14.200000000000001,339,4.9
2021,1,6,22,30,-7.7,47,831,282,0.22,925,12.3,337,3.3000000000000003
2021,1,6,23,30,-5.6000000000000005,29,557,88,0.22,925,10.700000000000001,338,2
2021,1,7,0,30,-5.800000000000001,0,0,0,0.22,925,7.800000000000001,343,1.2000000000000002
2021,1,7,1,30,-6.4,0,0,0,0.22,925,7.9,317,0.8
2021,1,7,2,30,-7.1000000000000005,0,0,0,0.22,926,7.7,269,0.8
2021,1,7,3,30,-7.300000000000001,0,0,0,0.22,926,6.9,241,1.1
2021,1,7,4,30,-7.300000000000001,0,0,0,0.22,926,5.9,238,1.3
2021,1,7,5,30,-7.300000000000001,0,0,0,0.22,926,4.9,241,1.5
2021,1,7,6,30,-7.300000000000001,0,0,0,0.22,925,4.1000000000000005,246,1.6
2021,1,7,7,30,-7.300000000000001,0,0,0,0.22,925,3.4000000000000004,251,1.8
2021,1,7,8,30,-7.300000000000001,0,0,0,0.22,925,2.9000000000000004,255,2
2021,1,7,9,30,-7.5,0,0,0,0.22,925,2.5,258,2.2
2021,1,7,10,30,-7.7,0,0,0,0.22,925,2.2,260,2.4000000000000004
2021,1,7,11,30,-8,0,0,0,0.22,925,1.9000000000000001,263,2.5
2021,1,7,12,30,-8.200000000000001,0,0,0,0.22,925,1.5,268,2.3000000000000003
2021,1,7,13,30,-8.4,0,0,0,0.22,926,2.1,271,2.2
2021,1,7,14,30,-8,35,435,81,0.22,926,4.800000000000001,275,2.3000000000000003
2021,1,7,15,30,-8.6,48,831,283,0.22,926,8.200000000000001,286,2
2021,1,7,16,30,-9.3,58,934,458,0.22,926,11.100000000000001,300,1.3
2021,1,7,17,30,-9.9,63,985,587,0.22,925,13.5,308,1
2021,1,7,18,30,-10.100000000000001,66,1007,656,0.22,924,15.200000000000001,311,1
2021,1,7,19,30,-10.4,66,1007,656,0.22,923,16.400000000000002,314,1
2021,1,7,20,30,-10.8,65,985,590,0.22,922,17.2,316,1
2021,1,7,21,30,-11.200000000000001,59,933,461,0.22,922,17,335,0.7000000000000001
2021,1,7,22,30,-9,50,822,285,0.22,922,14.600000000000001,222,0.6000000000000001
2021,1,7,23,30,-4,30,545,90,0.22,922,12.600000000000001,92,0.7000000000000001
2021,1,8,0,30,-6.9,0,0,0,0.22,923,8.6,110,1.5
2021,1,8,1,30,-7.1000000000000005,0,0,0,0.22,924,7.300000000000001,120,1.8
2021,1,8,2,30,-6.9,0,0,0,0.22,924,6.300000000000001,130,1.8
2021,1,8,3,30,-6.5,0,0,0,0.22,924,5.6000000000000005,140,1.7000000000000002
2021,1,8,4,30,-6.2,0,0,0,0.22,925,5,149,1.5
2021,1,8,5,30,-6,0,0,0,0.22,925,4.7,154,1.3
2021,1,8,6,30,-5.9,0,0,0,0.22,925,4.7,136,0.9
2021,1,8,7,30,-5.9,0,0,0,0.22,925,4.2,86,0.8
2021,1,8,8,30,-5.800000000000001,0,0,0,0.22,925,3.2,58,1.3
2021,1,8,9,30,-5.6000000000000005,0,0,0,0.22,925,2.2,61,1.7000000000000002
2021,1,8,10,30,-5.4,0,0,0,0.22,926,1.2000000000000002,59,1.8
2021,1,8,11,30,-5.2,0,0,0,0.22,926,0.30000000000000004,54,1.7000000000000002
2021,1,8,12,30,-5.1000000000000005,0,0,0,0.22,927,-0.5,51,1.6
2021,1,8,13,30,-5,0,0,0,0.22,927,-0.4,49,1.8
2021,1,8,14,30,-4.5,33,423,78,0.22,928,1.2000000000000002,49,2.1
2021,1,8,15,30,-4.4,84,510,228,0.22,928,3.7,61,2.4000000000000004
2021,1,8,16,30,-4.2,90,781,425,0.22,928,6.2,73,2.6
2021,1,8,17,30,-4.1000000000000005,80,932,577,0.22,928,8.200000000000001,70,2.6
2021,1,8,18,30,-4,121,822,604,0.22,927,9.600000000000001,61,2.6
2021,1,8,19,30,-3.9000000000000004,84,956,646,0.22,926,10.600000000000001,54,2.6
2021,1,8,20,30,-3.8000000000000003,82,928,579,0.22,925,11,51,2.4000000000000004
2021,1,8,21,30,-3.8000000000000003,75,866,451,0.22,925,10.8,53,2.3000000000000003
2021,1,8,22,30,-3.7,62,745,277,0.22,925,9.1,57,1.9000000000000001
2021,1,8,23,30,-2.6,36,450,86,0.22,926,7.800000000000001,59,1.5
2021,1,9,0,30,-2.9000000000000004,0,0,0,0.22,926,4.1000000000000005,71,1.8
2021,1,9,1,30,-2.7,0,0,0,0.22,926,3.3000000000000003,80,2.2
2021,1,9,2,30,-2.3000000000000003,0,0,0,0.22,927,2.4000000000000004,87,2.5
2021,1,9,3,30,-2,0,0,0,0.22,927,1.6,91,2.5
2021,1,9,4,30,-1.7000000000000002,0,0,0,0.22,927,0.9,93,2.4000000000000004
2021,1,9,5,30,-1.5,0,0,0,0.22,926,0.30000000000000004,95,2.2
2021,1,9,6,30,-1.3,0,0,0,0.22,926,-0.5,98,1.8
2021,1,9,7,30,-1.2000000000000002,0,0,0,0.22,926,-1,100,1.6
2021,1,9,8,30,-1.2000000000000002,0,0,0,0.22,926,-0.9,98,1.9000000000000001
2021,1,9,9,30,-1.4000000000000001,0,0,0,0.22,926,-0.8,93,2.3000000000000003
2021,1,9,10,30,-1.6,0,0,0,0.22,926,-0.9,86,2.4000000000000004
2021,1,9,11,30,-1.8,0,0,0,0.22,926,-1,79,2.5
2021,1,9,12,30,-1.9000000000000001,0,0,0,0.22,925,-1,80,2.7
2021,1,9,13,30,-2,0,0,0,0.22,925,-0.7000000000000001,88,3.1
2021,1,9,14,30,-1.9000000000000001,20,30,23,0.22,925,0.7000000000000001,102,3.7
2021,1,9,15,30,-1.5,74,18,79,0.22,925,3.2,115,4.3
2021,1,9,16,30,-1.1,25,0,25,0.22,925,6.2,122,4.9
2021,1,9,17,30,-0.9,67,0,67,0.22,923,9.1,126,5.2
2021,1,9,18,30,-0.9,42,0,42,0.22,922,11.4,125,5.2
2021,1,9,19,30,-1,36,0,36,0.22,921,12.9,120,5.2
2021,1,9,20,30,-1,51,0,51,0.22,920,13.3,115,5.6000000000000005
2021,1,9,21,30,-0.8,39,0,39,0.22,919,12.600000000000001,111,6.1000000000000005
2021,1,9,22,30,-0.2,31,167,80,0.22,920,10.600000000000001,107,6.4
2021,1,9,23,30,0.6000000000000001,41,235,68,0.22,920,9.200000000000001,105,6.4
2021,1,10,0,30,1.4000000000000001,0,0,0,0.22,921,5.800000000000001,101,6.300000000000001
2021,1,10,1,30,1.8,0,0,0,0.22,921,4.6000000000000005,101,6.300000000000001
2021,1,10,2,30,2,0,0,0,0.22,922,4.1000000000000005,105,6.2
2021,1,10,3,30,1.8,0,0,0,0.22,922,3.8000000000000003,108,5.9
2021,1,10,4,30,1.6,0,0,0,0.22,922,3.6,108,5.5
2021,1,10,5,30,1.4000000000000001,0,0,0,0.22,922,3.3000000000000003,106,5
2021,1,10,6,30,1.3,0,0,0,0.22,922,3.1,101,4.5
2021,1,10,7,30,1.2000000000000002,0,0,0,0.22,922,2.8000000000000003,95,4
2021,1,10,8,30,1.3,0,0,0,0.22,922,2.6,86,3.5
2021,1,10,9,30,1.2000000000000002,0,0,0,0.22,922,2.4000000000000004,69,2.9000000000000004
2021,1,10,10,30,1,0,0,0,0.22,923,2.1,43,2.7
2021,1,10,11,30,0.6000000000000001,0,0,0,0.22,924,1.6,25,3.3000000000000003
2021,1,10,12,30,0.2,0,0,0,0.22,925,1.3,24,3.9000000000000004
2021,1,10,13,30,-0.1,0,0,0,0.22,927,1.3,33,4.4
2021,1,10,14,30,-0.5,15,0,15,0.22,928,1.6,47,4.9
2021,1,10,15,30,-1.2000000000000002,41,4,42,0.22,929,2.4000000000000004,54,4.9
2021,1,10,16,30,-1.8,80,0,80,0.22,930,3.2,52,4.4
2021,1,10,17,30,-2.1,119,0,119,0.22,930,3.9000000000000004,46,4
2021,1,10,18,30,-2.4000000000000004,106,0,106,0.22,929,4.6000000000000005,38,3.9000000000000004
2021,1,10,19,30,-2.7,77,0,77,0.22,928,5.1000000000000005,33,4
2021,1,10,20,30,-2.9000000000000004,64,0,64,0.22,928,5.2,30,3.9000000000000004
2021,1,10,21,30,-3,119,4,121,0.22,929,4.800000000000001,29,3.8000000000000003
2021,1,10,22,30,-3.2,72,0,72,0.22,929,3.8000000000000003,27,3.4000000000000004
2021,1,10,23,30,-3.3000000000000003,28,1,28,0.22,930,3.3000000000000003,27,3
2021,1,11,0,30,-3.3000000000000003,0,0,0,0.22,931,1.2000000000000002,36,1.5
2021,1,11,1,30,-3.5,0,0,0,0.22,932,0.30000000000000004,48,1.3
2021,1,11,2,30,-3.6,0,0,0,0.22,932,-0.5,66,1.1
2021,1,11,3,30,-3.7,0,0,0,0.22,932,-1,92,0.9
2021,1,11,4,30,-3.8000000000000003,0,0,0,0.22,932,-1.4000000000000001,126,0.8
2021,1,11,5,30,-3.8000000000000003,0,0,0,0.22,932,-1.7000000000000002,161,0.7000000000000001
2021,1,11,6,30,-3.8000000000000003,0,0,0,0.22,932,-2.2,195,0.8
2021,1,11,7,30,-3.9000000000000004,0,0,0,0.22,932,-2.9000000000000004,224,0.9
2021,1,11,8,30,-3.9000000000000004,0,0,0,0.22,932,-3.4000000000000004,248,0.9
2021,1,11,9,30,-4,0,0,0,0.22,931,-3.7,268,1
2021,1,11,10,30,-4.1000000000000005,0,0,0,0.22,931,-3.8000000000000003,282,1.1
2021,1,11,11,30,-4.2,0,0,0,0.22,932,-3.9000000000000004,288,1.1
2021,1,11,12,30,-4.2,0,0,0,0.22,932,-3.8000000000000003,291,1.1
2021,1,11,13,30,-4.3,0,0,0,0.22,932,-3,293,1.2000000000000002
2021,1,11,14,30,-4.3,40,389,81,0.22,932,-0.8,299,1.3
2021,1,11,15,30,-4.3,52,70,72,0.22,933,1.3,328,1
2021,1,11,16,30,-4.6000000000000005,107,0,107,0.22,933,2.7,188,0.7000000000000001
2021,1,11,17,30,-4.7,154,1,155,0.22,932,3.9000000000000004,28,0.8
2021,1,11,18,30,-4.800000000000001,195,10,201,0.22,931,5,34,0.7000000000000001
2021,1,11,19,30,-4.9,242,41,266,0.22,930,5.6000000000000005,36,0.7000000000000001
2021,1,11,20,30,-5,234,105,291,0.22,930,5.9,39,0.9
2021,1,11,21,30,-5.2,186,163,258,0.22,930,5.7,46,1
2021,1,11,22,30,-5.4,99,360,206,0.22,929,4.7,57,1
2021,1,11,23,30,-4.6000000000000005,43,245,73,0.22,929,4,63,0.8
2021,1,12,0,30,-5.1000000000000005,0,0,0,0.22,930,1.6,86,0.9
2021,1,12,1,30,-5.4,0,0,0,0.22,930,1,102,0.9
2021,1,12,2,30,-5.4,0,0,0,0.22,930,0.5,121,0.9
2021,1,12,3,30,-5.4,0,0,0,0.22,931,0,140,0.9
2021,1,12,4,30,-5.300000000000001,0,0,0,0.22,931,-0.4,158,0.9
2021,1,12,5,30,-5.300000000000001,0,0,0,0.22,931,-0.8,175,0.9
2021,1,12,6,30,-5.300000000000001,0,0,0,0.22,930,-1.2000000000000002,192,0.9
2021,1,12,7,30,-5.300000000000001,0,0,0,0.22,930,-1.7000000000000002,206,1
2021,1,12,8,30,-5.4,0,0,0,0.22,930,-2.1,219,1
2021,1,12,9,30,-5.4,0,0,0,0.22,929,-2.3000000000000003,232,1.1
2021,1,12,10,30,-5.5,0,0,0,0.22,929,-2.5,244,1.2000000000000002
2021,1,12,11,30,-5.5,0,0,0,0.22,929,-2.7,254,1.3
2021,1,12,12,30,-5.6000000000000005,0,0,0,0.22,929,-2.8000000000000003,261,1.4000000000000001
2021,1,12,13,30,-5.7,0,0,0,0.22,930,-1.8,263,1.8
2021,1,12,14,30,-5.6000000000000005,37,420,82,0.22,930,1,264,2.4000000000000004
2021,1,12,15,30,-5.4,65,737,276,0.22,930,4.2,269,2.5
2021,1,12,16,30,-5.9,79,866,455,0.22,930,6.9,280,2
2021,1,12,17,30,-6.300000000000001,84,934,588,0.22,929,8.9,290,1.9000000000000001
2021,1,12,18,30,-6.800000000000001,85,968,661,0.22,928,10.600000000000001,296,2.2
2021,1,12,19,30,-7.4,84,971,664,0.22,927,11.8,299,2.5
2021,1,12,20,30,-7.9,79,953,600,0.22,927,12.5,299,2.5
2021,1,12,21,30,-8.3,70,910,475,0.22,926,12.5,296,2.3000000000000003
2021,1,12,22,30,-7.7,58,809,301,0.22,926,11,285,1.3
2021,1,12,23,30,-5.4,35,547,103,0.22,926,9.8,275,0.7000000000000001
2021,1,13,0,30,-8,0,0,0,0.22,927,7.1000000000000005,221,1
2021,1,13,1,30,-8.200000000000001,0,0,0,0.22,927,5.300000000000001,213,1.4000000000000001
2021,1,13,2,30,-8.1,0,0,0,0.22,927,3.5,221,1.7000000000000002
2021,1,13,3,30,-8.3,0,0,0,0.22,927,2.2,233,1.9000000000000001
2021,1,13,4,30,-8.700000000000001,0,0,0,0.22,927,1.5,245,2.3000000000000003
2021,1,13,5,30,-9.1,0,0,0,0.22,927,1.1,255,2.7
2021,1,13,6,30,-9.600000000000001,0,0,0,0.22,927,0.8,262,3.3000000000000003
2021,1,13,7,30,-9.9,0,0,0,0.22,927,0.5,268,3.8000000000000003
2021,1,13,8,30,-10.100000000000001,0,0,0,0.22,927,0.1,271,4.1000000000000005
2021,1,13,9,30,-10.200000000000001,0,0,0,0.22,927,-0.5,270,3.9000000000000004
2021,1,13,10,30,-10.3,0,0,0,0.22,926,-0.8,265,3.8000000000000003
2021,1,13,11,30,-10.3,0,0,0,0.22,926,-0.9,259,4
2021,1,13,12,30,-10.200000000000001,0,0,0,0.22,926,-0.9,255,4.3
2021,1,13,13,30,-10.100000000000001,0,0,0,0.22,926,0.1,256,4.800000000000001
2021,1,13,14,30,-9.8,30,597,94,0.22,926,2.5,258,5.4
2021,1,13,15,30,-9.4,47,870,297,0.22,926,6.300000000000001,262,5.6000000000000005
2021,1,13,16,30,-8.8,57,976,482,0.22,926,10.600000000000001,269,6.300000000000001
2021,1,13,17,30,-9.9,63,1025,618,0.22,925,14.200000000000001,275,7.1000000000000005
2021,1,13,18,30,-11.3,67,1045,691,0.22,923,16.6,276,7.1000000000000005
2021,1,13,19,30,-12.100000000000001,115,853,627,0.22,922,18,275,7.1000000000000005
2021,1,13,20,30,-12.4,64,1012,620,0.22,921,18.7,273,7
2021,1,13,21,30,-12.200000000000001,60,962,491,0.22,921,18.3,269,6.300000000000001
2021,1,13,22,30,-10.9,51,847,308,0.22,920,15.600000000000001,264,4.800000000000001
2021,1,13,23,30,-8.6,33,594,108,0.22,920,13.4,261,3.9000000000000004
2021,1,14,0,30,-9.200000000000001,0,0,0,0.22,920,9.9,263,4.800000000000001
2021,1,14,1,30,-9.9,0,0,0,0.22,921,9.200000000000001,264,5.4
2021,1,14,2,30,-10.200000000000001,0,0,0,0.22,920,8.4,263,5.6000000000000005
2021,1,14,3,30,-10.5,0,0,0,0.22,920,7.9,261,5.800000000000001
2021,1,14,4,30,-10.600000000000001,0,0,0,0.22,920,7.4,261,5.9
2021,1,14,5,30,-10.700000000000001,0,0,0,0.22,920,7.1000000000000005,262,6
2021,1,14,6,30,-10.8,0,0,0,0.22,919,6.800000000000001,263,6
2021,1,14,7,30,-10.8,0,0,0,0.22,919,6.6000000000000005,263,6.1000000000000005
2021,1,14,8,30,-10.9,0,0,0,0.22,918,6.6000000000000005,263,6.2
2021,1,14,9,30,-10.700000000000001,0,0,0,0.22,918,6.800000000000001,264,6.1000000000000005
2021,1,14,10,30,-9.8,0,0,0,0.22,918,7,267,5.9
2021,1,14,11,30,-8.5,0,0,0,0.22,919,6.9,271,5.7
2021,1,14,12,30,-7.300000000000001,0,0,0,0.22,921,6.6000000000000005,275,5.4
2021,1,14,13,30,-6.4,0,0,0,0.22,923,6.9,280,5.2
2021,1,14,14,30,-5.6000000000000005,31,508,86,0.22,924,9,291,5.2
2021,1,14,15,30,-4.6000000000000005,50,811,284,0.22,926,11.9,327,5.4
2021,1,14,16,30,-4.1000000000000005,61,922,464,0.22,927,14,192,5.9
2021,1,14,17,30,-5,64,980,596,0.22,926,14.9,31,5.800000000000001
2021,1,14,18,30,-5.800000000000001,61,1011,667,0.22,925,15.3,33,5
2021,1,14,19,30,-6.5,77,954,652,0.22,924,15.600000000000001,31,4.2
2021,1,14,20,30,-7.1000000000000005,87,890,578,0.22,924,15.5,29,3.5
2021,1,14,21,30,-7.6000000000000005,148,497,372,0.22,924,15,36,2.6
2021,1,14,22,30,-7.6000000000000005,63,691,275,0.22,923,13,63,1.5
2021,1,14,23,30,-3.5,35,385,85,0.22,923,11.4,82,1
2021,1,15,0,30,-5.5,0,0,0,0.22,923,7.800000000000001,121,1.3
2021,1,15,1,30,-5.9,0,0,0,0.22,923,6.6000000000000005,135,1.4000000000000001
2021,1,15,2,30,-6.4,0,0,0,0.22,923,5.7,144,1.4000000000000001
2021,1,15,3,30,-6.6000000000000005,0,0,0,0.22,924,4.9,157,1.3
2021,1,15,4,30,-6.9,0,0,0,0.22,924,4.3,171,1.2000000000000002
2021,1,15,5,30,-7.1000000000000005,0,0,0,0.22,924,4,189,1.1
2021,1,15,6,30,-7.4,0,0,0,0.22,924,3.9000000000000004,218,1
2021,1,15,7,30,-7.6000000000000005,0,0,0,0.22,924,3.8000000000000003,259,0.9
2021,1,15,8,30,-7.7,0,0,0,0.22,924,3.3000000000000003,307,1.1
2021,1,15,9,30,-8,0,0,0,0.22,924,2.3000000000000003,346,1.4000000000000001
2021,1,15,10,30,-8.3,0,0,0,0.22,925,1,191,1.8
2021,1,15,11,30,-8.3,0,0,0,0.22,926,0,30,2.2
2021,1,15,12,30,-8.200000000000001,0,0,0,0.22,927,-1.2000000000000002,41,2
2021,1,15,13,30,-8.200000000000001,0,0,0,0.22,928,-1.1,49,1.9000000000000001
2021,1,15,14,30,-8.1,30,520,87,0.22,929,0.9,77,1.8
2021,1,15,15,30,-8.1,47,834,288,0.22,929,4.1000000000000005,118,2.2
2021,1,15,16,30,-9.1,56,943,469,0.22,929,7.7,137,2.9000000000000004
2021,1,15,17,30,-9.8,64,989,603,0.22,928,10.100000000000001,138,2.3000000000000003
2021,1,15,18,30,-9.9,70,1007,676,0.22,927,11.600000000000001,147,1.4000000000000001
2021,1,15,19,30,-10,68,1011,680,0.22,926,12.600000000000001,166,0.9
2021,1,15,20,30,-10.100000000000001,66,990,616,0.22,925,13.200000000000001,190,0.6000000000000001
2021,1,15,21,30,-10.200000000000001,62,940,489,0.22,924,13.200000000000001,160,0.30000000000000004
2021,1,15,22,30,-10,51,843,312,0.22,924,11.600000000000001,108,0.4
2021,1,15,23,30,-6,33,600,113,0.22,925,10.3,99,0.6000000000000001
2021,1,16,0,30,-7.4,0,0,0,0.22,925,6,114,1.5
2021,1,16,1,30,-8,0,0,0,0.22,925,4.800000000000001,127,1.8
2021,1,16,2,30,-8.5,0,0,0,0.22,926,4,141,2
2021,1,16,3,30,-8.9,0,0,0,0.22,926,3.3000000000000003,154,2.1
2021,1,16,4,30,-9.1,0,0,0,0.22,926,2.7,164,2
2021,1,16,5,30,-9,0,0,0,0.22,926,2.2,173,1.9000000000000001
2021,1,16,6,30,-8.700000000000001,0,0,0,0.22,925,1.9000000000000001,182,1.8
2021,1,16,7,30,-8.4,0,0,0,0.22,925,1.7000000000000002,192,1.7000000000000002
2021,1,16,8,30,-8.1,0,0,0,0.22,925,1.7000000000000002,203,1.7000000000000002
2021,1,16,9,30,-8,0,0,0,0.22,924,1.7000000000000002,213,1.8
2021,1,16,10,30,-7.800000000000001,0,0,0,0.22,924,1.6,221,2.1
2021,1,16,11,30,-7.7,0,0,0,0.22,923,1.6,227,2.5
2021,1,16,12,30,-7.5,0,0,0,0.22,923,1.6,229,2.9000000000000004
2021,1,16,13,30,-7.300000000000001,0,0,0,0.22,922,2.6,233,3.2
2021,1,16,14,30,-6.800000000000001,31,554,92,0.22,922,5.5,243,3.4000000000000004
2021,1,16,15,30,-6.2,50,833,292,0.22,922,9.1,254,2.9000000000000004
2021,1,16,16,30,-5.800000000000001,61,934,472,0.22,922,13.200000000000001,257,2.8000000000000003
2021,1,16,17,30,-7.300000000000001,65,988,606,0.22,921,17.1,260,3.4000000000000004
2021,1,16,18,30,-8.5,67,1005,675,0.22,919,19.700000000000003,269,3.6
2021,1,16,19,30,-9,70,996,676,0.22,918,21,278,3.6
2021,1,16,20,30,-9.200000000000001,175,562,489,0.22,917,21.200000000000003,289,3.1
2021,1,16,21,30,-8.3,123,8,127,0.22,917,20,316,2.1
2021,1,16,22,30,-2.3000000000000003,72,9,75,0.22,917,17,172,1.8
2021,1,16,23,30,-2.9000000000000004,44,5,45,0.22,918,15,7,2
2021,1,17,0,30,-4,0,0,0,0.22,919,11.700000000000001,28,1.9000000000000001
2021,1,17,1,30,-4.3,0,0,0,0.22,920,9.9,19,2
2021,1,17,2,30,-4.6000000000000005,0,0,0,0.22,921,8.3,7,2.2
2021,1,17,3,30,-5.1000000000000005,0,0,0,0.22,922,6.7,177,2.1
2021,1,17,4,30,-5.4,0,0,0,0.22,922,5.300000000000001,348,2
2021,1,17,5,30,-5.7,0,0,0,0.22,923,4.1000000000000005,340,1.9000000000000001
2021,1,17,6,30,-5.9,0,0,0,0.22,923,3,335,1.7000000000000002
2021,1,17,7,30,-6.1000000000000005,0,0,0,0.22,924,2,327,1.6
2021,1,17,8,30,-6.300000000000001,0,0,0,0.22,924,1.4000000000000001,319,1.7000000000000002
2021,1,17,9,30,-6.5,0,0,0,0.22,924,1.1,315,1.9000000000000001
2021,1,17,10,30,-6.6000000000000005,0,0,0,0.22,924,0.9,312,1.9000000000000001
2021,1,17,11,30,-6.800000000000001,0,0,0,0.22,924,0.7000000000000001,312,1.8
2021,1,17,12,30,-6.9,0,0,0,0.22,924,0.5,312,1.6
2021,1,17,13,30,-6.9,0,0,0,0.22,925,1.8,313,1.6
2021,1,17,14,30,-6.2,30,545,90,0.22,925,5.1000000000000005,313,1.9000000000000001
2021,1,17,15,30,-6.300000000000001,47,820,286,0.22,926,8.700000000000001,308,2
2021,1,17,16,30,-6.300000000000001,57,929,467,0.22,925,12,301,1.7000000000000002
2021,1,17,17,30,-6.300000000000001,64,978,601,0.22,925,14.700000000000001,297,1.8
2021,1,17,18,30,-6.2,68,996,673,0.22,923,16.8,303,2.1
2021,1,17,19,30,-6.4,68,999,679,0.22,922,18.2,318,2.3000000000000003
2021,1,17,20,30,-6.7,66,980,616,0.22,922,18.8,330,2.2
2021,1,17,21,30,-7.1000000000000005,60,933,490,0.22,921,18.6,338,1.7000000000000002
2021,1,17,22,30,-6.4,50,830,313,0.22,921,16.6,198,1
2021,1,17,23,30,-1.8,34,593,116,0.22,921,14.9,54,0.8
2021,1,18,0,30,-4.7,0,0,0,0.21,921,10.600000000000001,104,1.3
2021,1,18,1,30,-4.9,0,0,0,0.21,922,9,127,1.6
2021,1,18,2,30,-5.1000000000000005,0,0,0,0.21,922,7.800000000000001,145,2
2021,1,18,3,30,-5.1000000000000005,0,0,0,0.21,922,7,162,2.2
2021,1,18,4,30,-5.1000000000000005,0,0,0,0.21,921,6.300000000000001,179,2.1
2021,1,18,5,30,-5,0,0,0,0.21,920,5.800000000000001,195,1.9000000000000001
2021,1,18,6,30,-5.2,0,0,0,0.21,920,5.4,205,1.8
2021,1,18,7,30,-5.6000000000000005,0,0,0,0.21,919,5.2,210,1.9000000000000001
2021,1,18,8,30,-6,0,0,0,0.21,919,5.300000000000001,220,2.2
2021,1,18,9,30,-6.4,0,0,0,0.21,918,5.4,231,2.5
2021,1,18,10,30,-6.9,0,0,0,0.21,917,5.4,239,2.8000000000000003
2021,1,18,11,30,-7.300000000000001,0,0,0,0.21,917,5.1000000000000005,242,3
2021,1,18,12,30,-7.6000000000000005,0,0,0,0.21,917,4.7,246,3.1
2021,1,18,13,30,-7.800000000000001,0,0,0,0.21,917,5.4,249,3.2
2021,1,18,14,30,-7.5,31,544,92,0.21,917,8.200000000000001,255,3.6
2021,1,18,15,30,-7.5,49,822,290,0.21,918,11.9,262,3.4000000000000004
2021,1,18,16,30,-6.800000000000001,59,930,472,0.21,917,16.2,269,3.5
2021,1,18,17,30,-7.800000000000001,65,984,608,0.21,917,20.200000000000003,278,4.3
2021,1,18,18,30,-9.4,67,1007,681,0.21,916,22.8,286,4.7
2021,1,18,19,30,-10.600000000000001,68,1014,691,0.21,915,24.200000000000003,292,4.7
2021,1,18,20,30,-11.4,66,995,628,0.21,915,24.5,298,4.3
2021,1,18,21,30,-11.5,60,950,501,0.21,914,23.6,312,2.9000000000000004
2021,1,18,22,30,-4.7,52,843,321,0.21,915,19.900000000000002,167,1.7000000000000002
2021,1,18,23,30,-1.9000000000000001,35,597,120,0.21,915,17.2,13,1.4000000000000001
2021,1,19,0,30,-4.9,0,0,0,0.22,916,12.9,49,2.9000000000000004
2021,1,19,1,30,-4.6000000000000005,0,0,0,0.22,918,11.4,59,4.1000000000000005
2021,1,19,2,30,-3.2,0,0,0,0.22,919,10,63,4.9
2021,1,19,3,30,-2,0,0,0,0.22,920,8.9,64,4.6000000000000005
2021,1,19,4,30,-1.2000000000000002,0,0,0,0.22,921,7.4,66,3.3000000000000003
2021,1,19,5,30,-1.1,0,0,0,0.22,922,5.9,67,2.4000000000000004
2021,1,19,6,30,-1.2000000000000002,0,0,0,0.22,922,4.7,65,2.1
2021,1,19,7,30,-1.3,0,0,0,0.22,922,3.8000000000000003,56,1.9000000000000001
2021,1,19,8,30,-1.4000000000000001,0,0,0,0.22,922,3,39,1.8
2021,1,19,9,30,-1.5,0,0,0,0.22,923,2.5,24,1.9000000000000001
2021,1,19,10,30,-1.7000000000000002,0,0,0,0.22,923,2.1,17,2.1
2021,1,19,11,30,-2.1,0,0,0,0.22,924,1.7000000000000002,20,2.3000000000000003
2021,1,19,12,30,-2.6,0,0,0,0.22,925,1.4000000000000001,27,2.3000000000000003
2021,1,19,13,30,-3.1,0,0,0,0.22,926,2.3000000000000003,34,2.9000000000000004
2021,1,19,14,30,-3.4000000000000004,35,438,85,0.22,927,4.6000000000000005,46,4.4
2021,1,19,15,30,-3.3000000000000003,78,97,107,0.22,928,7.300000000000001,62,5.7
2021,1,19,16,30,-2.4000000000000004,134,1,134,0.22,929,9.200000000000001,69,5.7
2021,1,19,17,30,-1,65,0,65,0.22,929,10,70,5.5
2021,1,19,18,30,0.4,80,0,80,0.22,929,10,71,5.300000000000001
2021,1,19,19,30,1.3,97,1,98,0.22,929,9.600000000000001,75,5.1000000000000005
2021,1,19,20,30,1.9000000000000001,198,23,211,0.22,929,9.1,80,4.7
2021,1,19,21,30,2.1,150,42,170,0.22,929,8.6,80,4.6000000000000005
2021,1,19,22,30,2,118,55,136,0.22,929,8.1,79,4.5
2021,1,19,23,30,1.7000000000000002,26,0,26,0.22,929,7.9,79,4.4
2021,1,20,0,30,1.2000000000000002,0,0,0,0.22,931,7.2,77,4
2021,1,20,1,30,0.6000000000000001,0,0,0,0.22,932,6.7,76,4.1000000000000005
2021,1,20,2,30,-0.2,0,0,0,0.22,933,6.1000000000000005,77,4.2
2021,1,20,3,30,-1,0,0,0,0.22,933,5.6000000000000005,79,4.2
2021,1,20,4,30,-1.7000000000000002,0,0,0,0.22,932,5.1000000000000005,80,4
2021,1,20,5,30,-2.1,0,0,0,0.22,932,4.7,81,3.5
2021,1,20,6,30,-2.3000000000000003,0,0,0,0.22,932,4.4,82,2.8000000000000003
2021,1,20,7,30,-2.4000000000000004,0,0,0,0.22,932,4.2,81,2.3000000000000003
2021,1,20,8,30,-2.3000000000000003,0,0,0,0.22,932,3.8000000000000003,74,2.2
2021,1,20,9,30,-1.9000000000000001,0,0,0,0.22,931,3.3000000000000003,62,2.1
2021,1,20,10,30,-1.5,0,0,0,0.22,930,2.9000000000000004,54,2
2021,1,20,11,30,-1.2000000000000002,0,0,0,0.22,930,2.7,50,1.7000000000000002
2021,1,20,12,30,-1,0,0,0,0.22,931,2.5,49,1.3
2021,1,20,13,30,-0.9,0,0,0,0.22,931,2.5,60,0.9
2021,1,20,14,30,-0.8,16,0,16,0.22,930,3.1,90,0.6000000000000001
2021,1,20,15,30,-0.5,46,0,46,0.22,930,4.2,122,0.6000000000000001
2021,1,20,16,30,0.1,117,53,141,0.22,930,5.7,157,0.7000000000000001
2021,1,20,17,30,0.9,255,217,376,0.22,929,7.6000000000000005,203,0.9
2021,1,20,18,30,1.7000000000000002,274,199,396,0.22,928,9.700000000000001,239,1.5
2021,1,20,19,30,2.8000000000000003,250,372,481,0.22,926,11.700000000000001,255,2.1
2021,1,20,20,30,3.8000000000000003,249,244,388,0.22,925,13.4,261,2.6
2021,1,20,21,30,4.7,158,396,344,0.22,925,14.200000000000001,261,2.9000000000000004
2021,1,20,22,30,5.300000000000001,116,366,235,0.22,925,13.700000000000001,257,2.2
2021,1,20,23,30,5.800000000000001,39,22,42,0.22,925,13,254,1.5
2021,1,21,0,30,5.5,0,0,0,0.22,925,10.4,244,1.3
2021,1,21,1,30,5.5,0,0,0,0.22,925,9.5,249,1.6
2021,1,21,2,30,5.5,0,0,0,0.22,925,8.9,254,2
2021,1,21,3,30,5.5,0,0,0,0.22,925,8.6,258,2.3000000000000003
2021,1,21,4,30,5.5,0,0,0,0.22,925,8.4,259,2.4000000000000004
2021,1,21,5,30,5.4,0,0,0,0.22,924,8.3,260,2.4000000000000004
2021,1,21,6,30,5.300000000000001,0,0,0,0.22,924,8.200000000000001,261,2.4000000000000004
2021,1,21,7,30,5.300000000000001,0,0,0,0.22,923,8.200000000000001,260,2.4000000000000004
2021,1,21,8,30,5.4,0,0,0,0.22,923,8.3,260,2.4000000000000004
2021,1,21,9,30,5.6000000000000005,0,0,0,0.22,923,8.3,262,2.4000000000000004
2021,1,21,10,30,5.9,0,0,0,0.22,922,8.4,264,2.4000000000000004
2021,1,21,11,30,6.1000000000000005,0,0,0,0.22,922,8.3,263,2.4000000000000004
2021,1,21,12,30,6.300000000000001,0,0,0,0.22,922,8.3,261,2.3000000000000003
2021,1,21,13,30,6.4,0,0,0,0.22,922,8.8,259,2.7
2021,1,21,14,30,6.6000000000000005,12,0,12,0.22,922,10.200000000000001,259,3.2
2021,1,21,15,30,7.1000000000000005,66,0,66,0.22,922,12.3,261,3.4000000000000004
2021,1,21,16,30,8.200000000000001,145,13,151,0.22,921,15.100000000000001,262,3.6
2021,1,21,17,30,9.1,164,11,170,0.22,920,18,259,3.7
2021,1,21,18,30,9.5,137,7,141,0.22,919,20.200000000000003,253,3.5
2021,1,21,19,30,9.5,271,102,335,0.22,917,21.6,254,3.5
2021,1,21,20,30,9.4,251,62,287,0.22,917,22.1,261,3.5
2021,1,21,21,30,9.3,198,50,222,0.22,916,22,268,3.5
2021,1,21,22,30,9.1,87,11,91,0.22,916,20.400000000000002,273,2.5
2021,1,21,23,30,10,28,160,52,0.22,916,19.1,275,1.6
2021,1,22,0,30,9.1,0,0,0,0.22,917,16.2,292,1.8
2021,1,22,1,30,9.200000000000001,0,0,0,0.22,918,15.4,299,3
2021,1,22,2,30,9.8,0,0,0,0.22,919,14.5,297,4.2
2021,1,22,3,30,10.3,0,0,0,0.22,920,13.5,284,4.2
2021,1,22,4,30,10.200000000000001,0,0,0,0.22,920,12.5,264,3.4000000000000004
2021,1,22,5,30,9.600000000000001,0,0,0,0.22,920,11.5,258,3.3000000000000003
2021,1,22,6,30,8.8,0,0,0,0.22,920,10.600000000000001,267,3.7
2021,1,22,7,30,7.7,0,0,0,0.22,920,9.700000000000001,275,3.8000000000000003
2021,1,22,8,30,6.6000000000000005,0,0,0,0.22,919,8.9,279,3.8000000000000003
2021,1,22,9,30,5.800000000000001,0,0,0,0.22,919,8.200000000000001,278,3.6
2021,1,22,10,30,5.300000000000001,0,0,0,0.22,919,7.5,274,3.3000000000000003
2021,1,22,11,30,5,0,0,0,0.22,919,7.1000000000000005,270,3
2021,1,22,12,30,4.9,0,0,0,0.22,920,6.9,271,2.9000000000000004
2021,1,22,13,30,4.9,0,0,0,0.22,920,7.9,276,3.5
2021,1,22,14,30,5.1000000000000005,32,509,92,0.22,921,10.3,282,4
2021,1,22,15,30,5.6000000000000005,52,781,286,0.22,921,13.600000000000001,292,4.1000000000000005
2021,1,22,16,30,6.1000000000000005,61,890,464,0.22,921,16.7,302,4.2
2021,1,22,17,30,6.1000000000000005,71,936,597,0.22,921,18.6,303,3.9000000000000004
2021,1,22,18,30,5.800000000000001,79,952,670,0.22,920,19.6,299,3.6
2021,1,22,19,30,5.4,191,518,516,0.22,919,20.1,293,3.2
2021,1,22,20,30,5,74,942,618,0.22,918,20.3,285,2.8000000000000003
2021,1,22,21,30,4.800000000000001,67,897,495,0.22,918,20,271,2.2
2021,1,22,22,30,4.6000000000000005,57,803,324,0.22,918,18.900000000000002,250,1.4000000000000001
2021,1,22,23,30,6,38,579,128,0.22,918,17.900000000000002,237,0.8
2021,1,23,0,30,5.1000000000000005,0,0,0,0.22,919,14.3,175,1
2021,1,23,1,30,4.7,0,0,0,0.22,919,12.600000000000001,165,1.3
2021,1,23,2,30,4.9,0,0,0,0.22,920,11.5,163,1.5
2021,1,23,3,30,5.1000000000000005,0,0,0,0.22,919,10.600000000000001,163,1.6
2021,1,23,4,30,5.300000000000001,0,0,0,0.22,919,9.8,166,1.6
2021,1,23,5,30,5.300000000000001,0,0,0,0.22,919,9,176,1.6
2021,1,23,6,30,5.2,0,0,0,0.22,919,8.3,187,1.4000000000000001
2021,1,23,7,30,5.1000000000000005,0,0,0,0.22,919,7.7,197,1.3
2021,1,23,8,30,4.9,0,0,0,0.22,919,7.4,204,1.2000000000000002
2021,1,23,9,30,4.7,0,0,0,0.22,919,7.2,210,1.1
2021,1,23,10,30,4.6000000000000005,0,0,0,0.22,918,7,214,1.1
2021,1,23,11,30,4.6000000000000005,0,0,0,0.22,918,6.800000000000001,215,0.9
2021,1,23,12,30,4.7,0,0,0,0.22,918,6.7,204,0.8
2021,1,23,13,30,4.800000000000001,0,0,0,0.22,918,7.4,184,1
2021,1,23,14,30,4.800000000000001,34,494,93,0.22,918,9.200000000000001,202,1.1
2021,1,23,15,30,5.2,82,9,85,0.22,918,12.3,242,1.4000000000000001
2021,1,23,16,30,5.300000000000001,126,1,126,0.22,919,16.1,261,2
2021,1,23,17,30,4.6000000000000005,216,26,231,0.22,918,19,265,2.6
2021,1,23,18,30,3.6,115,847,644,0.22,917,21,260,3.2
2021,1,23,19,30,2.2,136,795,637,0.22,916,22.3,253,3.6
2021,1,23,20,30,0.8,83,925,620,0.22,915,22.8,246,3.8000000000000003
2021,1,23,21,30,-0.30000000000000004,122,669,444,0.22,915,22.5,241,3.6
2021,1,23,22,30,-0.4,61,772,321,0.22,915,20.3,236,2.5
2021,1,23,23,30,2.4000000000000004,56,206,89,0.22,915,18.5,233,1.6
2021,1,24,0,30,0.8,0,0,0,0.22,916,14.3,225,1.6
2021,1,24,1,30,0.4,0,0,0,0.22,916,13.200000000000001,225,1.6
2021,1,24,2,30,0.2,0,0,0,0.22,916,12.5,227,1.6
2021,1,24,3,30,-0.2,0,0,0,0.22,916,11.9,226,1.6
2021,1,24,4,30,-0.6000000000000001,0,0,0,0.22,917,11.200000000000001,224,1.7000000000000002
2021,1,24,5,30,-0.9,0,0,0,0.22,917,10.200000000000001,223,1.8
2021,1,24,6,30,-0.9,0,0,0,0.22,916,9.200000000000001,225,1.8
2021,1,24,7,30,-0.7000000000000001,0,0,0,0.22,916,8.6,231,1.7000000000000002
2021,1,24,8,30,-0.30000000000000004,0,0,0,0.22,916,8.1,240,1.5
2021,1,24,9,30,0.1,0,0,0,0.22,916,7.7,251,1.2000000000000002
2021,1,24,10,30,0.30000000000000004,0,0,0,0.22,915,7.4,260,0.9
2021,1,24,11,30,0.5,0,0,0,0.22,915,7.1000000000000005,264,0.7000000000000001
2021,1,24,12,30,0.8,0,0,0,0.22,915,6.9,257,0.6000000000000001
2021,1,24,13,30,1.1,0,0,0,0.22,915,7.7,241,0.7000000000000001
2021,1,24,14,30,1.9000000000000001,30,506,91,0.22,915,10.3,236,1
2021,1,24,15,30,2.1,81,172,133,0.22,915,14,225,1.6
2021,1,24,16,30,2.1,167,17,175,0.22,914,17.900000000000002,211,2.4000000000000004
2021,1,24,17,30,1.2000000000000002,223,30,240,0.22,913,21.1,217,3.2
2021,1,24,18,30,0.4,87,937,675,0.22,912,23,226,3.6
2021,1,24,19,30,-0.2,76,970,690,0.22,910,23.900000000000002,229,3.9000000000000004
2021,1,24,20,30,-0.8,74,948,628,0.22,909,24.1,228,4.3
2021,1,24,21,30,-1.1,115,646,428,0.22,909,23.5,227,4.2
2021,1,24,22,30,0.2,63,24,71,0.22,909,21.1,217,2.9000000000000004
2021,1,24,23,30,2.9000000000000004,39,12,41,0.22,909,19.400000000000002,209,2
2021,1,25,0,30,2.6,0,0,0,0.22,909,16.6,213,2.4000000000000004
2021,1,25,1,30,2.9000000000000004,0,0,0,0.22,909,16.1,247,3.4000000000000004
2021,1,25,2,30,2.8000000000000003,0,0,0,0.22,911,15,279,5.2
2021,1,25,3,30,2.3000000000000003,0,0,0,0.22,912,13.200000000000001,292,6
2021,1,25,4,30,2,0,0,0,0.22,913,11.4,291,5.800000000000001
2021,1,25,5,30,1.3,0,0,0,0.22,914,10,284,5.6000000000000005
2021,1,25,6,30,0.1,0,0,0,0.22,914,8.8,281,5
2021,1,25,7,30,-0.9,0,0,0,0.22,914,7.4,278,4.2
2021,1,25,8,30,-1.5,0,0,0,0.22,914,6.300000000000001,270,3.6
2021,1,25,9,30,-1.7000000000000002,0,0,0,0.22,914,5.5,264,3.5
2021,1,25,10,30,-1.7000000000000002,0,0,0,0.22,914,5.1000000000000005,260,3.7
2021,1,25,11,30,-1.7000000000000002,0,0,0,0.22,914,4.800000000000001,258,3.9000000000000004
2021,1,25,12,30,-1.7000000000000002,0,0,0,0.22,915,4.4,257,3.8000000000000003
2021,1,25,13,30,-1.6,0,0,0,0.22,915,5.1000000000000005,255,4.4
2021,1,25,14,30,-1.4000000000000001,32,577,102,0.22,915,7.6000000000000005,260,5.9
2021,1,25,15,30,-1.3,50,840,307,0.22,916,10.3,270,7.6000000000000005
2021,1,25,16,30,-2.7,60,942,493,0.22,916,12.4,275,8.5
2021,1,25,17,30,-4.3,65,992,631,0.22,915,13.8,275,8.8
2021,1,25,18,30,-4.9,69,1014,708,0.22,915,14.700000000000001,273,8.700000000000001
2021,1,25,19,30,-4.9,71,1013,716,0.22,914,15.3,270,8.4
2021,1,25,20,30,-4.9,69,994,654,0.22,914,15.600000000000001,269,8
2021,1,25,21,30,-5.2,65,949,528,0.22,913,15.5,269,7.300000000000001
2021,1,25,22,30,-5.4,57,853,350,0.22,913,14.4,272,5.4
2021,1,25,23,30,-4.5,40,632,144,0.22,913,13.5,274,3.9000000000000004
2021,1,26,0,30,-3.3000000000000003,3,26,2,0.22,913,8.9,293,1.7000000000000002
2021,1,26,1,30,-3.6,0,0,0,0.22,914,8.1,301,1.6
2021,1,26,2,30,-4,0,0,0,0.22,914,7.4,303,1.7000000000000002
2021,1,26,3,30,-4.3,0,0,0,0.22,914,6.6000000000000005,299,1.8
2021,1,26,4,30,-4.4,0,0,0,0.22,914,5.800000000000001,291,1.8
2021,1,26,5,30,-4.5,0,0,0,0.22,914,5.1000000000000005,280,1.8
2021,1,26,6,30,-4.5,0,0,0,0.22,914,4.5,266,1.8
2021,1,26,7,30,-4.5,0,0,0,0.22,914,4,251,2
2021,1,26,8,30,-4.5,0,0,0,0.22,914,3.8000000000000003,240,2.6
2021,1,26,9,30,-4.6000000000000005,0,0,0,0.22,914,3.4000000000000004,233,2.9000000000000004
2021,1,26,10,30,-4.5,0,0,0,0.22,914,2.8000000000000003,226,2.7
2021,1,26,11,30,-4.5,0,0,0,0.22,914,2.3000000000000003,223,2.5
2021,1,26,12,30,-4.3,0,0,0,0.22,915,2.1,225,2.4000000000000004
2021,1,26,13,30,-4.1000000000000005,0,0,0,0.22,916,3.4000000000000004,233,3.1
2021,1,26,14,30,-3.7,32,553,101,0.22,917,6.5,250,4.1000000000000005
2021,1,26,15,30,-2.5,48,835,306,0.22,917,9.9,269,5.2
2021,1,26,16,30,-1.2000000000000002,58,937,491,0.22,918,12.200000000000001,275,6.2
2021,1,26,17,30,-2.2,64,990,631,0.22,917,13.4,271,6.800000000000001
2021,1,26,18,30,-3.7,67,1011,708,0.22,916,14.4,268,7.1000000000000005
2021,1,26,19,30,-5.1000000000000005,67,1014,716,0.22,915,15.200000000000001,267,7.2
2021,1,26,20,30,-6.1000000000000005,66,994,654,0.22,915,15.600000000000001,269,7.2
2021,1,26,21,30,-6.800000000000001,64,945,529,0.22,915,15.3,278,7.2
2021,1,26,22,30,-7.2,58,838,349,0.22,916,13.9,291,7.1000000000000005
2021,1,26,23,30,-6.6000000000000005,42,609,144,0.22,916,12.9,297,7
2021,1,27,0,30,-6,3,22,2,0.22,919,9.700000000000001,300,6.6000000000000005
2021,1,27,1,30,-5.4,0,0,0,0.22,921,8.3,298,5.7
2021,1,27,2,30,-4.800000000000001,0,0,0,0.22,922,7,295,4.5
2021,1,27,3,30,-4.2,0,0,0,0.22,922,5.5,288,3.4000000000000004
2021,1,27,4,30,-3.8000000000000003,0,0,0,0.22,923,4.2,281,2.9000000000000004
2021,1,27,5,30,-3.6,0,0,0,0.22,924,3.3000000000000003,277,3.1
2021,1,27,6,30,-3.5,0,0,0,0.22,924,2.6,277,3.4000000000000004
2021,1,27,7,30,-3.5,0,0,0,0.22,925,1.8,278,3.7
2021,1,27,8,30,-3.5,0,0,0,0.22,926,1.2000000000000002,278,3.9000000000000004
2021,1,27,9,30,-3.7,0,0,0,0.22,926,0.6000000000000001,279,4
2021,1,27,10,30,-4,0,0,0,0.22,926,0.1,282,3.9000000000000004
2021,1,27,11,30,-4.4,0,0,0,0.22,927,-0.5,286,3.7
2021,1,27,12,30,-4.7,0,0,0,0.22,928,-1,290,3.4000000000000004
2021,1,27,13,30,-5.1000000000000005,0,0,0,0.22,929,-0.30000000000000004,291,3.8000000000000003
2021,1,27,14,30,-5.5,33,620,111,0.22,930,2.4000000000000004,294,4.1000000000000005
2021,1,27,15,30,-6.2,49,876,322,0.22,931,6,315,4.3
2021,1,27,16,30,-10.100000000000001,58,978,513,0.22,931,9.1,338,4.3
2021,1,27,17,30,-12.5,63,1027,655,0.22,931,11.100000000000001,349,3.6
2021,1,27,18,30,-13.9,66,1048,734,0.22,930,12.600000000000001,177,2.7
2021,1,27,19,30,-14.8,66,1050,742,0.22,929,13.600000000000001,6,1.9000000000000001
2021,1,27,20,30,-15.3,66,1031,680,0.22,929,14.100000000000001,29,1.3
2021,1,27,21,30,-15.700000000000001,63,987,552,0.22,929,14.100000000000001,66,1.2000000000000002
2021,1,27,22,30,-15.600000000000001,56,900,371,0.22,929,12.5,96,1.2000000000000002
2021,1,27,23,30,-8.1,40,696,159,0.22,929,11.200000000000001,107,1
2021,1,28,0,30,-8.8,1,0,1,0.22,929,6.9,122,1.5
2021,1,28,1,30,-9.600000000000001,0,0,0,0.22,930,5.9,131,1.7000000000000002
2021,1,28,2,30,-9.9,0,0,0,0.22,930,5.4,139,1.8
2021,1,28,3,30,-9.8,0,0,0,0.22,931,5.1000000000000005,147,1.8
2021,1,28,4,30,-9.4,0,0,0,0.22,931,4.7,155,1.8
2021,1,28,5,30,-8.8,0,0,0,0.22,931,4.4,162,1.7000000000000002
2021,1,28,6,30,-8.1,0,0,0,0.22,931,4.1000000000000005,165,1.5
2021,1,28,7,30,-7.6000000000000005,0,0,0,0.22,931,3.8000000000000003,164,1.3
2021,1,28,8,30,-7.2,0,0,0,0.22,930,3.7,156,1.3
2021,1,28,9,30,-6.9,0,0,0,0.22,930,3.6,144,1.3
2021,1,28,10,30,-6.6000000000000005,0,0,0,0.22,930,3.6,130,1.4000000000000001
2021,1,28,11,30,-6.1000000000000005,0,0,0,0.22,930,3.5,119,1.6
2021,1,28,12,30,-5.6000000000000005,0,0,0,0.22,931,3.4000000000000004,116,1.8
2021,1,28,13,30,-5.2,0,0,0,0.22,931,3.8000000000000003,116,2.2
2021,1,28,14,30,-4.6000000000000005,39,2,39,0.22,931,4.9,117,2.7
2021,1,28,15,30,-4.6000000000000005,111,296,204,0.22,931,6.6000000000000005,124,3.2
2021,1,28,16,30,-4.800000000000001,68,897,488,0.22,931,9,137,3.6
2021,1,28,17,30,-5.5,75,944,622,0.22,931,11.200000000000001,150,3.7
2021,1,28,18,30,-5.800000000000001,79,967,698,0.22,930,13.100000000000001,153,3.4000000000000004
2021,1,28,19,30,-5.7,76,970,704,0.22,929,15.100000000000001,144,3.1
2021,1,28,20,30,-5.300000000000001,156,684,566,0.22,928,16.5,129,3.2
2021,1,28,21,30,-4.9,174,289,318,0.22,927,16.8,120,3.6
2021,1,28,22,30,-4.3,138,63,160,0.22,927,15.5,117,3.3000000000000003
2021,1,28,23,30,-2.1,64,33,70,0.22,927,14.200000000000001,115,2.8000000000000003
2021,1,29,0,30,-1.6,1,0,1,0.22,927,11,126,3.4000000000000004
2021,1,29,1,30,-1.2000000000000002,0,0,0,0.22,927,10.4,139,4.2
2021,1,29,2,30,-0.8,0,0,0,0.22,927,9.8,153,4.5
2021,1,29,3,30,-0.5,0,0,0,0.22,927,9.1,166,4
2021,1,29,4,30,-0.2,0,0,0,0.22,927,8.4,176,3.2
2021,1,29,5,30,0,0,0,0,0.22,926,7.800000000000001,187,2.6
2021,1,29,6,30,0.1,0,0,0,0.22,926,7.4,196,2.3000000000000003
2021,1,29,7,30,0.1,0,0,0,0.22,925,7.1000000000000005,205,2.1
2021,1,29,8,30,0.1,0,0,0,0.22,925,7,213,2.1
2021,1,29,9,30,0.2,0,0,0,0.22,925,7.1000000000000005,215,2.1
2021,1,29,10,30,0.30000000000000004,0,0,0,0.22,924,7.2,213,1.9000000000000001
2021,1,29,11,30,0.4,0,0,0,0.22,924,7.300000000000001,210,1.8
2021,1,29,12,30,0.6000000000000001,0,0,0,0.22,924,7.5,203,1.6
2021,1,29,13,30,0.8,0,0,0,0.22,924,8.4,191,1.6
2021,1,29,14,30,1.1,24,0,24,0.22,923,10.100000000000001,190,1.8
2021,1,29,15,30,1.2000000000000002,51,1,51,0.22,923,12.4,197,1.6
2021,1,29,16,30,1.8,163,412,357,0.22,923,15.8,186,1.4000000000000001
2021,1,29,17,30,2,234,365,447,0.22,922,19.1,166,1.8
2021,1,29,18,30,2.1,285,346,508,0.22,920,21.5,160,2.5
2021,1,29,19,30,2.2,299,180,416,0.22,919,23.1,167,3.2
2021,1,29,20,30,2.4000000000000004,267,196,385,0.22,917,24.1,174,3.4000000000000004
2021,1,29,21,30,3,213,152,289,0.22,917,23.8,177,2.7
2021,1,29,22,30,5.800000000000001,140,217,218,0.22,916,21.6,171,1.7000000000000002
2021,1,29,23,30,6.4,62,20,66,0.22,916,19.900000000000002,165,1.4000000000000001
2021,1,30,0,30,6,1,0,1,0.22,916,17,268,1.3
2021,1,30,1,30,6.300000000000001,0,0,0,0.22,916,15.600000000000001,355,2
2021,1,30,2,30,6.9,0,0,0,0.22,916,14.100000000000001,342,2.2
2021,1,30,3,30,7.6000000000000005,0,0,0,0.22,917,13,164,1.9000000000000001
2021,1,30,4,30,8.4,0,0,0,0.22,916,12.100000000000001,39,1.8
2021,1,30,5,30,8.6,0,0,0,0.22,914,11.200000000000001,128,1.4000000000000001
2021,1,30,6,30,8.6,0,0,0,0.22,914,10.8,211,1.4000000000000001
2021,1,30,7,30,8.5,0,0,0,0.22,914,10.700000000000001,256,2.6
2021,1,30,8,30,8.1,0,0,0,0.22,915,10.700000000000001,268,3.9000000000000004
2021,1,30,9,30,6.9,0,0,0,0.22,915,10.4,269,4.800000000000001
2021,1,30,10,30,4.9,0,0,0,0.22,916,9.9,268,5
2021,1,30,11,30,3.5,0,0,0,0.22,917,9.200000000000001,270,4.7
2021,1,30,12,30,3.1,0,0,0,0.22,917,8.3,271,4.2
2021,1,30,13,30,2.7,0,0,0,0.22,918,8.700000000000001,269,4.6000000000000005
2021,1,30,14,30,1.8,33,604,113,0.22,919,10.700000000000001,274,6.1000000000000005
2021,1,30,15,30,-0.9,50,861,324,0.22,919,13,287,7.6000000000000005
2021,1,30,16,30,-4.5,59,961,514,0.22,919,15,296,8.1
2021,1,30,17,30,-7.4,63,1010,655,0.22,919,16.8,298,7.9
2021,1,30,18,30,-9.4,65,1032,733,0.22,919,18.3,297,7.4
2021,1,30,19,30,-10.700000000000001,66,1034,743,0.22,918,19.3,296,6.9
2021,1,30,20,30,-11.600000000000001,64,1017,681,0.22,918,19.900000000000002,295,6.300000000000001
2021,1,30,21,30,-12.100000000000001,60,977,555,0.22,918,19.900000000000002,295,5.7
2021,1,30,22,30,-12,52,894,375,0.22,918,18.1,295,4.2
2021,1,30,23,30,-7.9,39,701,166,0.22,919,16.5,295,2.9000000000000004
2021,1,31,0,30,-6.5,8,78,6,0.22,920,11.3,296,2.1
2021,1,31,1,30,-6.800000000000001,0,0,0,0.22,921,10.200000000000001,297,2.2
2021,1,31,2,30,-7,0,0,0,0.22,921,9.4,300,2.4000000000000004
2021,1,31,3,30,-7.4,0,0,0,0.22,922,8.6,307,2.7
2021,1,31,4,30,-7.7,0,0,0,0.22,923,8,315,3
2021,1,31,5,30,-7.800000000000001,0,0,0,0.22,923,7.2,322,3.2
2021,1,31,6,30,-7.800000000000001,0,0,0,0.22,924,6.4,325,3.3000000000000003
2021,1,31,7,30,-7.7,0,0,0,0.22,925,5.4,324,3
2021,1,31,8,30,-7.5,0,0,0,0.22,925,4.5,322,2.7
2021,1,31,9,30,-7.4,0,0,0,0.22,925,3.8000000000000003,323,2.6
2021,1,31,10,30,-7.5,0,0,0,0.22,926,3.2,324,2.6
2021,1,31,11,30,-7.5,0,0,0,0.22,927,2.6,327,2.6
2021,1,31,12,30,-7.4,0,0,0,0.22,928,2,330,2.5
2021,1,31,13,30,-7.2,0,0,0,0.22,929,2.6,337,3
2021,1,31,14,30,-6.9,34,598,115,0.22,931,4.9,175,3.4000000000000004
2021,1,31,15,30,-6.1000000000000005,52,836,321,0.22,932,7.800000000000001,32,3.2
2021,1,31,16,30,-4.5,65,934,510,0.22,932,10.700000000000001,68,3.4000000000000004
2021,1,31,17,30,-3.4000000000000004,74,978,650,0.22,932,13.100000000000001,82,3.7
2021,1,31,18,30,-2.8000000000000003,79,990,724,0.22,932,14.9,84,3.5
2021,1,31,19,30,-2.6,79,993,733,0.22,931,16,84,3.4000000000000004
2021,1,31,20,30,-2.7,76,976,672,0.22,930,16.6,85,3.3000000000000003
2021,1,31,21,30,-2.9000000000000004,71,932,546,0.22,930,16.5,87,3.1
2021,1,31,22,30,-3,61,845,369,0.22,930,15.3,88,2.3000000000000003
2021,1,31,23,30,-1,44,644,163,0.22,930,14.200000000000001,87,1.6
2012,2,1,0,30,0.30000000000000004,0,0,0,0.24,921,16,306,1.6
2012,2,1,1,30,-0.4,0,0,0,0.24,921,14.5,312,1.7000000000000002
2012,2,1,2,30,-0.7000000000000001,0,0,0,0.24,922,13.200000000000001,312,1.8
2012,2,1,3,30,-1,0,0,0,0.24,922,12,307,1.9000000000000001
2012,2,1,4,30,-1.2000000000000002,0,0,0,0.24,923,11,300,1.8
2012,2,1,5,30,-1.4000000000000001,0,0,0,0.24,923,10.100000000000001,293,1.7000000000000002
2012,2,1,6,30,-1.7000000000000002,0,0,0,0.24,923,9.4,289,1.8
2012,2,1,7,30,-1.9000000000000001,0,0,0,0.24,923,8.700000000000001,289,1.8
2012,2,1,8,30,-2.1,0,0,0,0.24,923,8.1,292,1.8
2012,2,1,9,30,-2.3000000000000003,0,0,0,0.24,923,7.6000000000000005,294,1.9000000000000001
2012,2,1,10,30,-2.4000000000000004,0,0,0,0.24,923,7.2,298,2.1
2012,2,1,11,30,-2.6,0,0,0,0.24,924,6.800000000000001,303,2.3000000000000003
2012,2,1,12,30,-2.8000000000000003,0,0,0,0.24,925,6.5,308,2.5
2012,2,1,13,30,-3.2,0,0,0,0.24,925,7.7,311,2.9000000000000004
2012,2,1,14,30,-3.4000000000000004,34,570,111,0.24,926,10.600000000000001,311,3.5
2012,2,1,15,30,-3.6,56,822,320,0.24,926,14,321,3.4000000000000004
2012,2,1,16,30,-4.2,67,926,509,0.24,927,17.6,340,3.5
2012,2,1,17,30,-5.4,75,983,654,0.24,926,20.1,346,3.4000000000000004
2012,2,1,18,30,-5.800000000000001,79,1004,733,0.24,925,21.200000000000003,343,2.9000000000000004
2012,2,1,19,30,-6,79,1007,742,0.24,925,21.6,343,2.4000000000000004
2012,2,1,20,30,-6.300000000000001,76,991,681,0.24,924,21.700000000000003,173,1.9000000000000001
2012,2,1,21,30,-6.6000000000000005,71,946,554,0.24,924,21.400000000000002,17,1.6
2012,2,1,22,30,-6.800000000000001,60,862,375,0.24,923,19.6,45,1.3
2012,2,1,23,30,-1.7000000000000002,42,667,165,0.24,923,18.2,57,1.1
2012,2,2,0,30,-3.5,0,0,0,0.24,924,13.600000000000001,72,1.6
2012,2,2,1,30,-4.2,0,0,0,0.24,924,12.3,82,1.7000000000000002
2012,2,2,2,30,-4.6000000000000005,0,0,0,0.24,924,11.200000000000001,93,1.7000000000000002
2012,2,2,3,30,-4.9,0,0,0,0.24,924,10.200000000000001,106,1.8
2012,2,2,4,30,-5.1000000000000005,0,0,0,0.24,924,9.3,119,1.8
2012,2,2,5,30,-5.1000000000000005,0,0,0,0.24,923,8.6,133,1.9000000000000001
2012,2,2,6,30,-4.7,0,0,0,0.24,923,7.800000000000001,147,1.9000000000000001
2012,2,2,7,30,-4.4,0,0,0,0.24,923,7.1000000000000005,159,1.9000000000000001
2012,2,2,8,30,-4,0,0,0,0.24,922,6.6000000000000005,166,2
2012,2,2,9,30,-3.6,0,0,0,0.24,921,6.300000000000001,170,2
2012,2,2,10,30,-3.2,0,0,0,0.24,921,6,173,1.9000000000000001
2012,2,2,11,30,-2.7,0,0,0,0.24,920,5.9,178,1.8
2012,2,2,12,30,-2,0,0,0,0.24,920,5.9,183,1.8
2012,2,2,13,30,-1.3,0,0,0,0.24,920,7.2,182,1.9000000000000001
2012,2,2,14,30,-0.2,50,89,63,0.24,919,9.9,176,2.4000000000000004
2012,2,2,15,30,0.5,101,469,253,0.24,919,13,175,3.1
2012,2,2,16,30,1.5,218,176,303,0.24,918,16.8,186,4.4
2012,2,2,17,30,2.4000000000000004,99,857,607,0.24,917,20.1,201,5.4
2012,2,2,18,30,2.3000000000000003,137,804,665,0.24,916,22.200000000000003,210,5.6000000000000005
2012,2,2,19,30,1.5,244,517,587,0.24,915,23.400000000000002,214,5.800000000000001
2012,2,2,20,30,0.30000000000000004,293,239,440,0.24,914,24,215,5.7
2012,2,2,21,30,-1,85,896,546,0.24,914,23.900000000000002,218,4.800000000000001
2012,2,2,22,30,-1.1,70,816,371,0.24,914,21.6,221,3
2012,2,2,23,30,1.1,46,628,164,0.24,914,19.6,222,2
2012,2,3,0,30,0.1,0,0,0,0.24,914,15.600000000000001,222,1.7000000000000002
2012,2,3,1,30,0.30000000000000004,0,0,0,0.24,914,14.8,220,1.7000000000000002
2012,2,3,2,30,1.2000000000000002,0,0,0,0.24,915,13.700000000000001,221,1.7000000000000002
2012,2,3,3,30,2.1,0,0,0,0.24,915,12.3,231,1.7000000000000002
2012,2,3,4,30,2.1,0,0,0,0.24,915,11.100000000000001,245,1.8
2012,2,3,5,30,1.1,0,0,0,0.24,915,10.100000000000001,255,2.1
2012,2,3,6,30,-0.9,0,0,0,0.24,915,9.4,264,2.4000000000000004
2012,2,3,7,30,-3.5,0,0,0,0.24,916,8.6,270,3
2012,2,3,8,30,-5.6000000000000005,0,0,0,0.24,916,7.6000000000000005,273,3.5
2012,2,3,9,30,-7,0,0,0,0.24,916,6.5,274,3.6
2012,2,3,10,30,-7.5,0,0,0,0.24,917,5.6000000000000005,273,3.4000000000000004
2012,2,3,11,30,-7.7,0,0,0,0.24,918,4.9,271,3.2
2012,2,3,12,30,-7.800000000000001,0,0,0,0.24,919,4.4,268,3.1
2012,2,3,13,30,-7.800000000000001,0,0,0,0.24,920,5.7,265,3.5
2012,2,3,14,30,-7.7,37,575,118,0.24,920,8.9,263,3.8000000000000003
2012,2,3,15,30,-7.6000000000000005,59,821,328,0.24,921,12.700000000000001,276,4
2012,2,3,16,30,-8,115,678,443,0.24,921,16.1,288,4.5
2012,2,3,17,30,-8.8,79,977,662,0.24,921,18.2,288,4.800000000000001
2012,2,3,18,30,-9.200000000000001,83,1000,742,0.24,920,19.5,286,4.800000000000001
2012,2,3,19,30,-9.4,84,1002,751,0.24,920,20.400000000000002,286,4.6000000000000005
2012,2,3,20,30,-9.600000000000001,81,984,690,0.24,919,20.8,287,4.2
2012,2,3,21,30,-9.8,75,941,563,0.24,919,20.6,292,3.7
2012,2,3,22,30,-9.700000000000001,63,849,380,0.24,919,18.7,307,2.5
2012,2,3,23,30,-4.3,44,564,152,0.24,919,17,318,1.5
2012,2,4,0,30,-5.6000000000000005,0,0,0,0.24,920,11.600000000000001,179,1.9000000000000001
2012,2,4,1,30,-6.800000000000001,0,0,0,0.24,921,10.4,15,2.3000000000000003
2012,2,4,2,30,-7.2,0,0,0,0.24,922,9.3,29,2.7
2012,2,4,3,30,-6.7,0,0,0,0.24,923,7.800000000000001,38,2.8000000000000003
2012,2,4,4,30,-5.7,0,0,0,0.24,923,6.2,39,2.7
2012,2,4,5,30,-4.7,0,0,0,0.24,924,5,38,2.6
2012,2,4,6,30,-3.9000000000000004,0,0,0,0.24,925,4.1000000000000005,39,2.5
2012,2,4,7,30,-3.1,0,0,0,0.24,926,3.8000000000000003,41,2.3000000000000003
2012,2,4,8,30,-2.4000000000000004,0,0,0,0.24,926,3.9000000000000004,42,2.1
2012,2,4,9,30,-1.9000000000000001,0,0,0,0.24,926,3.9000000000000004,33,1.8
2012,2,4,10,30,-1.9000000000000001,0,0,0,0.24,927,3.7,22,1.5
2012,2,4,11,30,-2.3000000000000003,0,0,0,0.24,927,3.6,17,1.6
2012,2,4,12,30,-2.8000000000000003,0,0,0,0.24,928,3.7,16,1.8
2012,2,4,13,30,-3.3000000000000003,0,0,0,0.24,929,4.1000000000000005,20,2.7
2012,2,4,14,30,-3.9000000000000004,51,186,77,0.24,930,5,28,4.3
2012,2,4,15,30,-4.4,129,269,219,0.24,930,6,37,5
2012,2,4,16,30,-4.6000000000000005,179,446,396,0.24,930,7.6000000000000005,42,4.9
2012,2,4,17,30,-4.800000000000001,287,199,406,0.24,930,9.4,44,4.6000000000000005
2012,2,4,18,30,-5,226,568,602,0.24,929,10.8,46,4.2
2012,2,4,19,30,-5,100,942,731,0.24,928,11.8,48,3.9000000000000004
2012,2,4,20,30,-4.9,96,924,671,0.24,928,12.3,50,3.7
2012,2,4,21,30,-4.800000000000001,86,884,547,0.24,927,12.4,50,3.5
2012,2,4,22,30,-4.9,72,800,373,0.24,927,11.700000000000001,50,3.1
2012,2,4,23,30,-4.6000000000000005,69,253,119,0.24,928,11,50,2.8000000000000003
2012,2,5,0,30,-4,0,0,0,0.24,928,7.4,55,1.8
2012,2,5,1,30,-4.4,0,0,0,0.24,929,7,57,2.3000000000000003
2012,2,5,2,30,-4.7,0,0,0,0.24,929,6.7,60,2.9000000000000004
2012,2,5,3,30,-4.9,0,0,0,0.24,930,5.800000000000001,62,3.2
2012,2,5,4,30,-5,0,0,0,0.24,930,4.800000000000001,61,3.5
2012,2,5,5,30,-5,0,0,0,0.24,931,3.9000000000000004,59,3.5
2012,2,5,6,30,-4.800000000000001,0,0,0,0.24,931,2.9000000000000004,60,2.9000000000000004
2012,2,5,7,30,-4.7,0,0,0,0.24,931,1.8,64,2.2
2012,2,5,8,30,-4.4,0,0,0,0.24,931,1,66,1.8
2012,2,5,9,30,-4.2,0,0,0,0.24,931,0.30000000000000004,62,1.6
2012,2,5,10,30,-4,0,0,0,0.24,931,-0.2,55,1.4000000000000001
2012,2,5,11,30,-3.9000000000000004,0,0,0,0.24,932,-0.6000000000000001,50,1.3
2012,2,5,12,30,-3.9000000000000004,0,0,0,0.24,932,-0.9,46,1.2000000000000002
2012,2,5,13,30,-3.8000000000000003,0,0,0,0.24,932,0.2,46,1.9000000000000001
2012,2,5,14,30,-3.8000000000000003,35,0,35,0.24,932,2.7,58,3.2
2012,2,5,15,30,-4.1000000000000005,127,24,135,0.24,933,4.9,69,4
2012,2,5,16,30,-4.7,221,199,319,0.24,932,6.7,70,4
2012,2,5,17,30,-5.1000000000000005,255,42,281,0.24,932,8.200000000000001,69,3.8000000000000003
2012,2,5,18,30,-5.5,296,52,331,0.24,931,9.3,70,3.4000000000000004
2012,2,5,19,30,-5.7,332,204,470,0.24,930,10.100000000000001,74,3
2012,2,5,20,30,-5.800000000000001,303,135,387,0.24,929,10.600000000000001,78,2.7
2012,2,5,21,30,-5.800000000000001,236,257,371,0.24,929,10.5,82,2.5
2012,2,5,22,30,-5.9,138,386,285,0.24,929,9.8,86,2.4000000000000004
2012,2,5,23,30,-5.7,52,593,170,0.24,929,9.200000000000001,88,2.2
2012,2,6,0,30,-4.9,0,0,0,0.24,929,5.4,95,1.4000000000000001
2012,2,6,1,30,-5.6000000000000005,0,0,0,0.24,929,4.4,102,1.5
2012,2,6,2,30,-6,0,0,0,0.24,929,3.7,110,1.6
2012,2,6,3,30,-6.2,0,0,0,0.24,929,3,118,1.6
2012,2,6,4,30,-6.2,0,0,0,0.24,929,2.4000000000000004,123,1.5
2012,2,6,5,30,-6.2,0,0,0,0.24,929,1.8,125,1.4000000000000001
2012,2,6,6,30,-6.2,0,0,0,0.24,929,1.2000000000000002,126,1.3
2012,2,6,7,30,-6.1000000000000005,0,0,0,0.24,929,0.7000000000000001,126,1.2000000000000002
2012,2,6,8,30,-6,0,0,0,0.24,929,0.4,126,1.1
2012,2,6,9,30,-5.9,0,0,0,0.24,928,0,125,1.1
2012,2,6,10,30,-5.7,0,0,0,0.24,928,-0.30000000000000004,123,1.1
2012,2,6,11,30,-5.5,0,0,0,0.24,928,-0.6000000000000001,123,1.1
2012,2,6,12,30,-5.4,0,0,0,0.24,928,-0.9,126,1.2000000000000002
2012,2,6,13,30,-5.2,0,0,0,0.24,928,0.5,131,1.7000000000000002
2012,2,6,14,30,-5,55,90,68,0.24,928,3.8000000000000003,136,2.9000000000000004
2012,2,6,15,30,-5.1000000000000005,67,775,329,0.24,928,7.1000000000000005,138,3.6
2012,2,6,16,30,-4.6000000000000005,82,879,515,0.24,927,9.700000000000001,138,3.4000000000000004
2012,2,6,17,30,-3.8000000000000003,90,931,656,0.24,926,11.8,137,3.1
2012,2,6,18,30,-3.1,99,946,734,0.24,925,13.600000000000001,135,2.9000000000000004
2012,2,6,19,30,-2.4000000000000004,100,949,743,0.24,924,15.200000000000001,133,2.7
2012,2,6,20,30,-2,97,930,683,0.24,923,16.3,129,2.4000000000000004
2012,2,6,21,30,-1.7000000000000002,89,885,557,0.24,922,16.7,121,2.4000000000000004
2012,2,6,22,30,-1.6,75,796,380,0.24,921,15.8,110,2.2
2012,2,6,23,30,-0.6000000000000001,52,601,174,0.24,921,14.8,104,2
2012,2,7,0,30,-1,0,0,0,0.24,922,10.200000000000001,109,2.5
2012,2,7,1,30,-1.3,0,0,0,0.24,922,9.3,121,3
2012,2,7,2,30,-1.3,0,0,0,0.24,922,8.5,135,3.1
2012,2,7,3,30,-1.2000000000000002,0,0,0,0.24,922,7.7,149,3
2012,2,7,4,30,-1.2000000000000002,0,0,0,0.24,922,7,160,3
2012,2,7,5,30,-1.1,0,0,0,0.24,922,6.2,172,2.8000000000000003
2012,2,7,6,30,-1,0,0,0,0.24,921,5.5,185,2.5
2012,2,7,7,30,-0.8,0,0,0,0.24,921,4.9,199,2.2
2012,2,7,8,30,-0.6000000000000001,0,0,0,0.24,921,4.5,214,1.9000000000000001
2012,2,7,9,30,-0.4,0,0,0,0.24,922,4.4,231,1.6
2012,2,7,10,30,-0.2,0,0,0,0.24,922,4.4,253,1.4000000000000001
2012,2,7,11,30,-0.1,0,0,0,0.24,922,4.1000000000000005,276,1.3
2012,2,7,12,30,0,0,0,0,0.24,923,3.8000000000000003,295,1.3
2012,2,7,13,30,0,0,0,0,0.24,924,4.9,314,2.2
2012,2,7,14,30,0,56,96,70,0.24,925,7.5,330,3.9000000000000004
2012,2,7,15,30,-0.2,69,765,329,0.24,925,10.200000000000001,343,5.300000000000001
2012,2,7,16,30,-0.8,82,877,518,0.24,926,12.200000000000001,354,6
2012,2,7,17,30,-1.1,92,929,660,0.24,926,13.5,180,5.9
2012,2,7,18,30,-1.2000000000000002,96,949,737,0.24,926,14.4,6,5.5
2012,2,7,19,30,-1.3,101,944,745,0.24,926,14.9,11,5.2
2012,2,7,20,30,-1.4000000000000001,101,918,683,0.24,926,15,14,5
2012,2,7,21,30,-1.6,92,874,558,0.24,926,14.600000000000001,17,4.800000000000001
2012,2,7,22,30,-1.8,112,545,324,0.24,927,13.5,23,4.4
2012,2,7,23,30,-1.9000000000000001,55,577,174,0.24,927,12.700000000000001,27,4.1000000000000005
2012,2,8,0,30,-1.8,0,0,0,0.24,928,8.6,41,3.2
2012,2,8,1,30,-2.2,0,0,0,0.24,929,7.5,49,4
2012,2,8,2,30,-2.5,0,0,0,0.24,930,6.1000000000000005,55,4.2
2012,2,8,3,30,-2.9000000000000004,0,0,0,0.24,931,4.800000000000001,60,4
2012,2,8,4,30,-3.4000000000000004,0,0,0,0.24,931,3.6,65,3.6
2012,2,8,5,30,-3.8000000000000003,0,0,0,0.24,932,2.4000000000000004,71,3
2012,2,8,6,30,-4,0,0,0,0.24,932,1.4000000000000001,76,2.4000000000000004
2012,2,8,7,30,-4.2,0,0,0,0.24,932,0.5,80,1.7000000000000002
2012,2,8,8,30,-4.3,0,0,0,0.24,932,-0.30000000000000004,79,1.2000000000000002
2012,2,8,9,30,-4.4,0,0,0,0.24,932,-0.8,71,0.9
2012,2,8,10,30,-4.5,0,0,0,0.24,932,-1.2000000000000002,58,0.9
2012,2,8,11,30,-4.5,0,0,0,0.24,932,-1.6,51,1
2012,2,8,12,30,-4.6000000000000005,0,0,0,0.24,933,-1.8,52,1
2012,2,8,13,30,-4.7,0,0,0,0.24,933,-0.9,65,1.8
2012,2,8,14,30,-4.9,49,450,118,0.24,933,1.2000000000000002,85,2.8000000000000003
2012,2,8,15,30,-5,81,705,324,0.24,933,3.2,100,3.1
2012,2,8,16,30,-4.6000000000000005,203,364,385,0.24,932,5.4,108,3.2
2012,2,8,17,30,-3.8000000000000003,277,64,316,0.24,932,7.5,115,3.3000000000000003
2012,2,8,18,30,-2.9000000000000004,333,123,416,0.24,930,9.3,123,3.3000000000000003
2012,2,8,19,30,-2,270,473,595,0.24,929,10.8,127,3.1
2012,2,8,20,30,-1.3,122,866,674,0.24,928,11.8,124,3
2012,2,8,21,30,-0.9,139,660,494,0.24,927,12.4,119,3
2012,2,8,22,30,-0.7000000000000001,89,734,377,0.24,926,12,113,2.6
2012,2,8,23,30,-0.5,61,538,174,0.24,926,11.5,110,2.3000000000000003
2012,2,9,0,30,-0.5,0,0,0,0.24,927,7.2,97,1.6
2012,2,9,1,30,-0.6000000000000001,0,0,0,0.24,927,6.4,103,1.8
2012,2,9,2,30,-0.4,0,0,0,0.24,927,5.7,114,2
2012,2,9,3,30,-0.2,0,0,0,0.24,927,5.1000000000000005,127,2
2012,2,9,4,30,0,0,0,0,0.24,927,4.5,141,1.9000000000000001
2012,2,9,5,30,0.2,0,0,0,0.24,927,3.9000000000000004,156,1.7000000000000002
2012,2,9,6,30,0.2,0,0,0,0.24,927,3.4000000000000004,171,1.6
2012,2,9,7,30,0.30000000000000004,0,0,0,0.24,926,3,186,1.4000000000000001
2012,2,9,8,30,0.5,0,0,0,0.24,926,2.7,203,1.3
2012,2,9,9,30,0.7000000000000001,0,0,0,0.24,925,2.6,221,1.3
2012,2,9,10,30,0.9,0,0,0,0.24,925,2.5,239,1.3
2012,2,9,11,30,1.2000000000000002,0,0,0,0.24,925,2.4000000000000004,254,1.4000000000000001
2012,2,9,12,30,1.4000000000000001,0,0,0,0.24,925,2.3000000000000003,263,1.5
2012,2,9,13,30,1.5,0,0,0,0.24,925,3.7,269,2
2012,2,9,14,30,1.7000000000000002,50,441,120,0.24,925,6.9,275,2.4000000000000004
2012,2,9,15,30,1.9000000000000001,83,695,324,0.24,925,10.8,281,2.4000000000000004
2012,2,9,16,30,2.4000000000000004,102,805,508,0.24,925,14.600000000000001,283,2.3000000000000003
2012,2,9,17,30,2.4000000000000004,295,110,363,0.24,924,17.2,280,2.1
2012,2,9,18,30,2.4000000000000004,328,273,515,0.24,922,19,272,1.9000000000000001
2012,2,9,19,30,2.3000000000000003,128,875,732,0.24,921,20.200000000000003,257,1.6
2012,2,9,20,30,2.3000000000000003,125,851,671,0.24,919,20.8,241,1.4000000000000001
2012,2,9,21,30,2.3000000000000003,144,650,496,0.24,918,21,256,1.3
2012,2,9,22,30,2.2,85,677,353,0.24,918,20,298,1.1
2012,2,9,23,30,4,81,44,90,0.24,918,19,320,0.9
2012,2,10,0,30,3.1,0,0,0,0.24,919,14.5,29,1.1
2012,2,10,1,30,2.9000000000000004,0,0,0,0.24,920,13.4,50,1.2000000000000002
2012,2,10,2,30,2.9000000000000004,0,0,0,0.24,920,12.200000000000001,75,1.2000000000000002
2012,2,10,3,30,3.2,0,0,0,0.24,921,11,94,0.9
2012,2,10,4,30,3.5,0,0,0,0.24,921,10.100000000000001,57,0.8
2012,2,10,5,30,3.7,0,0,0,0.24,921,9.1,14,1.2000000000000002
2012,2,10,6,30,4,0,0,0,0.24,922,8.1,20,2.4000000000000004
2012,2,10,7,30,4.4,0,0,0,0.24,923,7.5,26,3.7
2012,2,10,8,30,4.800000000000001,0,0,0,0.24,923,6.9,26,4.4
2012,2,10,9,30,4.7,0,0,0,0.24,924,6.300000000000001,26,4.1000000000000005
2012,2,10,10,30,3.9000000000000004,0,0,0,0.24,925,5.9,24,3.6
2012,2,10,11,30,2.6,0,0,0,0.24,926,5.6000000000000005,23,3
2012,2,10,12,30,1.6,0,0,0,0.24,927,5.5,23,2.4000000000000004
2012,2,10,13,30,0.8,0,0,0,0.24,928,5.800000000000001,21,2
2012,2,10,14,30,0.30000000000000004,54,438,124,0.24,929,7.2,30,2
2012,2,10,15,30,-1.1,79,744,339,0.24,929,9.600000000000001,50,2.1
2012,2,10,16,30,-2.8000000000000003,87,886,537,0.24,929,11.9,59,2
2012,2,10,17,30,-3.5,90,953,683,0.24,928,13.5,57,1.4000000000000001
2012,2,10,18,30,-3.8000000000000003,95,975,764,0.24,927,14.8,202,1
2012,2,10,19,30,-3.9000000000000004,92,984,775,0.24,926,15.700000000000001,342,1.1
2012,2,10,20,30,-4.1000000000000005,87,971,714,0.24,926,16.1,336,1.6
2012,2,10,21,30,-4.4,76,940,588,0.24,925,16,344,1.9000000000000001
2012,2,10,22,30,-4.7,64,864,408,0.24,925,15.200000000000001,178,1.6
2012,2,10,23,30,-3.5,46,691,196,0.24,925,14.600000000000001,9,1.2000000000000002
2012,2,11,0,30,-3.2,0,0,0,0.24,925,10.4,103,1.1
2012,2,11,1,30,-3.9000000000000004,0,0,0,0.24,926,8.8,126,1.6
2012,2,11,2,30,-4.3,0,0,0,0.24,926,7.9,140,2
2012,2,11,3,30,-4.6000000000000005,0,0,0,0.24,927,7.300000000000001,149,2.5
2012,2,11,4,30,-4.7,0,0,0,0.24,927,6.800000000000001,155,2.8000000000000003
2012,2,11,5,30,-4.6000000000000005,0,0,0,0.24,927,6.1000000000000005,158,2.9000000000000004
2012,2,11,6,30,-4.5,0,0,0,0.24,927,5.4,159,2.8000000000000003
2012,2,11,7,30,-4.4,0,0,0,0.24,927,4.6000000000000005,157,2.6
2012,2,11,8,30,-4.3,0,0,0,0.24,927,3.8000000000000003,150,2.4000000000000004
2012,2,11,9,30,-4.3,0,0,0,0.24,927,3,137,2.2
2012,2,11,10,30,-4.2,0,0,0,0.24,927,2.4000000000000004,122,2.2
2012,2,11,11,30,-4.2,0,0,0,0.24,928,1.8,110,2.4000000000000004
2012,2,11,12,30,-4.3,0,0,0,0.24,929,1.3,100,2.9000000000000004
2012,2,11,13,30,-4.4,0,0,0,0.24,929,1.9000000000000001,94,4.2
2012,2,11,14,30,-4.6000000000000005,44,561,136,0.24,930,3.8000000000000003,95,5.7
2012,2,11,15,30,-4.9,68,796,350,0.24,931,6,99,6.1000000000000005
2012,2,11,16,30,-4.800000000000001,83,897,542,0.24,931,8,100,6
2012,2,11,17,30,-4.7,263,405,517,0.24,930,9.8,96,5.9
2012,2,11,18,30,-4.5,102,955,761,0.24,929,11.100000000000001,91,6
2012,2,11,19,30,-4.4,106,946,767,0.24,928,11.8,91,6
2012,2,11,20,30,-4.2,234,521,573,0.24,928,12.100000000000001,91,6.1000000000000005
2012,2,11,21,30,-3.9000000000000004,90,887,577,0.24,927,11.600000000000001,89,6.300000000000001
2012,2,11,22,30,-3.8000000000000003,79,787,396,0.24,927,10.600000000000001,87,6.4
2012,2,11,23,30,-3.9000000000000004,59,577,185,0.24,927,10,87,6.5
2012,2,12,0,30,-4.3,3,0,3,0.24,928,7.5,82,6.4
2012,2,12,1,30,-5.2,0,0,0,0.24,929,6.2,82,6.6000000000000005
2012,2,12,2,30,-6.4,0,0,0,0.24,930,4.9,83,6.6000000000000005
2012,2,12,3,30,-7.6000000000000005,0,0,0,0.24,930,3.9000000000000004,86,6.4
2012,2,12,4,30,-8.5,0,0,0,0.24,930,3.1,89,6.2
2012,2,12,5,30,-9.1,0,0,0,0.24,930,2.6,94,6
2012,2,12,6,30,-9.5,0,0,0,0.24,930,2.2,97,5.800000000000001
2012,2,12,7,30,-9.700000000000001,0,0,0,0.24,930,1.8,99,5.7
2012,2,12,8,30,-9.700000000000001,0,0,0,0.24,930,1.4000000000000001,101,5.7
2012,2,12,9,30,-9.4,0,0,0,0.24,930,1,102,5.800000000000001
2012,2,12,10,30,-8.9,0,0,0,0.24,929,0.7000000000000001,105,5.9
2012,2,12,11,30,-8.3,0,0,0,0.24,929,0.30000000000000004,107,5.9
2012,2,12,12,30,-7.9,0,0,0,0.24,929,0,110,5.9
2012,2,12,13,30,-7.4,0,0,0,0.24,928,0.1,113,6
2012,2,12,14,30,-6.800000000000001,32,0,32,0.24,928,0.7000000000000001,120,6.300000000000001
2012,2,12,15,30,-6.1000000000000005,109,0,109,0.24,928,1.7000000000000002,128,6.300000000000001
2012,2,12,16,30,-5.300000000000001,119,0,119,0.24,927,3,134,6
2012,2,12,17,30,-4.3,137,0,137,0.24,926,4.3,137,5.5
2012,2,12,18,30,-3.3000000000000003,153,2,155,0.24,925,5.4,138,4.9
2012,2,12,19,30,-2.3000000000000003,270,24,286,0.24,923,6.300000000000001,137,4.4
2012,2,12,20,30,-1.6,205,10,211,0.24,922,7.1000000000000005,134,4.2
2012,2,12,21,30,-1.2000000000000002,117,0,117,0.24,921,7.7,132,4.1000000000000005
2012,2,12,22,30,-0.9,156,26,167,0.24,921,7.6000000000000005,128,4
2012,2,12,23,30,-0.9,22,0,22,0.24,920,7.4,124,4
2012,2,13,0,30,-1,6,0,6,0.24,920,4.3,112,4.1000000000000005
2012,2,13,1,30,-1.3,0,0,0,0.24,920,3,112,4.4
2012,2,13,2,30,-1.2000000000000002,0,0,0,0.24,920,2.2,115,4.3
2012,2,13,3,30,-1.2000000000000002,0,0,0,0.24,920,1.6,119,3.8000000000000003
2012,2,13,4,30,-1.2000000000000002,0,0,0,0.24,920,1.2000000000000002,125,3.1
2012,2,13,5,30,-1.2000000000000002,0,0,0,0.24,920,1.1,130,2.5
2012,2,13,6,30,-0.9,0,0,0,0.24,919,1,135,2
2012,2,13,7,30,-0.6000000000000001,0,0,0,0.24,919,0.8,152,1.6
2012,2,13,8,30,-0.30000000000000004,0,0,0,0.24,918,0.7000000000000001,184,1.5
2012,2,13,9,30,0.1,0,0,0,0.24,918,0.8,214,1.7000000000000002
2012,2,13,10,30,0.6000000000000001,0,0,0,0.24,918,1.2000000000000002,238,2.1
2012,2,13,11,30,1.1,0,0,0,0.24,918,1.8,256,2.7
2012,2,13,12,30,1.5,0,0,0,0.24,918,2.4000000000000004,262,3.4000000000000004
2012,2,13,13,30,1.6,0,0,0,0.24,918,4.5,261,4.2
2012,2,13,14,30,1.7000000000000002,44,579,143,0.24,918,8.3,261,5.2
2012,2,13,15,30,1.6,97,0,97,0.24,918,12.5,264,6
2012,2,13,16,30,-0.2,79,919,557,0.24,918,15.8,269,6.800000000000001
2012,2,13,17,30,-2.4000000000000004,87,969,702,0.24,918,17.6,269,7.2
2012,2,13,18,30,-3.8000000000000003,92,982,778,0.24,917,18.8,267,7.300000000000001
2012,2,13,19,30,-4.800000000000001,93,983,788,0.24,916,19.5,267,7.300000000000001
2012,2,13,20,30,-5.6000000000000005,90,967,726,0.24,915,19.900000000000002,268,7.1000000000000005
2012,2,13,21,30,-6.2,83,928,599,0.24,915,19.8,270,6.7
2012,2,13,22,30,-6.4,71,851,420,0.24,915,18.5,269,5.2
2012,2,13,23,30,-5.1000000000000005,52,666,203,0.24,915,17.400000000000002,268,4.1000000000000005
2012,2,14,0,30,-4,13,153,16,0.24,915,11.4,267,2.1
2012,2,14,1,30,-4.3,0,0,0,0.24,916,10.200000000000001,266,2
2012,2,14,2,30,-4.5,0,0,0,0.24,916,9.3,265,2
2012,2,14,3,30,-4.7,0,0,0,0.24,916,8.5,263,1.9000000000000001
2012,2,14,4,30,-4.9,0,0,0,0.24,916,7.9,259,1.8
2012,2,14,5,30,-5,0,0,0,0.24,916,7.300000000000001,253,1.8
2012,2,14,6,30,-5.2,0,0,0,0.24,916,6.9,249,1.9000000000000001
2012,2,14,7,30,-5.2,0,0,0,0.24,916,6.5,249,2.1
2012,2,14,8,30,-5.2,0,0,0,0.24,916,6.2,251,2.3000000000000003
2012,2,14,9,30,-5,0,0,0,0.24,916,6,255,2.4000000000000004
2012,2,14,10,30,-4.7,0,0,0,0.24,916,5.7,257,2.4000000000000004
2012,2,14,11,30,-4.5,0,0,0,0.24,916,5.4,255,2.3000000000000003
2012,2,14,12,30,-4.3,0,0,0,0.24,917,5.4,250,2.2
2012,2,14,13,30,-4,0,0,0,0.24,917,7.6000000000000005,245,2.6
2012,2,14,14,30,-2.8000000000000003,41,611,147,0.24,917,11.700000000000001,241,3.1
2012,2,14,15,30,-2.5,61,830,364,0.24,917,15.9,240,3.4000000000000004
2012,2,14,16,30,-0.9,72,926,557,0.24,916,19.5,239,4.1000000000000005
2012,2,14,17,30,-0.9,79,972,700,0.24,915,21.700000000000003,237,4.5
2012,2,14,18,30,-2,88,984,779,0.24,914,23,237,4.800000000000001
2012,2,14,19,30,-2.8000000000000003,91,978,785,0.24,913,23.700000000000003,239,5.2
2012,2,14,20,30,-3.1,91,955,723,0.24,913,24,242,5.6000000000000005
2012,2,14,21,30,-3.1,211,469,474,0.24,912,23.700000000000003,245,5.9
2012,2,14,22,30,-2.6,140,462,331,0.24,912,22.200000000000003,250,4.9
2012,2,14,23,30,-0.9,70,413,165,0.24,912,21,253,3.9000000000000004
2012,2,15,0,30,0.1,6,0,6,0.24,913,16.7,267,2.2
2012,2,15,1,30,0.2,0,0,0,0.24,914,15.600000000000001,270,2
2012,2,15,2,30,0.2,0,0,0,0.24,915,14.600000000000001,271,2.4000000000000004
2012,2,15,3,30,-0.30000000000000004,0,0,0,0.24,916,13.700000000000001,276,3.5
2012,2,15,4,30,-1,0,0,0,0.24,916,12.3,282,4.2
2012,2,15,5,30,-1.2000000000000002,0,0,0,0.24,917,10.5,283,3.7
2012,2,15,6,30,-1.2000000000000002,0,0,0,0.24,917,8.9,279,3
2012,2,15,7,30,-1,0,0,0,0.24,917,7.5,275,2.6
2012,2,15,8,30,-0.8,0,0,0,0.24,918,6.5,272,2.3000000000000003
2012,2,15,9,30,-0.6000000000000001,0,0,0,0.24,918,5.7,267,2.4000000000000004
2012,2,15,10,30,-0.30000000000000004,0,0,0,0.24,919,5.1000000000000005,263,2.5
2012,2,15,11,30,-0.2,0,0,0,0.24,919,4.5,260,2.5
2012,2,15,12,30,-0.30000000000000004,0,0,0,0.24,920,4.1000000000000005,254,2.7
2012,2,15,13,30,-0.7000000000000001,0,0,0,0.24,921,5.6000000000000005,246,3.8000000000000003
2012,2,15,14,30,-1.4000000000000001,43,638,156,0.24,921,8.9,254,5.300000000000001
2012,2,15,15,30,-3.8000000000000003,63,857,379,0.24,921,12,272,6.4
2012,2,15,16,30,-5.6000000000000005,75,951,577,0.24,921,14.200000000000001,282,7
2012,2,15,17,30,-6.800000000000001,82,997,723,0.24,921,15.9,287,7
2012,2,15,18,30,-7.800000000000001,88,1015,805,0.24,920,17.3,291,6.6000000000000005
2012,2,15,19,30,-8.700000000000001,90,1014,815,0.24,920,18.3,294,6.1000000000000005
2012,2,15,20,30,-9.5,87,998,752,0.24,919,18.900000000000002,295,5.4
2012,2,15,21,30,-10,81,959,622,0.24,919,18.8,294,4.5
2012,2,15,22,30,-10.4,69,883,437,0.24,919,17.7,292,3
2012,2,15,23,30,-6.5,51,715,218,0.24,919,16.6,291,1.9000000000000001
2012,2,16,0,30,-6.800000000000001,14,205,20,0.24,920,13.200000000000001,317,1
2012,2,16,1,30,-8.200000000000001,0,0,0,0.24,921,12.3,181,1
2012,2,16,2,30,-8.4,0,0,0,0.24,921,10.9,46,1.1
2012,2,16,3,30,-8.3,0,0,0,0.24,921,9.4,72,1.3
2012,2,16,4,30,-8.200000000000001,0,0,0,0.24,922,8.200000000000001,91,1.4000000000000001
2012,2,16,5,30,-8.200000000000001,0,0,0,0.24,922,7.300000000000001,104,1.4000000000000001
2012,2,16,6,30,-8,0,0,0,0.24,922,6.7,113,1.4000000000000001
2012,2,16,7,30,-7.6000000000000005,0,0,0,0.24,923,6.1000000000000005,115,1.3
2012,2,16,8,30,-6.9,0,0,0,0.24,923,5.2,110,1.3
2012,2,16,9,30,-6.2,0,0,0,0.24,923,4.4,102,1.4000000000000001
2012,2,16,10,30,-5.5,0,0,0,0.24,924,3.7,94,1.6
2012,2,16,11,30,-4.800000000000001,0,0,0,0.24,924,3.1,88,1.7000000000000002
2012,2,16,12,30,-4.1000000000000005,0,0,0,0.24,925,2.8000000000000003,84,2
2012,2,16,13,30,-3.3000000000000003,0,0,0,0.24,925,3.7,80,3.1
2012,2,16,14,30,-2.3000000000000003,53,504,144,0.24,925,6.2,84,4.6000000000000005
2012,2,16,15,30,-0.8,80,748,359,0.24,925,9.200000000000001,94,5.4
2012,2,16,16,30,-0.2,99,841,546,0.24,925,12.200000000000001,106,5.6000000000000005
2012,2,16,17,30,-0.4,118,874,684,0.24,924,14.8,114,5.6000000000000005
2012,2,16,18,30,-0.6000000000000001,356,174,480,0.24,923,16.900000000000002,114,5.7
2012,2,16,19,30,-0.1,218,671,700,0.24,921,18.400000000000002,109,5.9
2012,2,16,20,30,0.6000000000000001,118,862,696,0.24,920,19,106,6.4
2012,2,16,21,30,1.3,162,624,517,0.24,920,18.7,106,7
2012,2,16,22,30,1.9000000000000001,88,766,410,0.24,920,17.400000000000002,103,7.1000000000000005
2012,2,16,23,30,2.4000000000000004,68,550,198,0.24,920,16.5,101,6.9
2012,2,17,0,30,2.8000000000000003,8,0,8,0.24,920,12.200000000000001,88,6
2012,2,17,1,30,3.3000000000000003,0,0,0,0.24,921,9.9,83,5.9
2012,2,17,2,30,3.7,0,0,0,0.24,921,8.1,82,5.4
2012,2,17,3,30,4.1000000000000005,0,0,0,0.24,921,6.9,83,4.7
2012,2,17,4,30,4.2,0,0,0,0.24,921,6.2,82,3.9000000000000004
2012,2,17,5,30,4.3,0,0,0,0.24,921,5.7,75,3.5
2012,2,17,6,30,4.3,0,0,0,0.24,921,5.6000000000000005,69,3.7
2012,2,17,7,30,4.2,0,0,0,0.24,920,5.6000000000000005,67,3.9000000000000004
2012,2,17,8,30,4.1000000000000005,0,0,0,0.24,920,5.6000000000000005,69,3.9000000000000004
2012,2,17,9,30,4.2,0,0,0,0.24,920,5.6000000000000005,77,3.9000000000000004
2012,2,17,10,30,4.2,0,0,0,0.24,920,5.7,87,4
2012,2,17,11,30,4.4,0,0,0,0.24,920,5.800000000000001,94,3.9000000000000004
2012,2,17,12,30,4.6000000000000005,0,0,0,0.24,921,6,100,3.6
2012,2,17,13,30,4.7,0,0,0,0.24,921,6.6000000000000005,107,3.3000000000000003
2012,2,17,14,30,5,26,0,26,0.24,922,8.1,116,3
2012,2,17,15,30,5.2,6,0,6,0.24,922,10.100000000000001,123,2.5
2012,2,17,16,30,5,249,160,335,0.24,922,12.200000000000001,120,1.8
2012,2,17,17,30,4.4,217,12,225,0.24,921,14.100000000000001,98,1.2000000000000002
2012,2,17,18,30,3.6,143,1,144,0.24,920,15.600000000000001,58,1
2012,2,17,19,30,2.7,215,10,222,0.24,919,16.6,27,1.1
2012,2,17,20,30,2,311,67,356,0.24,918,17,12,1.4000000000000001
2012,2,17,21,30,1.5,245,48,272,0.24,918,16.900000000000002,181,1.7000000000000002
2012,2,17,22,30,1.2000000000000002,182,81,216,0.24,918,16.1,181,2.2
2012,2,17,23,30,1.7000000000000002,94,109,121,0.24,918,15.5,4,2.5
2012,2,18,0,30,2.6,16,168,22,0.24,919,11.100000000000001,18,2.9000000000000004
2012,2,18,1,30,3.2,0,0,0,0.24,920,9.4,22,3.2
2012,2,18,2,30,3.7,0,0,0,0.24,920,8.1,23,2.7
2012,2,18,3,30,4.1000000000000005,0,0,0,0.24,921,6.9,23,1.8
2012,2,18,4,30,4.2,0,0,0,0.24,921,6.2,22,1.1
2012,2,18,5,30,4.1000000000000005,0,0,0,0.24,920,5.9,173,0.6000000000000001
2012,2,18,6,30,4,0,0,0,0.24,920,5.800000000000001,300,0.5
2012,2,18,7,30,3.7,0,0,0,0.24,920,5.5,270,0.6000000000000001
2012,2,18,8,30,3.4000000000000004,0,0,0,0.24,920,5.300000000000001,271,1
2012,2,18,9,30,2.9000000000000004,0,0,0,0.24,920,5.1000000000000005,279,1.4000000000000001
2012,2,18,10,30,2.5,0,0,0,0.24,920,4.800000000000001,281,1.7000000000000002
2012,2,18,11,30,2.1,0,0,0,0.24,920,4.6000000000000005,279,2
2012,2,18,12,30,1.8,0,0,0,0.24,920,4.4,276,2.4000000000000004
2012,2,18,13,30,1.6,0,0,0,0.24,920,5.2,278,3.4000000000000004
2012,2,18,14,30,1.6,56,514,153,0.24,921,7.5,292,4.2
2012,2,18,15,30,1.8,84,743,367,0.24,921,10.5,312,4.3
2012,2,18,16,30,1.2000000000000002,204,21,215,0.24,922,12.9,325,4.4
2012,2,18,17,30,0.8,248,489,568,0.24,921,14.5,329,4.7
2012,2,18,18,30,0.8,281,488,632,0.24,921,15.5,331,5.2
2012,2,18,19,30,1,323,401,614,0.24,920,16,331,5.6000000000000005
2012,2,18,20,30,1,112,886,713,0.24,920,16.2,333,5.6000000000000005
2012,2,18,21,30,0.7000000000000001,102,877,607,0.24,920,16.2,334,5.300000000000001
2012,2,18,22,30,0,85,804,429,0.24,920,15.5,337,4.4
2012,2,18,23,30,-0.7000000000000001,62,628,214,0.24,920,15,338,3.8000000000000003
2012,2,19,0,30,-0.4,17,156,23,0.24,921,10.200000000000001,190,1.4000000000000001
2012,2,19,1,30,-0.8,0,0,0,0.24,922,9,35,1.3
2012,2,19,2,30,-0.6000000000000001,0,0,0,0.24,922,8.200000000000001,60,1.2000000000000002
2012,2,19,3,30,0,0,0,0,0.24,923,7.4,87,1.1
2012,2,19,4,30,0.5,0,0,0,0.24,923,6.300000000000001,116,1
2012,2,19,5,30,0.9,0,0,0,0.24,922,5.300000000000001,141,0.9
2012,2,19,6,30,1.1,0,0,0,0.24,922,4.5,164,0.9
2012,2,19,7,30,0.9,0,0,0,0.24,922,3.9000000000000004,190,0.8
2012,2,19,8,30,0.5,0,0,0,0.24,922,3.6,217,0.8
2012,2,19,9,30,-0.30000000000000004,0,0,0,0.24,922,3.7,223,0.8
2012,2,19,10,30,-1.1,0,0,0,0.24,922,3.7,202,0.7000000000000001
2012,2,19,11,30,-2,0,0,0,0.24,922,3.5,179,0.7000000000000001
2012,2,19,12,30,-2.9000000000000004,0,0,0,0.24,922,3.2,162,0.9
2012,2,19,13,30,-3.6,0,0,0,0.24,922,4.3,150,1.3
2012,2,19,14,30,-3.8000000000000003,70,24,75,0.24,922,7.2,149,2
2012,2,19,15,30,-3.4000000000000004,145,349,279,0.24,922,11.200000000000001,158,2.7
2012,2,19,16,30,-4.2,254,169,345,0.24,921,15.100000000000001,172,3
2012,2,19,17,30,-6.7,91,982,739,0.24,920,18.1,185,3.1
2012,2,19,18,30,-8.1,97,999,820,0.24,918,20.200000000000003,195,3.4000000000000004
2012,2,19,19,30,-8.4,97,996,825,0.24,916,21.5,202,3.9000000000000004
2012,2,19,20,30,-8.3,94,980,762,0.24,915,22.200000000000003,205,4.5
2012,2,19,21,30,-8.1,85,946,633,0.24,914,22.200000000000003,206,4.9
2012,2,19,22,30,-8.1,73,862,444,0.24,914,21,206,4.1000000000000005
2012,2,19,23,30,-6.4,54,697,226,0.24,913,19.900000000000002,205,3.3000000000000003
2012,2,20,0,30,-5,17,215,26,0.24,914,13.8,199,2.3000000000000003
2012,2,20,1,30,-5,0,0,0,0.24,914,12.3,206,2.5
2012,2,20,2,30,-4.3,0,0,0,0.24,914,11.100000000000001,224,2.7
2012,2,20,3,30,-3.7,0,0,0,0.24,915,10,242,2.8000000000000003
2012,2,20,4,30,-3.7,0,0,0,0.24,915,9.1,253,2.8000000000000003
2012,2,20,5,30,-4.1000000000000005,0,0,0,0.24,915,8.3,258,2.9000000000000004
2012,2,20,6,30,-4.6000000000000005,0,0,0,0.24,915,7.7,261,3.2
2012,2,20,7,30,-5.4,0,0,0,0.24,916,7.4,264,3.8000000000000003
2012,2,20,8,30,-6.2,0,0,0,0.24,916,7.2,267,4.4
2012,2,20,9,30,-6.6000000000000005,0,0,0,0.24,916,6.800000000000001,267,4.5
2012,2,20,10,30,-6.4,0,0,0,0.24,917,6.1000000000000005,262,4.3
2012,2,20,11,30,-6.1000000000000005,0,0,0,0.24,917,5.7,256,4.4
2012,2,20,12,30,-5.800000000000001,0,0,0,0.24,918,5.7,253,4.7
2012,2,20,13,30,-5.300000000000001,0,0,0,0.24,919,7.300000000000001,253,5.4
2012,2,20,14,30,-4.6000000000000005,50,596,167,0.24,920,10.9,261,6.2
2012,2,20,15,30,-3.6,73,810,388,0.24,921,14.600000000000001,274,7.1000000000000005
2012,2,20,16,30,-3.6,88,909,586,0.24,921,17,280,7.9
2012,2,20,17,30,-4.3,96,963,736,0.24,921,18.400000000000002,279,8
2012,2,20,18,30,-5.300000000000001,101,991,823,0.24,920,19.6,279,8
2012,2,20,19,30,-6.6000000000000005,102,993,833,0.24,920,20.400000000000002,282,7.9
2012,2,20,20,30,-8,98,977,769,0.24,919,20.8,286,7.5
2012,2,20,21,30,-9.3,90,939,638,0.24,919,20.6,294,6.7
2012,2,20,22,30,-10.100000000000001,78,859,451,0.24,920,19.3,303,5.2
2012,2,20,23,30,-9.5,58,690,230,0.24,920,18.400000000000002,308,4.1000000000000005
2012,2,21,0,30,-7.2,19,211,28,0.24,921,11.8,332,1.7000000000000002
2012,2,21,1,30,-7.7,0,0,0,0.24,922,10.3,173,1.6
2012,2,21,2,30,-8.6,0,0,0,0.24,923,9.200000000000001,14,1.6
2012,2,21,3,30,-9.600000000000001,0,0,0,0.24,923,7.9,30,1.6
2012,2,21,4,30,-10.200000000000001,0,0,0,0.24,924,6.7,44,1.4000000000000001
2012,2,21,5,30,-10.600000000000001,0,0,0,0.24,924,5.7,65,1.1
2012,2,21,6,30,-10.9,0,0,0,0.24,924,4.9,104,0.9
2012,2,21,7,30,-11.100000000000001,0,0,0,0.24,924,4.2,154,0.8
2012,2,21,8,30,-11.4,0,0,0,0.24,924,3.6,188,1
2012,2,21,9,30,-11.200000000000001,0,0,0,0.24,924,3.4000000000000004,202,1.2000000000000002
2012,2,21,10,30,-11.200000000000001,0,0,0,0.24,924,3.8000000000000003,212,1.1
2012,2,21,11,30,-11.100000000000001,0,0,0,0.24,924,4.2,230,0.9
2012,2,21,12,30,-10.9,0,0,0,0.24,924,4.2,256,0.9
2012,2,21,13,30,-10.600000000000001,0,0,0,0.24,925,5.800000000000001,268,1
2012,2,21,14,30,-9.4,66,316,129,0.24,925,9.3,257,1.1
2012,2,21,15,30,-10.3,69,853,403,0.24,925,13.100000000000001,232,1.3
2012,2,21,16,30,-9.8,80,945,603,0.24,924,17.1,230,1.9000000000000001
2012,2,21,17,30,-9.4,88,991,750,0.24,923,20.6,251,2.7
2012,2,21,18,30,-9.4,95,1005,831,0.24,922,22.900000000000002,262,3.3000000000000003
2012,2,21,19,30,-9.9,96,1007,841,0.24,921,24.200000000000003,265,3.9000000000000004
2012,2,21,20,30,-10.5,93,991,777,0.24,920,24.8,268,4.4
2012,2,21,21,30,-11.100000000000001,87,952,646,0.24,920,24.6,271,4.7
2012,2,21,22,30,-11.5,75,875,459,0.24,919,22.900000000000002,275,3.7
2012,2,21,23,30,-7.4,57,710,236,0.24,919,21.5,277,2.8000000000000003
2012,2,22,0,30,-6.9,19,252,31,0.24,919,14.8,282,2.1
2012,2,22,1,30,-7.800000000000001,0,0,0,0.24,920,13.3,280,2.3000000000000003
2012,2,22,2,30,-8.4,0,0,0,0.24,920,12.100000000000001,277,2.6
2012,2,22,3,30,-8.8,0,0,0,0.24,921,11,274,2.8000000000000003
2012,2,22,4,30,-9.1,0,0,0,0.24,921,10.200000000000001,269,2.9000000000000004
2012,2,22,5,30,-9.3,0,0,0,0.24,921,9.600000000000001,263,3.2
2012,2,22,6,30,-9.4,0,0,0,0.24,921,9.3,260,3.5
2012,2,22,7,30,-9.5,0,0,0,0.24,920,9,261,3.9000000000000004
2012,2,22,8,30,-9.5,0,0,0,0.24,920,8.6,262,4.1000000000000005
2012,2,22,9,30,-9.3,0,0,0,0.24,919,8.200000000000001,261,4.3
2012,2,22,10,30,-9.200000000000001,0,0,0,0.24,919,7.800000000000001,261,4.5
2012,2,22,11,30,-8.9,0,0,0,0.24,920,7.300000000000001,263,4.5
2012,2,22,12,30,-8.700000000000001,0,0,0,0.24,920,7.1000000000000005,267,4.6000000000000005
2012,2,22,13,30,-8.700000000000001,0,0,0,0.24,921,8.700000000000001,268,5.300000000000001
2012,2,22,14,30,-8.8,45,697,187,0.24,921,12.4,266,5.7
2012,2,22,15,30,-8.8,63,889,416,0.24,921,17.1,275,6.300000000000001
2012,2,22,16,30,-10,73,976,616,0.24,920,21.3,288,7.6000000000000005
2012,2,22,17,30,-10.9,80,1018,765,0.24,919,23.700000000000003,291,7.9
2012,2,22,18,30,-11.4,86,1031,846,0.24,918,25.1,289,7.7
2012,2,22,19,30,-11.8,88,1031,855,0.24,917,25.900000000000002,286,7.300000000000001
2012,2,22,20,30,-12,86,1015,791,0.24,916,26.3,280,7.1000000000000005
2012,2,22,21,30,-12.200000000000001,79,980,659,0.24,915,26,273,7
2012,2,22,22,30,-12.4,69,908,470,0.24,914,24.700000000000003,268,6.5
2012,2,22,23,30,-11.8,52,757,246,0.24,914,23.700000000000003,267,6
2012,2,23,0,30,-10.5,20,0,20,0.24,914,17.3,262,4.1000000000000005
2012,2,23,1,30,-11,0,0,0,0.24,914,15.8,257,4.5
2012,2,23,2,30,-11.5,0,0,0,0.24,914,14.8,253,4.800000000000001
2012,2,23,3,30,-11.700000000000001,0,0,0,0.24,914,13.9,250,5.1000000000000005
2012,2,23,4,30,-11.8,0,0,0,0.24,914,13.200000000000001,250,5.300000000000001
2012,2,23,5,30,-11.700000000000001,0,0,0,0.24,914,12.700000000000001,252,5.5
2012,2,23,6,30,-11.600000000000001,0,0,0,0.24,913,12.4,257,5.800000000000001
2012,2,23,7,30,-11.3,0,0,0,0.24,913,12,262,5.9
2012,2,23,8,30,-10.8,0,0,0,0.24,913,11.5,266,5.9
2012,2,23,9,30,-10.4,0,0,0,0.24,912,10.9,267,5.7
2012,2,23,10,30,-10.100000000000001,0,0,0,0.24,912,10.100000000000001,265,5.6000000000000005
2012,2,23,11,30,-9.8,0,0,0,0.24,912,9.5,260,5.6000000000000005
2012,2,23,12,30,-9.700000000000001,0,0,0,0.24,912,9.3,255,5.9
2012,2,23,13,30,-9.600000000000001,0,0,0,0.24,912,10.700000000000001,252,6.5
2012,2,23,14,30,-9.5,45,721,195,0.24,912,14.3,252,6.9
2012,2,23,15,30,-9.4,64,906,427,0.24,911,19.1,261,8.6
2012,2,23,16,30,-10.100000000000001,85,962,625,0.24,911,23.200000000000003,272,10.8
2012,2,23,17,30,-10.4,170,737,669,0.24,911,25.400000000000002,276,11.3
2012,2,23,18,30,-10.8,110,982,838,0.24,910,26.8,278,10.8
2012,2,23,19,30,-11.200000000000001,112,970,838,0.24,910,27.6,278,10.100000000000001
2012,2,23,20,30,-11.5,93,1003,794,0.24,909,27.8,275,9.5
2012,2,23,21,30,-11.700000000000001,88,962,660,0.24,909,27.5,272,8.9
2012,2,23,22,30,-11.600000000000001,76,888,471,0.24,909,26.1,268,7.7
2012,2,23,23,30,-10.9,58,726,246,0.24,909,25.200000000000003,267,6.800000000000001
2012,2,24,0,30,-9.600000000000001,21,267,34,0.24,910,19.400000000000002,262,4.800000000000001
2012,2,24,1,30,-9.600000000000001,0,0,0,0.24,911,17.8,261,4.9
2012,2,24,2,30,-9.5,0,0,0,0.24,912,16.400000000000002,264,4.4
2012,2,24,3,30,-8.700000000000001,0,0,0,0.24,914,14.700000000000001,298,3.4000000000000004
2012,2,24,4,30,-7.300000000000001,0,0,0,0.24,916,12.9,180,4.3
2012,2,24,5,30,-6.800000000000001,0,0,0,0.24,919,10.8,40,6.5
2012,2,24,6,30,-7,0,0,0,0.24,921,8.700000000000001,52,6.7
2012,2,24,7,30,-7.800000000000001,0,0,0,0.24,922,7.300000000000001,53,5.2
2012,2,24,8,30,-8.4,0,0,0,0.24,923,6.300000000000001,50,3.9000000000000004
2012,2,24,9,30,-8.6,0,0,0,0.24,924,5.1000000000000005,44,2.6
2012,2,24,10,30,-8.6,0,0,0,0.24,924,4.1000000000000005,40,1.7000000000000002
2012,2,24,11,30,-8.6,0,0,0,0.24,925,3.3000000000000003,40,1.2000000000000002
2012,2,24,12,30,-8.700000000000001,0,0,0,0.24,926,3,39,1
2012,2,24,13,30,-8.8,0,0,0,0.24,928,4.4,53,1.6
2012,2,24,14,30,-10,48,667,190,0.24,929,7,80,3.2
2012,2,24,15,30,-11.3,67,858,415,0.24,929,9.1,93,4
2012,2,24,16,30,-11.600000000000001,78,951,616,0.24,929,10.8,96,3.7
2012,2,24,17,30,-11.600000000000001,85,995,763,0.24,929,12.3,95,3.3000000000000003
2012,2,24,18,30,-11.700000000000001,93,1006,843,0.24,928,13.5,91,2.9000000000000004
2012,2,24,19,30,-11.8,93,1009,852,0.24,928,14.3,86,2.6
2012,2,24,20,30,-12,90,994,789,0.24,927,14.700000000000001,85,2.4000000000000004
2012,2,24,21,30,-12.100000000000001,84,956,657,0.24,927,14.700000000000001,89,2.3000000000000003
2012,2,24,22,30,-12.3,74,883,470,0.24,927,14.100000000000001,98,2.3000000000000003
2012,2,24,23,30,-12.3,56,728,247,0.24,927,13.600000000000001,103,2.3000000000000003
2012,2,25,0,30,-9.4,21,307,38,0.24,928,9,111,1.3
2012,2,25,1,30,-10,0,0,0,0.24,928,7.5,117,1.5
2012,2,25,2,30,-10.5,0,0,0,0.24,929,6.6000000000000005,123,1.7000000000000002
2012,2,25,3,30,-10.8,0,0,0,0.24,929,5.9,130,1.8
2012,2,25,4,30,-10.8,0,0,0,0.24,929,5.4,137,1.9000000000000001
2012,2,25,5,30,-10.5,0,0,0,0.24,929,4.9,145,2
2012,2,25,6,30,-10.200000000000001,0,0,0,0.24,929,4.2,153,2
2012,2,25,7,30,-9.600000000000001,0,0,0,0.24,929,3.4000000000000004,161,2
2012,2,25,8,30,-9.200000000000001,0,0,0,0.24,929,2.6,167,1.9000000000000001
2012,2,25,9,30,-8.9,0,0,0,0.24,929,2.1,170,1.8
2012,2,25,10,30,-8.9,0,0,0,0.24,929,1.7000000000000002,171,1.7000000000000002
2012,2,25,11,30,-8.9,0,0,0,0.24,929,1.4000000000000001,172,1.7000000000000002
2012,2,25,12,30,-8.9,0,0,0,0.24,929,1.5,175,1.8
2012,2,25,13,30,-8.8,0,0,0,0.24,929,3.8000000000000003,179,2.6
2012,2,25,14,30,-8.6,69,361,147,0.24,929,8,179,3.7
2012,2,25,15,30,-8.6,68,864,422,0.24,928,12.100000000000001,177,4.2
2012,2,25,16,30,-8.5,80,948,621,0.24,927,15.4,177,4.3
2012,2,25,17,30,-8.1,88,992,768,0.24,926,17.8,179,4.1000000000000005
2012,2,25,18,30,-7.6000000000000005,93,1008,848,0.24,925,19.700000000000003,184,4
2012,2,25,19,30,-7.300000000000001,93,1004,853,0.24,923,21.1,191,4
2012,2,25,20,30,-7.2,90,989,789,0.24,922,22.1,198,4
2012,2,25,21,30,-7.300000000000001,83,953,658,0.24,921,22.3,203,4
2012,2,25,22,30,-7.300000000000001,73,881,471,0.24,920,21.5,204,3.5
2012,2,25,23,30,-6.2,55,727,248,0.24,920,20.700000000000003,203,2.9000000000000004
2012,2,26,0,30,-5,21,300,38,0.24,920,14.700000000000001,181,2.4000000000000004
2012,2,26,1,30,-4.800000000000001,0,0,0,0.24,920,13.4,180,3.2
2012,2,26,2,30,-4.2,0,0,0,0.24,920,12.5,185,3.9000000000000004
2012,2,26,3,30,-3.4000000000000004,0,0,0,0.24,920,11.4,190,4.3
2012,2,26,4,30,-2.8000000000000003,0,0,0,0.24,920,10.100000000000001,196,4.4
2012,2,26,5,30,-2.4000000000000004,0,0,0,0.24,920,9.1,202,4.2
2012,2,26,6,30,-2,0,0,0,0.24,920,8.3,209,3.9000000000000004
2012,2,26,7,30,-1.7000000000000002,0,0,0,0.24,919,7.800000000000001,215,3.5
2012,2,26,8,30,-1.3,0,0,0,0.24,919,7.4,220,3.2
2012,2,26,9,30,-0.9,0,0,0,0.24,919,7.300000000000001,224,3.1
2012,2,26,10,30,-0.7000000000000001,0,0,0,0.24,918,7.2,228,3.1
2012,2,26,11,30,-0.5,0,0,0,0.24,918,7.1000000000000005,230,3.1
2012,2,26,12,30,-0.5,0,0,0,0.24,919,7.300000000000001,233,3
2012,2,26,13,30,-0.6000000000000001,0,0,0,0.24,919,9.5,237,3.5
2012,2,26,14,30,-0.7000000000000001,48,668,195,0.24,919,13.5,239,3.6
2012,2,26,15,30,-0.8,68,850,419,0.24,919,18.2,239,3.3000000000000003
2012,2,26,16,30,-1.9000000000000001,79,934,616,0.24,919,22.8,237,3.2
2012,2,26,17,30,-3,86,973,758,0.24,918,25.700000000000003,232,3.2
2012,2,26,18,30,-3.5,91,990,838,0.24,917,27.400000000000002,226,3.4000000000000004
2012,2,26,19,30,-3.7,92,992,846,0.24,916,28.400000000000002,222,3.4000000000000004
2012,2,26,20,30,-3.8000000000000003,88,979,783,0.24,915,28.700000000000003,222,3.3000000000000003
2012,2,26,21,30,-4.1000000000000005,80,945,653,0.24,914,28.5,224,3
2012,2,26,22,30,-4.3,70,874,468,0.24,914,27.200000000000003,226,2.2
2012,2,26,23,30,-1.6,54,725,248,0.24,914,26.1,227,1.5
2012,2,27,0,30,-2.1,22,114,28,0.24,915,20.8,180,1.3
2012,2,27,1,30,-2,0,0,0,0.24,916,18.400000000000002,154,1.7000000000000002
2012,2,27,2,30,-1.1,0,0,0,0.24,917,16.3,148,1.9000000000000001
2012,2,27,3,30,0,0,0,0,0.24,918,14.700000000000001,149,1.8
2012,2,27,4,30,1.1,0,0,0,0.24,918,13.700000000000001,155,1.6
2012,2,27,5,30,1.8,0,0,0,0.24,919,12.8,165,1.2000000000000002
2012,2,27,6,30,2.1,0,0,0,0.24,919,11.5,180,1
2012,2,27,7,30,2.3000000000000003,0,0,0,0.24,919,10.5,204,0.9
2012,2,27,8,30,2.3000000000000003,0,0,0,0.24,920,10.100000000000001,234,1
2012,2,27,9,30,2.1,0,0,0,0.24,920,10.200000000000001,271,1
2012,2,27,10,30,1.8,0,0,0,0.24,920,9.600000000000001,311,1.2000000000000002
2012,2,27,11,30,1.7000000000000002,0,0,0,0.24,921,8.4,344,1.6
2012,2,27,12,30,2.1,0,0,0,0.24,922,7.800000000000001,189,2.2
2012,2,27,13,30,3.1,0,0,0,0.24,923,9,21,3.1
2012,2,27,14,30,4.3,45,0,45,0.24,924,11.700000000000001,30,3.6
2012,2,27,15,30,5.2,164,33,178,0.24,924,14.4,41,3.5
2012,2,27,16,30,5.5,201,13,208,0.24,924,16.900000000000002,54,3.4000000000000004
2012,2,27,17,30,5.300000000000001,275,28,295,0.24,924,19.1,74,3.3000000000000003
2012,2,27,18,30,4.7,282,21,298,0.24,923,20.8,94,3.1
2012,2,27,19,30,4.2,295,24,313,0.24,922,22,108,3
2012,2,27,20,30,3.7,111,919,767,0.24,921,22.8,116,2.9000000000000004
2012,2,27,21,30,3,92,915,649,0.24,920,23.3,119,3
2012,2,27,22,30,2.1,79,842,465,0.24,920,23,114,3.3000000000000003
2012,2,27,23,30,1.6,60,690,247,0.24,920,22.6,110,3.4000000000000004
2012,2,28,0,30,2.5,23,278,41,0.24,920,18.1,106,4.1000000000000005
2012,2,28,1,30,3.8000000000000003,0,0,0,0.24,920,16.6,117,5.300000000000001
2012,2,28,2,30,5.300000000000001,0,0,0,0.24,920,15.3,126,5.4
2012,2,28,3,30,6.9,0,0,0,0.24,920,14.4,131,5.5
2012,2,28,4,30,8.6,0,0,0,0.24,920,13.8,136,5.5
2012,2,28,5,30,9.9,0,0,0,0.24,920,13.700000000000001,145,5.300000000000001
2012,2,28,6,30,10.200000000000001,0,0,0,0.24,919,13.9,157,5
2012,2,28,7,30,9.3,0,0,0,0.24,919,14,170,4.5
2012,2,28,8,30,7.5,0,0,0,0.24,918,13.5,186,3.5
2012,2,28,9,30,5.800000000000001,0,0,0,0.24,918,12.700000000000001,206,2.7
2012,2,28,10,30,4.4,0,0,0,0.24,918,12.200000000000001,224,2.3000000000000003
2012,2,28,11,30,2.9000000000000004,0,0,0,0.24,918,11.9,240,2.3000000000000003
2012,2,28,12,30,1.4000000000000001,0,0,0,0.24,918,11.600000000000001,251,2.4000000000000004
2012,2,28,13,30,-0.2,6,0,6,0.24,919,13.3,256,3.2
2012,2,28,14,30,-1.4000000000000001,50,669,203,0.24,919,17.1,259,4.6000000000000005
2012,2,28,15,30,-2,69,848,427,0.24,919,21,258,6.300000000000001
2012,2,28,16,30,-1.6,81,934,625,0.24,919,23.8,254,7.7
2012,2,28,17,30,-1.3,88,975,770,0.24,918,25.6,253,8.700000000000001
2012,2,28,18,30,-1.6,93,998,853,0.24,917,26.900000000000002,254,9.3
2012,2,28,19,30,-2.4000000000000004,95,1001,865,0.24,916,27.700000000000003,257,9.4
2012,2,28,20,30,-3.4000000000000004,93,984,800,0.24,916,28.1,262,9.200000000000001
2012,2,28,21,30,-4.7,90,938,666,0.24,916,27.900000000000002,268,8.8
2012,2,28,22,30,-6,85,850,478,0.24,916,26.6,275,8
2012,2,28,23,30,-6.9,66,684,254,0.24,916,25.700000000000003,279,7.5
2012,3,1,0,30,-10.600000000000001,24,167,35,0.25,919,16.6,260,2.1
2012,3,1,1,30,-11.3,0,0,0,0.25,920,14.700000000000001,264,2.3000000000000003
2012,3,1,2,30,-11.5,0,0,0,0.25,920,13.4,266,2.4000000000000004
2012,3,1,3,30,-11.5,0,0,0,0.25,920,12.3,264,2.3000000000000003
2012,3,1,4,30,-11.3,0,0,0,0.25,920,11.4,258,2.3000000000000003
2012,3,1,5,30,-11.200000000000001,0,0,0,0.25,920,10.9,253,2.5
2012,3,1,6,30,-11.200000000000001,0,0,0,0.25,919,10.600000000000001,250,2.8000000000000003
2012,3,1,7,30,-11.200000000000001,0,0,0,0.25,919,10.200000000000001,250,3
2012,3,1,8,30,-11.200000000000001,0,0,0,0.25,918,9.700000000000001,251,3.2
2012,3,1,9,30,-11.100000000000001,0,0,0,0.25,918,9.200000000000001,252,3.2
2012,3,1,10,30,-11.100000000000001,0,0,0,0.25,918,8.700000000000001,252,3.4000000000000004
2012,3,1,11,30,-11,0,0,0,0.25,918,8.200000000000001,253,3.6
2012,3,1,12,30,-10.8,0,0,0,0.25,918,8.1,253,4
2012,3,1,13,30,-10.3,14,67,16,0.25,918,9.8,252,4.7
2012,3,1,14,30,-10,68,615,214,0.25,918,13.600000000000001,249,5
2012,3,1,15,30,-10,93,840,455,0.25,918,18.5,255,5.9
2012,3,1,16,30,-11.9,107,937,662,0.25,917,23,264,7.6000000000000005
2012,3,1,17,30,-15.100000000000001,117,984,813,0.25,916,25.8,264,8.4
2012,3,1,18,30,-17.8,123,1003,896,0.25,915,27.3,263,8.9
2012,3,1,19,30,-19.400000000000002,122,1007,905,0.25,914,28,264,9.200000000000001
2012,3,1,20,30,-20.200000000000003,122,983,835,0.25,913,27.8,265,9.4
2012,3,1,21,30,-20.3,112,944,698,0.25,913,27.1,264,9.200000000000001
2012,3,1,22,30,-20,100,856,501,0.25,912,25.700000000000003,263,8.3
2012,3,1,23,30,-18.8,78,673,267,0.25,912,24.8,262,7.7
2012,3,2,0,30,-16.6,30,223,46,0.25,912,18.8,263,4.7
2012,3,2,1,30,-15.8,0,0,0,0.25,913,16.5,262,4.1000000000000005
2012,3,2,2,30,-15.4,0,0,0,0.25,913,15.200000000000001,262,4.1000000000000005
2012,3,2,3,30,-15.100000000000001,0,0,0,0.25,913,14.200000000000001,263,4.3
2012,3,2,4,30,-14.600000000000001,0,0,0,0.25,913,13.3,265,4.6000000000000005
2012,3,2,5,30,-13.9,0,0,0,0.25,913,12.3,268,4.800000000000001
2012,3,2,6,30,-13.200000000000001,0,0,0,0.25,913,11.4,271,4.800000000000001
2012,3,2,7,30,-12.4,0,0,0,0.25,913,10.4,276,4.6000000000000005
2012,3,2,8,30,-11.600000000000001,0,0,0,0.25,913,9.4,282,4.2
2012,3,2,9,30,-10.8,0,0,0,0.25,914,8.4,288,3.4000000000000004
2012,3,2,10,30,-10.100000000000001,0,0,0,0.25,914,7.4,295,2.6
2012,3,2,11,30,-9.4,0,0,0,0.25,915,6.5,302,2
2012,3,2,12,30,-8.9,0,0,0,0.25,915,6.4,311,1.8
2012,3,2,13,30,-8.4,15,169,20,0.25,916,8.700000000000001,323,2.2
2012,3,2,14,30,-8.1,72,430,176,0.25,917,12.600000000000001,345,2.5
2012,3,2,15,30,-8.6,90,702,396,0.25,917,15.9,333,2.1
2012,3,2,16,30,-8.700000000000001,94,861,608,0.25,916,18.7,291,2.4000000000000004
2012,3,2,17,30,-8.9,91,994,799,0.25,915,21,272,3.5
2012,3,2,18,30,-9.1,99,1004,877,0.25,914,23,270,4.9
2012,3,2,19,30,-9.3,99,1007,885,0.25,913,24.3,272,6.4
2012,3,2,20,30,-9.1,96,984,814,0.25,912,24.8,275,8
2012,3,2,21,30,-8.9,91,943,680,0.25,912,24.400000000000002,278,8.9
2012,3,2,22,30,-8.6,82,861,489,0.25,913,23.200000000000003,283,8.8
2012,3,2,23,30,-8.700000000000001,65,697,263,0.25,913,22.400000000000002,286,8.5
2012,3,3,0,30,-9,27,274,48,0.25,915,18,302,5.6000000000000005
2012,3,3,1,30,-10.200000000000001,0,0,0,0.25,916,15.5,321,5
2012,3,3,2,30,-12.600000000000001,0,0,0,0.25,918,13.100000000000001,338,4.800000000000001
2012,3,3,3,30,-15.3,0,0,0,0.25,919,10.600000000000001,346,4.6000000000000005
2012,3,3,4,30,-17.7,0,0,0,0.25,920,8.6,345,4.2
2012,3,3,5,30,-17.8,0,0,0,0.25,921,7,336,3.5
2012,3,3,6,30,-16.6,0,0,0,0.25,922,5.6000000000000005,328,2.8000000000000003
2012,3,3,7,30,-15.4,0,0,0,0.25,922,4.5,322,2.5
2012,3,3,8,30,-14.600000000000001,0,0,0,0.25,923,3.7,318,2.5
2012,3,3,9,30,-14,0,0,0,0.25,924,3.1,314,2.8000000000000003
2012,3,3,10,30,-13.5,0,0,0,0.25,924,2.6,313,3.2
2012,3,3,11,30,-12.9,0,0,0,0.25,925,2.2,313,3.4000000000000004
2012,3,3,12,30,-12.200000000000001,0,0,0,0.25,926,2.1,311,3.7
2012,3,3,13,30,-11.5,16,177,22,0.25,927,3.4000000000000004,312,4.4
2012,3,3,14,30,-9.1,57,703,230,0.25,927,6,317,4.800000000000001
2012,3,3,15,30,-7.5,77,876,463,0.25,927,8.5,322,4.800000000000001
2012,3,3,16,30,-8,92,951,663,0.25,927,10.700000000000001,322,5.2
2012,3,3,17,30,-9.600000000000001,99,993,811,0.25,926,12.4,320,5.7
2012,3,3,18,30,-12.200000000000001,108,1004,890,0.25,926,13.9,319,6.2
2012,3,3,19,30,-15.9,111,1012,905,0.25,925,15.100000000000001,322,6.5
2012,3,3,20,30,-19.8,113,983,834,0.25,925,15.8,326,6.5
2012,3,3,21,30,-22.1,88,986,707,0.25,925,16.1,329,5.9
2012,3,3,22,30,-21.900000000000002,78,914,512,0.25,924,15.8,332,4.800000000000001
2012,3,3,23,30,-20.6,61,764,280,0.25,924,15.5,334,4
2012,3,4,0,30,-16,28,347,54,0.25,925,10.5,177,1.2000000000000002
2012,3,4,1,30,-15.600000000000001,0,0,0,0.25,925,9.8,182,1
2012,3,4,2,30,-15.8,0,0,0,0.25,926,9.600000000000001,325,0.8
2012,3,4,3,30,-16.2,0,0,0,0.25,926,9,279,0.9
2012,3,4,4,30,-16.5,0,0,0,0.25,927,7.9,269,1.3
2012,3,4,5,30,-16,0,0,0,0.25,927,6.6000000000000005,271,1.9000000000000001
2012,3,4,6,30,-15.3,0,0,0,0.25,927,5.4,274,2.5
2012,3,4,7,30,-14.600000000000001,0,0,0,0.25,927,4.7,278,3.1
2012,3,4,8,30,-14.200000000000001,0,0,0,0.25,926,4.4,280,3.3000000000000003
2012,3,4,9,30,-13.9,0,0,0,0.25,926,4.2,279,3.3000000000000003
2012,3,4,10,30,-13.8,0,0,0,0.25,926,4,277,3.3000000000000003
2012,3,4,11,30,-13.8,0,0,0,0.25,926,3.8000000000000003,274,3.3000000000000003
2012,3,4,12,30,-13.700000000000001,0,0,0,0.25,926,4.3,272,3.6
2012,3,4,13,30,-13.3,17,210,25,0.25,926,6.9,270,4.4
2012,3,4,14,30,-12.9,55,712,233,0.25,926,11.200000000000001,276,4.6000000000000005
2012,3,4,15,30,-11.5,73,883,466,0.25,926,15.600000000000001,295,4.3
2012,3,4,16,30,-10.4,84,963,667,0.25,926,19.1,307,4.4
2012,3,4,17,30,-10.3,90,1005,814,0.25,925,21.700000000000003,306,4.3
2012,3,4,18,30,-10.4,102,1007,891,0.25,924,23.6,304,4.1000000000000005
2012,3,4,19,30,-10.600000000000001,103,1008,898,0.25,923,24.900000000000002,302,3.7
2012,3,4,20,30,-11,100,993,831,0.25,922,25.6,299,3.3000000000000003
2012,3,4,21,30,-11.4,92,958,696,0.25,922,25.700000000000003,296,3
2012,3,4,22,30,-11.700000000000001,79,891,505,0.25,921,24.900000000000002,297,2.2
2012,3,4,23,30,-8.200000000000001,60,749,278,0.25,921,24.1,300,1.5
2012,3,5,0,30,-8.5,27,357,56,0.25,922,19,201,0.8
2012,3,5,1,30,-9.4,0,0,0,0.25,922,17,62,0.8
2012,3,5,2,30,-9.5,0,0,0,0.25,923,15.4,77,0.8
2012,3,5,3,30,-9.600000000000001,0,0,0,0.25,924,14.200000000000001,73,0.8
2012,3,5,4,30,-9.5,0,0,0,0.25,924,13.100000000000001,43,0.7000000000000001
2012,3,5,5,30,-9.5,0,0,0,0.25,924,11.9,185,0.7000000000000001
2012,3,5,6,30,-9.600000000000001,0,0,0,0.25,925,10.700000000000001,352,0.9
2012,3,5,7,30,-9.700000000000001,0,0,0,0.25,925,9.600000000000001,352,1
2012,3,5,8,30,-9.600000000000001,0,0,0,0.25,925,8.4,354,1.1
2012,3,5,9,30,-9.200000000000001,0,0,0,0.25,925,7.300000000000001,354,1.1
2012,3,5,10,30,-8.8,0,0,0,0.25,925,6.4,351,1.1
2012,3,5,11,30,-8.5,0,0,0,0.25,925,5.7,347,1.1
2012,3,5,12,30,-8.1,0,0,0,0.25,926,5.7,341,1.2000000000000002
2012,3,5,13,30,-7.800000000000001,19,217,28,0.25,926,7.7,337,1.7000000000000002
2012,3,5,14,30,-7.800000000000001,58,712,240,0.25,927,11.200000000000001,334,1.8
2012,3,5,15,30,-8,77,880,473,0.25,927,15.100000000000001,333,1.2000000000000002
2012,3,5,16,30,-8.8,89,963,676,0.25,926,19,257,0.6000000000000001
2012,3,5,17,30,-9.9,95,1004,824,0.25,926,22.700000000000003,179,0.9
2012,3,5,18,30,-11.5,106,1010,902,0.25,925,25.700000000000003,188,1.5
2012,3,5,19,30,-13.100000000000001,107,1011,908,0.25,923,27.400000000000002,206,1.6
2012,3,5,20,30,-14.3,106,992,841,0.25,922,28.3,218,1.7000000000000002
2012,3,5,21,30,-15.4,95,973,713,0.25,921,28.5,219,1.8
2012,3,5,22,30,-16.3,85,898,518,0.25,921,27.3,206,1.6
2012,3,5,23,30,-11.4,67,747,285,0.25,921,26.200000000000003,196,1.3
2012,3,6,0,30,-11.5,26,283,50,0.25,921,19.900000000000002,155,1.9000000000000001
2012,3,6,1,30,-12,0,0,0,0.25,921,18,157,2.7
2012,3,6,2,30,-10.5,0,0,0,0.25,921,16.3,162,3.1
2012,3,6,3,30,-8.4,0,0,0,0.25,922,14.9,168,3.3000000000000003
2012,3,6,4,30,-6.6000000000000005,0,0,0,0.25,922,13.9,177,3.4000000000000004
2012,3,6,5,30,-5.4,0,0,0,0.25,921,13.3,187,3.5
2012,3,6,6,30,-4.800000000000001,0,0,0,0.25,921,12.8,195,3.5
2012,3,6,7,30,-4.800000000000001,0,0,0,0.25,920,11.9,205,3.3000000000000003
2012,3,6,8,30,-5.300000000000001,0,0,0,0.25,919,11.3,213,3.1
2012,3,6,9,30,-5.7,0,0,0,0.25,919,11.700000000000001,218,3
2012,3,6,10,30,-5.800000000000001,0,0,0,0.25,918,12,220,2.8000000000000003
2012,3,6,11,30,-5.9,0,0,0,0.25,918,11.9,219,2.5
2012,3,6,12,30,-5.7,0,0,0,0.25,919,11.8,216,2.1
2012,3,6,13,30,-5.300000000000001,21,0,21,0.25,919,12.700000000000001,213,2.1
2012,3,6,14,30,-4.800000000000001,86,360,179,0.25,919,14.600000000000001,207,2.2
2012,3,6,15,30,-4.5,94,704,414,0.25,919,17.2,204,2.7
2012,3,6,16,30,-4.9,103,903,658,0.25,918,20.900000000000002,209,3.7
2012,3,6,17,30,-6.4,242,619,693,0.25,917,24.900000000000002,210,4.3
2012,3,6,18,30,-8.1,315,518,725,0.25,916,27.5,206,4.6000000000000005
2012,3,6,19,30,-9.3,245,691,796,0.25,915,28.400000000000002,206,4.800000000000001
2012,3,6,20,30,-10,214,700,735,0.25,914,28.3,211,5.2
2012,3,6,21,30,-10.100000000000001,98,928,690,0.25,914,28,213,5.5
2012,3,6,22,30,-9.8,85,861,503,0.25,913,27,209,5
2012,3,6,23,30,-8.8,65,716,277,0.25,913,26.200000000000003,204,4.5
2012,3,7,0,30,-7.1000000000000005,29,337,58,0.25,913,20.200000000000003,179,4
2012,3,7,1,30,-5.4,0,0,0,0.25,913,18.400000000000002,175,5
2012,3,7,2,30,-3.3000000000000003,0,0,0,0.25,914,17.1,177,5.5
2012,3,7,3,30,-1.6,0,0,0,0.25,914,15.9,187,5.1000000000000005
2012,3,7,4,30,-0.7000000000000001,0,0,0,0.25,914,14.600000000000001,201,4
2012,3,7,5,30,-0.7000000000000001,0,0,0,0.25,914,13.200000000000001,213,3
2012,3,7,6,30,-1.3,0,0,0,0.25,914,12.4,219,2.7
2012,3,7,7,30,-2.3000000000000003,0,0,0,0.25,914,11.9,227,2.7
2012,3,7,8,30,-4,0,0,0,0.25,914,11.600000000000001,233,2.7
2012,3,7,9,30,-6.300000000000001,0,0,0,0.25,914,11.600000000000001,232,2.8000000000000003
2012,3,7,10,30,-8,0,0,0,0.25,914,11.4,225,2.8000000000000003
2012,3,7,11,30,-8.9,0,0,0,0.25,914,10.8,220,3
2012,3,7,12,30,-9.3,0,0,0,0.25,914,10.600000000000001,218,3.3000000000000003
2012,3,7,13,30,-9,20,303,35,0.25,915,12.9,219,3.9000000000000004
2012,3,7,14,30,-8.5,54,757,254,0.25,915,17.3,224,4.7
2012,3,7,15,30,-9.200000000000001,71,911,489,0.25,915,22,233,5.9
2012,3,7,16,30,-12.100000000000001,82,975,685,0.25,915,25.700000000000003,239,6.7
2012,3,7,17,30,-13.600000000000001,88,1014,832,0.25,914,28,239,6.6000000000000005
2012,3,7,18,30,-14.200000000000001,97,1021,910,0.25,913,29.5,237,6.7
2012,3,7,19,30,-14.5,97,1031,923,0.25,912,30.3,236,6.9
2012,3,7,20,30,-14.700000000000001,96,1013,854,0.25,912,30.6,236,7
2012,3,7,21,30,-14.600000000000001,87,973,712,0.25,911,30.400000000000002,235,6.5
2012,3,7,22,30,-14.4,79,899,518,0.25,911,29.3,233,4.9
2012,3,7,23,30,-12.600000000000001,63,748,287,0.25,911,28.400000000000002,233,3.7
2012,3,8,0,30,-10.100000000000001,30,365,62,0.25,911,21.3,235,2
2012,3,8,1,30,-10.9,0,0,0,0.25,912,19.1,247,2.4000000000000004
2012,3,8,2,30,-11,0,0,0,0.25,913,17.7,257,2.9000000000000004
2012,3,8,3,30,-10.600000000000001,0,0,0,0.25,914,16.8,265,3.5
2012,3,8,4,30,-10.3,0,0,0,0.25,915,16.2,274,4
2012,3,8,5,30,-10,0,0,0,0.25,915,15.3,280,3.9000000000000004
2012,3,8,6,30,-9.700000000000001,0,0,0,0.25,916,13.9,281,3.4000000000000004
2012,3,8,7,30,-9,0,0,0,0.25,916,12.5,281,2.8000000000000003
2012,3,8,8,30,-8.200000000000001,0,0,0,0.25,916,11.4,283,2.4000000000000004
2012,3,8,9,30,-7.300000000000001,0,0,0,0.25,916,10.5,288,2.1
2012,3,8,10,30,-6.4,0,0,0,0.25,917,9.700000000000001,295,2
2012,3,8,11,30,-5.7,0,0,0,0.25,917,9,306,1.9000000000000001
2012,3,8,12,30,-5,0,0,0,0.25,918,9.200000000000001,320,2.4000000000000004
2012,3,8,13,30,-4.5,23,209,34,0.25,919,11.200000000000001,338,3.9000000000000004
2012,3,8,14,30,-3.6,65,657,241,0.25,920,13.8,179,5.5
2012,3,8,15,30,-1.3,90,811,466,0.25,922,15.8,15,6
2012,3,8,16,30,1.1,254,34,275,0.25,922,17.3,23,5.9
2012,3,8,17,30,2.5,233,13,243,0.25,923,18,29,6.1000000000000005
2012,3,8,18,30,3,204,10,212,0.25,923,17.7,34,6.4
2012,3,8,19,30,2.9000000000000004,222,11,232,0.25,924,16.5,37,7
2012,3,8,20,30,2.6,188,8,194,0.25,925,14.700000000000001,39,7.4
2012,3,8,21,30,2,178,5,181,0.25,926,12.9,40,7.4
2012,3,8,22,30,1,138,0,138,0.25,927,11.3,41,7
2012,3,8,23,30,0.1,76,0,76,0.25,928,10.5,42,6.800000000000001
2012,3,9,0,30,-0.7000000000000001,25,0,25,0.26,930,8,46,6.1000000000000005
2012,3,9,1,30,-1.6,0,0,0,0.26,931,6.7,47,5.800000000000001
2012,3,9,2,30,-2.6,0,0,0,0.26,932,5.800000000000001,45,5.4
2012,3,9,3,30,-3.6,0,0,0,0.26,933,5.2,41,5
2012,3,9,4,30,-4.4,0,0,0,0.26,933,4.7,36,4.7
2012,3,9,5,30,-5,0,0,0,0.26,933,4.4,33,4.4
2012,3,9,6,30,-5.7,0,0,0,0.26,933,4.1000000000000005,30,4.3
2012,3,9,7,30,-6.300000000000001,0,0,0,0.26,933,3.8000000000000003,29,4.2
2012,3,9,8,30,-6.9,0,0,0,0.26,933,3.5,28,4.2
2012,3,9,9,30,-7.300000000000001,0,0,0,0.26,933,3.3000000000000003,27,4.2
2012,3,9,10,30,-7.4,0,0,0,0.26,933,3.1,24,4.3
2012,3,9,11,30,-7.4,0,0,0,0.26,933,3,22,4.4
2012,3,9,12,30,-7.4,0,0,0,0.26,933,3,22,4.6000000000000005
2012,3,9,13,30,-7.4,9,0,9,0.26,934,3.6,27,4.9
2012,3,9,14,30,-7.6000000000000005,99,13,102,0.26,934,4.7,34,5.2
2012,3,9,15,30,-8.200000000000001,117,0,117,0.26,934,5.9,41,4.9
2012,3,9,16,30,-8,228,19,240,0.26,934,6.800000000000001,46,4.6000000000000005
2012,3,9,17,30,-7,297,29,318,0.26,933,7.4,51,4.5
2012,3,9,18,30,-5.800000000000001,267,16,280,0.26,933,7.800000000000001,55,4.5
2012,3,9,19,30,-4.7,397,86,467,0.26,932,8.1,59,4.4
2012,3,9,20,30,-3.8000000000000003,199,9,206,0.26,932,8.200000000000001,61,4.3
2012,3,9,21,30,-3.3000000000000003,304,94,365,0.26,931,7.9,62,4.3
2012,3,9,22,30,-2.9000000000000004,205,49,229,0.26,931,7.2,62,4.1000000000000005
2012,3,9,23,30,-2.7,54,0,54,0.26,930,6.7,63,3.9000000000000004
2012,3,10,0,30,-2.6,22,0,22,0.25,930,5.1000000000000005,60,3.2
2012,3,10,1,30,-2.5,0,0,0,0.25,930,4.3,55,3.1
2012,3,10,2,30,-2.3000000000000003,0,0,0,0.25,930,3.8000000000000003,50,3
2012,3,10,3,30,-2.1,0,0,0,0.25,930,3.5,49,2.9000000000000004
2012,3,10,4,30,-1.8,0,0,0,0.25,930,3.2,49,2.6
2012,3,10,5,30,-1.4000000000000001,0,0,0,0.25,929,3,45,2
2012,3,10,6,30,-1.1,0,0,0,0.25,929,2.9000000000000004,40,1.6
2012,3,10,7,30,-0.8,0,0,0,0.25,928,2.8000000000000003,37,1.3
2012,3,10,8,30,-0.7000000000000001,0,0,0,0.25,928,2.8000000000000003,40,1.1
2012,3,10,9,30,-0.6000000000000001,0,0,0,0.25,927,2.8000000000000003,51,1.2000000000000002
2012,3,10,10,30,-0.5,0,0,0,0.25,926,2.7,64,1.3
2012,3,10,11,30,-0.30000000000000004,0,0,0,0.25,926,2.6,74,1.3
2012,3,10,12,30,-0.1,0,0,0,0.25,926,2.7,80,1.4000000000000001
2012,3,10,13,30,0.1,11,0,11,0.25,926,3.5,87,1.9000000000000001
2012,3,10,14,30,0.1,87,543,238,0.25,926,4.9,99,2.1
2012,3,10,15,30,0,208,101,255,0.25,926,6.6000000000000005,110,2.3000000000000003
2012,3,10,16,30,0.1,210,12,218,0.25,925,8.5,117,2.7
2012,3,10,17,30,0.2,228,12,237,0.25,924,10.600000000000001,120,3
2012,3,10,18,30,0.4,176,7,181,0.25,923,12.700000000000001,121,3.1
2012,3,10,19,30,0.5,220,11,230,0.25,921,14.600000000000001,118,2.9000000000000004
2012,3,10,20,30,0.4,158,4,161,0.25,920,16.1,110,2.7
2012,3,10,21,30,0.2,182,6,186,0.25,919,16.900000000000002,99,2.9000000000000004
2012,3,10,22,30,0,187,23,199,0.25,919,16.5,89,3.6
2012,3,10,23,30,0.1,96,0,96,0.25,919,16,85,4.1000000000000005
2012,3,11,0,30,0.6000000000000001,33,44,37,0.25,919,11.5,73,4.4
2012,3,11,1,30,1.5,0,0,0,0.25,920,9.1,68,4.1000000000000005
2012,3,11,2,30,2.2,0,0,0,0.25,921,7.4,68,3
2012,3,11,3,30,2.7,0,0,0,0.25,922,6.1000000000000005,78,1.9000000000000001
2012,3,11,4,30,3.1,0,0,0,0.25,923,5.2,102,1.2000000000000002
2012,3,11,5,30,3.2,0,0,0,0.25,922,4.6000000000000005,135,1.1
2012,3,11,6,30,3.2,0,0,0,0.25,922,4.4,168,1.5
2012,3,11,7,30,2.9000000000000004,0,0,0,0.25,922,4.4,204,1.9000000000000001
2012,3,11,8,30,2.3000000000000003,0,0,0,0.25,921,4,236,2
2012,3,11,9,30,1.4000000000000001,0,0,0,0.25,921,3.4000000000000004,251,2.1
2012,3,11,10,30,0.30000000000000004,0,0,0,0.25,920,2.8000000000000003,254,2.3000000000000003
2012,3,11,11,30,-0.8,0,0,0,0.25,920,2.4000000000000004,254,2.6
2012,3,11,12,30,-1.6,0,0,0,0.25,921,2.8000000000000003,252,3.1
2012,3,11,13,30,-2.2,25,307,46,0.25,921,5.2,249,3.9000000000000004
2012,3,11,14,30,-2.6,61,726,266,0.25,921,9.5,253,4.9
2012,3,11,15,30,-3.4000000000000004,78,881,499,0.25,921,14.3,261,5.800000000000001
2012,3,11,16,30,-4.6000000000000005,90,956,698,0.25,921,18.1,265,6.2
2012,3,11,17,30,-5.9,96,995,844,0.25,920,20.8,265,6.2
2012,3,11,18,30,-6.9,102,1009,921,0.25,919,22.8,264,6.300000000000001
2012,3,11,19,30,-7.9,104,1014,932,0.25,918,24,264,6.5
2012,3,11,20,30,-9.200000000000001,101,999,863,0.25,918,24.700000000000003,263,6.7
2012,3,11,21,30,-10.8,91,970,726,0.25,917,24.700000000000003,263,6.7
2012,3,11,22,30,-12,77,913,534,0.25,917,24,263,6.2
2012,3,11,23,30,-12.4,59,789,304,0.25,917,23.400000000000002,264,5.800000000000001
2012,3,12,0,30,-11.3,30,453,74,0.26,918,16.7,267,3
2012,3,12,1,30,-11.3,0,0,0,0.26,918,14.4,266,2.7
2012,3,12,2,30,-11.200000000000001,0,0,0,0.26,919,13.200000000000001,262,2.7
2012,3,12,3,30,-11,0,0,0,0.26,919,12.100000000000001,258,2.6
2012,3,12,4,30,-10.700000000000001,0,0,0,0.26,919,11.3,256,2.7
2012,3,12,5,30,-10.5,0,0,0,0.26,919,10.600000000000001,255,2.7
2012,3,12,6,30,-10.3,0,0,0,0.26,919,10,256,2.8000000000000003
2012,3,12,7,30,-10,0,0,0,0.26,919,9.3,257,2.7
2012,3,12,8,30,-9.5,0,0,0,0.26,919,8.700000000000001,259,2.7
2012,3,12,9,30,-9.200000000000001,0,0,0,0.26,919,8.200000000000001,260,2.8000000000000003
2012,3,12,10,30,-8.9,0,0,0,0.26,920,7.800000000000001,259,2.9000000000000004
2012,3,12,11,30,-8.8,0,0,0,0.26,920,7.5,258,3
2012,3,12,12,30,-8.700000000000001,0,0,0,0.26,921,8.200000000000001,257,3.3000000000000003
2012,3,12,13,30,-8.5,26,333,51,0.26,922,10.9,257,4.1000000000000005
2012,3,12,14,30,-8.4,61,753,277,0.26,923,15.100000000000001,259,4.1000000000000005
2012,3,12,15,30,-8.4,79,903,513,0.26,923,19.8,270,3.8000000000000003
2012,3,12,16,30,-9.4,88,955,701,0.26,923,23.900000000000002,280,3.7
2012,3,12,17,30,-10.8,95,1007,856,0.26,923,26.400000000000002,275,3.3000000000000003
2012,3,12,18,30,-11.8,128,977,925,0.26,922,27.8,263,2.9000000000000004
2012,3,12,19,30,-12.600000000000001,112,1002,934,0.26,921,28.8,252,2.8000000000000003
2012,3,12,20,30,-13.200000000000001,110,984,864,0.26,920,29.3,245,2.7
2012,3,12,21,30,-13.8,121,829,666,0.26,920,29.200000000000003,242,2.6
2012,3,12,22,30,-14.3,220,253,347,0.26,919,28.200000000000003,237,2
2012,3,12,23,30,-10.200000000000001,124,213,190,0.26,919,27.3,235,1.4000000000000001
2012,3,13,0,30,-9.5,31,304,62,0.26,920,23.1,224,1.1
2012,3,13,1,30,-10.200000000000001,0,0,0,0.26,920,21.3,210,1.2000000000000002
2012,3,13,2,30,-10.200000000000001,0,0,0,0.26,921,19.6,200,1.4000000000000001
2012,3,13,3,30,-10.200000000000001,0,0,0,0.26,921,18.1,199,1.4000000000000001
2012,3,13,4,30,-10,0,0,0,0.26,921,16.8,199,1.4000000000000001
2012,3,13,5,30,-9.5,0,0,0,0.26,921,15.700000000000001,199,1.4000000000000001
2012,3,13,6,30,-8.200000000000001,0,0,0,0.26,921,14.8,205,1.3
2012,3,13,7,30,-6.9,0,0,0,0.26,921,14.200000000000001,224,1.1
2012,3,13,8,30,-6,0,0,0,0.26,921,13.8,253,1
2012,3,13,9,30,-5.4,0,0,0,0.26,921,13.3,277,0.9
2012,3,13,10,30,-5.2,0,0,0,0.26,921,12.9,293,0.9
2012,3,13,11,30,-5.1000000000000005,0,0,0,0.26,921,12.5,302,0.9
2012,3,13,12,30,-4.800000000000001,0,0,0,0.26,922,12.4,307,0.8
2012,3,13,13,30,-4.1000000000000005,27,96,34,0.26,922,14.200000000000001,314,0.9
2012,3,13,14,30,-3.2,117,85,141,0.26,923,17.2,329,1.1
2012,3,13,15,30,-2.8000000000000003,147,549,413,0.26,923,20.700000000000003,183,1
2012,3,13,16,30,-4,98,887,670,0.26,922,24.5,63,0.8
2012,3,13,17,30,-5.4,113,964,845,0.26,922,27.6,107,1.1
2012,3,13,18,30,-6.5,108,995,924,0.26,921,29.400000000000002,114,1.6
2012,3,13,19,30,-6.7,106,994,925,0.26,919,30.400000000000002,113,2
2012,3,13,20,30,-6.5,102,980,856,0.26,918,30.8,112,2.5
2012,3,13,21,30,-6.1000000000000005,93,943,717,0.26,918,30.700000000000003,112,3.1
2012,3,13,22,30,-5.6000000000000005,84,866,523,0.26,917,29.700000000000003,114,3.5
2012,3,13,23,30,-4.3,69,715,294,0.26,917,29,115,3.6
2012,3,14,0,30,-1.7000000000000002,35,139,50,0.26,918,23.400000000000002,127,3
2012,3,14,1,30,1.1,0,0,0,0.26,918,21.200000000000003,140,3.5
2012,3,14,2,30,3.7,0,0,0,0.26,919,19.5,150,3.5
2012,3,14,3,30,5.7,0,0,0,0.26,920,18,155,3.3000000000000003
2012,3,14,4,30,7.4,0,0,0,0.26,920,16.6,158,2.9000000000000004
2012,3,14,5,30,9,0,0,0,0.26,920,15.4,164,2.4000000000000004
2012,3,14,6,30,10.3,0,0,0,0.26,920,14.4,176,1.9000000000000001
2012,3,14,7,30,11.200000000000001,0,0,0,0.26,920,13.700000000000001,196,1.6
2012,3,14,8,30,11.5,0,0,0,0.26,920,13.200000000000001,222,1.5
2012,3,14,9,30,11.200000000000001,0,0,0,0.26,919,12.9,244,1.7000000000000002
2012,3,14,10,30,10.5,0,0,0,0.26,919,12.600000000000001,258,1.9000000000000001
2012,3,14,11,30,9.5,0,0,0,0.26,920,12.600000000000001,260,2.1
2012,3,14,12,30,8.1,0,0,0,0.26,920,13.200000000000001,256,2.2
2012,3,14,13,30,6.800000000000001,28,55,33,0.26,921,15.200000000000001,252,2.8000000000000003
2012,3,14,14,30,5.300000000000001,30,0,30,0.26,921,18.1,251,3
2012,3,14,15,30,2.6,220,150,294,0.26,922,20.8,256,2.5
2012,3,14,16,30,-1.9000000000000001,199,613,597,0.26,922,23.200000000000003,264,2.1
2012,3,14,17,30,-6.300000000000001,330,413,645,0.26,922,25.1,265,2
2012,3,14,18,30,-9.4,248,705,830,0.26,921,26.3,254,2
2012,3,14,19,30,-10.8,296,617,807,0.26,921,27.1,238,2.1
2012,3,14,20,30,-11.5,139,883,821,0.26,920,27.8,223,2.3000000000000003
2012,3,14,21,30,-11.600000000000001,111,863,684,0.26,920,28.3,215,2.6
2012,3,14,22,30,-11.4,125,656,459,0.26,919,27.8,210,2.5
2012,3,14,23,30,-8,72,616,268,0.26,919,27.200000000000003,207,2.2
2012,3,15,0,30,-7.2,31,342,67,0.26,920,21.8,197,1.6
2012,3,15,1,30,-7,0,0,0,0.26,920,19.900000000000002,203,1.8
2012,3,15,2,30,-5.800000000000001,0,0,0,0.26,921,18.8,214,2
2012,3,15,3,30,-4.6000000000000005,0,0,0,0.26,921,17.8,224,2.1
2012,3,15,4,30,-4.4,0,0,0,0.26,921,16.8,232,2.2
2012,3,15,5,30,-5,0,0,0,0.26,921,15.8,237,2.2
2012,3,15,6,30,-5.7,0,0,0,0.26,921,15,241,2.1
2012,3,15,7,30,-6.1000000000000005,0,0,0,0.26,921,14.3,246,2
2012,3,15,8,30,-6.4,0,0,0,0.26,921,13.8,254,1.8
2012,3,15,9,30,-7,0,0,0,0.26,921,13.5,266,1.7000000000000002
2012,3,15,10,30,-7.9,0,0,0,0.26,921,13.100000000000001,280,1.6
2012,3,15,11,30,-9,0,0,0,0.26,922,12.9,294,1.5
2012,3,15,12,30,-9.9,0,0,0,0.26,922,13.3,310,1.3
2012,3,15,13,30,-10,30,123,41,0.26,923,15.4,325,1.8
2012,3,15,14,30,-11.200000000000001,87,476,230,0.26,923,18.5,342,2
2012,3,15,15,30,-10.8,177,15,185,0.26,924,21.5,186,1.4000000000000001
2012,3,15,16,30,-10.5,315,195,442,0.26,924,24.400000000000002,25,0.9
2012,3,15,17,30,-10.3,308,469,669,0.26,923,26.900000000000002,28,0.5
2012,3,15,18,30,-10.200000000000001,240,722,838,0.26,923,28.6,164,0.5
2012,3,15,19,30,-9.9,252,702,836,0.26,922,29.1,317,1
2012,3,15,20,30,-9.4,261,627,748,0.26,921,29.3,335,1.7000000000000002
2012,3,15,21,30,-8.4,311,283,500,0.26,921,29.400000000000002,337,2.3000000000000003
2012,3,15,22,30,-7.7,196,409,405,0.26,920,28.700000000000003,339,2.4000000000000004
2012,3,15,23,30,-6.9,85,541,258,0.26,920,28.200000000000003,342,2.3000000000000003
2012,3,16,0,30,-4.7,38,117,50,0.26,921,23,189,1
2012,3,16,1,30,-4.800000000000001,0,0,0,0.26,921,21.700000000000003,62,0.9
2012,3,16,2,30,-3.6,0,0,0,0.26,922,20.5,120,1.2000000000000002
2012,3,16,3,30,-0.8,0,0,0,0.26,922,19.400000000000002,144,1.7000000000000002
2012,3,16,4,30,3.7,0,0,0,0.26,922,19,157,2.4000000000000004
2012,3,16,5,30,8.1,0,0,0,0.26,922,18.2,169,2.6
2012,3,16,6,30,11,0,0,0,0.26,921,17.1,178,2.4000000000000004
2012,3,16,7,30,12.5,0,0,0,0.26,921,16.2,187,2.2
2012,3,16,8,30,13.100000000000001,0,0,0,0.26,920,15.600000000000001,197,2.1
2012,3,16,9,30,13.3,0,0,0,0.26,920,15.100000000000001,209,2
2012,3,16,10,30,13.3,0,0,0,0.26,920,14.600000000000001,221,1.9000000000000001
2012,3,16,11,30,13.100000000000001,0,0,0,0.26,920,14.3,234,1.8
2012,3,16,12,30,12.8,0,0,0,0.26,920,14.600000000000001,244,1.9000000000000001
2012,3,16,13,30,12.4,33,278,58,0.26,920,16.6,250,2.4000000000000004
2012,3,16,14,30,12.3,102,380,218,0.26,921,20.3,246,2.4000000000000004
2012,3,16,15,30,11.8,125,641,445,0.26,921,24.400000000000002,216,2.1
2012,3,16,16,30,10.100000000000001,297,325,511,0.26,920,27.400000000000002,183,2.3000000000000003
2012,3,16,17,30,8.6,238,672,756,0.26,920,29.200000000000003,170,2.7
2012,3,16,18,30,7.800000000000001,402,334,680,0.26,919,30.400000000000002,169,3
2012,3,16,19,30,7.300000000000001,362,428,720,0.26,918,31.3,170,3.3000000000000003
2012,3,16,20,30,6.9,218,720,779,0.26,917,31.700000000000003,175,3.5
2012,3,16,21,30,6.4,127,837,688,0.26,916,31.6,186,3.7
2012,3,16,22,30,5.7,115,696,474,0.26,915,30.900000000000002,196,3.8000000000000003
2012,3,16,23,30,5.1000000000000005,88,603,283,0.26,915,30.400000000000002,201,3.8000000000000003
2012,3,17,0,30,5.5,40,285,71,0.25,915,25.400000000000002,194,2.3000000000000003
2012,3,17,1,30,6.300000000000001,0,0,0,0.25,916,22.900000000000002,202,2.4000000000000004
2012,3,17,2,30,6.9,0,0,0,0.25,916,21.400000000000002,221,2.5
2012,3,17,3,30,6.9,0,0,0,0.25,917,20.1,238,2.4000000000000004
2012,3,17,4,30,6.5,0,0,0,0.25,917,19,246,2.2
2012,3,17,5,30,6.2,0,0,0,0.25,917,18,243,2.1
2012,3,17,6,30,6,0,0,0,0.25,917,17.2,241,2.1
2012,3,17,7,30,5.4,0,0,0,0.25,917,16.3,248,2.3000000000000003
2012,3,17,8,30,3.7,0,0,0,0.25,917,15.3,260,2.7
2012,3,17,9,30,1.1,0,0,0,0.25,917,14.4,268,3.1
2012,3,17,10,30,-1.6,0,0,0,0.25,917,13.5,271,3.2
2012,3,17,11,30,-4,0,0,0,0.25,917,12.8,271,3
2012,3,17,12,30,-6,0,0,0,0.25,918,13.100000000000001,273,3
2012,3,17,13,30,-6.9,31,227,53,0.25,918,15.4,274,3.4000000000000004
2012,3,17,14,30,-7.4,125,170,178,0.25,918,19.3,274,3.1
2012,3,17,15,30,-7.6000000000000005,74,893,525,0.25,919,23.900000000000002,273,2.8000000000000003
2012,3,17,16,30,-8.6,208,604,609,0.25,918,27.900000000000002,264,3.5
2012,3,17,17,30,-9,151,854,815,0.25,918,30.1,247,4.2
2012,3,17,18,30,-8.4,179,846,886,0.25,917,30.6,229,5.1000000000000005
2012,3,17,19,30,-7.1000000000000005,152,901,908,0.25,916,29.8,214,6
2012,3,17,20,30,-4.800000000000001,163,851,829,0.25,916,28.6,203,6.5
2012,3,17,21,30,-2.1,130,818,681,0.25,915,27.8,196,6.5
2012,3,17,22,30,0.1,140,612,457,0.25,915,27.1,191,5.9
2012,3,17,23,30,1.5,130,60,149,0.25,915,26.700000000000003,188,5.5
2012,3,18,0,30,2.3000000000000003,38,18,40,0.25,915,23,175,2.9000000000000004
2012,3,18,1,30,2.2,0,0,0,0.25,915,21.900000000000002,167,3.1
2012,3,18,2,30,1.6,0,0,0,0.25,915,21.900000000000002,166,4.4
2012,3,18,3,30,1.6,0,0,0,0.25,915,22,172,5.9
2012,3,18,4,30,2.9000000000000004,0,0,0,0.25,916,22.200000000000003,178,6.6000000000000005
2012,3,18,5,30,3.8000000000000003,0,0,0,0.25,915,22.1,181,6.4
2012,3,18,6,30,3.6,0,0,0,0.25,915,21.700000000000003,187,5.9
2012,3,18,7,30,3,0,0,0,0.25,914,21.200000000000003,202,5.6000000000000005
2012,3,18,8,30,2,0,0,0,0.25,914,20.700000000000003,220,4.800000000000001
2012,3,18,9,30,1,0,0,0,0.25,914,19.900000000000002,233,3.9000000000000004
2012,3,18,10,30,0.5,0,0,0,0.25,914,19.1,233,3.1
2012,3,18,11,30,0.4,0,0,0,0.25,914,18.400000000000002,223,2.7
2012,3,18,12,30,0.4,0,0,0,0.25,914,18.400000000000002,211,3
2012,3,18,13,30,0.6000000000000001,35,67,41,0.25,914,19.700000000000003,205,4.2
2012,3,18,14,30,0.6000000000000001,80,558,255,0.25,915,22.400000000000002,205,5.9
2012,3,18,15,30,-0.8,95,759,481,0.25,915,25.900000000000002,209,7.7
2012,3,18,16,30,-2.7,204,624,620,0.25,914,28.6,211,8.5
2012,3,18,17,30,-2.9000000000000004,264,628,754,0.25,913,30.200000000000003,214,8.6
2012,3,18,18,30,-2.8000000000000003,292,641,830,0.25,912,31.400000000000002,219,8.8
2012,3,18,19,30,-2.9000000000000004,362,443,736,0.25,911,32.1,226,9
2012,3,18,20,30,-3.2,398,217,568,0.25,910,32.2,229,8.9
2012,3,18,21,30,-3.5,321,94,385,0.25,909,31.8,229,8.5
2012,3,18,22,30,-4,187,469,431,0.25,908,31.1,231,7.9
2012,3,18,23,30,-4.5,93,511,261,0.25,908,30.5,233,7.5
2012,3,19,0,30,-4.2,40,160,58,0.25,909,26.700000000000003,259,6.2
2012,3,19,1,30,-3,0,0,0,0.25,910,24.5,273,6.5
2012,3,19,2,30,-1.2000000000000002,0,0,0,0.25,911,22.6,278,6.5
2012,3,19,3,30,0.2,0,0,0,0.25,912,21,277,6.4
2012,3,19,4,30,0.9,0,0,0,0.25,912,19.700000000000003,274,6.6000000000000005
2012,3,19,5,30,1.4000000000000001,0,0,0,0.25,913,18.5,270,6.7
2012,3,19,6,30,1.9000000000000001,0,0,0,0.25,913,17.400000000000002,269,6.800000000000001
2012,3,19,7,30,2.5,0,0,0,0.25,913,16.400000000000002,272,6.800000000000001
2012,3,19,8,30,3.1,0,0,0,0.25,912,15.200000000000001,275,6.7
2012,3,19,9,30,3.6,0,0,0,0.25,912,14,279,5.9
2012,3,19,10,30,3.8000000000000003,0,0,0,0.25,912,13.200000000000001,283,5.1000000000000005
2012,3,19,11,30,3.7,0,0,0,0.25,913,12.700000000000001,287,4.4
2012,3,19,12,30,3.3000000000000003,0,0,0,0.25,913,12.5,290,4.1000000000000005
2012,3,19,13,30,2.6,21,0,21,0.25,914,13,289,4.3
2012,3,19,14,30,1.8,118,299,214,0.25,914,14.100000000000001,286,4.5
2012,3,19,15,30,1.6,229,216,340,0.25,914,15.200000000000001,276,4.3
2012,3,19,16,30,1.6,325,202,461,0.25,914,16.2,262,4.3
2012,3,19,17,30,1.6,92,0,92,0.25,913,17.3,251,4.5
2012,3,19,18,30,1.5,155,892,908,0.25,912,18.3,248,4.9
2012,3,19,19,30,1.2000000000000002,158,889,909,0.25,911,19,250,5.7
2012,3,19,20,30,0.8,156,866,840,0.25,910,19.200000000000003,259,6.6000000000000005
2012,3,19,21,30,-0.4,192,8,198,0.25,910,19,270,7.5
2012,3,19,22,30,-2.3000000000000003,225,290,377,0.25,910,18,278,8.200000000000001
2012,3,19,23,30,-4.2,39,0,39,0.25,911,17.2,280,8.5
2012,3,20,0,30,-5.300000000000001,16,0,16,0.25,912,14.100000000000001,285,7.2
2012,3,20,1,30,-5.4,0,0,0,0.25,913,12.5,288,5.9
2012,3,20,2,30,-4.9,0,0,0,0.25,913,11.4,289,5.2
2012,3,20,3,30,-4.1000000000000005,0,0,0,0.25,914,10.4,287,5.2
2012,3,20,4,30,-3.3000000000000003,0,0,0,0.25,914,9.5,283,5.4
2012,3,20,5,30,-2.5,0,0,0,0.25,914,8.5,273,4.9
2012,3,20,6,30,-2.1,0,0,0,0.25,915,7.5,262,4.4
2012,3,20,7,30,-2.1,0,0,0,0.25,915,6.6000000000000005,255,4.2
2012,3,20,8,30,-2.3000000000000003,0,0,0,0.25,914,5.9,253,4.5
2012,3,20,9,30,-2.9000000000000004,0,0,0,0.25,914,5.300000000000001,257,4.9
2012,3,20,10,30,-4.1000000000000005,0,0,0,0.25,914,4.800000000000001,262,5.2
2012,3,20,11,30,-5.300000000000001,0,0,0,0.25,914,4.3,266,5.4
2012,3,20,12,30,-6,0,0,0,0.25,915,4.2,266,5.7
2012,3,20,13,30,-6.300000000000001,33,446,82,0.25,915,5.800000000000001,270,6.4
2012,3,20,14,30,-7.2,63,776,315,0.25,915,8.5,282,7
2012,3,20,15,30,-8.6,80,905,548,0.25,915,10.8,285,7.1000000000000005
2012,3,20,16,30,-9.3,92,962,742,0.25,915,12.5,281,7.4
2012,3,20,17,30,-9.5,102,991,884,0.25,914,13.8,279,8
2012,3,20,18,30,-9.5,383,394,718,0.25,914,14.600000000000001,280,8.6
2012,3,20,19,30,-9.3,400,60,451,0.25,913,15.100000000000001,283,8.9
2012,3,20,20,30,-9.3,350,45,385,0.25,913,15.100000000000001,290,9
2012,3,20,21,30,-9.200000000000001,247,512,596,0.25,913,14.700000000000001,299,8.9
2012,3,20,22,30,-8.4,151,1,152,0.25,914,13.8,308,8.9
2012,3,20,23,30,-6.7,69,653,287,0.25,914,13.100000000000001,313,8.8
2012,3,21,0,30,-5.300000000000001,41,353,83,0.25,915,11.100000000000001,306,6.7
2012,3,21,1,30,-4.800000000000001,0,0,0,0.25,916,9.8,293,5.2
2012,3,21,2,30,-4.800000000000001,0,0,0,0.25,916,9,284,4.800000000000001
2012,3,21,3,30,-5.300000000000001,0,0,0,0.25,917,8.700000000000001,283,5.300000000000001
2012,3,21,4,30,-6.1000000000000005,0,0,0,0.25,917,8.5,287,5.7
2012,3,21,5,30,-6.6000000000000005,0,0,0,0.25,917,8.3,290,5.800000000000001
2012,3,21,6,30,-6.800000000000001,0,0,0,0.25,917,8.1,294,5.7
2012,3,21,7,30,-6.800000000000001,0,0,0,0.25,917,7.9,298,5.7
2012,3,21,8,30,-6.7,0,0,0,0.25,917,7.6000000000000005,299,5.5
2012,3,21,9,30,-6.5,0,0,0,0.25,917,7.1000000000000005,299,5
2012,3,21,10,30,-6.300000000000001,0,0,0,0.25,918,6.4,296,4.4
2012,3,21,11,30,-6.2,0,0,0,0.25,918,5.800000000000001,292,4.1000000000000005
2012,3,21,12,30,-6.1000000000000005,0,0,0,0.25,918,6.1000000000000005,289,4.2
2012,3,21,13,30,-6.1000000000000005,33,453,85,0.25,919,8.5,288,4.800000000000001
2012,3,21,14,30,-5.9,62,773,316,0.25,919,12.100000000000001,295,5.5
2012,3,21,15,30,-6.1000000000000005,79,898,548,0.25,919,15.200000000000001,301,6.2
2012,3,21,16,30,-7.4,90,967,748,0.25,918,17.3,300,6.300000000000001
2012,3,21,17,30,-8.8,97,1000,890,0.25,918,19,299,6.2
2012,3,21,18,30,-10.100000000000001,103,1012,964,0.25,917,20.200000000000003,297,6.1000000000000005
2012,3,21,19,30,-11.200000000000001,102,1013,966,0.25,916,21,294,6
2012,3,21,20,30,-12.200000000000001,98,1007,899,0.25,915,21.5,293,6.1000000000000005
2012,3,21,21,30,-12.9,93,971,759,0.25,914,21.400000000000002,295,6
2012,3,21,22,30,-13.4,82,909,563,0.25,914,20.900000000000002,296,5.6000000000000005
2012,3,21,23,30,-13.600000000000001,65,779,327,0.25,914,20.5,297,5.4
2012,3,22,0,30,-11.4,36,470,93,0.25,915,15.200000000000001,289,2.3000000000000003
2012,3,22,1,30,-10.3,0,0,0,0.25,916,12.9,278,2
2012,3,22,2,30,-10.4,0,0,0,0.25,917,12.200000000000001,270,2.3000000000000003
2012,3,22,3,30,-10.3,0,0,0,0.25,917,11.600000000000001,267,2.7
2012,3,22,4,30,-9.9,0,0,0,0.25,917,10.9,268,2.7
2012,3,22,5,30,-9.3,0,0,0,0.25,917,10.100000000000001,268,2.4000000000000004
2012,3,22,6,30,-9,0,0,0,0.25,917,9.200000000000001,268,2.4000000000000004
2012,3,22,7,30,-9.1,0,0,0,0.25,917,8.200000000000001,268,2.7
2012,3,22,8,30,-9.5,0,0,0,0.25,916,7.5,268,2.8000000000000003
2012,3,22,9,30,-10,0,0,0,0.25,916,7.1000000000000005,265,2.9000000000000004
2012,3,22,10,30,-10.4,0,0,0,0.25,916,7,263,3.1
2012,3,22,11,30,-10.700000000000001,0,0,0,0.25,916,7,260,3.2
2012,3,22,12,30,-10.9,0,0,0,0.25,916,8,258,3.9000000000000004
2012,3,22,13,30,-11,34,465,89,0.25,917,11,255,4.6000000000000005
2012,3,22,14,30,-11.100000000000001,61,776,320,0.25,917,15.4,257,5
2012,3,22,15,30,-9.700000000000001,76,903,552,0.25,917,20.1,270,5.300000000000001
2012,3,22,16,30,-7.1000000000000005,86,966,747,0.25,917,23.700000000000003,283,5.300000000000001
2012,3,22,17,30,-6,91,1001,888,0.25,917,25.900000000000002,289,5
2012,3,22,18,30,-5.800000000000001,94,1016,962,0.25,916,27.200000000000003,292,4.6000000000000005
2012,3,22,19,30,-5.7,92,1019,964,0.25,915,28,294,4.1000000000000005
2012,3,22,20,30,-5.7,89,1006,892,0.25,915,28.3,295,3.5
2012,3,22,21,30,-5.800000000000001,84,972,753,0.25,915,28.200000000000003,293,2.9000000000000004
2012,3,22,22,30,-6,74,914,559,0.25,915,27.6,289,2.2
2012,3,22,23,30,-6,59,799,329,0.25,915,27.1,287,1.8
2012,3,23,0,30,-2.6,33,511,97,0.25,916,22.200000000000003,207,0.5
2012,3,23,1,30,-3.8000000000000003,0,0,0,0.25,916,19.8,134,0.8
2012,3,23,2,30,-4.2,0,0,0,0.25,917,18,135,1.2000000000000002
2012,3,23,3,30,-4.1000000000000005,0,0,0,0.25,918,16.3,137,1.6
2012,3,23,4,30,-3.5,0,0,0,0.25,918,14.700000000000001,139,1.8
2012,3,23,5,30,-2.7,0,0,0,0.25,918,13.3,140,1.8
2012,3,23,6,30,-2,0,0,0,0.25,919,12.200000000000001,141,1.7000000000000002
2012,3,23,7,30,-1.6,0,0,0,0.25,919,11.4,146,1.4000000000000001
2012,3,23,8,30,-1.6,0,0,0,0.25,919,10.9,165,1
2012,3,23,9,30,-1.8,0,0,0,0.25,919,10.4,209,0.8
2012,3,23,10,30,-2,0,0,0,0.25,919,9.8,250,0.8
2012,3,23,11,30,-2.2,0,0,0,0.25,920,9.3,263,0.9
2012,3,23,12,30,-2.4000000000000004,0,0,0,0.25,920,10.100000000000001,263,1
2012,3,23,13,30,-2.3000000000000003,35,482,95,0.25,921,13,263,1.5
2012,3,23,14,30,-2.4000000000000004,62,787,328,0.25,921,17,264,1.9000000000000001
2012,3,23,15,30,-2.8000000000000003,76,911,560,0.25,921,21.400000000000002,271,1.9000000000000001
2012,3,23,16,30,-3.8000000000000003,86,974,756,0.25,921,25.400000000000002,279,2.5
2012,3,23,17,30,-5.1000000000000005,91,1008,898,0.25,920,28.6,276,3.4000000000000004
2012,3,23,18,30,-6.300000000000001,96,1019,971,0.25,919,30.8,271,3.9000000000000004
2012,3,23,19,30,-7.1000000000000005,96,1019,971,0.25,918,31.900000000000002,267,4.3
2012,3,23,20,30,-7.5,94,1003,898,0.25,917,32.4,266,4.5
2012,3,23,21,30,-7.7,87,972,759,0.25,917,32.2,265,4.6000000000000005
2012,3,23,22,30,-7.800000000000001,78,909,563,0.25,917,31.3,265,4.2
2012,3,23,23,30,-7.5,64,784,332,0.25,917,30.700000000000003,265,3.8000000000000003
2012,3,24,0,30,-3.9000000000000004,36,488,98,0.25,917,24.200000000000003,266,1.6
2012,3,24,1,30,-4.6000000000000005,0,0,0,0.25,918,22.400000000000002,266,1.5
2012,3,24,2,30,-5.1000000000000005,0,0,0,0.25,919,21.8,262,1.4000000000000001
2012,3,24,3,30,-5.2,0,0,0,0.25,919,20.700000000000003,255,1.3
2012,3,24,4,30,-5.300000000000001,0,0,0,0.25,919,19.400000000000002,248,1.4000000000000001
2012,3,24,5,30,-5.300000000000001,0,0,0,0.25,919,18.400000000000002,249,1.3
2012,3,24,6,30,-5.4,0,0,0,0.25,919,17.6,262,1.2000000000000002
2012,3,24,7,30,-5.4,0,0,0,0.25,919,16.7,286,1.2000000000000002
2012,3,24,8,30,-5.6000000000000005,0,0,0,0.25,919,15.600000000000001,307,1.2000000000000002
2012,3,24,9,30,-5.5,0,0,0,0.25,919,14.3,319,1.2000000000000002
2012,3,24,10,30,-5.5,0,0,0,0.25,919,13.200000000000001,325,1.2000000000000002
2012,3,24,11,30,-5.4,0,0,0,0.25,920,12.5,327,1.2000000000000002
2012,3,24,12,30,-5.2,0,0,0,0.25,920,13,325,1.1
2012,3,24,13,30,-4.6000000000000005,36,487,98,0.25,921,15.700000000000001,321,1.6
2012,3,24,14,30,-4.7,64,784,332,0.25,921,19.700000000000003,318,1.8
2012,3,24,15,30,-4.800000000000001,80,905,564,0.25,922,23.5,315,1.1
2012,3,24,16,30,-5.300000000000001,89,962,756,0.25,921,27.3,286,0.6000000000000001
2012,3,24,17,30,-6.300000000000001,96,994,896,0.25,921,30.400000000000002,224,0.4
2012,3,24,18,30,-7.2,105,1000,967,0.25,920,32.300000000000004,162,0.4
2012,3,24,19,30,-7.7,106,999,967,0.25,919,33.300000000000004,120,0.4
2012,3,24,20,30,-8,102,984,894,0.25,918,33.7,98,0.5
2012,3,24,21,30,-8.200000000000001,98,945,754,0.25,918,33.7,91,0.9
2012,3,24,22,30,-8.4,87,880,559,0.25,917,33,89,1.4000000000000001
2012,3,24,23,30,-8.200000000000001,70,752,329,0.25,917,32.5,88,1.7000000000000002
2012,3,25,0,30,-4.1000000000000005,39,448,97,0.25,917,25.900000000000002,89,1.8
2012,3,25,1,30,-5.300000000000001,0,0,0,0.25,918,23.200000000000003,99,2.3000000000000003
2012,3,25,2,30,-5.6000000000000005,0,0,0,0.25,918,22,113,2.6
2012,3,25,3,30,-5.4,0,0,0,0.25,919,20.900000000000002,132,2.9000000000000004
2012,3,25,4,30,-4.800000000000001,0,0,0,0.25,919,19.700000000000003,151,3.2
2012,3,25,5,30,-3.8000000000000003,0,0,0,0.25,919,18.6,165,3.4000000000000004
2012,3,25,6,30,-2.2,0,0,0,0.25,919,17.6,172,3.5
2012,3,25,7,30,-0.30000000000000004,0,0,0,0.25,919,16.8,176,3.3000000000000003
2012,3,25,8,30,1.2000000000000002,0,0,0,0.25,919,15.9,181,2.9000000000000004
2012,3,25,9,30,1.9000000000000001,0,0,0,0.25,919,15.100000000000001,186,2.5
2012,3,25,10,30,2.2,0,0,0,0.25,919,14.4,192,2.1
2012,3,25,11,30,2.3000000000000003,0,0,0,0.25,919,13.8,196,1.9000000000000001
2012,3,25,12,30,2.3000000000000003,0,0,0,0.25,920,14.5,199,1.8
2012,3,25,13,30,2.2,43,407,97,0.25,921,17.6,198,2.1
2012,3,25,14,30,2.2,78,706,323,0.25,921,21.900000000000002,171,2.2
2012,3,25,15,30,2.1,98,838,550,0.25,921,26.200000000000003,140,2.7
2012,3,25,16,30,1.5,111,908,743,0.25,921,29.700000000000003,133,3.8000000000000003
2012,3,25,17,30,0.2,119,944,882,0.25,920,32.1,133,4.5
2012,3,25,18,30,-1.1,125,954,951,0.25,919,33.6,133,5.1000000000000005
2012,3,25,19,30,-2,126,953,951,0.25,918,34.300000000000004,133,5.6000000000000005
2012,3,25,20,30,-2.4000000000000004,123,934,877,0.25,917,34.5,133,5.9
2012,3,25,21,30,-2.4000000000000004,117,892,738,0.25,916,34,132,6.1000000000000005
2012,3,25,22,30,-2.2,105,816,545,0.25,916,32.9,130,6.1000000000000005
2012,3,25,23,30,-1.5,85,674,318,0.25,916,32.2,128,6.1000000000000005
2012,3,26,0,30,0,46,145,66,0.25,917,27.400000000000002,123,5
2012,3,26,1,30,1.8,0,0,0,0.25,918,25.1,125,5.2
2012,3,26,2,30,3.3000000000000003,0,0,0,0.25,918,23.700000000000003,131,5.4
2012,3,26,3,30,4.6000000000000005,0,0,0,0.25,919,22.400000000000002,137,5.4
2012,3,26,4,30,5.7,0,0,0,0.25,919,21.3,141,5.300000000000001
2012,3,26,5,30,6.300000000000001,0,0,0,0.25,919,20.200000000000003,144,5
2012,3,26,6,30,6.7,0,0,0,0.25,919,19,145,4.3
2012,3,26,7,30,6.9,0,0,0,0.25,919,17.8,148,3.4000000000000004
2012,3,26,8,30,7,0,0,0,0.25,918,16.6,151,2.4000000000000004
2012,3,26,9,30,7.1000000000000005,0,0,0,0.25,918,15.9,148,1.9000000000000001
2012,3,26,10,30,7.2,0,0,0,0.25,919,15.5,137,1.8
2012,3,26,11,30,7.300000000000001,0,0,0,0.25,919,15.100000000000001,130,1.9000000000000001
2012,3,26,12,30,7.4,0,0,0,0.25,919,15.4,137,2.2
2012,3,26,13,30,7.7,46,215,76,0.25,920,17.1,159,2.5
2012,3,26,14,30,7.800000000000001,97,526,282,0.25,920,20.3,194,2.9000000000000004
2012,3,26,15,30,7.300000000000001,127,744,532,0.25,920,24,236,3
2012,3,26,16,30,5.300000000000001,141,828,722,0.25,919,27.200000000000003,271,2.6
2012,3,26,17,30,2.7,163,851,854,0.25,919,29.6,286,2.3000000000000003
2012,3,26,18,30,1,158,884,926,0.25,918,31.200000000000003,280,1.9000000000000001
2012,3,26,19,30,0.5,159,882,925,0.25,917,32.2,257,1.5
2012,3,26,20,30,0.8,152,867,855,0.25,916,32.6,230,1.4000000000000001
2012,3,26,21,30,1.3,136,836,720,0.25,915,32.6,213,1.5
2012,3,26,22,30,1.7000000000000002,117,770,534,0.25,915,32,199,1.6
2012,3,26,23,30,2.4000000000000004,87,581,289,0.25,915,31.5,190,1.7000000000000002
2012,3,27,0,30,5.2,52,272,89,0.25,915,26.5,142,1.7000000000000002
2012,3,27,1,30,6.6000000000000005,0,0,0,0.25,916,24.1,141,2.1
2012,3,27,2,30,8.1,0,0,0,0.25,917,22.6,155,1.9000000000000001
2012,3,27,3,30,9.1,0,0,0,0.25,917,21.200000000000003,176,1.6
2012,3,27,4,30,9.4,0,0,0,0.25,918,20,199,1.5
2012,3,27,5,30,9.5,0,0,0,0.25,918,19,217,1.6
2012,3,27,6,30,9.200000000000001,0,0,0,0.25,918,18.2,236,1.8
2012,3,27,7,30,8.6,0,0,0,0.25,918,17.400000000000002,252,2.3000000000000003
2012,3,27,8,30,7.5,0,0,0,0.25,918,16.7,264,2.7
2012,3,27,9,30,6,0,0,0,0.25,918,15.9,273,2.8000000000000003
2012,3,27,10,30,4.5,0,0,0,0.25,918,15,280,2.6
2012,3,27,11,30,2.9000000000000004,0,0,0,0.25,918,14.100000000000001,288,2.3000000000000003
2012,3,27,12,30,1.1,0,0,0,0.25,919,14.700000000000001,293,2.5
2012,3,27,13,30,-0.5,46,415,105,0.25,920,17.5,295,2.9000000000000004
2012,3,27,14,30,-2.1,79,723,336,0.25,920,21.400000000000002,304,2.6
2012,3,27,15,30,-4.1000000000000005,98,851,564,0.25,920,25.5,313,2.1
2012,3,27,16,30,-5.5,110,919,758,0.25,920,28.6,300,1.9000000000000001
2012,3,27,17,30,-5.800000000000001,117,957,897,0.25,920,30.5,282,1.7000000000000002
2012,3,27,18,30,-5.5,122,970,968,0.25,919,31.700000000000003,276,1.6
2012,3,27,19,30,-5.1000000000000005,122,966,964,0.25,918,32.5,282,1.5
2012,3,27,20,30,-4.9,118,949,890,0.25,917,32.800000000000004,293,1.2000000000000002
2012,3,27,21,30,-4.800000000000001,314,58,355,0.25,917,32.7,312,0.9
2012,3,27,22,30,-4.7,158,2,160,0.25,917,32,187,0.8
2012,3,27,23,30,-4.4,132,304,238,0.25,917,31.5,48,0.8
2012,3,28,0,30,-0.4,47,356,95,0.25,917,26.3,112,1.6
2012,3,28,1,30,1.7000000000000002,0,0,0,0.25,918,24,133,3.3000000000000003
2012,3,28,2,30,7.4,0,0,0,0.25,918,22.6,146,4.5
2012,3,28,3,30,12.100000000000001,0,0,0,0.25,919,21.200000000000003,154,4.5
2012,3,28,4,30,14.200000000000001,0,0,0,0.25,919,20.200000000000003,162,4
2012,3,28,5,30,14.9,0,0,0,0.25,919,19.400000000000002,171,3.4000000000000004
2012,3,28,6,30,15.100000000000001,0,0,0,0.25,919,18.5,183,2.8000000000000003
2012,3,28,7,30,15,0,0,0,0.25,919,17.6,196,2.3000000000000003
2012,3,28,8,30,14.8,0,0,0,0.25,919,16.8,209,2
2012,3,28,9,30,14.5,0,0,0,0.25,919,16.1,219,1.9000000000000001
2012,3,28,10,30,14.3,0,0,0,0.25,919,15.5,227,1.9000000000000001
2012,3,28,11,30,14,0,0,0,0.25,919,15.100000000000001,237,1.9000000000000001
2012,3,28,12,30,13.700000000000001,0,0,0,0.25,920,15.700000000000001,248,2.3000000000000003
2012,3,28,13,30,13.5,52,136,72,0.25,920,18,259,2.7
2012,3,28,14,30,13,97,543,293,0.25,920,22,269,2.7
2012,3,28,15,30,10.700000000000001,107,810,554,0.25,920,26.1,279,2.5
2012,3,28,16,30,8.1,120,878,742,0.25,920,28.8,297,2
2012,3,28,17,30,6.2,127,918,879,0.25,919,30.400000000000002,317,1.5
2012,3,28,18,30,4.9,127,939,950,0.25,918,31.5,337,1.2000000000000002
2012,3,28,19,30,3.9000000000000004,126,941,949,0.25,918,32.1,179,1
2012,3,28,20,30,3.2,120,930,879,0.25,917,32.300000000000004,28,1
2012,3,28,21,30,2.5,112,893,741,0.25,916,32.2,59,1.3
2012,3,28,22,30,1.9000000000000001,98,829,551,0.25,916,31.5,85,1.8
2012,3,28,23,30,1.6,78,698,325,0.25,915,31,97,2.1
2012,3,29,0,30,3.3000000000000003,44,403,100,0.25,916,26.400000000000002,120,2.6
2012,3,29,1,30,4.5,0,0,0,0.25,916,24.200000000000003,132,4.1000000000000005
2012,3,29,2,30,6,0,0,0,0.25,917,23.1,141,5.2
2012,3,29,3,30,7.300000000000001,0,0,0,0.25,917,21.8,150,5.4
2012,3,29,4,30,8.5,0,0,0,0.25,918,20.6,158,5.1000000000000005
2012,3,29,5,30,9.700000000000001,0,0,0,0.25,918,19.5,166,4.5
2012,3,29,6,30,10.8,0,0,0,0.25,918,18.6,175,3.9000000000000004
2012,3,29,7,30,11.700000000000001,0,0,0,0.25,917,17.7,189,3
2012,3,29,8,30,12.200000000000001,0,0,0,0.25,917,16.900000000000002,210,2.4000000000000004
2012,3,29,9,30,12.100000000000001,0,0,0,0.25,917,16.5,233,2.2
2012,3,29,10,30,11.4,0,0,0,0.25,917,16.3,252,2.4000000000000004
2012,3,29,11,30,10.4,0,0,0,0.25,917,16.2,262,2.7
2012,3,29,12,30,9.200000000000001,0,0,0,0.25,918,16.900000000000002,265,3.3000000000000003
2012,3,29,13,30,7.9,53,180,80,0.25,918,19.1,268,4
2012,3,29,14,30,6.5,106,508,291,0.25,918,22.8,274,4.7
2012,3,29,15,30,4.1000000000000005,108,811,560,0.25,918,26.8,283,5.300000000000001
2012,3,29,16,30,1.1,141,815,722,0.25,918,29.8,290,5.300000000000001
2012,3,29,17,30,-0.9,123,934,892,0.25,917,31.6,294,4.9
2012,3,29,18,30,-2.4000000000000004,245,752,905,0.25,916,32.6,296,4.800000000000001
2012,3,29,19,30,-3.4000000000000004,345,576,851,0.25,915,33,297,4.9
2012,3,29,20,30,-4.2,333,499,742,0.25,915,33,297,5.1000000000000005
2012,3,29,21,30,-4.9,257,516,622,0.25,914,32.4,296,5.300000000000001
2012,3,29,22,30,-5.4,116,727,515,0.25,914,31.200000000000003,297,5.300000000000001
2012,3,29,23,30,-5.6000000000000005,81,700,330,0.25,914,30.5,297,5.1000000000000005
2012,3,30,0,30,-3,46,249,82,0.25,915,25.6,293,2.7
2012,3,30,1,30,-2.6,0,0,0,0.25,915,23,277,1.8
2012,3,30,2,30,-2.6,0,0,0,0.25,916,21.700000000000003,254,1.6
2012,3,30,3,30,-2.5,0,0,0,0.25,916,20.6,237,1.8
2012,3,30,4,30,-2.4000000000000004,0,0,0,0.25,916,19.900000000000002,234,2.2
2012,3,30,5,30,-2.4000000000000004,0,0,0,0.25,915,19.400000000000002,240,2.8000000000000003
2012,3,30,6,30,-2,0,0,0,0.25,915,18.8,249,3.3000000000000003
2012,3,30,7,30,-1.7000000000000002,0,0,0,0.25,915,18,258,3.6
2012,3,30,8,30,-1.7000000000000002,0,0,0,0.25,915,17,265,3.6
2012,3,30,9,30,-2.5,0,0,0,0.25,915,16,271,3.4000000000000004
2012,3,30,10,30,-3.8000000000000003,0,0,0,0.25,916,15.100000000000001,277,3.3000000000000003
2012,3,30,11,30,-5.2,0,0,0,0.25,916,14.3,279,3.2
2012,3,30,12,30,-6.2,0,0,0,0.25,917,14.9,280,3.8000000000000003
2012,3,30,13,30,-6.7,44,492,121,0.25,917,17.7,281,4.4
2012,3,30,14,30,-7.1000000000000005,74,766,357,0.25,918,22,287,4.4
2012,3,30,15,30,-7.5,91,886,587,0.25,918,26.6,296,4.7
2012,3,30,16,30,-8,103,946,781,0.25,917,29.900000000000002,299,5.1000000000000005
2012,3,30,17,30,-8.1,111,979,920,0.25,917,31.700000000000003,295,5
2012,3,30,18,30,-8.3,116,992,991,0.25,916,32.7,289,4.800000000000001
2012,3,30,19,30,-8.700000000000001,118,987,988,0.25,915,33.300000000000004,282,4.7
2012,3,30,20,30,-9.4,119,965,912,0.25,915,33.4,278,4.9
2012,3,30,21,30,-10.200000000000001,116,918,767,0.25,914,33.1,277,5
2012,3,30,22,30,-10.9,107,843,572,0.25,914,32.2,277,5
2012,3,30,23,30,-11.4,89,692,337,0.25,914,31.6,278,4.9
2012,3,31,0,30,-8.8,52,362,104,0.25,915,25.3,277,2.4000000000000004
2012,3,31,1,30,-8.4,0,0,0,0.25,915,22.400000000000002,273,2.4000000000000004
2012,3,31,2,30,-8.9,0,0,0,0.25,916,21.3,269,2.6
2012,3,31,3,30,-9.200000000000001,0,0,0,0.25,916,20.5,267,2.9000000000000004
2012,3,31,4,30,-9.3,0,0,0,0.25,916,19.8,267,3.2
2012,3,31,5,30,-9.3,0,0,0,0.25,916,19.1,270,3.5
2012,3,31,6,30,-9.200000000000001,0,0,0,0.25,917,18.3,275,3.6
2012,3,31,7,30,-9,0,0,0,0.25,917,17.5,279,3.7
2012,3,31,8,30,-8.700000000000001,0,0,0,0.25,917,16.6,281,3.6
2012,3,31,9,30,-8.4,0,0,0,0.25,917,15.8,281,3.4000000000000004
2012,3,31,10,30,-8.200000000000001,0,0,0,0.25,917,15,278,3.2
2012,3,31,11,30,-8.1,0,0,0,0.25,917,14.4,274,3.1
2012,3,31,12,30,-8,0,0,0,0.25,918,15.3,271,3.6
2012,3,31,13,30,-7.800000000000001,48,469,124,0.25,918,18.3,269,4.2
2012,3,31,14,30,-7.5,78,747,357,0.25,918,22.6,268,4.1000000000000005
2012,3,31,15,30,-7.7,96,870,587,0.25,918,27.5,271,3.9000000000000004
2012,3,31,16,30,-8.700000000000001,108,934,781,0.25,918,31.1,270,3.8000000000000003
2012,3,31,17,30,-9.200000000000001,115,968,918,0.25,917,33.300000000000004,262,3.5
2012,3,31,18,30,-9.200000000000001,120,976,984,0.25,916,34.5,254,3.4000000000000004
2012,3,31,19,30,-9.200000000000001,119,976,982,0.25,915,35.2,251,3.5
2012,3,31,20,30,-9.3,116,960,908,0.25,915,35.300000000000004,252,3.6
2012,3,31,21,30,-9.4,106,929,768,0.25,914,35,255,3.6
2012,3,31,22,30,-9.700000000000001,94,864,572,0.25,914,34.1,257,3.4000000000000004
2012,3,31,23,30,-9.700000000000001,77,734,342,0.25,914,33.5,258,3.3000000000000003
2019,4,1,0,30,-5.9,46,430,109,0.25,924,12.600000000000001,90,4.5
2019,4,1,1,30,-5.9,0,0,0,0.25,924,10.700000000000001,88,4.7
2019,4,1,2,30,-6.4,0,0,0,0.25,925,9.600000000000001,93,4.9
2019,4,1,3,30,-6.5,0,0,0,0.25,925,8.6,98,4.7
2019,4,1,4,30,-6.5,0,0,0,0.25,925,7.7,103,4.6000000000000005
2019,4,1,5,30,-6.5,0,0,0,0.25,925,7.1000000000000005,105,4.3
2019,4,1,6,30,-6.4,0,0,0,0.25,925,6.5,103,3.7
2019,4,1,7,30,-6.2,0,0,0,0.25,926,5.9,98,3.1
2019,4,1,8,30,-5.9,0,0,0,0.25,926,5.300000000000001,90,2.6
2019,4,1,9,30,-5.5,0,0,0,0.25,926,4.6000000000000005,82,2.2
2019,4,1,10,30,-5.300000000000001,0,0,0,0.25,926,3.8000000000000003,80,1.9000000000000001
2019,4,1,11,30,-5.1000000000000005,0,0,0,0.25,926,2.9000000000000004,81,1.6
2019,4,1,12,30,-5,0,0,0,0.25,927,3.3000000000000003,86,2.1
2019,4,1,13,30,-4.800000000000001,48,503,129,0.25,927,5.800000000000001,103,2.7
2019,4,1,14,30,-4.800000000000001,73,781,366,0.25,928,9,122,2.5
2019,4,1,15,30,-4.5,88,902,599,0.25,927,11.8,124,2
2019,4,1,16,30,-4.4,98,963,793,0.25,927,14.200000000000001,116,1.4000000000000001
2019,4,1,17,30,-4.3,104,997,932,0.25,926,16.3,104,1
2019,4,1,18,30,-4.4,105,1013,1003,0.25,924,18.1,50,0.6000000000000001
2019,4,1,19,30,-4.9,106,1012,1001,0.25,923,19.5,165,0.6000000000000001
2019,4,1,20,30,-5.5,109,983,920,0.25,923,20.400000000000002,320,0.9
2019,4,1,21,30,-6.2,200,673,680,0.25,922,20.8,314,1
2019,4,1,22,30,-6.9,87,862,565,0.25,921,20.700000000000003,327,0.9
2019,4,1,23,30,-7.300000000000001,74,756,347,0.25,921,20.400000000000002,338,0.8
2019,4,2,0,30,-2.5,49,333,98,0.25,921,16.7,72,0.9
2019,4,2,1,30,-2.3000000000000003,0,0,0,0.25,922,14.9,93,1.5
2019,4,2,2,30,-3.2,0,0,0,0.25,922,14.200000000000001,107,2.2
2019,4,2,3,30,-3.8000000000000003,0,0,0,0.25,923,13.4,121,2.6
2019,4,2,4,30,-3.5,0,0,0,0.25,923,12.200000000000001,134,2.5
2019,4,2,5,30,-2.9000000000000004,0,0,0,0.25,922,10.8,147,2.2
2019,4,2,6,30,-2.2,0,0,0,0.25,922,9.8,162,1.9000000000000001
2019,4,2,7,30,-1.8,0,0,0,0.25,922,9.1,177,1.7000000000000002
2019,4,2,8,30,-1.7000000000000002,0,0,0,0.25,921,8.8,187,1.6
2019,4,2,9,30,-1.7000000000000002,0,0,0,0.25,921,8.5,194,1.4000000000000001
2019,4,2,10,30,-1.8,0,0,0,0.25,921,8.3,198,1.3
2019,4,2,11,30,-1.8,0,0,0,0.25,921,8.1,200,1.3
2019,4,2,12,30,-1.6,0,0,0,0.25,921,9.200000000000001,201,1.5
2019,4,2,13,30,-0.9,52,469,130,0.25,922,12.3,206,1.8
2019,4,2,14,30,-0.9,75,760,363,0.25,922,16.7,209,2
2019,4,2,15,30,-1.1,85,890,592,0.25,922,21.3,205,2.1
2019,4,2,16,30,-2,275,484,626,0.25,921,24.900000000000002,214,2.1
2019,4,2,17,30,-2.6,310,546,766,0.25,920,27.400000000000002,229,2.1
2019,4,2,18,30,-2.8000000000000003,329,603,866,0.25,919,28.900000000000002,235,2.3000000000000003
2019,4,2,19,30,-2.9000000000000004,138,933,966,0.25,917,29.900000000000002,238,2.8000000000000003
2019,4,2,20,30,-3,240,708,826,0.25,916,30.3,242,3.2
2019,4,2,21,30,-3.2,258,522,631,0.25,916,30.200000000000003,244,3.5
2019,4,2,22,30,-3.6,112,746,527,0.25,915,29.400000000000002,244,3.4000000000000004
2019,4,2,23,30,-3.4000000000000004,86,628,315,0.25,915,28.900000000000002,244,3.3000000000000003
2019,4,3,0,30,2.6,48,329,97,0.25,916,23.200000000000003,248,1.4000000000000001
2019,4,3,1,30,1,0,0,0,0.25,916,21.1,245,1.5
2019,4,3,2,30,0.30000000000000004,0,0,0,0.25,917,19.900000000000002,229,1.6
2019,4,3,3,30,0.1,0,0,0,0.25,918,18.2,206,1.8
2019,4,3,4,30,0.6000000000000001,0,0,0,0.25,918,16.5,196,1.9000000000000001
2019,4,3,5,30,1,0,0,0,0.25,918,15.3,208,1.9000000000000001
2019,4,3,6,30,1.1,0,0,0,0.25,918,14.8,233,2
2019,4,3,7,30,0.9,0,0,0,0.25,917,14.600000000000001,254,2.4000000000000004
2019,4,3,8,30,0.7000000000000001,0,0,0,0.25,917,14.3,265,2.6
2019,4,3,9,30,0.5,0,0,0,0.25,917,13.700000000000001,269,2.7
2019,4,3,10,30,0.4,0,0,0,0.25,917,13.100000000000001,269,2.6
2019,4,3,11,30,0.30000000000000004,0,0,0,0.25,918,12.600000000000001,268,2.7
2019,4,3,12,30,0,0,0,0,0.25,919,13.8,266,3.2
2019,4,3,13,30,-0.1,47,513,134,0.25,919,17.3,264,4.2
2019,4,3,14,30,-0.6000000000000001,71,774,368,0.25,920,21.5,268,5.1000000000000005
2019,4,3,15,30,-1.7000000000000002,87,888,597,0.25,919,24.8,269,5.7
2019,4,3,16,30,-3.2,97,949,789,0.25,919,26.8,263,5.800000000000001
2019,4,3,17,30,-4.2,103,981,925,0.25,918,28.200000000000003,258,5.9
2019,4,3,18,30,-4.9,106,999,998,0.25,918,29.200000000000003,255,6
2019,4,3,19,30,-5.6000000000000005,137,945,978,0.25,916,29.8,253,6.2
2019,4,3,20,30,-6.2,105,980,919,0.25,915,30.1,251,6.4
2019,4,3,21,30,-6.6000000000000005,105,929,772,0.25,915,29.900000000000002,251,6.6000000000000005
2019,4,3,22,30,-7,91,876,581,0.25,915,29.3,255,6.5
2019,4,3,23,30,-6.9,80,683,330,0.25,915,28.8,257,6.4
2019,4,4,0,30,-4.1000000000000005,54,172,80,0.25,915,23.1,263,3.4000000000000004
2019,4,4,1,30,-2.5,0,0,0,0.25,916,20.1,262,2.7
2019,4,4,2,30,-2.5,0,0,0,0.25,917,18.900000000000002,260,2.9000000000000004
2019,4,4,3,30,-2.6,0,0,0,0.25,918,18.2,263,3.3000000000000003
2019,4,4,4,30,-2.8000000000000003,0,0,0,0.25,919,17.6,269,3.8000000000000003
2019,4,4,5,30,-2.6,0,0,0,0.25,919,17,275,4
2019,4,4,6,30,-2.3000000000000003,0,0,0,0.25,920,16.2,280,3.9000000000000004
2019,4,4,7,30,-1.9000000000000001,0,0,0,0.25,920,15.100000000000001,283,3.6
2019,4,4,8,30,-1.6,0,0,0,0.25,921,14.100000000000001,287,3.3000000000000003
2019,4,4,9,30,-1.3,0,0,0,0.25,921,13.100000000000001,292,3
2019,4,4,10,30,-1.1,0,0,0,0.25,921,12.200000000000001,298,2.8000000000000003
2019,4,4,11,30,-1.1,0,0,0,0.25,922,11.5,302,2.7
2019,4,4,12,30,-1.1,0,0,0,0.25,923,12.4,303,3.3000000000000003
2019,4,4,13,30,-1.2000000000000002,48,523,139,0.25,924,15.4,305,3.9000000000000004
2019,4,4,14,30,-1.2000000000000002,74,770,372,0.25,924,19.400000000000002,317,4
2019,4,4,15,30,-1.9000000000000001,97,857,592,0.25,924,23,328,4.2
2019,4,4,16,30,-2.5,282,475,630,0.25,924,25.3,323,4.3
2019,4,4,17,30,-2.9000000000000004,150,884,894,0.25,923,26.8,315,4.2
2019,4,4,18,30,-3.2,119,963,982,0.25,922,28,309,4
2019,4,4,19,30,-3.6,118,965,980,0.25,921,28.900000000000002,305,3.7
2019,4,4,20,30,-3.9000000000000004,124,931,900,0.25,920,29.3,301,3.3000000000000003
2019,4,4,21,30,-4.2,294,422,598,0.25,920,29.3,295,2.9000000000000004
2019,4,4,22,30,-4.4,134,679,515,0.25,919,28.5,287,2.3000000000000003
2019,4,4,23,30,-3.2,132,134,181,0.25,919,27.900000000000002,282,1.8
2019,4,5,0,30,1.2000000000000002,54,227,89,0.25,919,24.400000000000002,250,0.8
2019,4,5,1,30,-0.1,0,0,0,0.25,920,22.400000000000002,231,1
2019,4,5,2,30,-0.6000000000000001,0,0,0,0.25,920,20.8,224,1.2000000000000002
2019,4,5,3,30,-1,0,0,0,0.25,920,19.3,222,1.3
2019,4,5,4,30,-1.7000000000000002,0,0,0,0.25,920,18.2,222,1.4000000000000001
2019,4,5,5,30,-2.1,0,0,0,0.25,920,17.400000000000002,221,1.3
2019,4,5,6,30,-2.7,0,0,0,0.25,920,16.8,220,1.3
2019,4,5,7,30,-3.2,0,0,0,0.25,920,16.400000000000002,220,1.2000000000000002
2019,4,5,8,30,-3.7,0,0,0,0.25,919,16.2,226,1
2019,4,5,9,30,-4.1000000000000005,0,0,0,0.25,919,16.1,235,0.7000000000000001
2019,4,5,10,30,-4.2,0,0,0,0.25,919,15.8,164,0.5
2019,4,5,11,30,-4,0,0,0,0.25,919,15.200000000000001,89,0.7000000000000001
2019,4,5,12,30,-3.2,1,0,1,0.25,919,15.100000000000001,92,1.1
2019,4,5,13,30,-1.9000000000000001,65,138,90,0.25,919,16.7,95,2
2019,4,5,14,30,-2.5,136,346,272,0.25,919,19.5,105,3
2019,4,5,15,30,-2.2,226,168,324,0.25,919,23.1,127,3.8000000000000003
2019,4,5,16,30,-2.2,323,64,370,0.25,918,26.700000000000003,145,4.4
2019,4,5,17,30,-2.3000000000000003,373,175,521,0.25,917,29.400000000000002,151,4.6000000000000005
2019,4,5,18,30,-2,339,43,378,0.25,916,31,153,4.6000000000000005
2019,4,5,19,30,-1.3,333,66,392,0.25,914,31.900000000000002,157,4.6000000000000005
2019,4,5,20,30,-0.6000000000000001,310,56,357,0.25,913,32.2,170,4.4
2019,4,5,21,30,-0.2,225,630,680,0.25,912,31.8,195,4
2019,4,5,22,30,-0.4,153,694,544,0.25,912,30.700000000000003,233,3.6
2019,4,5,23,30,0.7000000000000001,139,242,229,0.25,912,29.8,255,3.4000000000000004
2019,4,6,0,30,2.2,54,258,94,0.25,913,25,287,2.3000000000000003
2019,4,6,1,30,1.9000000000000001,0,0,0,0.25,914,22.8,294,2.7
2019,4,6,2,30,1.6,0,0,0,0.25,915,21.700000000000003,296,3.5
2019,4,6,3,30,1.8,0,0,0,0.25,915,20.900000000000002,296,4.3
2019,4,6,4,30,1.7000000000000002,0,0,0,0.25,916,20.200000000000003,299,5
2019,4,6,5,30,1,0,0,0,0.25,917,19.700000000000003,303,5.5
2019,4,6,6,30,0.8,0,0,0,0.25,917,19,308,4.9
2019,4,6,7,30,1.5,0,0,0,0.25,917,18.1,319,3.2
2019,4,6,8,30,2,0,0,0,0.25,917,16.900000000000002,326,1.8
2019,4,6,9,30,2,0,0,0,0.25,916,15.700000000000001,310,1.3
2019,4,6,10,30,1.5,0,0,0,0.25,916,14.700000000000001,285,1.3
2019,4,6,11,30,0.9,0,0,0,0.25,917,13.9,270,1.4000000000000001
2019,4,6,12,30,0.4,3,14,2,0.25,917,15,267,2
2019,4,6,13,30,0.5,52,510,146,0.25,918,18.2,271,2.9000000000000004
2019,4,6,14,30,-1.1,84,746,379,0.25,918,21.700000000000003,280,3.8000000000000003
2019,4,6,15,30,-2.5,205,494,494,0.25,918,24.200000000000003,284,4.1000000000000005
2019,4,6,16,30,-2.9000000000000004,248,576,674,0.25,918,25.6,275,4.2
2019,4,6,17,30,-2.5,133,928,920,0.25,917,26.700000000000003,265,4.6000000000000005
2019,4,6,18,30,-1.9000000000000001,290,683,906,0.25,916,27.6,262,5
2019,4,6,19,30,-1.3,385,473,810,0.25,916,28.1,261,5.300000000000001
2019,4,6,20,30,-0.7000000000000001,295,601,799,0.25,915,28.200000000000003,261,5.4
2019,4,6,21,30,-0.4,253,509,622,0.25,914,27.900000000000002,261,5.2
2019,4,6,22,30,-0.4,136,695,529,0.25,914,27.200000000000003,262,4.800000000000001
2019,4,6,23,30,-0.30000000000000004,118,458,289,0.25,915,26.700000000000003,263,4.5
2019,4,7,0,30,1.6,49,384,110,0.25,916,22.900000000000002,266,2.3000000000000003
2019,4,7,1,30,2.5,0,0,0,0.25,916,21,269,2
2019,4,7,2,30,2.4000000000000004,0,0,0,0.25,917,20.3,271,2.3000000000000003
2019,4,7,3,30,2.4000000000000004,0,0,0,0.25,918,19.8,274,2.7
2019,4,7,4,30,2.5,0,0,0,0.25,918,19.3,277,3.1
2019,4,7,5,30,2.6,0,0,0,0.25,919,18.7,280,3.5
2019,4,7,6,30,2.8000000000000003,0,0,0,0.25,919,17.900000000000002,282,3.5
2019,4,7,7,30,3,0,0,0,0.25,919,17,280,3.2
2019,4,7,8,30,3.1,0,0,0,0.25,919,16.2,277,2.8000000000000003
2019,4,7,9,30,3.1,0,0,0,0.25,919,15.600000000000001,274,2.6
2019,4,7,10,30,3,0,0,0,0.25,919,15.3,275,2.8000000000000003
2019,4,7,11,30,2.9000000000000004,0,0,0,0.25,919,15,279,3.2
2019,4,7,12,30,2.9000000000000004,1,0,1,0.25,920,15.5,284,3.8000000000000003
2019,4,7,13,30,2.8000000000000003,60,375,130,0.25,921,17.5,295,4.1000000000000005
2019,4,7,14,30,2.7,90,686,364,0.25,921,20.8,327,4.1000000000000005
2019,4,7,15,30,1.7000000000000002,90,868,602,0.25,921,24.200000000000003,177,4.1000000000000005
2019,4,7,16,30,0.9,95,936,791,0.25,920,26.700000000000003,178,3.6
2019,4,7,17,30,0.4,100,971,926,0.25,919,28.5,340,3.7
2019,4,7,18,30,-0.1,102,987,995,0.25,919,29.700000000000003,327,4.2
2019,4,7,19,30,-0.6000000000000001,102,986,990,0.25,919,30.400000000000002,330,4.3
2019,4,7,20,30,-1.1,100,969,914,0.25,918,30.6,339,4
2019,4,7,21,30,-1.5,108,894,758,0.25,918,30.400000000000002,346,3.8000000000000003
2019,4,7,22,30,-2.1,86,864,577,0.25,918,29.700000000000003,352,3.6
2019,4,7,23,30,-2.5,65,779,357,0.25,918,29.3,355,3.5
2019,4,8,0,30,1.3,43,526,128,0.25,918,24.700000000000003,2,1.6
2019,4,8,1,30,1.2000000000000002,0,0,0,0.25,919,22.400000000000002,6,1.3
2019,4,8,2,30,0.7000000000000001,0,0,0,0.25,919,21.3,14,1.4000000000000001
2019,4,8,3,30,0.9,0,0,0,0.25,920,20.1,35,1.7000000000000002
2019,4,8,4,30,1.1,0,0,0,0.25,921,18.8,60,2.4000000000000004
2019,4,8,5,30,2.4000000000000004,0,0,0,0.25,922,17.400000000000002,78,3.1
2019,4,8,6,30,4.3,0,0,0,0.25,922,16.2,91,3.1
2019,4,8,7,30,5.800000000000001,0,0,0,0.25,923,15,107,2.7
2019,4,8,8,30,6.6000000000000005,0,0,0,0.25,923,14,125,2.2
2019,4,8,9,30,7.1000000000000005,0,0,0,0.25,923,13.200000000000001,142,1.9000000000000001
2019,4,8,10,30,7.5,0,0,0,0.25,923,12.600000000000001,157,1.8
2019,4,8,11,30,7.6000000000000005,0,0,0,0.25,923,12.200000000000001,172,1.7000000000000002
2019,4,8,12,30,7.5,4,21,3,0.25,923,13.700000000000001,185,2.2
2019,4,8,13,30,7.2,48,564,156,0.25,924,17.400000000000002,195,2.8000000000000003
2019,4,8,14,30,6.6000000000000005,70,792,390,0.25,924,22,196,2.4000000000000004
2019,4,8,15,30,4,83,895,614,0.25,923,26.3,203,1.7000000000000002
2019,4,8,16,30,1.2000000000000002,93,949,802,0.25,923,29.3,233,1.3
2019,4,8,17,30,-0.30000000000000004,100,977,934,0.25,922,31.200000000000003,261,1.4000000000000001
2019,4,8,18,30,-0.9,103,986,998,0.25,921,32.4,271,1.5
2019,4,8,19,30,-1.4000000000000001,105,982,992,0.25,921,33.1,271,1.7000000000000002
2019,4,8,20,30,-1.8,104,962,915,0.25,920,33.4,271,2.1
2019,4,8,21,30,-2.1,101,926,776,0.25,919,33.4,274,2.5
2019,4,8,22,30,-2.4000000000000004,90,865,583,0.25,919,32.9,280,2.9000000000000004
2019,4,8,23,30,-2.7,73,751,356,0.25,918,32.5,283,3
2019,4,9,0,30,1.2000000000000002,45,500,127,0.25,919,27.700000000000003,284,1.4000000000000001
2019,4,9,1,30,1,0,0,0,0.25,919,24.8,280,1.5
2019,4,9,2,30,0.2,0,0,0,0.25,920,23.400000000000002,276,1.8
2019,4,9,3,30,-0.6000000000000001,0,0,0,0.25,920,22.200000000000003,274,2.2
2019,4,9,4,30,-1.2000000000000002,0,0,0,0.25,920,21.1,272,2.5
2019,4,9,5,30,-1.5,0,0,0,0.25,920,19.900000000000002,271,2.5
2019,4,9,6,30,-1.9000000000000001,0,0,0,0.25,920,18.900000000000002,270,2.5
2019,4,9,7,30,-2.3000000000000003,0,0,0,0.25,919,18.2,268,2.4000000000000004
2019,4,9,8,30,-2.5,0,0,0,0.25,919,17.5,267,2.3000000000000003
2019,4,9,9,30,-2.8000000000000003,0,0,0,0.25,918,17,266,2.3000000000000003
2019,4,9,10,30,-2.9000000000000004,0,0,0,0.25,918,16.6,265,2.4000000000000004
2019,4,9,11,30,-3.1,0,0,0,0.25,918,16.3,263,2.4000000000000004
2019,4,9,12,30,-3.2,4,25,3,0.25,919,17.900000000000002,261,3.1
2019,4,9,13,30,-3.1,48,580,162,0.25,919,21.700000000000003,258,4
2019,4,9,14,30,-3.7,71,802,398,0.25,919,26.200000000000003,255,4.2
2019,4,9,15,30,-4.3,84,903,623,0.25,919,30.6,254,4.3
2019,4,9,16,30,-5.300000000000001,94,952,808,0.25,918,33.5,256,4.6000000000000005
2019,4,9,17,30,-5.4,100,980,940,0.25,917,35.2,258,4.9
2019,4,9,18,30,-5.6000000000000005,104,992,1007,0.25,916,36.2,258,5.4
2019,4,9,19,30,-5.800000000000001,184,852,956,0.25,915,36.800000000000004,258,5.7
2019,4,9,20,30,-6.1000000000000005,102,974,925,0.25,914,36.800000000000004,259,6
2019,4,9,21,30,-6.4,169,763,727,0.25,913,36.5,260,6
2019,4,9,22,30,-6.6000000000000005,95,845,579,0.25,913,35.6,261,5.7
2019,4,9,23,30,-6.4,70,727,346,0.25,913,35,261,5.4
2019,4,10,0,30,-3,54,282,101,0.24,913,28.700000000000003,264,2.6
2019,4,10,1,30,-2.1,0,0,0,0.24,913,25.400000000000002,262,2.2
2019,4,10,2,30,-2.4000000000000004,0,0,0,0.24,913,24.1,256,2.2
2019,4,10,3,30,-2.7,0,0,0,0.24,913,23,250,2.3000000000000003
2019,4,10,4,30,-3.2,0,0,0,0.24,913,22.200000000000003,247,2.6
2019,4,10,5,30,-3.6,0,0,0,0.24,913,21.700000000000003,245,3
2019,4,10,6,30,-3.8000000000000003,0,0,0,0.24,912,21.5,244,3.6
2019,4,10,7,30,-3.8000000000000003,0,0,0,0.24,912,21.400000000000002,245,4.2
2019,4,10,8,30,-3.3000000000000003,0,0,0,0.24,912,21,244,4.5
2019,4,10,9,30,-2.8000000000000003,0,0,0,0.24,911,20.400000000000002,242,4.4
2019,4,10,10,30,-2.7,0,0,0,0.24,911,19.900000000000002,240,4.2
2019,4,10,11,30,-3,0,0,0,0.24,911,19.400000000000002,236,4.2
2019,4,10,12,30,-3.4000000000000004,6,42,5,0.24,910,20.400000000000002,231,4.6000000000000005
2019,4,10,13,30,-3.8000000000000003,55,528,161,0.24,910,23.5,229,5.6000000000000005
2019,4,10,14,30,-4.5,74,808,407,0.24,910,27.700000000000003,235,7.1000000000000005
2019,4,10,15,30,-5.300000000000001,109,836,611,0.24,909,31.3,244,8.8
2019,4,10,16,30,-5.9,98,965,825,0.24,909,33.4,249,10
2019,4,10,17,30,-6.1000000000000005,105,987,954,0.24,908,34.6,251,10.700000000000001
2019,4,10,18,30,-6.2,112,993,1019,0.24,907,35.300000000000004,253,11.100000000000001
2019,4,10,19,30,-6.4,159,915,990,0.24,906,35.5,256,11.5
2019,4,10,20,30,-6.800000000000001,352,499,775,0.24,905,35.1,260,11.700000000000001
2019,4,10,21,30,-7.7,200,694,709,0.24,905,34.1,264,11.700000000000001
2019,4,10,22,30,-9,112,832,590,0.24,905,32.6,269,11.5
2019,4,10,23,30,-10.4,93,698,359,0.24,905,31.700000000000003,272,11.200000000000001
2019,4,11,0,30,-11.3,59,413,128,0.24,906,27.3,284,9.4
2019,4,11,1,30,-11.5,0,0,0,0.24,907,24.6,292,8.9
2019,4,11,2,30,-12,0,0,0,0.24,909,22.400000000000002,294,9.1
2019,4,11,3,30,-12.600000000000001,0,0,0,0.24,910,20.5,294,9.1
2019,4,11,4,30,-12.8,0,0,0,0.24,911,18.7,292,8.5
2019,4,11,5,30,-12.4,0,0,0,0.24,911,17.2,289,7.9
2019,4,11,6,30,-11.700000000000001,0,0,0,0.24,912,16.1,288,7.5
2019,4,11,7,30,-11.100000000000001,0,0,0,0.24,912,15.100000000000001,287,7.1000000000000005
2019,4,11,8,30,-10.3,0,0,0,0.24,911,14.3,288,6.7
2019,4,11,9,30,-9.600000000000001,0,0,0,0.24,911,13.5,286,6.5
2019,4,11,10,30,-9,0,0,0,0.24,912,12.9,284,6.2
2019,4,11,11,30,-8.4,0,0,0,0.24,912,12.200000000000001,280,5.6000000000000005
2019,4,11,12,30,-7.7,7,57,6,0.24,913,12.700000000000001,275,5.5
2019,4,11,13,30,-7.2,48,641,179,0.24,913,14.700000000000001,277,6.9
2019,4,11,14,30,-6.7,68,852,422,0.24,914,17,285,8
2019,4,11,15,30,-7.1000000000000005,79,941,648,0.24,913,18.8,289,8.1
2019,4,11,16,30,-7.7,89,986,835,0.24,913,20.400000000000002,288,8
2019,4,11,17,30,-8.1,99,1004,965,0.24,912,21.700000000000003,285,8
2019,4,11,18,30,-8.3,118,983,1018,0.24,912,22.700000000000003,282,8.200000000000001
2019,4,11,19,30,-8.6,106,1003,1020,0.24,911,23.3,279,8.5
2019,4,11,20,30,-8.8,106,982,940,0.24,911,23.5,277,8.700000000000001
2019,4,11,21,30,-9.1,103,942,796,0.24,911,23.3,276,8.8
2019,4,11,22,30,-9.3,93,880,600,0.24,911,22.700000000000003,275,8.5
2019,4,11,23,30,-9.5,73,782,373,0.24,911,22.200000000000003,274,8.200000000000001
2019,4,12,0,30,-9.600000000000001,49,513,136,0.24,911,19.3,271,5.5
2019,4,12,1,30,-9.1,0,0,0,0.24,912,17,268,4
2019,4,12,2,30,-9.1,0,0,0,0.24,913,15.700000000000001,266,3.6
2019,4,12,3,30,-9.200000000000001,0,0,0,0.24,914,14.700000000000001,265,3.3000000000000003
2019,4,12,4,30,-9.1,0,0,0,0.24,914,13.700000000000001,263,2.9000000000000004
2019,4,12,5,30,-8.8,0,0,0,0.24,914,12.700000000000001,262,2.5
2019,4,12,6,30,-8.5,0,0,0,0.24,913,11.9,263,2.3000000000000003
2019,4,12,7,30,-8.200000000000001,0,0,0,0.24,913,11.3,265,2.1
2019,4,12,8,30,-8,0,0,0,0.24,912,10.700000000000001,270,2
2019,4,12,9,30,-7.800000000000001,0,0,0,0.24,912,10.3,276,2
2019,4,12,10,30,-7.4,0,0,0,0.24,912,9.9,281,1.7000000000000002
2019,4,12,11,30,-7.2,0,0,0,0.24,913,9.600000000000001,281,1.5
2019,4,12,12,30,-6.9,4,0,4,0.24,913,11,274,1.5
2019,4,12,13,30,-6.7,71,177,108,0.24,914,13.9,264,1.9000000000000001
2019,4,12,14,30,-7.9,172,223,266,0.24,914,17.400000000000002,252,1.7000000000000002
2019,4,12,15,30,-8.5,276,221,410,0.24,914,20.5,234,1.5
2019,4,12,16,30,-9.4,313,382,603,0.24,913,22.200000000000003,216,1.6
2019,4,12,17,30,-9.9,407,328,691,0.24,912,23.1,212,1.6
2019,4,12,18,30,-10.4,451,286,714,0.24,911,24,219,1.6
2019,4,12,19,30,-10.9,416,199,598,0.24,910,24.5,237,1.8
2019,4,12,20,30,-11.3,379,65,434,0.24,910,24.6,256,2.3000000000000003
2019,4,12,21,30,-11.700000000000001,200,16,212,0.24,909,24.5,275,2.7
2019,4,12,22,30,-12,174,509,468,0.24,909,24.1,299,2.7
2019,4,12,23,30,-11.8,152,190,225,0.24,909,23.8,313,2.6
2019,4,13,0,30,-8.5,63,126,85,0.24,909,19.5,178,2.4000000000000004
2019,4,13,1,30,-7.5,0,0,0,0.24,910,17.5,13,3.3000000000000003
2019,4,13,2,30,-6.7,0,0,0,0.24,910,17,18,4.1000000000000005
2019,4,13,3,30,-5.300000000000001,0,0,0,0.24,911,16.2,21,4.2
2019,4,13,4,30,-3.3000000000000003,0,0,0,0.24,911,15.3,24,4.3
2019,4,13,5,30,-0.5,0,0,0,0.24,911,14.200000000000001,26,4.4
2019,4,13,6,30,2.6,0,0,0,0.24,912,13.200000000000001,33,4.2
2019,4,13,7,30,4.9,0,0,0,0.24,911,12.3,42,3.7
2019,4,13,8,30,6.5,0,0,0,0.24,911,11.700000000000001,37,3.1
2019,4,13,9,30,7.300000000000001,0,0,0,0.24,911,11.100000000000001,23,2.9000000000000004
2019,4,13,10,30,7.4,0,0,0,0.24,912,10.4,9,3
2019,4,13,11,30,6.9,0,0,0,0.24,912,9.600000000000001,2,3.6
2019,4,13,12,30,6,2,0,2,0.24,914,9.1,5,4.800000000000001
2019,4,13,13,30,4.800000000000001,64,58,76,0.24,915,9.1,10,5.5
2019,4,13,14,30,3.9000000000000004,30,0,30,0.24,916,9.9,11,5.4
2019,4,13,15,30,3.6,105,1,106,0.24,917,11.4,5,4.9
2019,4,13,16,30,3.7,186,8,192,0.24,917,13.100000000000001,178,4.7
2019,4,13,17,30,3.7,147,5,151,0.24,917,14.5,355,4.7
2019,4,13,18,30,3.6,435,235,651,0.24,917,15.5,354,4.6000000000000005
2019,4,13,19,30,3.2,337,561,851,0.24,917,16,349,4.3
2019,4,13,20,30,2.8000000000000003,196,811,888,0.24,917,16.2,345,4
2019,4,13,21,30,2.4000000000000004,182,741,730,0.24,918,16,349,4
2019,4,13,22,30,2.1,228,176,330,0.24,918,15.5,179,4
2019,4,13,23,30,2,114,560,331,0.24,918,15.200000000000001,6,3.9000000000000004
2019,4,14,0,30,2.1,63,205,99,0.24,919,13.100000000000001,33,2.9000000000000004
2019,4,14,1,30,3,0,0,0,0.24,920,11.5,52,2.3000000000000003
2019,4,14,2,30,3.4000000000000004,0,0,0,0.24,921,10.3,65,2
2019,4,14,3,30,3.6,0,0,0,0.24,921,9.200000000000001,83,1.5
2019,4,14,4,30,3.7,0,0,0,0.24,921,8.200000000000001,107,1.1
2019,4,14,5,30,3.7,0,0,0,0.24,922,7.4,132,1
2019,4,14,6,30,3.7,0,0,0,0.24,922,6.7,149,1
2019,4,14,7,30,3.6,0,0,0,0.24,922,6.2,157,1
2019,4,14,8,30,3.4000000000000004,0,0,0,0.24,922,5.800000000000001,159,1.1
2019,4,14,9,30,3.2,0,0,0,0.24,922,5.4,163,1.1
2019,4,14,10,30,3.1,0,0,0,0.24,922,5.2,170,1.2000000000000002
2019,4,14,11,30,2.8000000000000003,0,0,0,0.24,922,5.2,179,1.3
2019,4,14,12,30,2.6,9,62,9,0.24,922,7,191,2.1
2019,4,14,13,30,2.4000000000000004,57,568,180,0.24,922,10.8,207,3
2019,4,14,14,30,1.8,81,790,418,0.24,922,15,228,3.4000000000000004
2019,4,14,15,30,0.8,94,895,644,0.24,921,18.900000000000002,249,3.7
2019,4,14,16,30,-0.5,103,952,832,0.24,921,22,261,4.1000000000000005
2019,4,14,17,30,-2,107,988,968,0.24,920,24.400000000000002,264,4.4
2019,4,14,18,30,-3.6,108,1002,1033,0.24,919,26.3,263,4.7
2019,4,14,19,30,-4.9,108,1001,1027,0.24,918,27.700000000000003,262,5
2019,4,14,20,30,-5.800000000000001,106,984,948,0.24,917,28.5,262,5.2
2019,4,14,21,30,-6.4,104,950,808,0.24,916,28.700000000000003,263,5.2
2019,4,14,22,30,-6.9,95,884,610,0.24,916,28.200000000000003,264,4.800000000000001
2019,4,14,23,30,-6.800000000000001,79,767,378,0.24,916,27.8,265,4.5
2019,4,15,0,30,-0.30000000000000004,51,515,142,0.24,916,22.1,265,1.8
2019,4,15,1,30,-0.7000000000000001,0,0,0,0.24,917,19.400000000000002,260,1.5
2019,4,15,2,30,-1.8,0,0,0,0.24,917,18.3,247,1.5
2019,4,15,3,30,-2.3000000000000003,0,0,0,0.24,917,17,234,1.6
2019,4,15,4,30,-2.5,0,0,0,0.24,917,15.9,223,1.7000000000000002
2019,4,15,5,30,-2.7,0,0,0,0.24,917,15.3,218,1.8
2019,4,15,6,30,-3.3000000000000003,0,0,0,0.24,917,14.9,219,2
2019,4,15,7,30,-3.9000000000000004,0,0,0,0.24,917,14.5,222,2.2
2019,4,15,8,30,-4.4,0,0,0,0.24,916,14.100000000000001,227,2.3000000000000003
2019,4,15,9,30,-4.6000000000000005,0,0,0,0.24,916,13.700000000000001,234,2.4000000000000004
2019,4,15,10,30,-4.800000000000001,0,0,0,0.24,916,13.5,238,2.3000000000000003
2019,4,15,11,30,-4.800000000000001,0,0,0,0.24,917,13.4,239,2.2
2019,4,15,12,30,-4.6000000000000005,10,56,10,0.24,917,14.700000000000001,236,2.2
2019,4,15,13,30,-3.6,75,259,132,0.24,918,18,232,2.7
2019,4,15,14,30,-5.7,95,743,415,0.24,918,22,221,2.8000000000000003
2019,4,15,15,30,-5.7,108,862,641,0.24,918,26.400000000000002,200,2.4000000000000004
2019,4,15,16,30,-6.5,214,697,750,0.24,918,29.900000000000002,184,2.5
2019,4,15,17,30,-6.6000000000000005,184,846,923,0.24,917,31.900000000000002,177,2.8000000000000003
2019,4,15,18,30,-6.5,214,828,980,0.24,916,33.2,176,3.1
2019,4,15,19,30,-6.300000000000001,104,1000,1024,0.24,916,34,178,3.3000000000000003
2019,4,15,20,30,-6,102,983,945,0.24,915,34.4,183,3.6
2019,4,15,21,30,-5.7,100,938,797,0.24,914,34.300000000000004,187,3.9000000000000004
2019,4,15,22,30,-5.4,94,869,602,0.24,914,33.7,186,4.1000000000000005
2019,4,15,23,30,-4.9,78,741,368,0.24,913,33.2,185,4.1000000000000005
2019,4,16,0,30,-0.4,55,345,117,0.25,914,27.3,167,2.6
2019,4,16,1,30,-0.2,1,0,1,0.25,914,24.5,157,3.4000000000000004
2019,4,16,2,30,0,0,0,0,0.25,915,23.1,151,4.5
2019,4,16,3,30,1.2000000000000002,0,0,0,0.25,916,21.5,148,4.800000000000001
2019,4,16,4,30,2.6,0,0,0,0.25,916,20.1,151,4.5
2019,4,16,5,30,3.3000000000000003,0,0,0,0.25,915,19.200000000000003,159,4.2
2019,4,16,6,30,3.5,0,0,0,0.25,915,18.7,168,4.1000000000000005
2019,4,16,7,30,3.7,0,0,0,0.25,914,18.3,178,3.8000000000000003
2019,4,16,8,30,3.8000000000000003,0,0,0,0.25,914,17.900000000000002,193,3.4000000000000004
2019,4,16,9,30,3.8000000000000003,0,0,0,0.25,914,17.400000000000002,210,3
2019,4,16,10,30,3.4000000000000004,0,0,0,0.25,914,16.900000000000002,222,2.8000000000000003
2019,4,16,11,30,3.1,0,0,0,0.25,914,16.5,230,2.7
2019,4,16,12,30,2.9000000000000004,5,0,5,0.25,915,17,239,3
2019,4,16,13,30,2.7,55,1,55,0.25,916,18.7,246,3.4000000000000004
2019,4,16,14,30,1.9000000000000001,149,64,177,0.25,916,21.400000000000002,264,3.9000000000000004
2019,4,16,15,30,1.3,275,100,337,0.25,916,24.900000000000002,284,4.7
2019,4,16,16,30,0.6000000000000001,308,35,335,0.25,916,27.900000000000002,286,5.1000000000000005
2019,4,16,17,30,0.2,427,215,615,0.25,916,29.900000000000002,276,5
2019,4,16,18,30,0,451,100,544,0.25,915,31.5,266,5
2019,4,16,19,30,-0.2,464,167,618,0.25,914,32.6,260,5.300000000000001
2019,4,16,20,30,-0.4,362,52,407,0.25,913,33,256,5.6000000000000005
2019,4,16,21,30,-0.8,358,146,467,0.25,913,32.5,251,5.6000000000000005
2019,4,16,22,30,-1.1,218,292,389,0.25,913,31.400000000000002,245,5.2
2019,4,16,23,30,-1,93,618,336,0.25,913,30.8,242,4.800000000000001
2019,4,17,0,30,2.1,45,544,144,0.24,913,25.8,223,1.9000000000000001
2019,4,17,1,30,2.9000000000000004,3,17,2,0.24,914,22.8,191,1.4000000000000001
2019,4,17,2,30,2,0,0,0,0.24,914,21.400000000000002,164,1.8
2019,4,17,3,30,0.9,0,0,0,0.24,914,20.5,157,2.4000000000000004
2019,4,17,4,30,0.6000000000000001,0,0,0,0.24,913,19.6,159,2.9000000000000004
2019,4,17,5,30,1.7000000000000002,0,0,0,0.24,913,18.3,173,2.8000000000000003
2019,4,17,6,30,2.5,0,0,0,0.24,912,17.400000000000002,207,2.7
2019,4,17,7,30,2.1,0,0,0,0.24,912,17.1,241,3.3000000000000003
2019,4,17,8,30,1.4000000000000001,0,0,0,0.24,912,17.1,261,4
2019,4,17,9,30,1.5,0,0,0,0.24,913,16.900000000000002,271,4.1000000000000005
2019,4,17,10,30,2.2,0,0,0,0.24,913,16.400000000000002,272,4.1000000000000005
2019,4,17,11,30,2.8000000000000003,0,0,0,0.24,914,16.1,273,4.4
2019,4,17,12,30,3.2,10,59,11,0.24,914,17,274,5
2019,4,17,13,30,3.4000000000000004,65,523,184,0.24,915,19.6,277,6.2
2019,4,17,14,30,3.3000000000000003,94,734,415,0.24,915,22.1,278,7.300000000000001
2019,4,17,15,30,2.7,113,838,636,0.24,915,23.8,272,7.5
2019,4,17,16,30,2.3000000000000003,125,896,819,0.24,915,25.1,266,7.5
2019,4,17,17,30,1.7000000000000002,129,932,949,0.24,914,25.900000000000002,263,7.800000000000001
2019,4,17,18,30,1,151,914,1001,0.24,914,26.3,264,8.200000000000001
2019,4,17,19,30,0.30000000000000004,160,886,979,0.24,914,26.1,266,8.5
2019,4,17,20,30,-0.1,147,884,909,0.24,914,25.6,269,8.700000000000001
2019,4,17,21,30,-0.30000000000000004,120,891,786,0.24,914,24.700000000000003,270,8.8
2019,4,17,22,30,-0.5,106,829,594,0.24,914,23.6,270,8.6
2019,4,17,23,30,-0.8,86,712,368,0.24,914,23.1,271,8.5
2019,4,18,0,30,-1,54,474,141,0.25,914,20.900000000000002,275,7.2
2019,4,18,1,30,-0.7000000000000001,2,10,2,0.25,915,19.400000000000002,281,6.5
2019,4,18,2,30,0.1,0,0,0,0.25,916,18.400000000000002,287,6.5
2019,4,18,3,30,1.4000000000000001,0,0,0,0.25,917,17.7,289,6.4
2019,4,18,4,30,2.4000000000000004,0,0,0,0.25,917,17.1,291,6.2
2019,4,18,5,30,2.9000000000000004,0,0,0,0.25,917,16.8,298,6
2019,4,18,6,30,3.4000000000000004,0,0,0,0.25,917,16.7,306,5.6000000000000005
2019,4,18,7,30,4,0,0,0,0.25,917,16.400000000000002,311,5.2
2019,4,18,8,30,4.6000000000000005,0,0,0,0.25,917,15.8,315,5.1000000000000005
2019,4,18,9,30,5,0,0,0,0.25,917,15.200000000000001,319,5
2019,4,18,10,30,5.2,0,0,0,0.25,918,14.5,321,4.5
2019,4,18,11,30,5.300000000000001,0,0,0,0.25,919,14,325,4
2019,4,18,12,30,5.5,12,82,14,0.25,921,14.600000000000001,333,4.2
2019,4,18,13,30,5.7,67,442,170,0.25,923,16.900000000000002,174,5.1000000000000005
2019,4,18,14,30,4.6000000000000005,147,440,341,0.25,924,19,17,5.800000000000001
2019,4,18,15,30,3.2,275,288,456,0.25,924,20.5,29,5.9
2019,4,18,16,30,2.1,110,914,821,0.25,924,22.1,32,5.800000000000001
2019,4,18,17,30,1.2000000000000002,115,949,952,0.25,924,23.5,32,5.5
2019,4,18,18,30,0.7000000000000001,116,967,1018,0.25,923,24.700000000000003,27,4.9
2019,4,18,19,30,0.5,115,969,1012,0.25,923,25.6,17,4.1000000000000005
2019,4,18,20,30,0.6000000000000001,111,955,936,0.25,922,26.1,182,3.5
2019,4,18,21,30,0.7000000000000001,106,919,794,0.25,921,26.1,349,3.1
2019,4,18,22,30,0.7000000000000001,93,862,602,0.25,921,25.700000000000003,342,2.9000000000000004
2019,4,18,23,30,0.8,76,754,376,0.25,921,25.400000000000002,341,2.9000000000000004
2019,4,19,0,30,2.4000000000000004,48,531,147,0.24,922,23,195,1
2019,4,19,1,30,2.9000000000000004,3,17,2,0.24,922,21.400000000000002,103,0.6000000000000001
2019,4,19,2,30,2.1,0,0,0,0.24,922,19.900000000000002,163,1
2019,4,19,3,30,2.1,0,0,0,0.24,923,18.5,176,1.2000000000000002
2019,4,19,4,30,1.8,0,0,0,0.24,923,17.5,188,1.2000000000000002
2019,4,19,5,30,1.5,0,0,0,0.24,923,16.8,198,1
2019,4,19,6,30,1.3,0,0,0,0.24,923,16.2,206,0.8
2019,4,19,7,30,1.2000000000000002,0,0,0,0.24,923,15.700000000000001,149,0.7000000000000001
2019,4,19,8,30,1.3,0,0,0,0.24,923,14.8,75,1.4000000000000001
2019,4,19,9,30,1.7000000000000002,0,0,0,0.24,924,13.100000000000001,57,2.3000000000000003
2019,4,19,10,30,2.3000000000000003,0,0,0,0.24,925,11.3,53,2.7
2019,4,19,11,30,3,0,0,0,0.24,926,10.200000000000001,57,2.8000000000000003
2019,4,19,12,30,3.3000000000000003,14,119,17,0.24,927,10.4,65,3
2019,4,19,13,30,3,54,622,201,0.24,927,13,79,3.4000000000000004
2019,4,19,14,30,0.7000000000000001,74,813,436,0.24,928,16.6,94,3.7
2019,4,19,15,30,-1,88,904,658,0.24,928,19.5,103,3.5
2019,4,19,16,30,-1.2000000000000002,95,955,841,0.24,928,21.6,108,2.9000000000000004
2019,4,19,17,30,-1,100,985,971,0.24,927,23.5,106,2.4000000000000004
2019,4,19,18,30,-0.9,99,1002,1036,0.24,926,25,98,2
2019,4,19,19,30,-0.9,99,1002,1029,0.24,925,26.1,90,1.6
2019,4,19,20,30,-1.1,99,986,952,0.24,924,26.8,85,1.2000000000000002
2019,4,19,21,30,-1.5,96,949,809,0.24,923,27.1,82,1
2019,4,19,22,30,-1.9000000000000001,86,893,615,0.24,922,27,82,1.2000000000000002
2019,4,19,23,30,-2.2,72,787,387,0.24,922,26.700000000000003,84,1.5
2019,4,20,0,30,-1,50,555,154,0.24,922,22.700000000000003,95,1.9000000000000001
2019,4,20,1,30,0.6000000000000001,3,19,2,0.24,922,19.6,107,2.1
2019,4,20,2,30,-0.1,0,0,0,0.24,923,18.3,120,2.5
2019,4,20,3,30,-0.4,0,0,0,0.24,923,17.400000000000002,132,2.8000000000000003
2019,4,20,4,30,-0.5,0,0,0,0.24,923,16.400000000000002,143,2.8000000000000003
2019,4,20,5,30,-0.6000000000000001,0,0,0,0.24,922,15.4,152,2.6
2019,4,20,6,30,-0.7000000000000001,0,0,0,0.24,922,14.5,162,2.4000000000000004
2019,4,20,7,30,-0.9,0,0,0,0.24,921,13.8,170,2.1
2019,4,20,8,30,-1.1,0,0,0,0.24,921,13.3,175,2
2019,4,20,9,30,-1.2000000000000002,0,0,0,0.24,920,12.9,177,1.9000000000000001
2019,4,20,10,30,-1.1,0,0,0,0.24,920,12.700000000000001,184,2
2019,4,20,11,30,-0.8,0,0,0,0.24,920,12.8,194,2.1
2019,4,20,12,30,-0.5,15,129,18,0.24,921,14.600000000000001,203,2.6
2019,4,20,13,30,-0.2,56,628,206,0.24,921,18.1,205,3
2019,4,20,14,30,0.2,77,812,441,0.24,921,22.8,195,3.4000000000000004
2019,4,20,15,30,0,92,899,662,0.24,921,27.6,185,4
2019,4,20,16,30,-1.3,102,949,845,0.24,920,31.1,186,4.5
2019,4,20,17,30,-2.4000000000000004,106,978,973,0.24,919,33.4,191,4.800000000000001
2019,4,20,18,30,-3.3000000000000003,107,988,1032,0.24,918,34.800000000000004,197,5.1000000000000005
2019,4,20,19,30,-3.9000000000000004,107,986,1024,0.24,917,35.6,202,5.4
2019,4,20,20,30,-4.4,107,965,944,0.24,915,35.9,207,5.5
2019,4,20,21,30,-4.800000000000001,106,922,800,0.24,914,35.800000000000004,211,5.6000000000000005
2019,4,20,22,30,-4.9,140,697,554,0.24,914,35.2,213,5.4
2019,4,20,23,30,-4.7,86,691,364,0.24,914,34.7,213,5.300000000000001
2019,4,21,0,30,-1.9000000000000001,61,304,119,0.25,913,29,207,2.6
2019,4,21,1,30,-1,1,0,1,0.25,914,25.6,201,2.3000000000000003
2019,4,21,2,30,-1.2000000000000002,0,0,0,0.25,914,24.1,200,2.5
2019,4,21,3,30,-0.9,0,0,0,0.25,915,22.900000000000002,206,2.5
2019,4,21,4,30,-0.5,0,0,0,0.25,915,22,221,2.5
2019,4,21,5,30,-0.5,0,0,0,0.25,915,21.200000000000003,238,2.7
2019,4,21,6,30,-0.8,0,0,0,0.25,915,20.200000000000003,248,2.8000000000000003
2019,4,21,7,30,-1,0,0,0,0.25,915,19.5,252,3.1
2019,4,21,8,30,-0.9,0,0,0,0.25,915,19.1,256,3.4000000000000004
2019,4,21,9,30,-0.1,0,0,0,0.25,915,18.8,263,3.8000000000000003
2019,4,21,10,30,0.7000000000000001,0,0,0,0.25,915,18.5,270,4.1000000000000005
2019,4,21,11,30,1.1,0,0,0,0.25,915,18.2,274,4.1000000000000005
2019,4,21,12,30,1.2000000000000002,15,125,19,0.25,916,19.5,276,4.6000000000000005
2019,4,21,13,30,1.2000000000000002,56,621,207,0.25,917,22.8,280,5.300000000000001
2019,4,21,14,30,0.7000000000000001,77,812,444,0.25,917,26.8,286,6.300000000000001
2019,4,21,15,30,-0.30000000000000004,90,901,664,0.25,918,29.8,290,7
2019,4,21,16,30,-0.9,102,947,846,0.25,918,31.400000000000002,287,6.7
2019,4,21,17,30,-1.4000000000000001,111,971,974,0.25,917,32.6,282,6.300000000000001
2019,4,21,18,30,-1.9000000000000001,115,980,1035,0.25,917,33.5,277,5.800000000000001
2019,4,21,19,30,-2.2,117,974,1025,0.25,916,34,272,5.6000000000000005
2019,4,21,20,30,-2.5,116,954,945,0.25,916,34.1,266,5.300000000000001
2019,4,21,21,30,-2.8000000000000003,109,923,805,0.25,915,33.800000000000004,260,5
2019,4,21,22,30,-3,97,865,612,0.25,915,33.1,253,4.7
2019,4,21,23,30,-3,80,756,385,0.25,915,32.6,250,4.5
2019,4,22,0,30,0.5,59,372,131,0.25,916,27.900000000000002,241,2.1
2019,4,22,1,30,1.3,2,0,2,0.25,916,25.3,232,1.7000000000000002
2019,4,22,2,30,1.1,0,0,0,0.25,916,24.3,223,1.6
2019,4,22,3,30,1.2000000000000002,0,0,0,0.25,917,23.6,217,1.7000000000000002
2019,4,22,4,30,1.2000000000000002,0,0,0,0.25,917,22.900000000000002,213,1.8
2019,4,22,5,30,1.3,0,0,0,0.25,917,22.3,214,1.9000000000000001
2019,4,22,6,30,1.5,0,0,0,0.25,917,21.8,224,2.1
2019,4,22,7,30,2.1,0,0,0,0.25,916,21.1,241,2.2
2019,4,22,8,30,2.7,0,0,0,0.25,916,20.400000000000002,261,2.1
2019,4,22,9,30,3.1,0,0,0,0.25,916,19.900000000000002,278,1.8
2019,4,22,10,30,3.4000000000000004,0,0,0,0.25,916,19.6,292,1.4000000000000001
2019,4,22,11,30,3.6,0,0,0,0.25,917,19.3,306,1.2000000000000002
2019,4,22,12,30,4,11,6,11,0.25,917,19.700000000000003,316,1.1
2019,4,22,13,30,5.1000000000000005,76,5,77,0.25,918,21.200000000000003,328,1.6
2019,4,22,14,30,5.1000000000000005,156,45,176,0.25,918,23.400000000000002,338,2.6
2019,4,22,15,30,5.1000000000000005,255,76,304,0.25,918,25.1,341,3.5
2019,4,22,16,30,4.800000000000001,234,15,246,0.25,918,26.1,347,4
2019,4,22,17,30,4.800000000000001,299,23,319,0.25,918,26.6,177,4.1000000000000005
2019,4,22,18,30,5.1000000000000005,475,265,724,0.25,918,26.700000000000003,10,3.7
2019,4,22,19,30,6,461,281,723,0.25,918,26.6,23,3.2
2019,4,22,20,30,7,426,191,592,0.25,918,26.400000000000002,34,2.8000000000000003
2019,4,22,21,30,7.9,276,40,306,0.25,917,25.900000000000002,44,2.6
2019,4,22,22,30,8.6,138,25,153,0.25,917,25.200000000000003,53,2.8000000000000003
2019,4,22,23,30,9.3,142,44,160,0.25,917,24.8,56,3
2019,4,23,0,30,10.4,69,352,137,0.25,918,22.400000000000002,53,2.6
2019,4,23,1,30,11.4,4,10,4,0.25,918,20.3,52,2.4000000000000004
2019,4,23,2,30,12.200000000000001,0,0,0,0.25,918,19,50,2.6
2019,4,23,3,30,12.8,0,0,0,0.25,919,18.1,47,2.4000000000000004
2019,4,23,4,30,13.200000000000001,0,0,0,0.25,918,17.2,44,1.9000000000000001
2019,4,23,5,30,13.200000000000001,0,0,0,0.25,918,16.5,40,1.5
2019,4,23,6,30,13,0,0,0,0.25,918,15.9,34,1.3
2019,4,23,7,30,12.700000000000001,0,0,0,0.25,918,15.4,25,1.3
2019,4,23,8,30,12.5,0,0,0,0.25,918,14.9,23,1.4000000000000001
2019,4,23,9,30,12.5,0,0,0,0.25,918,14.4,26,1.6
2019,4,23,10,30,12.5,0,0,0,0.25,918,14,33,1.9000000000000001
2019,4,23,11,30,12.600000000000001,0,0,0,0.25,918,13.8,44,2.1
2019,4,23,12,30,12.700000000000001,18,71,21,0.25,919,14.600000000000001,58,2.6
2019,4,23,13,30,13,71,395,170,0.25,919,16.8,70,3
2019,4,23,14,30,13,138,362,304,0.25,919,19.6,72,3.2
2019,4,23,15,30,12.5,139,748,620,0.25,919,22.1,69,3.5
2019,4,23,16,30,12.3,203,685,745,0.25,919,23.700000000000003,67,3.6
2019,4,23,17,30,12.3,254,645,830,0.25,919,24.700000000000003,65,3.6
2019,4,23,18,30,12.4,178,848,978,0.25,918,25.200000000000003,62,3.5
2019,4,23,19,30,12.4,295,384,654,0.25,918,25.400000000000002,57,3.4000000000000004
2019,4,23,20,30,12.200000000000001,301,366,620,0.25,917,25.400000000000002,51,3.4000000000000004
2019,4,23,21,30,12,231,603,688,0.25,917,25.200000000000003,45,3.7
2019,4,23,22,30,11.9,244,148,333,0.25,917,24.700000000000003,42,4.1000000000000005
2019,4,23,23,30,12,86,14,92,0.25,917,24.3,41,4.4
2019,4,24,0,30,12.700000000000001,70,230,115,0.25,917,21.6,38,4.2
2019,4,24,1,30,13.600000000000001,2,0,2,0.25,918,19.6,40,4.3
2019,4,24,2,30,14.100000000000001,0,0,0,0.25,919,18.2,44,4.7
2019,4,24,3,30,14.4,0,0,0,0.25,919,17.1,46,4.5
2019,4,24,4,30,14.4,0,0,0,0.25,920,16.2,44,4.2
2019,4,24,5,30,14,0,0,0,0.25,920,15.600000000000001,40,4.2
2019,4,24,6,30,13.3,0,0,0,0.25,920,15,35,4.5
2019,4,24,7,30,12.600000000000001,0,0,0,0.25,919,14.4,30,4.7
2019,4,24,8,30,12,0,0,0,0.25,919,13.9,31,4.5
2019,4,24,9,30,11.600000000000001,0,0,0,0.25,918,13.5,35,4.1000000000000005
2019,4,24,10,30,11.4,0,0,0,0.25,918,13.200000000000001,35,3.4000000000000004
2019,4,24,11,30,11.3,0,0,0,0.25,919,13,22,2.9000000000000004
2019,4,24,12,30,11.4,4,0,4,0.25,919,13.100000000000001,9,2.3000000000000003
2019,4,24,13,30,11.4,24,0,24,0.25,920,13.5,40,1.8
2019,4,24,14,30,11.4,61,0,61,0.25,921,14,47,1.3
2019,4,24,15,30,11.4,97,0,97,0.25,921,14.8,180,1.4000000000000001
2019,4,24,16,30,11.100000000000001,234,14,245,0.25,920,16.1,334,2
2019,4,24,17,30,10.600000000000001,432,81,505,0.25,920,17.7,323,2.5
2019,4,24,18,30,9.9,468,302,753,0.25,919,19.6,311,3
2019,4,24,19,30,8.8,467,237,689,0.25,917,21.5,305,3.8000000000000003
2019,4,24,20,30,7.6000000000000005,346,31,373,0.25,916,22.900000000000002,307,4.6000000000000005
2019,4,24,21,30,6.5,337,117,426,0.25,915,23.700000000000003,314,4.6000000000000005
2019,4,24,22,30,6,156,646,544,0.25,915,23.700000000000003,321,4
2019,4,24,23,30,5.6000000000000005,86,714,378,0.25,915,23.5,324,3.6
2019,4,25,0,30,8.6,62,376,137,0.25,916,21,194,1
2019,4,25,1,30,7.800000000000001,3,0,3,0.25,917,19.1,82,0.8
2019,4,25,2,30,7.4,0,0,0,0.25,918,17.6,121,1
2019,4,25,3,30,7.300000000000001,0,0,0,0.25,918,16.5,139,1.1
2019,4,25,4,30,7,0,0,0,0.25,918,15.700000000000001,158,1.1
2019,4,25,5,30,6.800000000000001,0,0,0,0.25,918,15.100000000000001,179,1.2000000000000002
2019,4,25,6,30,6.5,0,0,0,0.25,918,14.600000000000001,200,1.2000000000000002
2019,4,25,7,30,6.1000000000000005,0,0,0,0.25,917,14.200000000000001,217,1.3
2019,4,25,8,30,5.800000000000001,0,0,0,0.25,917,13.8,229,1.4000000000000001
2019,4,25,9,30,5.4,0,0,0,0.25,917,13.5,237,1.5
2019,4,25,10,30,5,0,0,0,0.25,917,13.3,241,1.6
2019,4,25,11,30,4.7,0,0,0,0.25,917,13.4,243,1.8
2019,4,25,12,30,4.5,19,166,26,0.25,918,15.700000000000001,244,2.8000000000000003
2019,4,25,13,30,4.9,57,626,218,0.25,918,19.6,245,3.7
2019,4,25,14,30,4.7,77,804,450,0.25,919,23.900000000000002,253,3.9000000000000004
2019,4,25,15,30,4,90,891,667,0.25,919,27.700000000000003,269,3.9000000000000004
2019,4,25,16,30,3.6,99,939,846,0.25,919,30.1,287,3.4000000000000004
2019,4,25,17,30,3.4000000000000004,106,963,971,0.25,919,31.6,308,2.8000000000000003
2019,4,25,18,30,3.1,111,971,1030,0.25,919,32.6,331,2.3000000000000003
2019,4,25,19,30,2.9000000000000004,110,967,1018,0.25,918,33.2,173,2.1
2019,4,25,20,30,2.7,105,954,941,0.25,918,33.4,14,2.1
2019,4,25,21,30,2.5,96,926,801,0.25,918,33.1,35,2.1
2019,4,25,22,30,2.3000000000000003,85,872,611,0.25,918,32.4,55,2.2
2019,4,25,23,30,2.3000000000000003,71,772,389,0.25,918,31.900000000000002,65,2.4000000000000004
2019,4,26,0,30,6.2,48,560,161,0.25,919,27,89,1.8
2019,4,26,1,30,7.4,6,45,5,0.25,920,23.8,102,2.2
2019,4,26,2,30,6.6000000000000005,0,0,0,0.25,921,22.6,111,2.9000000000000004
2019,4,26,3,30,6.9,0,0,0,0.25,922,21.700000000000003,117,3.7
2019,4,26,4,30,7.7,0,0,0,0.25,922,20.6,121,4.1000000000000005
2019,4,26,5,30,8.4,0,0,0,0.25,923,19.5,124,4.2
2019,4,26,6,30,9,0,0,0,0.25,923,18.5,124,4.2
2019,4,26,7,30,9.5,0,0,0,0.25,923,17.6,123,4.1000000000000005
2019,4,26,8,30,9.8,0,0,0,0.25,923,16.8,120,4
2019,4,26,9,30,10.100000000000001,0,0,0,0.25,924,16.1,115,3.7
2019,4,26,10,30,10.4,0,0,0,0.25,924,15.4,109,3.4000000000000004
2019,4,26,11,30,10.600000000000001,0,0,0,0.25,925,15,106,3.4000000000000004
2019,4,26,12,30,10.8,20,140,27,0.25,925,15.8,108,4.3
2019,4,26,13,30,11,66,565,213,0.25,926,18.2,115,5.800000000000001
2019,4,26,14,30,10.8,90,745,438,0.25,926,21.1,124,6.7
2019,4,26,15,30,10.3,106,838,651,0.25,925,23.900000000000002,132,6.7
2019,4,26,16,30,10,116,890,826,0.25,925,26.5,137,6.5
2019,4,26,17,30,9.8,115,928,950,0.25,924,28.700000000000003,141,6.1000000000000005
2019,4,26,18,30,9.600000000000001,109,951,1011,0.25,923,30.5,143,5.800000000000001
2019,4,26,19,30,9.5,109,947,1000,0.25,921,31.8,146,5.6000000000000005
2019,4,26,20,30,9.3,305,615,845,0.25,920,32.6,150,5.4
2019,4,26,21,30,9,187,720,736,0.25,919,32.800000000000004,157,5.2
2019,4,26,22,30,8.200000000000001,140,695,560,0.25,918,32.300000000000004,162,5
2019,4,26,23,30,7.6000000000000005,87,685,370,0.25,918,31.900000000000002,165,4.9
2019,4,27,0,30,8.1,65,308,128,0.25,918,28.3,155,3.9000000000000004
2019,4,27,1,30,8.700000000000001,5,28,5,0.25,918,26,152,4.4
2019,4,27,2,30,8.5,0,0,0,0.25,918,24.6,155,5.1000000000000005
2019,4,27,3,30,8.5,0,0,0,0.25,918,23.3,158,5.2
2019,4,27,4,30,8.5,0,0,0,0.25,918,22,162,4.9
2019,4,27,5,30,8.6,0,0,0,0.25,918,20.900000000000002,171,4.4
2019,4,27,6,30,8.5,0,0,0,0.25,918,20,182,4.2
2019,4,27,7,30,8.1,0,0,0,0.25,918,19.5,192,4.2
2019,4,27,8,30,7.6000000000000005,0,0,0,0.25,918,19.1,199,4.1000000000000005
2019,4,27,9,30,7.300000000000001,0,0,0,0.25,917,18.5,204,3.9000000000000004
2019,4,27,10,30,6.9,0,0,0,0.25,917,17.900000000000002,209,3.9000000000000004
2019,4,27,11,30,6.5,0,0,0,0.25,917,17.6,215,3.9000000000000004
2019,4,27,12,30,6.2,21,174,30,0.25,917,18.900000000000002,221,4.2
2019,4,27,13,30,5.9,60,617,222,0.25,917,22.5,230,4.9
2019,4,27,14,30,5.1000000000000005,80,789,451,0.25,917,27,242,5.5
2019,4,27,15,30,4,95,875,666,0.25,917,30.8,260,5.2
2019,4,27,16,30,3.5,104,921,841,0.25,917,33.4,283,4.3
2019,4,27,17,30,3.6,110,947,964,0.25,916,35,303,3.8000000000000003
2019,4,27,18,30,3.8000000000000003,111,960,1023,0.25,916,35.9,312,3.6
2019,4,27,19,30,3.7,109,964,1017,0.25,915,36.300000000000004,312,3.4000000000000004
2019,4,27,20,30,3.5,104,950,939,0.25,914,36.4,305,3.3000000000000003
2019,4,27,21,30,3.1,98,918,800,0.25,913,36.2,295,3.1
2019,4,27,22,30,2.6,89,862,611,0.25,913,35.6,284,2.9000000000000004
2019,4,27,23,30,2.1,74,761,390,0.25,913,35.2,280,2.8000000000000003
2019,4,28,0,30,8,51,546,163,0.25,913,31.200000000000003,278,1.2000000000000002
2019,4,28,1,30,7.800000000000001,6,45,6,0.25,913,28.700000000000003,280,1.1
2019,4,28,2,30,6.6000000000000005,0,0,0,0.25,914,27.1,285,1.1
2019,4,28,3,30,6.300000000000001,0,0,0,0.25,914,25.8,295,1.2000000000000002
2019,4,28,4,30,6.300000000000001,0,0,0,0.25,915,24.5,302,1.2000000000000002
2019,4,28,5,30,6,0,0,0,0.25,915,23.400000000000002,305,1.1
2019,4,28,6,30,5.9,0,0,0,0.25,915,22.400000000000002,304,1
2019,4,28,7,30,5.4,0,0,0,0.25,915,21.5,302,0.9
2019,4,28,8,30,5.1000000000000005,0,0,0,0.25,915,20.6,302,1
2019,4,28,9,30,4.800000000000001,0,0,0,0.25,915,19.5,300,1.2000000000000002
2019,4,28,10,30,4.9,0,0,0,0.25,915,18.3,296,1.4000000000000001
2019,4,28,11,30,4.6000000000000005,0,0,0,0.25,915,17.6,294,1.6
2019,4,28,12,30,4.4,21,113,27,0.25,916,19.3,295,2.1
2019,4,28,13,30,4,66,574,219,0.25,916,22.700000000000003,298,2.5
2019,4,28,14,30,3.2,97,737,445,0.25,916,26.400000000000002,311,2.3000000000000003
2019,4,28,15,30,2.7,140,759,638,0.25,916,30.1,325,2.1
2019,4,28,16,30,1.7000000000000002,116,910,846,0.25,916,33,325,1.8
2019,4,28,17,30,1,120,941,970,0.25,915,35,303,1.4000000000000001
2019,4,28,18,30,1,122,954,1030,0.25,914,36.1,269,1.4000000000000001
2019,4,28,19,30,1.2000000000000002,125,947,1019,0.25,913,36.9,249,1.8
2019,4,28,20,30,1.3,122,928,939,0.25,912,37.2,246,2.3000000000000003
2019,4,28,21,30,1.5,163,794,771,0.25,911,37,250,2.7
2019,4,28,22,30,1.4000000000000001,111,792,592,0.25,911,36.4,256,2.9000000000000004
2019,4,28,23,30,1.5,83,733,389,0.25,911,35.9,259,2.9000000000000004
2019,4,29,0,30,6.9,64,407,148,0.25,911,31,273,1.6
2019,4,29,1,30,8.700000000000001,4,0,4,0.25,912,28.200000000000003,280,1.4000000000000001
2019,4,29,2,30,7.7,0,0,0,0.25,913,27.200000000000003,232,1.1
2019,4,29,3,30,8.1,0,0,0,0.25,914,25.6,151,1
2019,4,29,4,30,8.700000000000001,0,0,0,0.25,914,23.900000000000002,126,1.4000000000000001
2019,4,29,5,30,9,0,0,0,0.25,914,22.700000000000003,152,1.5
2019,4,29,6,30,9.200000000000001,0,0,0,0.25,914,21.5,185,1.6
2019,4,29,7,30,9.1,0,0,0,0.25,914,20.400000000000002,207,1.7000000000000002
2019,4,29,8,30,8.700000000000001,0,0,0,0.25,914,19.700000000000003,223,1.6
2019,4,29,9,30,8.1,0,0,0,0.25,914,19.200000000000003,249,1.4000000000000001
2019,4,29,10,30,7.4,0,0,0,0.25,915,18.5,279,1.3
2019,4,29,11,30,6.6000000000000005,0,0,0,0.25,915,18,301,1.3
2019,4,29,12,30,6.2,24,150,32,0.25,915,19.5,319,1.7000000000000002
2019,4,29,13,30,5.9,69,586,227,0.25,916,22.900000000000002,334,2.3000000000000003
2019,4,29,14,30,5.6000000000000005,97,754,455,0.25,916,26.3,349,3
2019,4,29,15,30,5.9,117,835,666,0.25,916,29.700000000000003,357,3.9000000000000004
2019,4,29,16,30,3.3000000000000003,135,872,837,0.25,916,32.4,358,4.4
2019,4,29,17,30,2,313,626,880,0.25,916,33.9,357,4
2019,4,29,18,30,2,225,802,990,0.25,916,34.800000000000004,179,3.6
2019,4,29,19,30,2.3000000000000003,312,666,942,0.25,915,35.2,4,3.2
2019,4,29,20,30,2.6,356,531,824,0.25,914,35.2,16,2.8000000000000003
2019,4,29,21,30,3.1,279,527,683,0.25,914,34.800000000000004,43,2.4000000000000004
2019,4,29,22,30,3.5,154,659,556,0.25,914,34.1,76,2.7
2019,4,29,23,30,4.3,124,497,332,0.25,913,33.6,89,3
2019,4,30,0,30,6.6000000000000005,66,338,137,0.25,914,29.700000000000003,100,3.7
2019,4,30,1,30,9.8,6,26,6,0.25,914,27,105,4.6000000000000005
2019,4,30,2,30,12.100000000000001,0,0,0,0.25,915,25.1,112,5.4
2019,4,30,3,30,14.200000000000001,0,0,0,0.25,915,23.3,120,5.7
2019,4,30,4,30,15.600000000000001,0,0,0,0.25,915,21.8,128,5.7
2019,4,30,5,30,16.2,0,0,0,0.25,915,20.700000000000003,136,5.300000000000001
2019,4,30,6,30,16.400000000000002,0,0,0,0.25,914,19.8,145,4.6000000000000005
2019,4,30,7,30,16.3,0,0,0,0.25,914,19.200000000000003,157,3.9000000000000004
2019,4,30,8,30,16,0,0,0,0.25,914,18.6,171,3.2
2019,4,30,9,30,15.3,0,0,0,0.25,914,18.1,191,2.5
2019,4,30,10,30,14.4,0,0,0,0.25,914,17.7,217,2.1
2019,4,30,11,30,13.200000000000001,0,0,0,0.25,914,17.6,243,2.1
2019,4,30,12,30,11.8,22,42,24,0.25,914,19.1,259,2.8000000000000003
2019,4,30,13,30,10.600000000000001,61,626,232,0.25,915,22.5,269,3.7
2019,4,30,14,30,8.3,78,804,462,0.25,915,25.900000000000002,277,4.7
2019,4,30,15,30,5.300000000000001,88,894,678,0.25,915,28.400000000000002,276,5.300000000000001
2019,4,30,16,30,4.2,96,945,858,0.25,915,30.1,269,5.300000000000001
2019,4,30,17,30,3.5,104,970,984,0.25,915,31.400000000000002,263,5.300000000000001
2019,4,30,18,30,2.5,110,979,1045,0.25,914,32.4,262,5.5
2019,4,30,19,30,1.2000000000000002,109,981,1038,0.25,914,32.9,262,5.7
2019,4,30,20,30,-0.30000000000000004,104,971,962,0.25,913,33,263,5.9
2019,4,30,21,30,-1.7000000000000002,97,944,823,0.25,913,32.7,263,5.9
2019,4,30,22,30,-2.5,89,888,632,0.25,913,31.900000000000002,263,5.7
2019,4,30,23,30,-2.7,75,786,406,0.25,913,31.400000000000002,263,5.5
2010,5,1,0,30,-4.4,74,219,121,0.24,908,19.8,296,5.2
2010,5,1,1,30,-4.4,0,0,0,0.24,909,17.8,305,3.9000000000000004
2010,5,1,2,30,-4.2,0,0,0,0.24,910,16.5,311,3.1
2010,5,1,3,30,-4.1000000000000005,0,0,0,0.24,911,15.600000000000001,309,2.6
2010,5,1,4,30,-4.3,0,0,0,0.24,911,14.8,301,2.4000000000000004
2010,5,1,5,30,-4.1000000000000005,0,0,0,0.24,912,14.100000000000001,290,2
2010,5,1,6,30,-3.7,0,0,0,0.24,912,13.5,278,1.7000000000000002
2010,5,1,7,30,-3.2,0,0,0,0.24,912,12.9,265,1.5
2010,5,1,8,30,-2.6,0,0,0,0.24,911,12.4,253,1.3
2010,5,1,9,30,-1.8,0,0,0,0.24,911,12,244,1.1
2010,5,1,10,30,-1.2000000000000002,0,0,0,0.24,911,11.5,239,1.1
2010,5,1,11,30,-1,0,0,0,0.24,911,11.3,242,1.4000000000000001
2010,5,1,12,30,-0.6000000000000001,16,0,16,0.24,912,12.5,249,2.4000000000000004
2010,5,1,13,30,-1.3,9,0,9,0.24,912,15,256,3.5
2010,5,1,14,30,-3.7,187,340,351,0.24,912,17.3,260,3.8000000000000003
2010,5,1,15,30,-4.6000000000000005,47,0,47,0.24,912,18.6,259,3.9000000000000004
2010,5,1,16,30,-3.7,223,12,233,0.24,912,19.400000000000002,255,3.9000000000000004
2010,5,1,17,30,-2.8000000000000003,180,10,189,0.24,912,20,251,4.1000000000000005
2010,5,1,18,30,-2.2,485,93,574,0.24,911,20.5,247,4.3
2010,5,1,19,30,-2,495,141,628,0.24,911,20.900000000000002,246,4.4
2010,5,1,20,30,-2.3000000000000003,445,252,668,0.24,910,21.5,251,4.6000000000000005
2010,5,1,21,30,-3.4000000000000004,121,905,819,0.24,909,21.900000000000002,260,5.2
2010,5,1,22,30,-5.300000000000001,104,861,631,0.24,909,21.700000000000003,269,5.9
2010,5,1,23,30,-7.5,124,516,342,0.24,909,21.5,273,6.2
2010,5,2,0,30,-9,53,594,180,0.23,910,18.400000000000002,273,4.7
2010,5,2,1,30,-7.4,0,0,0,0.23,910,15.600000000000001,268,3.2
2010,5,2,2,30,-6.6000000000000005,0,0,0,0.23,911,14.200000000000001,262,3.2
2010,5,2,3,30,-6.5,0,0,0,0.23,912,13.5,261,3.5
2010,5,2,4,30,-6.5,0,0,0,0.23,912,12.9,262,3.8000000000000003
2010,5,2,5,30,-6.4,0,0,0,0.23,912,12.3,265,4
2010,5,2,6,30,-6.2,0,0,0,0.23,912,11.700000000000001,267,4.2
2010,5,2,7,30,-5.9,0,0,0,0.23,912,11.200000000000001,267,4.4
2010,5,2,8,30,-5.5,0,0,0,0.23,912,10.8,268,4.800000000000001
2010,5,2,9,30,-5.1000000000000005,0,0,0,0.23,912,10.5,268,5.1000000000000005
2010,5,2,10,30,-4.6000000000000005,0,0,0,0.23,912,10.200000000000001,267,5.300000000000001
2010,5,2,11,30,-4.2,0,0,0,0.23,913,10,265,5.300000000000001
2010,5,2,12,30,-3.9000000000000004,23,264,41,0.23,913,11.100000000000001,263,5.5
2010,5,2,13,30,-3.5,61,663,246,0.23,914,14.3,262,6.1000000000000005
2010,5,2,14,30,-3.5,83,818,479,0.23,914,18.1,268,7.300000000000001
2010,5,2,15,30,-4.5,99,895,694,0.23,914,20.8,272,8.200000000000001
2010,5,2,16,30,-4.7,109,942,873,0.23,914,22.3,270,8.200000000000001
2010,5,2,17,30,-5,198,839,962,0.23,913,23.400000000000002,265,8.200000000000001
2010,5,2,18,30,-5.7,453,426,861,0.23,913,24.3,262,8.3
2010,5,2,19,30,-7,114,986,1051,0.23,912,24.900000000000002,261,8.3
2010,5,2,20,30,-8.4,111,976,976,0.23,912,25.1,261,8.200000000000001
2010,5,2,21,30,-9.1,101,950,835,0.23,912,25,263,7.800000000000001
2010,5,2,22,30,-9.200000000000001,92,893,641,0.23,912,24.5,265,7.2
2010,5,2,23,30,-9,80,780,412,0.23,912,24.1,267,6.800000000000001
2010,5,3,0,30,-8.200000000000001,59,537,175,0.23,913,20.1,262,3.4000000000000004
2010,5,3,1,30,-4,0,0,0,0.23,914,16.7,250,1.7000000000000002
2010,5,3,2,30,-3.1,0,0,0,0.23,915,15.4,238,1.6
2010,5,3,3,30,-3.5,0,0,0,0.23,915,14.9,240,1.6
2010,5,3,4,30,-3.8000000000000003,0,0,0,0.23,916,14.100000000000001,254,1.7000000000000002
2010,5,3,5,30,-3.7,0,0,0,0.23,916,13.4,271,2.2
2010,5,3,6,30,-3,0,0,0,0.23,916,12.9,281,2.8000000000000003
2010,5,3,7,30,-1.6,0,0,0,0.23,917,12.600000000000001,281,3.2
2010,5,3,8,30,0.1,0,0,0,0.23,917,12.200000000000001,270,3.1
2010,5,3,9,30,1.7000000000000002,0,0,0,0.23,918,11.700000000000001,258,3.3000000000000003
2010,5,3,10,30,2.6,0,0,0,0.23,919,11.200000000000001,254,3.9000000000000004
2010,5,3,11,30,2.8000000000000003,0,0,0,0.23,920,10.8,255,4.5
2010,5,3,12,30,2.6,26,230,42,0.23,921,11.5,260,5.5
2010,5,3,13,30,1.7000000000000002,64,644,246,0.23,921,13.9,274,6.800000000000001
2010,5,3,14,30,-0.5,89,794,475,0.23,922,16.3,291,7.300000000000001
2010,5,3,15,30,-0.2,105,879,691,0.23,922,18.3,301,7.1000000000000005
2010,5,3,16,30,0.30000000000000004,115,924,866,0.23,923,20.200000000000003,307,7
2010,5,3,17,30,0.7000000000000001,119,953,989,0.23,923,22,313,7.2
2010,5,3,18,30,1,112,979,1052,0.23,923,23.400000000000002,319,7.300000000000001
2010,5,3,19,30,1,108,985,1046,0.23,922,24.5,324,7.1000000000000005
2010,5,3,20,30,0.1,103,978,972,0.23,922,25.3,326,6.6000000000000005
2010,5,3,21,30,-1.3,109,931,829,0.23,922,25.6,327,5.7
2010,5,3,22,30,-2.6,95,887,642,0.23,922,25.5,325,4.7
2010,5,3,23,30,-3.5,78,793,416,0.23,922,25.3,323,4.3
2010,5,4,0,30,-2.7,53,599,183,0.24,922,21.5,309,2.1
2010,5,4,1,30,0.4,0,0,0,0.24,923,18.5,291,1.3
2010,5,4,2,30,-0.6000000000000001,0,0,0,0.24,924,17.5,269,1.5
2010,5,4,3,30,-1.3,0,0,0,0.24,924,16.400000000000002,259,1.8
2010,5,4,4,30,-1.9000000000000001,0,0,0,0.24,924,15.200000000000001,262,2.2
2010,5,4,5,30,-2.5,0,0,0,0.24,924,14.100000000000001,265,2.6
2010,5,4,6,30,-3.2,0,0,0,0.24,923,13.200000000000001,266,2.7
2010,5,4,7,30,-3.7,0,0,0,0.24,923,12.3,266,2.6
2010,5,4,8,30,-4.1000000000000005,0,0,0,0.24,922,11.5,264,2.4000000000000004
2010,5,4,9,30,-4.3,0,0,0,0.24,922,11,262,2.3000000000000003
2010,5,4,10,30,-4.4,0,0,0,0.24,922,10.600000000000001,259,2.3000000000000003
2010,5,4,11,30,-4.6000000000000005,0,0,0,0.24,922,10.700000000000001,255,2.4000000000000004
2010,5,4,12,30,-4.6000000000000005,25,330,48,0.24,923,13.3,251,3.3000000000000003
2010,5,4,13,30,-5.1000000000000005,58,720,263,0.24,923,17.6,247,3.9000000000000004
2010,5,4,14,30,-5.1000000000000005,76,869,501,0.24,923,22.3,247,4
2010,5,4,15,30,-6.4,87,949,722,0.24,923,26.5,249,4.1000000000000005
2010,5,4,16,30,-7.2,94,994,903,0.24,922,29.200000000000003,245,4.1000000000000005
2010,5,4,17,30,-7.9,98,1018,1028,0.24,921,31.3,244,4.3
2010,5,4,18,30,-8.6,108,1016,1084,0.24,920,32.9,245,4.7
2010,5,4,19,30,-9.4,108,1022,1081,0.24,918,34.2,247,5
2010,5,4,20,30,-10,104,1009,1001,0.24,917,35,251,5.2
2010,5,4,21,30,-10.5,100,976,856,0.24,916,35.300000000000004,256,5.300000000000001
2010,5,4,22,30,-10.8,87,931,662,0.24,916,34.9,260,5.1000000000000005
2010,5,4,23,30,-10.5,72,844,433,0.24,915,34.6,262,4.9
2010,5,5,0,30,-3.4000000000000004,50,651,194,0.23,915,28.1,268,2.3000000000000003
2010,5,5,1,30,-1.6,0,0,0,0.23,915,23.8,271,1.9000000000000001
2010,5,5,2,30,-2.6,0,0,0,0.23,916,21.8,271,2
2010,5,5,3,30,-3.1,0,0,0,0.23,916,20.5,269,2.1
2010,5,5,4,30,-3.5,0,0,0,0.23,916,19.3,265,2.1
2010,5,5,5,30,-3.8000000000000003,0,0,0,0.23,916,18.3,262,2.1
2010,5,5,6,30,-4.2,0,0,0,0.23,916,17.5,261,2.2
2010,5,5,7,30,-4.6000000000000005,0,0,0,0.23,916,16.8,264,2.2
2010,5,5,8,30,-4.7,0,0,0,0.23,916,16.1,268,2.4000000000000004
2010,5,5,9,30,-4.800000000000001,0,0,0,0.23,916,15.600000000000001,271,2.5
2010,5,5,10,30,-4.800000000000001,0,0,0,0.23,917,15.200000000000001,275,2.7
2010,5,5,11,30,-4.800000000000001,0,0,0,0.23,917,15.100000000000001,280,2.9000000000000004
2010,5,5,12,30,-4.5,25,344,51,0.23,918,17.2,284,3.7
2010,5,5,13,30,-4.3,54,645,239,0.23,919,21.200000000000003,293,4.1000000000000005
2010,5,5,14,30,-4.2,114,639,428,0.23,919,25.200000000000003,319,3.8000000000000003
2010,5,5,15,30,-4.5,98,876,686,0.23,919,28.6,344,3.5
2010,5,5,16,30,-4.5,125,937,889,0.23,919,31.1,345,3
2010,5,5,17,30,-4.9,96,1007,1017,0.23,919,33.300000000000004,332,2.8000000000000003
2010,5,5,18,30,-5.6000000000000005,98,1016,1076,0.23,918,35,322,2.8000000000000003
2010,5,5,19,30,-6.1000000000000005,98,1015,1066,0.23,917,36.1,316,2.6
2010,5,5,20,30,-6.5,96,994,981,0.23,916,36.6,306,2.3000000000000003
2010,5,5,21,30,-7.2,106,937,833,0.23,915,36.6,291,1.9000000000000001
2010,5,5,22,30,-8,98,876,640,0.23,915,35.800000000000004,283,1.6
2010,5,5,23,30,-7.5,82,775,415,0.23,915,35.300000000000004,282,1.3
2010,5,6,0,30,2,56,580,185,0.24,915,30,208,0.8
2010,5,6,1,30,0.6000000000000001,0,0,0,0.24,916,27.1,75,1.2000000000000002
2010,5,6,2,30,-0.30000000000000004,0,0,0,0.24,916,25.6,101,2
2010,5,6,3,30,-0.1,0,0,0,0.24,917,24.200000000000003,121,2.9000000000000004
2010,5,6,4,30,1.2000000000000002,0,0,0,0.24,916,22.6,139,3.3000000000000003
2010,5,6,5,30,2.2,0,0,0,0.24,916,21.200000000000003,162,2.8000000000000003
2010,5,6,6,30,2.5,0,0,0,0.24,916,20,197,2.1
2010,5,6,7,30,1.8,0,0,0,0.24,915,19.200000000000003,234,1.8
2010,5,6,8,30,0.1,0,0,0,0.24,915,18.8,256,2
2010,5,6,9,30,-1.9000000000000001,0,0,0,0.24,915,18.5,265,2.5
2010,5,6,10,30,-3.5,0,0,0,0.24,915,18.1,268,3
2010,5,6,11,30,-4.6000000000000005,0,0,0,0.24,916,18,268,3.5
2010,5,6,12,30,-4.800000000000001,26,132,36,0.24,916,19.5,268,4.1000000000000005
2010,5,6,13,30,-4.800000000000001,108,219,172,0.24,917,22.700000000000003,266,4.2
2010,5,6,14,30,-4.4,74,859,498,0.24,917,26.8,272,4.2
2010,5,6,15,30,-4.9,84,938,716,0.24,917,31.200000000000003,280,4.9
2010,5,6,16,30,-6.4,204,749,817,0.24,916,34.1,275,5.2
2010,5,6,17,30,-7.4,229,785,949,0.24,916,36,266,5.1000000000000005
2010,5,6,18,30,-8.200000000000001,111,995,1069,0.24,915,37.300000000000004,260,5.300000000000001
2010,5,6,19,30,-8.8,113,989,1058,0.24,914,38.2,258,5.6000000000000005
2010,5,6,20,30,-9.3,112,971,977,0.24,913,38.6,259,5.9
2010,5,6,21,30,-9.600000000000001,108,934,834,0.24,912,38.5,260,6.2
2010,5,6,22,30,-9.8,98,872,639,0.24,912,37.9,262,6.2
2010,5,6,23,30,-9.5,84,762,413,0.24,912,37.5,263,6.1000000000000005
2010,5,7,0,30,-5.4,58,552,182,0.23,912,31.8,264,3.3000000000000003
2010,5,7,1,30,-3.1,0,0,0,0.23,912,27.6,263,2.4000000000000004
2010,5,7,2,30,-3.5,0,0,0,0.23,913,25.700000000000003,261,2.5
2010,5,7,3,30,-4,0,0,0,0.23,913,24.6,260,2.8000000000000003
2010,5,7,4,30,-4.6000000000000005,0,0,0,0.23,914,23.6,262,3.4000000000000004
2010,5,7,5,30,-5.1000000000000005,0,0,0,0.23,914,22.700000000000003,266,4.2
2010,5,7,6,30,-5.2,0,0,0,0.23,915,21.6,271,4.5
2010,5,7,7,30,-5.1000000000000005,0,0,0,0.23,915,20.400000000000002,273,4.3
2010,5,7,8,30,-5.1000000000000005,0,0,0,0.23,915,19.200000000000003,274,4
2010,5,7,9,30,-4.9,0,0,0,0.23,916,18.3,276,3.7
2010,5,7,10,30,-4.5,0,0,0,0.23,916,17.400000000000002,279,3.3000000000000003
2010,5,7,11,30,-4.1000000000000005,0,0,0,0.23,917,17.1,281,3.1
2010,5,7,12,30,-3.5,27,306,52,0.23,918,18.900000000000002,286,3.6
2010,5,7,13,30,-3.4000000000000004,63,675,260,0.23,919,22.900000000000002,298,3.9000000000000004
2010,5,7,14,30,-2.8000000000000003,84,826,493,0.23,919,27,319,3.8000000000000003
2010,5,7,15,30,-2.5,98,901,706,0.23,920,30.1,332,3.7
2010,5,7,16,30,-2.5,106,948,883,0.23,920,31.700000000000003,334,3.2
2010,5,7,17,30,-2.6,111,974,1005,0.23,920,32.9,338,2.7
2010,5,7,18,30,-2.8000000000000003,118,973,1057,0.23,919,33.7,349,2.3000000000000003
2010,5,7,19,30,-2.9000000000000004,118,971,1046,0.23,919,34.2,192,2
2010,5,7,20,30,-2.8000000000000003,115,955,967,0.23,919,34.4,45,2.1
2010,5,7,21,30,-2.6,105,927,826,0.23,918,34.1,71,2.7
2010,5,7,22,30,-2.1,94,872,637,0.23,918,33.1,82,3.8000000000000003
2010,5,7,23,30,-1.1,79,773,414,0.23,918,32.4,85,4.5
2010,5,8,0,30,0.7000000000000001,56,567,184,0.23,920,27.700000000000003,86,6
2010,5,8,1,30,2.1,10,60,11,0.23,921,24.3,88,6.1000000000000005
2010,5,8,2,30,2.6,0,0,0,0.23,922,22,91,5.800000000000001
2010,5,8,3,30,2.8000000000000003,0,0,0,0.23,923,20.200000000000003,93,5.6000000000000005
2010,5,8,4,30,2.7,0,0,0,0.23,924,18.7,95,5.800000000000001
2010,5,8,5,30,2.4000000000000004,0,0,0,0.23,925,17.2,94,5.800000000000001
2010,5,8,6,30,2.2,0,0,0,0.23,925,15.9,93,5.5
2010,5,8,7,30,2,0,0,0,0.23,925,14.700000000000001,92,5.1000000000000005
2010,5,8,8,30,1.8,0,0,0,0.23,926,13.9,91,4.7
2010,5,8,9,30,1.6,0,0,0,0.23,926,13.3,87,4.5
2010,5,8,10,30,1.1,0,0,0,0.23,927,12.9,83,4.6000000000000005
2010,5,8,11,30,0.5,0,0,0,0.23,927,12.8,81,4.9
2010,5,8,12,30,-0.2,31,202,48,0.23,927,13.8,86,5.800000000000001
2010,5,8,13,30,-1.1,84,537,242,0.23,928,15.5,95,6.800000000000001
2010,5,8,14,30,-0.8,168,12,174,0.23,928,17.400000000000002,100,7.1000000000000005
2010,5,8,15,30,0.8,199,9,205,0.23,928,19,103,6.9
2010,5,8,16,30,2.6,328,31,354,0.23,927,20.700000000000003,106,6.4
2010,5,8,17,30,4.2,309,19,326,0.23,927,22.5,108,6
2010,5,8,18,30,5.7,502,137,634,0.23,926,24,111,5.7
2010,5,8,19,30,6.9,435,389,807,0.23,925,25.1,113,5.5
2010,5,8,20,30,7.7,386,449,787,0.23,924,25.5,115,5.4
2010,5,8,21,30,8.3,353,339,618,0.23,924,25.400000000000002,113,5.5
2010,5,8,22,30,8.700000000000001,227,456,511,0.23,923,24.900000000000002,110,5.6000000000000005
2010,5,8,23,30,9.1,173,276,293,0.23,923,24.6,108,5.7
2010,5,9,0,30,9.3,75,299,143,0.23,923,22.1,107,5.800000000000001
2010,5,9,1,30,9.5,6,0,6,0.23,923,20.3,110,5.7
2010,5,9,2,30,9.8,0,0,0,0.23,923,19.1,114,5.4
2010,5,9,3,30,10.200000000000001,0,0,0,0.23,923,18.2,118,4.800000000000001
2010,5,9,4,30,10.8,0,0,0,0.23,923,17.7,123,4.1000000000000005
2010,5,9,5,30,11.4,0,0,0,0.23,923,17.3,127,3.4000000000000004
2010,5,9,6,30,12,0,0,0,0.23,923,17,128,2.9000000000000004
2010,5,9,7,30,12.5,0,0,0,0.23,922,16.7,120,2.6
2010,5,9,8,30,12.9,0,0,0,0.23,922,16.3,107,2.6
2010,5,9,9,30,13.200000000000001,0,0,0,0.23,922,16,98,2.7
2010,5,9,10,30,13.5,0,0,0,0.23,922,15.700000000000001,98,2.7
2010,5,9,11,30,13.700000000000001,0,0,0,0.23,922,15.600000000000001,104,3
2010,5,9,12,30,14,28,5,28,0.23,922,16.900000000000002,118,3.6
2010,5,9,13,30,14.5,105,289,190,0.23,922,20,145,4.1000000000000005
2010,5,9,14,30,14.8,116,639,435,0.23,921,23.700000000000003,167,3.9000000000000004
2010,5,9,15,30,14.200000000000001,120,817,675,0.23,921,27.200000000000003,171,3.5
2010,5,9,16,30,12.5,124,881,849,0.23,920,30.3,168,3.1
2010,5,9,17,30,10.600000000000001,252,747,940,0.23,919,32.800000000000004,166,2.9000000000000004
2010,5,9,18,30,8.8,419,526,928,0.23,918,34.7,168,2.7
2010,5,9,19,30,7.300000000000001,344,635,953,0.23,917,36.1,176,2.7
2010,5,9,20,30,6,127,903,936,0.23,916,36.9,187,2.7
2010,5,9,21,30,4.9,116,879,803,0.23,915,37.300000000000004,200,2.8000000000000003
2010,5,9,22,30,3.5,101,831,621,0.23,914,37.2,215,3
2010,5,9,23,30,2.3000000000000003,84,737,406,0.23,914,36.9,223,3.1
2010,5,10,0,30,4.3,52,531,175,0.23,914,32.6,215,1.9000000000000001
2010,5,10,1,30,6.2,8,0,8,0.23,914,29.3,191,1.7000000000000002
2010,5,10,2,30,7.9,0,0,0,0.23,915,27.200000000000003,190,1.9000000000000001
2010,5,10,3,30,9.200000000000001,0,0,0,0.23,916,25.8,204,2.1
2010,5,10,4,30,9.5,0,0,0,0.23,916,25,223,2.4000000000000004
2010,5,10,5,30,8.6,0,0,0,0.23,916,24.400000000000002,242,2.9000000000000004
2010,5,10,6,30,6.9,0,0,0,0.23,916,23.700000000000003,255,3.2
2010,5,10,7,30,5.2,0,0,0,0.23,916,22.700000000000003,262,3
2010,5,10,8,30,3.9000000000000004,0,0,0,0.23,915,21.5,264,2.8000000000000003
2010,5,10,9,30,2.8000000000000003,0,0,0,0.23,915,20.5,262,2.7
2010,5,10,10,30,2,0,0,0,0.23,915,20,257,2.7
2010,5,10,11,30,1.6,0,0,0,0.23,916,20.200000000000003,249,2.9000000000000004
2010,5,10,12,30,1.4000000000000001,29,116,40,0.23,916,22.3,237,3.8000000000000003
2010,5,10,13,30,1,72,545,234,0.23,916,25.900000000000002,235,5.4
2010,5,10,14,30,0.30000000000000004,88,809,493,0.23,916,29.700000000000003,247,7.5
2010,5,10,15,30,-2.2,102,895,711,0.23,915,32.7,257,9.4
2010,5,10,16,30,-4.7,133,909,881,0.23,915,34.6,262,10.3
2010,5,10,17,30,-6.4,175,888,994,0.23,915,35.800000000000004,265,10.600000000000001
2010,5,10,18,30,-7.800000000000001,124,986,1079,0.23,914,36.4,267,10.5
2010,5,10,19,30,-8.8,125,981,1066,0.23,914,36.7,270,10.100000000000001
2010,5,10,20,30,-9.3,125,960,985,0.23,914,36.7,273,9.5
2010,5,10,21,30,-9.4,123,918,841,0.23,914,36.300000000000004,275,8.8
2010,5,10,22,30,-9.5,109,864,650,0.23,913,35.5,276,8
2010,5,10,23,30,-9.5,90,764,426,0.23,914,35,276,7.5
2010,5,11,0,30,-8.9,63,564,194,0.23,914,30.400000000000002,277,4.1000000000000005
2010,5,11,1,30,-6.300000000000001,9,0,9,0.23,915,26.1,276,2.3000000000000003
2010,5,11,2,30,-5.5,0,0,0,0.23,915,23.900000000000002,273,1.9000000000000001
2010,5,11,3,30,-5.2,0,0,0,0.23,915,22.6,269,1.8
2010,5,11,4,30,-5.2,0,0,0,0.23,916,21.5,266,1.9000000000000001
2010,5,11,5,30,-5.4,0,0,0,0.23,916,20.6,265,2
2010,5,11,6,30,-5.5,0,0,0,0.23,915,19.700000000000003,266,2.3000000000000003
2010,5,11,7,30,-5.6000000000000005,0,0,0,0.23,915,18.7,269,2.4000000000000004
2010,5,11,8,30,-5.6000000000000005,0,0,0,0.23,915,17.6,269,2.4000000000000004
2010,5,11,9,30,-5.6000000000000005,0,0,0,0.23,915,16.900000000000002,269,2.5
2010,5,11,10,30,-5.800000000000001,0,0,0,0.23,915,16.400000000000002,270,2.8000000000000003
2010,5,11,11,30,-5.9,0,0,0,0.23,916,16.5,268,3
2010,5,11,12,30,-5.9,30,101,40,0.23,916,18.8,265,3.7
2010,5,11,13,30,-6.300000000000001,89,432,219,0.23,917,23,263,4.1000000000000005
2010,5,11,14,30,-7,86,838,508,0.23,917,27.6,264,4.2
2010,5,11,15,30,-10,173,685,640,0.23,917,31.5,261,4.6000000000000005
2010,5,11,16,30,-11.9,195,771,831,0.23,916,33.7,247,4.800000000000001
2010,5,11,17,30,-12.3,113,994,1031,0.23,915,35.4,235,5.2
2010,5,11,18,30,-12.9,119,999,1088,0.23,914,36.800000000000004,229,5.7
2010,5,11,19,30,-13.5,119,997,1077,0.23,913,37.800000000000004,229,6.300000000000001
2010,5,11,20,30,-13.700000000000001,117,981,996,0.23,911,38.300000000000004,232,6.6000000000000005
2010,5,11,21,30,-13.4,110,950,854,0.23,910,38.400000000000006,237,6.6000000000000005
2010,5,11,22,30,-13.200000000000001,97,893,658,0.23,909,38,241,6.4
2010,5,11,23,30,-13.3,145,448,342,0.23,909,37.7,244,6.2
2010,5,12,0,30,-10.5,66,416,164,0.23,909,32.1,252,3.3000000000000003
2010,5,12,1,30,-7.7,9,0,9,0.23,910,27.400000000000002,258,2.1
2010,5,12,2,30,-7.7,0,0,0,0.23,910,25.1,261,2.1
2010,5,12,3,30,-7.7,0,0,0,0.23,911,23.8,262,2.4000000000000004
2010,5,12,4,30,-7.2,0,0,0,0.23,911,22.6,263,2.8000000000000003
2010,5,12,5,30,-6.1000000000000005,0,0,0,0.23,911,21.400000000000002,264,3
2010,5,12,6,30,-5.5,0,0,0,0.23,911,20.3,266,3.4000000000000004
2010,5,12,7,30,-5.9,0,0,0,0.23,912,19.400000000000002,265,3.7
2010,5,12,8,30,-6.6000000000000005,0,0,0,0.23,912,18.3,262,3.7
2010,5,12,9,30,-6.6000000000000005,0,0,0,0.23,912,17.1,261,3.2
2010,5,12,10,30,-6.2,0,0,0,0.23,913,16,258,2.7
2010,5,12,11,30,-5.7,0,0,0,0.23,913,15.700000000000001,254,2.5
2010,5,12,12,30,-5.300000000000001,31,105,41,0.23,914,17.7,249,3.2
2010,5,12,13,30,-5.4,70,661,270,0.23,914,21.6,252,4.1000000000000005
2010,5,12,14,30,-5.1000000000000005,95,807,502,0.23,914,25.6,259,4.7
2010,5,12,15,30,-5.9,113,884,717,0.23,914,28.700000000000003,259,5.1000000000000005
2010,5,12,16,30,-7.1000000000000005,130,920,891,0.23,914,30.8,255,5.1000000000000005
2010,5,12,17,30,-8.3,130,958,1016,0.23,913,32.7,250,5.2
2010,5,12,18,30,-9.1,129,974,1074,0.23,912,34.300000000000004,248,5.5
2010,5,12,19,30,-9.700000000000001,125,975,1063,0.23,912,35.4,248,6
2010,5,12,20,30,-10.200000000000001,167,887,964,0.23,911,35.9,251,6.5
2010,5,12,21,30,-10.3,116,924,842,0.23,911,35.7,257,6.7
2010,5,12,22,30,-10.100000000000001,108,861,650,0.23,911,34.800000000000004,268,6.300000000000001
2010,5,12,23,30,-9.700000000000001,94,741,422,0.23,911,34.2,275,6
2010,5,13,0,30,-8.200000000000001,69,511,189,0.23,911,30,307,4.7
2010,5,13,1,30,-6.5,13,46,15,0.23,912,26.5,316,4.7
2010,5,13,2,30,-6.4,0,0,0,0.23,913,24.3,314,4.9
2010,5,13,3,30,-6.4,0,0,0,0.23,915,22.400000000000002,312,4.4
2010,5,13,4,30,-6.7,0,0,0,0.23,916,20.400000000000002,311,3.5
2010,5,13,5,30,-6.7,0,0,0,0.23,916,18.5,312,2.6
2010,5,13,6,30,-6.6000000000000005,0,0,0,0.23,917,17,314,1.9000000000000001
2010,5,13,7,30,-6.4,0,0,0,0.23,917,15.8,316,1.6
2010,5,13,8,30,-6.4,0,0,0,0.23,917,14.8,316,1.4000000000000001
2010,5,13,9,30,-6.5,0,0,0,0.23,917,14,314,1.2000000000000002
2010,5,13,10,30,-6.5,0,0,0,0.23,918,13.3,314,1.2000000000000002
2010,5,13,11,30,-6.6000000000000005,0,0,0,0.23,918,13.200000000000001,319,1.2000000000000002
2010,5,13,12,30,-6.4,33,302,62,0.23,919,14.9,324,1.7000000000000002
2010,5,13,13,30,-7.2,70,670,274,0.23,919,18.2,172,2
2010,5,13,14,30,-7.800000000000001,91,824,508,0.23,920,21.700000000000003,44,1.8
2010,5,13,15,30,-8.1,105,904,724,0.23,920,24.900000000000002,88,1.9000000000000001
2010,5,13,16,30,-8.700000000000001,115,948,900,0.23,920,27.400000000000002,107,2.1
2010,5,13,17,30,-8.6,122,973,1022,0.23,919,29.1,107,2.4000000000000004
2010,5,13,18,30,-8.3,125,977,1074,0.23,918,30.400000000000002,102,2.9000000000000004
2010,5,13,19,30,-8,125,974,1063,0.23,918,31.3,96,3.6
2010,5,13,20,30,-7.5,122,958,984,0.23,917,31.700000000000003,92,4.2
2010,5,13,21,30,-6.9,118,915,838,0.23,917,31.700000000000003,89,4.800000000000001
2010,5,13,22,30,-6.300000000000001,109,854,647,0.23,916,31.1,86,5.2
2010,5,13,23,30,-5.300000000000001,93,747,424,0.23,916,30.700000000000003,85,5.5
2010,5,14,0,30,-3.2,67,527,193,0.23,917,27.5,82,5.2
2010,5,14,1,30,1,14,60,15,0.23,917,24.8,80,5
2010,5,14,2,30,5.9,0,0,0,0.23,918,23,79,5
2010,5,14,3,30,10.200000000000001,0,0,0,0.23,919,21.8,79,4.800000000000001
2010,5,14,4,30,13.100000000000001,0,0,0,0.23,919,21,86,4.5
2010,5,14,5,30,14.8,0,0,0,0.23,919,20.200000000000003,98,4
2010,5,14,6,30,15.8,0,0,0,0.23,919,19.700000000000003,109,3.8000000000000003
2010,5,14,7,30,16.3,0,0,0,0.23,919,19.3,115,3.9000000000000004
2010,5,14,8,30,16.7,0,0,0,0.23,919,19,113,4
2010,5,14,9,30,17.2,0,0,0,0.23,919,18.900000000000002,113,4.1000000000000005
2010,5,14,10,30,17.8,0,0,0,0.23,919,18.900000000000002,115,4
2010,5,14,11,30,18.2,0,0,0,0.23,919,19.1,119,4
2010,5,14,12,30,18.5,39,122,51,0.23,919,20.3,127,4.6000000000000005
2010,5,14,13,30,18.5,104,446,241,0.23,919,22.8,141,5.6000000000000005
2010,5,14,14,30,17.3,131,657,465,0.23,919,25.900000000000002,153,6.1000000000000005
2010,5,14,15,30,14.5,140,1,141,0.23,919,28.900000000000002,161,6
2010,5,14,16,30,11.3,146,850,851,0.23,919,31.5,168,5.6000000000000005
2010,5,14,17,30,8.6,291,687,927,0.23,918,33.5,175,5.2
2010,5,14,18,30,6.6000000000000005,447,383,820,0.23,917,35,183,4.7
2010,5,14,19,30,4.800000000000001,421,516,918,0.23,916,35.800000000000004,193,4.4
2010,5,14,20,30,2.9000000000000004,217,788,927,0.23,915,36.1,205,3.9000000000000004
2010,5,14,21,30,1.3,163,803,795,0.23,915,35.7,216,3.2
2010,5,14,22,30,0.9,120,771,608,0.23,914,34.7,228,2.3000000000000003
2010,5,14,23,30,2.5,98,703,411,0.23,914,34,234,1.8
2010,5,15,0,30,5.800000000000001,69,484,186,0.23,915,29.400000000000002,72,3.8000000000000003
2010,5,15,1,30,10.4,15,0,15,0.23,916,25.8,83,5.4
2010,5,15,2,30,14,0,0,0,0.23,917,23.6,91,6.1000000000000005
2010,5,15,3,30,16.3,0,0,0,0.23,918,22.3,97,5.800000000000001
2010,5,15,4,30,17.7,0,0,0,0.23,919,21.3,102,5.1000000000000005
2010,5,15,5,30,18.3,0,0,0,0.23,919,20.700000000000003,106,4.5
2010,5,15,6,30,18.6,0,0,0,0.23,919,20.3,106,4
2010,5,15,7,30,18.6,0,0,0,0.23,919,19.900000000000002,106,3.4000000000000004
2010,5,15,8,30,18.5,0,0,0,0.23,919,19.6,107,2.8000000000000003
2010,5,15,9,30,18.3,0,0,0,0.23,919,19.3,110,2.5
2010,5,15,10,30,18.2,0,0,0,0.23,920,19,111,2.2
2010,5,15,11,30,18.1,0,0,0,0.23,920,18.900000000000002,112,2.1
2010,5,15,12,30,18,38,186,57,0.23,921,19.700000000000003,118,2.4000000000000004
2010,5,15,13,30,17.6,91,0,91,0.23,921,21.6,123,2.7
2010,5,15,14,30,16.2,152,3,154,0.23,922,24,122,2.4000000000000004
2010,5,15,15,30,14,224,14,234,0.23,921,26.200000000000003,120,1.9000000000000001
2010,5,15,16,30,11.700000000000001,227,12,237,0.23,921,28,116,1.4000000000000001
2010,5,15,17,30,9.700000000000001,288,17,303,0.23,921,29.6,101,0.9
2010,5,15,18,30,8.1,491,93,582,0.23,920,30.700000000000003,65,0.6000000000000001
2010,5,15,19,30,6.800000000000001,131,926,1025,0.23,919,31.5,32,0.7000000000000001
2010,5,15,20,30,5.7,430,70,493,0.23,919,31.8,20,1
2010,5,15,21,30,4.7,121,879,814,0.23,918,31.700000000000003,22,1.3
2010,5,15,22,30,3.8000000000000003,108,820,628,0.23,918,31.200000000000003,35,1.6
2010,5,15,23,30,3.2,91,719,413,0.23,918,30.8,46,1.7000000000000002
2010,5,16,0,30,3.5,64,525,192,0.23,918,27.6,74,2.8000000000000003
2010,5,16,1,30,5.7,15,93,18,0.23,919,24.8,84,3.8000000000000003
2010,5,16,2,30,7.800000000000001,0,0,0,0.23,920,22.700000000000003,93,4.7
2010,5,16,3,30,9.700000000000001,0,0,0,0.23,921,21.200000000000003,99,4.6000000000000005
2010,5,16,4,30,10.9,0,0,0,0.23,921,19.900000000000002,103,3.7
2010,5,16,5,30,11.700000000000001,0,0,0,0.23,921,18.900000000000002,103,2.9000000000000004
2010,5,16,6,30,12.3,0,0,0,0.23,921,18.2,103,2.4000000000000004
2010,5,16,7,30,13,0,0,0,0.23,921,17.6,102,2
2010,5,16,8,30,13.8,0,0,0,0.23,921,17.1,101,1.7000000000000002
2010,5,16,9,30,14.4,0,0,0,0.23,921,16.8,106,1.4000000000000001
2010,5,16,10,30,15.200000000000001,0,0,0,0.23,921,16.6,114,1.2000000000000002
2010,5,16,11,30,15.700000000000001,0,0,0,0.23,921,16.900000000000002,117,1.2000000000000002
2010,5,16,12,30,16.1,37,211,59,0.23,922,18.400000000000002,126,1.6
2010,5,16,13,30,16.5,85,546,255,0.23,922,21.1,135,2.1
2010,5,16,14,30,16.2,159,5,161,0.23,922,24.3,130,2.4000000000000004
2010,5,16,15,30,13.9,184,7,189,0.23,922,27.3,123,2.6
2010,5,16,16,30,11.600000000000001,246,14,258,0.23,921,29.400000000000002,116,2.6
2010,5,16,17,30,10.100000000000001,422,370,766,0.23,921,30.900000000000002,110,2.7
2010,5,16,18,30,9.1,313,692,986,0.23,920,32,106,2.8000000000000003
2010,5,16,19,30,8.5,143,902,1014,0.23,919,32.7,103,2.9000000000000004
2010,5,16,20,30,8.200000000000001,142,878,934,0.23,918,33,100,3
2010,5,16,21,30,8.1,138,834,797,0.23,918,33,96,3.3000000000000003
2010,5,16,22,30,8,128,762,612,0.23,917,32.4,93,3.6
2010,5,16,23,30,8.1,109,647,400,0.23,917,32,92,3.8000000000000003
2010,5,17,0,30,8.5,81,302,154,0.23,918,29.400000000000002,92,4.4
2010,5,17,1,30,9.8,14,73,17,0.23,918,27.200000000000003,94,4.6000000000000005
2010,5,17,2,30,11.4,0,0,0,0.23,919,25.400000000000002,101,4.800000000000001
2010,5,17,3,30,12.700000000000001,0,0,0,0.23,920,24.1,111,4.6000000000000005
2010,5,17,4,30,13.8,0,0,0,0.23,920,22.900000000000002,123,4.3
2010,5,17,5,30,14.8,0,0,0,0.23,921,22,132,4.2
2010,5,17,6,30,15.600000000000001,0,0,0,0.23,921,21.1,137,3.9000000000000004
2010,5,17,7,30,16.1,0,0,0,0.23,920,20.200000000000003,140,3.5
2010,5,17,8,30,16.5,0,0,0,0.23,920,19.400000000000002,140,2.9000000000000004
2010,5,17,9,30,16.8,0,0,0,0.23,921,18.7,137,2.3000000000000003
2010,5,17,10,30,17,0,0,0,0.23,921,18.1,134,1.8
2010,5,17,11,30,17.1,0,0,0,0.23,921,18.1,134,1.7000000000000002
2010,5,17,12,30,17.1,37,207,59,0.23,922,19.5,143,2.3000000000000003
2010,5,17,13,30,17.2,88,524,252,0.23,922,22.400000000000002,151,2.9000000000000004
2010,5,17,14,30,16.400000000000002,114,694,470,0.23,922,25.8,140,3.1
2010,5,17,15,30,14.5,130,790,675,0.23,922,28.6,121,3.5
2010,5,17,16,30,13.4,141,844,843,0.23,922,30.700000000000003,111,4.2
2010,5,17,17,30,12.700000000000001,148,871,957,0.23,921,32.1,109,4.9
2010,5,17,18,30,12.4,167,859,1005,0.23,920,33.1,108,5.4
2010,5,17,19,30,12.200000000000001,368,600,949,0.23,919,33.7,109,5.800000000000001
2010,5,17,20,30,12.200000000000001,411,365,740,0.23,919,33.7,110,6.1000000000000005
2010,5,17,21,30,12.4,136,2,138,0.23,918,33.300000000000004,111,6.4
2010,5,17,22,30,12.700000000000001,176,6,179,0.23,918,32.300000000000004,112,6.6000000000000005
2010,5,17,23,30,13.100000000000001,115,0,115,0.23,917,31.700000000000003,112,6.7
2010,5,18,0,30,13.8,87,20,92,0.23,918,28.8,113,6.800000000000001
2010,5,18,1,30,15,14,0,14,0.23,919,26.700000000000003,114,6.7
2010,5,18,2,30,16,0,0,0,0.23,919,25.200000000000003,119,6.5
2010,5,18,3,30,16.900000000000002,0,0,0,0.23,920,24,124,6.300000000000001
2010,5,18,4,30,17.7,0,0,0,0.23,920,23,127,5.9
2010,5,18,5,30,18.400000000000002,0,0,0,0.23,919,22.3,130,5.6000000000000005
2010,5,18,6,30,18.8,0,0,0,0.23,919,21.700000000000003,136,5.2
2010,5,18,7,30,19,0,0,0,0.23,919,21.3,145,4.9
2010,5,18,8,30,19,0,0,0,0.23,919,20.900000000000002,151,4.5
2010,5,18,9,30,18.8,0,0,0,0.23,919,20.6,155,3.8000000000000003
2010,5,18,10,30,18.5,0,0,0,0.23,919,20.200000000000003,159,3
2010,5,18,11,30,18.1,0,0,0,0.23,919,19.900000000000002,163,2.2
2010,5,18,12,30,17.8,39,186,58,0.23,919,20.900000000000002,176,2.3000000000000003
2010,5,18,13,30,17.3,92,501,249,0.23,919,23.5,201,2.8000000000000003
2010,5,18,14,30,16,118,681,468,0.23,919,26.700000000000003,223,2.7
2010,5,18,15,30,13.4,131,788,675,0.23,919,29.6,232,2.1
2010,5,18,16,30,10.8,138,854,850,0.23,918,31.8,217,2
2010,5,18,17,30,8.9,270,721,941,0.23,917,33.5,203,2.4000000000000004
2010,5,18,18,30,7.300000000000001,135,922,1035,0.23,916,34.800000000000004,203,3
2010,5,18,19,30,5.7,287,726,989,0.23,915,35.7,209,3.3000000000000003
2010,5,18,20,30,3.9000000000000004,124,920,956,0.23,914,36.2,215,3.6
2010,5,18,21,30,2,210,709,772,0.23,913,36.4,220,3.7
2010,5,18,22,30,0,121,771,613,0.23,913,36,223,3.8000000000000003
2010,5,18,23,30,-1.7000000000000002,171,337,324,0.23,912,35.7,224,3.8000000000000003
2010,5,19,0,30,0.7000000000000001,62,576,205,0.23,912,31.400000000000002,218,1.9000000000000001
2010,5,19,1,30,5.2,16,0,16,0.23,912,27.8,206,1.4000000000000001
2010,5,19,2,30,3.9000000000000004,0,0,0,0.23,912,25.900000000000002,204,1.7000000000000002
2010,5,19,3,30,4.1000000000000005,0,0,0,0.23,913,24.5,222,2.2
2010,5,19,4,30,4.7,0,0,0,0.23,913,23.3,241,2.6
2010,5,19,5,30,4.3,0,0,0,0.23,914,22.400000000000002,247,2.9000000000000004
2010,5,19,6,30,3.7,0,0,0,0.23,913,21.6,249,3
2010,5,19,7,30,2.7,0,0,0,0.23,913,20.8,256,3.3000000000000003
2010,5,19,8,30,1.4000000000000001,0,0,0,0.23,913,20.1,266,3.4000000000000004
2010,5,19,9,30,0.2,0,0,0,0.23,913,19.400000000000002,275,3.4000000000000004
2010,5,19,10,30,-0.30000000000000004,0,0,0,0.23,914,18.8,282,3.3000000000000003
2010,5,19,11,30,0.30000000000000004,0,0,0,0.23,915,18.7,284,3.5
2010,5,19,12,30,1,33,338,69,0.23,915,20.3,280,4.2
2010,5,19,13,30,1.3,66,668,276,0.23,916,23.8,286,4.800000000000001
2010,5,19,14,30,1.1,83,814,502,0.23,916,27.400000000000002,295,5.300000000000001
2010,5,19,15,30,0,93,894,712,0.23,916,29.8,293,5.6000000000000005
2010,5,19,16,30,-0.30000000000000004,100,943,885,0.23,915,31.3,286,5.6000000000000005
2010,5,19,17,30,-0.5,103,968,1004,0.23,915,32.7,280,5.6000000000000005
2010,5,19,18,30,-0.9,105,979,1061,0.23,914,33.800000000000004,275,5.800000000000001
2010,5,19,19,30,-1.3,108,975,1052,0.23,913,34.7,273,6.1000000000000005
2010,5,19,20,30,-1.8,109,955,974,0.23,912,35.2,273,6.4
2010,5,19,21,30,-2.2,108,919,837,0.23,912,35.2,274,6.6000000000000005
2010,5,19,22,30,-2.6,102,857,650,0.23,911,34.6,275,6.6000000000000005
2010,5,19,23,30,-2.9000000000000004,88,756,431,0.23,911,34.2,276,6.5
2010,5,20,0,30,-2.7,63,567,205,0.23,912,30.400000000000002,279,4.1000000000000005
2010,5,20,1,30,-0.5,18,121,23,0.23,912,26.700000000000003,281,2.5
2010,5,20,2,30,0.2,0,0,0,0.23,913,24.5,280,2.1
2010,5,20,3,30,0.1,0,0,0,0.23,913,23.400000000000002,278,2.1
2010,5,20,4,30,-0.2,0,0,0,0.23,914,22.5,274,2.3000000000000003
2010,5,20,5,30,-0.5,0,0,0,0.23,914,21.700000000000003,270,2.5
2010,5,20,6,30,-0.8,0,0,0,0.23,914,21,270,2.9000000000000004
2010,5,20,7,30,-1.1,0,0,0,0.23,914,20.400000000000002,275,3.3000000000000003
2010,5,20,8,30,-1.2000000000000002,0,0,0,0.23,914,19.5,285,3.5
2010,5,20,9,30,-0.9,0,0,0,0.23,914,18.400000000000002,295,3.4000000000000004
2010,5,20,10,30,-0.4,0,0,0,0.23,915,17.3,300,3
2010,5,20,11,30,0,0,0,0,0.23,916,16.8,304,2.9000000000000004
2010,5,20,12,30,0.30000000000000004,34,354,72,0.23,916,18.3,306,3.3000000000000003
2010,5,20,13,30,0.2,66,688,283,0.23,917,21.400000000000002,319,3.3000000000000003
2010,5,20,14,30,-0.1,84,831,513,0.23,917,25,336,2.9000000000000004
2010,5,20,15,30,-0.9,96,906,724,0.23,917,28.5,344,2.7
2010,5,20,16,30,-1.9000000000000001,105,949,897,0.23,917,31.3,340,2.4000000000000004
2010,5,20,17,30,-2.3000000000000003,110,972,1016,0.23,916,33,330,2.1
2010,5,20,18,30,-2.5,115,979,1072,0.23,916,34.300000000000004,322,2
2010,5,20,19,30,-2.9000000000000004,114,978,1061,0.23,915,35.1,320,1.9000000000000001
2010,5,20,20,30,-3.3000000000000003,110,965,985,0.23,915,35.7,323,1.8
2010,5,20,21,30,-3.7,107,930,846,0.23,914,35.9,327,1.6
2010,5,20,22,30,-4.1000000000000005,96,880,660,0.23,914,35.6,335,1.4000000000000001
2010,5,20,23,30,-4.4,81,790,441,0.23,913,35.4,341,1.2000000000000002
2010,5,21,0,30,-3.2,59,610,212,0.23,914,31.700000000000003,39,1
2010,5,21,1,30,1.5,18,167,26,0.23,914,28.1,71,1.2000000000000002
2010,5,21,2,30,0.1,0,0,0,0.23,915,26.1,92,1.7000000000000002
2010,5,21,3,30,0,0,0,0,0.23,916,24.700000000000003,112,2.1
2010,5,21,4,30,0.5,0,0,0,0.23,916,23.400000000000002,128,2.5
2010,5,21,5,30,1.8,0,0,0,0.23,916,22,139,2.7
2010,5,21,6,30,3.8000000000000003,0,0,0,0.23,916,20.8,145,2.6
2010,5,21,7,30,6.2,0,0,0,0.23,916,19.900000000000002,148,2.3000000000000003
2010,5,21,8,30,8.6,0,0,0,0.23,916,19.200000000000003,150,2.1
2010,5,21,9,30,10.8,0,0,0,0.23,916,18.7,154,2
2010,5,21,10,30,12.600000000000001,0,0,0,0.23,917,18.400000000000002,159,2
2010,5,21,11,30,13.8,0,0,0,0.23,917,18.6,164,2.4000000000000004
2010,5,21,12,30,14.700000000000001,36,295,69,0.23,918,20.5,165,3.1
2010,5,21,13,30,15.5,75,611,269,0.23,918,24,159,3.9000000000000004
2010,5,21,14,30,15.600000000000001,95,766,491,0.23,918,28.1,154,4.5
2010,5,21,15,30,14,106,850,696,0.23,918,31.6,152,4.9
2010,5,21,16,30,12.100000000000001,113,897,863,0.23,917,34.2,150,5.1000000000000005
2010,5,21,17,30,10.8,118,921,977,0.23,916,36.2,149,5.4
2010,5,21,18,30,10.200000000000001,117,935,1031,0.23,916,37.5,149,5.7
2010,5,21,19,30,10,122,921,1014,0.23,915,38.300000000000004,152,6
2010,5,21,20,30,10.100000000000001,126,890,934,0.23,914,38.7,154,6.300000000000001
2010,5,21,21,30,10.200000000000001,313,463,681,0.23,913,38.5,156,6.6000000000000005
2010,5,21,22,30,10.3,276,58,313,0.23,912,37.6,157,6.800000000000001
2010,5,21,23,30,10.4,124,555,377,0.23,912,37.1,157,6.800000000000001
2010,5,22,0,30,11,94,171,138,0.22,912,33.7,146,6.7
2010,5,22,1,30,12.600000000000001,21,0,21,0.22,913,30.8,142,6.9
2010,5,22,2,30,14.3,0,0,0,0.22,913,28.700000000000003,145,7.300000000000001
2010,5,22,3,30,15.700000000000001,0,0,0,0.22,913,27.3,151,7.4
2010,5,22,4,30,16.3,0,0,0,0.22,914,26.200000000000003,159,6.9
2010,5,22,5,30,16.2,0,0,0,0.22,914,25.3,167,6.1000000000000005
2010,5,22,6,30,15.9,0,0,0,0.22,914,24.5,177,5.300000000000001
2010,5,22,7,30,15.700000000000001,0,0,0,0.22,914,23.8,189,4.6000000000000005
2010,5,22,8,30,15.600000000000001,0,0,0,0.22,914,23.1,198,3.9000000000000004
2010,5,22,9,30,15.5,0,0,0,0.22,914,22.400000000000002,205,3.3000000000000003
2010,5,22,10,30,15.100000000000001,0,0,0,0.22,914,21.6,212,2.8000000000000003
2010,5,22,11,30,14.600000000000001,0,0,0,0.22,914,21.3,219,2.9000000000000004
2010,5,22,12,30,13.9,35,307,70,0.22,914,22.900000000000002,224,3.5
2010,5,22,13,30,12.8,80,583,266,0.22,915,26.400000000000002,239,4.1000000000000005
2010,5,22,14,30,8.6,116,704,481,0.22,915,30.3,262,4
2010,5,22,15,30,4.2,139,788,686,0.22,915,33.2,269,3.5
2010,5,22,16,30,1.8,147,846,854,0.22,914,35.300000000000004,257,2.9000000000000004
2010,5,22,17,30,0.8,144,892,975,0.22,913,36.9,238,2.5
2010,5,22,18,30,0.9,143,911,1035,0.22,913,38.1,219,2.4000000000000004
2010,5,22,19,30,1.7000000000000002,141,909,1023,0.22,912,39,200,2.5
2010,5,22,20,30,3,140,886,944,0.22,911,39.400000000000006,181,2.6
2010,5,22,21,30,4.7,128,852,807,0.22,910,39.300000000000004,164,2.9000000000000004
2010,5,22,22,30,6.5,239,443,525,0.22,910,38.5,151,3.4000000000000004
2010,5,22,23,30,8.5,192,85,231,0.22,909,38,145,3.8000000000000003
2010,5,23,0,30,10.8,85,395,186,0.23,910,34.1,129,4.7
2010,5,23,1,30,13.3,18,0,18,0.23,911,30.900000000000002,125,5.300000000000001
2010,5,23,2,30,14.8,0,0,0,0.23,912,28.200000000000003,130,5.7
2010,5,23,3,30,15.600000000000001,0,0,0,0.23,912,26.5,138,5.6000000000000005
2010,5,23,4,30,15.9,0,0,0,0.23,912,25.400000000000002,148,5.2
2010,5,23,5,30,15.9,0,0,0,0.23,912,24.5,159,4.5
2010,5,23,6,30,15.8,0,0,0,0.23,912,23.6,172,3.3000000000000003
2010,5,23,7,30,15.5,0,0,0,0.23,912,22.700000000000003,186,2.3000000000000003
2010,5,23,8,30,14.9,0,0,0,0.23,913,21.900000000000002,201,1.9000000000000001
2010,5,23,9,30,13.8,0,0,0,0.23,913,21.1,218,1.7000000000000002
2010,5,23,10,30,12.600000000000001,0,0,0,0.23,913,20.400000000000002,231,1.6
2010,5,23,11,30,11.600000000000001,0,0,0,0.23,913,20.200000000000003,239,1.8
2010,5,23,12,30,10.9,37,295,71,0.23,914,21.700000000000003,240,2.7
2010,5,23,13,30,9.5,76,606,271,0.23,914,24.900000000000002,240,3.2
2010,5,23,14,30,8.5,100,752,491,0.23,915,28.3,242,2.6
2010,5,23,15,30,7.4,116,834,696,0.23,915,30.900000000000002,230,2.1
2010,5,23,16,30,6.6000000000000005,127,878,861,0.23,914,32.7,200,1.8
2010,5,23,17,30,6,265,731,947,0.23,914,34.300000000000004,172,2
2010,5,23,18,30,5.9,155,886,1023,0.23,913,35.6,156,2.5
2010,5,23,19,30,5.9,321,676,977,0.23,912,36.6,146,3
2010,5,23,20,30,6.1000000000000005,249,738,920,0.23,911,37.2,138,3.6
2010,5,23,21,30,6.300000000000001,217,701,776,0.23,910,37.2,135,4.4
2010,5,23,22,30,6.5,37,0,37,0.23,910,36.7,135,5.2
2010,5,23,23,30,6.9,39,0,39,0.23,910,36.300000000000004,136,5.6000000000000005
2010,5,24,0,30,8.200000000000001,16,0,16,0.22,910,32.800000000000004,135,6.300000000000001
2010,5,24,1,30,10.4,17,0,17,0.22,910,29.900000000000002,135,6.7
2010,5,24,2,30,12.4,0,0,0,0.22,911,27.900000000000002,140,7.300000000000001
2010,5,24,3,30,14,0,0,0,0.22,912,26.6,145,7.5
2010,5,24,4,30,15.3,0,0,0,0.22,912,25.6,149,7.5
2010,5,24,5,30,16.1,0,0,0,0.22,912,24.700000000000003,157,7.2
2010,5,24,6,30,16.5,0,0,0,0.22,912,23.900000000000002,172,6.4
2010,5,24,7,30,16.400000000000002,0,0,0,0.22,912,23.200000000000003,185,5.300000000000001
2010,5,24,8,30,15.9,0,0,0,0.22,913,22.6,193,4.1000000000000005
2010,5,24,9,30,15,0,0,0,0.22,913,21.8,209,3.1
2010,5,24,10,30,13.3,0,0,0,0.22,914,21,232,2.7
2010,5,24,11,30,11.200000000000001,0,0,0,0.22,914,20.8,246,2.9000000000000004
2010,5,24,12,30,9,35,352,75,0.22,915,22.5,253,3.9000000000000004
2010,5,24,13,30,6.1000000000000005,68,668,282,0.22,916,25.3,263,5.1000000000000005
2010,5,24,14,30,2.5,87,805,506,0.22,916,27.700000000000003,267,5.300000000000001
2010,5,24,15,30,0.6000000000000001,100,885,716,0.22,916,29.6,261,4.7
2010,5,24,16,30,-0.30000000000000004,107,935,890,0.22,916,31.400000000000002,253,4
2010,5,24,17,30,-1,112,961,1009,0.22,916,33,244,3.3000000000000003
2010,5,24,18,30,-1.5,114,971,1066,0.22,915,34.300000000000004,234,2.8000000000000003
2010,5,24,19,30,-1.8,113,971,1056,0.22,914,35.2,226,2.4000000000000004
2010,5,24,20,30,-1.9000000000000001,110,958,981,0.22,913,35.7,220,2
2010,5,24,21,30,-1.6,109,919,843,0.22,913,35.7,216,1.6
2010,5,24,22,30,-1.1,99,862,656,0.22,912,35.2,187,1.3
2010,5,24,23,30,0.2,86,762,438,0.22,912,34.9,161,1.2000000000000002
2010,5,25,0,30,3.1,65,559,210,0.23,912,31.3,88,2.1
2010,5,25,1,30,8.6,21,123,28,0.23,913,28.1,87,2.7
2010,5,25,2,30,12.5,0,0,0,0.23,914,26,90,2.9000000000000004
2010,5,25,3,30,15.5,0,0,0,0.23,915,24.900000000000002,92,2.8000000000000003
2010,5,25,4,30,17.5,0,0,0,0.23,915,24.1,99,2.8000000000000003
2010,5,25,5,30,18.7,0,0,0,0.23,915,23.3,109,3
2010,5,25,6,30,19.400000000000002,0,0,0,0.23,915,22.8,118,3.2
2010,5,25,7,30,19.900000000000002,0,0,0,0.23,915,22.3,127,3.3000000000000003
2010,5,25,8,30,20.200000000000003,0,0,0,0.23,915,21.900000000000002,136,3.1
2010,5,25,9,30,20.200000000000003,0,0,0,0.23,915,21.400000000000002,146,2.5
2010,5,25,10,30,20,0,0,0,0.23,915,20.900000000000002,155,1.8
2010,5,25,11,30,19.900000000000002,0,0,0,0.23,916,21,160,1.5
2010,5,25,12,30,19.8,41,253,70,0.23,916,22.3,161,1.7000000000000002
2010,5,25,13,30,19.5,83,571,267,0.23,917,24.6,157,1.9000000000000001
2010,5,25,14,30,18.6,105,731,486,0.23,917,27.1,139,1.9000000000000001
2010,5,25,15,30,17.3,118,818,688,0.23,917,29.3,120,2.2
2010,5,25,16,30,16.2,126,869,854,0.23,917,31.1,114,2.8000000000000003
2010,5,25,17,30,15.3,132,894,967,0.23,917,32.6,114,3.5
2010,5,25,18,30,14.5,139,898,1020,0.23,917,33.6,116,4.1000000000000005
2010,5,25,19,30,13.8,142,889,1007,0.23,916,34.2,118,4.6000000000000005
2010,5,25,20,30,13.200000000000001,298,657,896,0.23,916,34.4,121,5.1000000000000005
2010,5,25,21,30,12.700000000000001,394,158,520,0.23,915,34.2,123,5.4
2010,5,25,22,30,12.4,157,3,159,0.23,915,33.6,125,5.800000000000001
2010,5,25,23,30,12.200000000000001,87,0,87,0.23,915,33.2,126,5.9
2010,5,26,0,30,12.5,78,455,197,0.23,915,31,126,6.300000000000001
2010,5,26,1,30,13.5,22,92,27,0.23,916,29,127,6.5
2010,5,26,2,30,14.9,0,0,0,0.23,916,27.200000000000003,129,6.4
2010,5,26,3,30,16.3,0,0,0,0.23,917,25.900000000000002,133,5.9
2010,5,26,4,30,17.7,0,0,0,0.23,917,24.8,137,5.300000000000001
2010,5,26,5,30,19,0,0,0,0.23,917,23.8,141,4.6000000000000005
2010,5,26,6,30,19.700000000000003,0,0,0,0.23,917,22.900000000000002,139,3.9000000000000004
2010,5,26,7,30,20,0,0,0,0.23,917,22.200000000000003,129,3.4000000000000004
2010,5,26,8,30,20,0,0,0,0.23,918,21.6,118,3.2
2010,5,26,9,30,20,0,0,0,0.23,918,21.1,111,3.2
2010,5,26,10,30,19.8,0,0,0,0.23,918,20.700000000000003,109,3.2
2010,5,26,11,30,19.6,0,0,0,0.23,919,20.6,110,3.2
2010,5,26,12,30,19.3,42,247,71,0.23,920,21.400000000000002,119,3.6
2010,5,26,13,30,18.8,83,567,267,0.23,920,23.400000000000002,124,4
2010,5,26,14,30,17.8,208,44,230,0.23,921,25.700000000000003,116,4.4
2010,5,26,15,30,16.400000000000002,198,9,204,0.23,921,27.5,110,5.2
2010,5,26,16,30,15.5,286,19,302,0.23,921,28.900000000000002,111,5.7
2010,5,26,17,30,14.8,281,16,296,0.23,921,30.3,114,5.800000000000001
2010,5,26,18,30,14.100000000000001,510,197,704,0.23,920,31.5,118,5.9
2010,5,26,19,30,13.600000000000001,491,273,756,0.23,919,32.4,120,6
2010,5,26,20,30,13.200000000000001,124,897,942,0.23,918,32.9,122,6.1000000000000005
2010,5,26,21,30,13.100000000000001,119,862,809,0.23,918,33,122,6.1000000000000005
2010,5,26,22,30,13,189,595,575,0.23,918,32.6,123,6.1000000000000005
2010,5,26,23,30,13.100000000000001,97,660,404,0.23,918,32.300000000000004,123,6.1000000000000005
2010,5,27,0,30,13.4,84,343,174,0.23,918,30,124,5.6000000000000005
2010,5,27,1,30,14.100000000000001,20,95,25,0.23,919,28.1,125,4.9
2010,5,27,2,30,15,0,0,0,0.23,920,26.5,127,4.7
2010,5,27,3,30,15.9,0,0,0,0.23,921,25.1,133,4.6000000000000005
2010,5,27,4,30,16.8,0,0,0,0.23,921,23.8,138,4.5
2010,5,27,5,30,17.6,0,0,0,0.23,921,22.700000000000003,142,4.1000000000000005
2010,5,27,6,30,18.1,0,0,0,0.23,921,21.700000000000003,142,3.6
2010,5,27,7,30,18.3,0,0,0,0.23,921,20.900000000000002,142,3
2010,5,27,8,30,18.3,0,0,0,0.23,921,20.1,141,2.3000000000000003
2010,5,27,9,30,18.3,0,0,0,0.23,921,19.400000000000002,138,1.7000000000000002
2010,5,27,10,30,18.3,0,0,0,0.23,921,18.900000000000002,134,1.5
2010,5,27,11,30,18.2,0,0,0,0.23,922,19.1,132,1.8
2010,5,27,12,30,18.1,42,263,73,0.23,922,20.900000000000002,139,2.5
2010,5,27,13,30,17.7,84,569,268,0.23,922,23.700000000000003,146,2.8000000000000003
2010,5,27,14,30,16.900000000000002,108,724,486,0.23,922,26.5,140,3.1
2010,5,27,15,30,15.700000000000001,119,817,689,0.23,922,29.1,131,3.5
2010,5,27,16,30,14.600000000000001,127,867,854,0.23,922,31.200000000000003,124,3.9000000000000004
2010,5,27,17,30,13.700000000000001,131,896,969,0.23,921,32.800000000000004,117,4.3
2010,5,27,18,30,13.100000000000001,128,914,1024,0.23,921,33.9,113,4.7
2010,5,27,19,30,12.8,127,912,1015,0.23,920,34.6,110,5.1000000000000005
2010,5,27,20,30,12.5,122,900,942,0.23,919,34.800000000000004,109,5.4
2010,5,27,21,30,12.3,120,858,808,0.23,919,34.6,108,5.7
2010,5,27,22,30,12,108,806,631,0.23,919,33.9,109,5.800000000000001
2010,5,27,23,30,11.700000000000001,91,713,423,0.23,918,33.4,109,5.800000000000001
2010,5,28,0,30,11.600000000000001,66,540,209,0.23,919,30.900000000000002,114,5.2
2010,5,28,1,30,11.8,22,157,31,0.23,920,28.8,118,4.5
2010,5,28,2,30,12.3,0,0,0,0.23,920,27.1,126,4.3
2010,5,28,3,30,12.9,0,0,0,0.23,921,25.700000000000003,135,4.1000000000000005
2010,5,28,4,30,13.600000000000001,0,0,0,0.23,921,24.5,146,3.7
2010,5,28,5,30,14.3,0,0,0,0.23,921,23.400000000000002,156,3.3000000000000003
2010,5,28,6,30,14.9,0,0,0,0.23,921,22.400000000000002,165,2.9000000000000004
2010,5,28,7,30,15.3,0,0,0,0.23,921,21.5,172,2.5
2010,5,28,8,30,15.600000000000001,0,0,0,0.23,920,20.700000000000003,175,2.1
2010,5,28,9,30,15.8,0,0,0,0.23,920,20.1,177,1.7000000000000002
2010,5,28,10,30,15.9,0,0,0,0.23,920,19.5,178,1.4000000000000001
2010,5,28,11,30,16,0,0,0,0.23,921,19.6,179,1.4000000000000001
2010,5,28,12,30,16.1,38,324,77,0.23,921,21.3,181,2
2010,5,28,13,30,15.9,73,626,277,0.23,921,24.5,172,2.6
2010,5,28,14,30,14.5,93,770,495,0.23,921,27.8,147,3
2010,5,28,15,30,12.5,105,851,699,0.23,921,30.3,129,3.4000000000000004
2010,5,28,16,30,11.100000000000001,113,900,868,0.23,921,32.1,121,3.7
2010,5,28,17,30,10.100000000000001,118,926,984,0.23,920,33.6,115,3.9000000000000004
2010,5,28,18,30,9.5,116,942,1042,0.23,919,34.6,112,4.1000000000000005
2010,5,28,19,30,9,117,940,1032,0.23,918,35.2,111,4.3
2010,5,28,20,30,8.6,115,926,960,0.23,917,35.4,110,4.4
2010,5,28,21,30,8.3,118,879,824,0.23,917,35.2,111,4.3
2010,5,28,22,30,8,108,824,644,0.23,916,34.5,111,4.2
2010,5,28,23,30,7.7,93,725,432,0.23,916,34,110,4.2
2010,5,29,0,30,7.6000000000000005,79,396,184,0.23,916,31.400000000000002,110,3.6
2010,5,29,1,30,8.200000000000001,23,166,33,0.23,917,29.3,114,3.4000000000000004
2010,5,29,2,30,8.6,0,0,0,0.23,917,27.700000000000003,126,4.1000000000000005
2010,5,29,3,30,9.200000000000001,0,0,0,0.23,917,26.3,137,4.800000000000001
2010,5,29,4,30,10.4,0,0,0,0.23,918,24.8,147,4.7
2010,5,29,5,30,11.5,0,0,0,0.23,917,23.5,155,4.2
2010,5,29,6,30,12.4,0,0,0,0.23,917,22.5,160,3.6
2010,5,29,7,30,13,0,0,0,0.23,917,21.6,165,3.1
2010,5,29,8,30,13.4,0,0,0,0.23,916,20.900000000000002,169,2.5
2010,5,29,9,30,13.700000000000001,0,0,0,0.23,916,20.3,176,2.1
2010,5,29,10,30,13.9,0,0,0,0.23,916,19.8,185,1.9000000000000001
2010,5,29,11,30,14.100000000000001,0,0,0,0.23,917,20,193,2.1
2010,5,29,12,30,14.100000000000001,39,299,75,0.23,917,21.900000000000002,199,2.6
2010,5,29,13,30,13.9,77,595,271,0.23,917,25.6,205,3
2010,5,29,14,30,13.100000000000001,100,738,486,0.23,917,29.400000000000002,206,2.8000000000000003
2010,5,29,15,30,12.200000000000001,164,715,664,0.23,917,32.1,194,2.1
2010,5,29,16,30,11.600000000000001,122,870,852,0.23,916,34,166,1.6
2010,5,29,17,30,11.100000000000001,128,897,967,0.23,915,35.5,131,1.6
2010,5,29,18,30,10.9,135,904,1023,0.23,915,36.6,105,2
2010,5,29,19,30,10.5,134,903,1014,0.23,914,37.2,93,2.6
2010,5,29,20,30,10.200000000000001,298,659,900,0.23,913,37.5,91,3.3000000000000003
2010,5,29,21,30,9.9,174,786,806,0.23,912,37.2,94,3.8000000000000003
2010,5,29,22,30,9.5,197,578,574,0.23,912,36.5,99,4.2
2010,5,29,23,30,9.1,96,704,426,0.23,912,36.1,102,4.4
2010,5,30,0,30,8.8,69,530,211,0.23,912,33.4,112,4.5
2010,5,30,1,30,9,21,26,23,0.23,913,31,120,4.4
2010,5,30,2,30,9.1,0,0,0,0.23,914,29,131,4.800000000000001
2010,5,30,3,30,9.4,0,0,0,0.23,914,27.6,141,4.7
2010,5,30,4,30,10.3,0,0,0,0.23,915,26.3,146,4.1000000000000005
2010,5,30,5,30,11,0,0,0,0.23,915,25.200000000000003,147,3.6
2010,5,30,6,30,11.600000000000001,0,0,0,0.23,915,24.200000000000003,150,3.2
2010,5,30,7,30,12,0,0,0,0.23,915,23.3,157,2.9000000000000004
2010,5,30,8,30,12.600000000000001,0,0,0,0.23,915,22.5,168,2.8000000000000003
2010,5,30,9,30,13.100000000000001,0,0,0,0.23,914,21.8,179,2.5
2010,5,30,10,30,13.3,0,0,0,0.23,914,21.200000000000003,192,2.2
2010,5,30,11,30,13.4,0,0,0,0.23,915,21.3,206,2.1
2010,5,30,12,30,13.3,38,308,75,0.23,915,23,219,2.4000000000000004
2010,5,30,13,30,12.8,73,609,272,0.23,915,26.6,233,2.2
2010,5,30,14,30,11,93,753,488,0.23,916,30.5,223,1.4000000000000001
2010,5,30,15,30,9.9,106,835,690,0.23,916,33.2,157,1
2010,5,30,16,30,9.600000000000001,116,880,855,0.23,916,34.7,98,1.7000000000000002
2010,5,30,17,30,9.5,122,903,968,0.23,916,35.9,87,2.5
2010,5,30,18,30,9.4,136,900,1020,0.23,915,36.7,84,3.2
2010,5,30,19,30,9.3,136,897,1011,0.23,915,37.1,85,3.7
2010,5,30,20,30,9.1,134,879,938,0.23,914,37.2,89,4.1000000000000005
2010,5,30,21,30,9,127,846,807,0.23,914,36.9,95,4.4
2010,5,30,22,30,8.700000000000001,251,422,527,0.23,914,36.2,102,4.6000000000000005
2010,5,30,23,30,8.5,153,462,371,0.23,914,35.800000000000004,105,4.7
2010,5,31,0,30,8.3,23,0,23,0.23,914,33.2,116,4.2
2010,5,31,1,30,8.8,15,0,15,0.23,915,30.8,124,4
2010,5,31,2,30,9.200000000000001,0,0,0,0.23,916,28.900000000000002,134,4.6000000000000005
2010,5,31,3,30,9.8,0,0,0,0.23,916,27.3,144,4.9
2010,5,31,4,30,11,0,0,0,0.23,917,25.8,151,4.7
2010,5,31,5,30,12.200000000000001,0,0,0,0.23,917,24.6,154,4.1000000000000005
2010,5,31,6,30,13.100000000000001,0,0,0,0.23,917,23.6,154,3.4000000000000004
2010,5,31,7,30,13.700000000000001,0,0,0,0.23,917,22.6,152,2.8000000000000003
2010,5,31,8,30,14.3,0,0,0,0.23,918,21.8,151,2.3000000000000003
2010,5,31,9,30,14.700000000000001,0,0,0,0.23,918,21.200000000000003,154,1.9000000000000001
2010,5,31,10,30,14.8,0,0,0,0.23,918,20.700000000000003,158,1.7000000000000002
2010,5,31,11,30,14.9,0,0,0,0.23,919,21,165,1.9000000000000001
2010,5,31,12,30,14.8,40,295,75,0.23,919,22.700000000000003,174,2.5
2010,5,31,13,30,14.600000000000001,77,592,271,0.23,920,26.400000000000002,185,3.1
2010,5,31,14,30,13.100000000000001,99,741,487,0.23,920,30.6,184,3.4000000000000004
2010,5,31,15,30,10.600000000000001,112,825,688,0.23,920,33.5,162,3.4000000000000004
2010,5,31,16,30,8.9,199,765,841,0.23,919,35.300000000000004,142,3.9000000000000004
2010,5,31,17,30,7.9,123,907,973,0.23,919,36.6,133,4.4
2010,5,31,18,30,7.2,132,913,1030,0.23,918,37.4,128,4.9
2010,5,31,19,30,6.6000000000000005,323,671,978,0.23,917,37.800000000000004,125,5.300000000000001
2010,5,31,20,30,6.2,366,545,864,0.23,917,37.9,123,5.7
2010,5,31,21,30,5.9,316,470,694,0.23,916,37.5,124,5.9
2010,5,31,22,30,6,272,357,506,0.23,916,36.6,128,6.1000000000000005
2010,5,31,23,30,6.2,157,447,368,0.23,916,36,131,6.1000000000000005
2021,6,1,0,30,17.900000000000002,98,322,186,0.24,922,24.700000000000003,66,5.5
2021,6,1,1,30,18.1,25,61,29,0.24,923,23.200000000000003,70,5.4
2021,6,1,2,30,18.1,0,0,0,0.24,924,22,75,5.6000000000000005
2021,6,1,3,30,18,0,0,0,0.24,925,21.200000000000003,80,5.5
2021,6,1,4,30,17.900000000000002,0,0,0,0.24,925,20.5,84,5.2
2021,6,1,5,30,17.8,0,0,0,0.24,925,20,84,4.7
2021,6,1,6,30,17.6,0,0,0,0.24,925,19.5,83,4.3
2021,6,1,7,30,17.400000000000002,0,0,0,0.24,925,19.1,82,4
2021,6,1,8,30,17.2,0,0,0,0.24,925,18.8,82,3.7
2021,6,1,9,30,17.1,0,0,0,0.24,925,18.400000000000002,83,3.4000000000000004
2021,6,1,10,30,17,0,0,0,0.24,925,18.2,84,3.1
2021,6,1,11,30,16.900000000000002,0,0,0,0.24,925,18.1,85,3
2021,6,1,12,30,16.7,44,250,75,0.24,926,18.5,88,3.2
2021,6,1,13,30,16.400000000000002,86,553,267,0.24,926,19.6,93,3.4000000000000004
2021,6,1,14,30,16.1,106,717,482,0.24,926,21,97,3.3000000000000003
2021,6,1,15,30,15.9,116,811,683,0.24,926,22.6,99,3.1
2021,6,1,16,30,15.700000000000001,122,867,850,0.24,926,24.3,101,2.9000000000000004
2021,6,1,17,30,15.4,387,40,424,0.24,925,25.6,102,2.7
2021,6,1,18,30,15,404,156,557,0.24,925,26.700000000000003,101,2.6
2021,6,1,19,30,14.600000000000001,115,927,1020,0.24,924,27.6,97,2.4000000000000004
2021,6,1,20,30,14.100000000000001,108,917,948,0.24,923,28.1,92,2.3000000000000003
2021,6,1,21,30,13.700000000000001,101,890,819,0.24,922,28.400000000000002,91,2.2
2021,6,1,22,30,13.4,91,843,644,0.24,922,28.3,95,2.2
2021,6,1,23,30,13.100000000000001,145,487,376,0.24,922,28.1,98,2.2
2021,6,2,0,30,13.100000000000001,98,191,150,0.24,921,26.200000000000003,99,2
2021,6,2,1,30,14.200000000000001,25,61,29,0.24,921,24.1,97,1.7000000000000002
2021,6,2,2,30,14.200000000000001,0,0,0,0.24,922,22.700000000000003,108,1.8
2021,6,2,3,30,13.9,0,0,0,0.24,922,22.200000000000003,127,2.1
2021,6,2,4,30,13.700000000000001,0,0,0,0.24,922,21.8,143,2.3000000000000003
2021,6,2,5,30,13.600000000000001,0,0,0,0.24,922,21.200000000000003,155,2.1
2021,6,2,6,30,13.700000000000001,0,0,0,0.24,922,20.700000000000003,164,1.8
2021,6,2,7,30,13.700000000000001,0,0,0,0.24,921,20.200000000000003,165,1.5
2021,6,2,8,30,13.8,0,0,0,0.24,921,19.5,166,1.2000000000000002
2021,6,2,9,30,13.9,0,0,0,0.24,920,18.8,170,0.9
2021,6,2,10,30,14.100000000000001,0,0,0,0.24,920,18.400000000000002,181,0.7000000000000001
2021,6,2,11,30,14.200000000000001,0,0,0,0.24,921,18.8,119,0.5
2021,6,2,12,30,14.4,38,346,81,0.24,921,20.6,199,0.8
2021,6,2,13,30,14.600000000000001,70,629,276,0.24,922,23.3,341,1.2000000000000002
2021,6,2,14,30,14.5,89,762,489,0.24,922,25.900000000000002,339,1.2000000000000002
2021,6,2,15,30,13.9,113,811,681,0.24,922,27.700000000000003,183,1
2021,6,2,16,30,13.3,240,656,791,0.24,921,29.200000000000003,42,0.9
2021,6,2,17,30,12.9,210,773,934,0.24,921,30.400000000000002,87,1
2021,6,2,18,30,12.5,441,445,879,0.24,920,31.5,120,1.3
2021,6,2,19,30,12.100000000000001,359,577,923,0.24,920,32.1,133,1.8
2021,6,2,20,30,11.8,334,532,822,0.24,919,32.4,133,2.3000000000000003
2021,6,2,21,30,11.600000000000001,362,321,621,0.24,918,32.4,128,2.7
2021,6,2,22,30,11.5,285,84,340,0.24,918,31.900000000000002,123,3
2021,6,2,23,30,11.4,180,44,201,0.24,918,31.5,120,3.2
2021,6,3,0,30,11.600000000000001,88,19,93,0.24,918,29,119,3.8000000000000003
2021,6,3,1,30,12.9,19,0,19,0.24,919,26.6,120,4.1000000000000005
2021,6,3,2,30,14,0,0,0,0.24,919,24.8,124,4.3
2021,6,3,3,30,14.700000000000001,0,0,0,0.24,920,23.5,128,3.8000000000000003
2021,6,3,4,30,15.200000000000001,0,0,0,0.24,920,22.5,131,3.2
2021,6,3,5,30,15.4,0,0,0,0.24,920,21.6,130,2.8000000000000003
2021,6,3,6,30,15.700000000000001,0,0,0,0.24,920,20.900000000000002,125,2.5
2021,6,3,7,30,15.9,0,0,0,0.24,920,20.400000000000002,129,2.4000000000000004
2021,6,3,8,30,16.1,0,0,0,0.24,920,20.1,142,2.3000000000000003
2021,6,3,9,30,16.1,0,0,0,0.24,920,19.900000000000002,157,1.7000000000000002
2021,6,3,10,30,16.2,0,0,0,0.24,920,19.700000000000003,178,1.1
2021,6,3,11,30,16.400000000000002,0,0,0,0.24,920,19.6,196,1
2021,6,3,12,30,16.400000000000002,42,35,46,0.24,921,20,185,1.1
2021,6,3,13,30,16.3,99,440,244,0.24,921,21,149,1.1
2021,6,3,14,30,15.8,135,612,456,0.24,921,22.400000000000002,99,1.1
2021,6,3,15,30,15,177,666,643,0.24,921,23.8,67,1.5
2021,6,3,16,30,14.600000000000001,149,818,837,0.24,921,24.8,62,1.9000000000000001
2021,6,3,17,30,14.3,229,741,924,0.24,921,25.5,58,2.2
2021,6,3,18,30,14.200000000000001,131,903,1020,0.24,921,26,55,2.3000000000000003
2021,6,3,19,30,14,129,904,1012,0.24,920,26.200000000000003,57,2.3000000000000003
2021,6,3,20,30,13.8,123,895,944,0.24,920,26.200000000000003,62,2.3000000000000003
2021,6,3,21,30,13.600000000000001,194,720,776,0.24,920,26.1,67,2.4000000000000004
2021,6,3,22,30,13.5,101,822,642,0.24,920,25.8,71,2.5
2021,6,3,23,30,13.4,150,384,333,0.24,919,25.6,73,2.5
2021,6,4,0,30,13.700000000000001,75,494,211,0.24,919,24.200000000000003,73,2.1
2021,6,4,1,30,14.4,26,104,34,0.24,920,22.8,78,1.6
2021,6,4,2,30,14.3,0,0,0,0.24,920,21.8,88,1.5
2021,6,4,3,30,14.3,0,0,0,0.24,921,21.200000000000003,99,1.5
2021,6,4,4,30,14.3,0,0,0,0.24,922,20.5,105,1.4000000000000001
2021,6,4,5,30,14.3,0,0,0,0.24,921,19.8,108,1.4000000000000001
2021,6,4,6,30,14.5,0,0,0,0.24,921,19.200000000000003,110,1.3
2021,6,4,7,30,14.600000000000001,0,0,0,0.24,921,18.7,116,1.1
2021,6,4,8,30,14.700000000000001,0,0,0,0.24,921,18.3,129,1
2021,6,4,9,30,14.700000000000001,0,0,0,0.24,921,17.8,147,0.9
2021,6,4,10,30,14.600000000000001,0,0,0,0.24,921,17.3,172,0.8
2021,6,4,11,30,14.5,0,0,0,0.24,921,17.5,201,0.7000000000000001
2021,6,4,12,30,14.4,38,367,84,0.24,922,19.3,248,0.7000000000000001
2021,6,4,13,30,14.3,67,660,284,0.24,922,22.5,162,1
2021,6,4,14,30,13.4,83,797,502,0.24,922,25.700000000000003,47,1.8
2021,6,4,15,30,12,95,870,704,0.24,922,27.700000000000003,51,2.7
2021,6,4,16,30,11.4,103,909,867,0.24,921,29.1,53,3.3000000000000003
2021,6,4,17,30,11.200000000000001,108,933,983,0.24,921,30.200000000000003,57,3.6
2021,6,4,18,30,11,110,942,1037,0.24,920,31,62,3.8000000000000003
2021,6,4,19,30,11,109,939,1027,0.24,920,31.3,68,3.9000000000000004
2021,6,4,20,30,11,108,922,954,0.24,919,31.3,73,3.9000000000000004
2021,6,4,21,30,11.100000000000001,105,889,824,0.24,919,30.900000000000002,79,3.9000000000000004
2021,6,4,22,30,11.200000000000001,128,759,628,0.24,919,30.1,85,4
2021,6,4,23,30,11.100000000000001,84,748,441,0.24,919,29.6,89,4
2021,6,5,0,30,11.200000000000001,73,500,212,0.24,919,27.400000000000002,104,4.1000000000000005
2021,6,5,1,30,11.700000000000001,27,220,43,0.24,919,25.6,113,4.2
2021,6,5,2,30,12.100000000000001,0,0,0,0.24,920,24.1,121,4.5
2021,6,5,3,30,12.4,0,0,0,0.24,920,23,128,4.4
2021,6,5,4,30,12.700000000000001,0,0,0,0.24,920,22,137,4
2021,6,5,5,30,12.9,0,0,0,0.24,920,21.200000000000003,148,3.7
2021,6,5,6,30,13.100000000000001,0,0,0,0.24,920,20.5,161,3.2
2021,6,5,7,30,13.200000000000001,0,0,0,0.24,919,20,173,2.6
2021,6,5,8,30,13.3,0,0,0,0.24,919,19.5,185,2.1
2021,6,5,9,30,13.3,0,0,0,0.24,918,19.200000000000003,197,1.9000000000000001
2021,6,5,10,30,13.3,0,0,0,0.24,918,18.900000000000002,209,1.8
2021,6,5,11,30,13.4,0,0,0,0.24,918,19.3,217,2
2021,6,5,12,30,13.4,39,338,81,0.24,918,21.1,221,2.5
2021,6,5,13,30,13.4,71,625,277,0.24,918,24.400000000000002,221,2.8000000000000003
2021,6,5,14,30,12.700000000000001,90,762,490,0.24,918,27.8,216,2.6
2021,6,5,15,30,12.3,102,841,691,0.24,917,30.200000000000003,209,2.1
2021,6,5,16,30,12.3,110,886,855,0.24,917,32,205,1.9000000000000001
2021,6,5,17,30,12.200000000000001,114,913,970,0.24,916,33.4,198,1.7000000000000002
2021,6,5,18,30,11.9,111,929,1026,0.24,916,34.5,190,1.7000000000000002
2021,6,5,19,30,11.600000000000001,111,929,1019,0.24,915,35.5,184,1.8
2021,6,5,20,30,11.200000000000001,109,914,948,0.24,914,36.1,178,1.8
2021,6,5,21,30,10.700000000000001,105,880,818,0.24,913,36.4,170,1.8
2021,6,5,22,30,10.200000000000001,97,827,643,0.24,912,36.2,162,1.9000000000000001
2021,6,5,23,30,9.8,85,740,439,0.24,912,36,158,2
2021,6,6,0,30,9.600000000000001,78,471,209,0.24,911,33.300000000000004,133,2.4000000000000004
2021,6,6,1,30,12,25,34,28,0.24,911,30.400000000000002,126,3.2
2021,6,6,2,30,11.4,0,0,0,0.24,911,28.400000000000002,134,3.9000000000000004
2021,6,6,3,30,11.700000000000001,0,0,0,0.24,912,27,148,3.8000000000000003
2021,6,6,4,30,12.100000000000001,0,0,0,0.24,912,25.900000000000002,167,3.2
2021,6,6,5,30,12,0,0,0,0.24,912,25,201,2.4000000000000004
2021,6,6,6,30,11.4,0,0,0,0.24,912,24.3,265,1.9000000000000001
2021,6,6,7,30,10.9,0,0,0,0.24,911,23.6,323,2
2021,6,6,8,30,11.3,0,0,0,0.24,911,22.900000000000002,336,2.1
2021,6,6,9,30,11.8,0,0,0,0.24,911,22.3,314,2.2
2021,6,6,10,30,12.200000000000001,0,0,0,0.24,912,22.1,296,2.6
2021,6,6,11,30,12.4,0,0,0,0.24,913,22.400000000000002,295,3.2
2021,6,6,12,30,12.5,44,73,53,0.24,913,24.1,296,4.1000000000000005
2021,6,6,13,30,12.3,76,601,274,0.24,913,27.1,295,4.7
2021,6,6,14,30,12.200000000000001,109,700,477,0.24,913,30.700000000000003,296,4.800000000000001
2021,6,6,15,30,11.600000000000001,111,824,688,0.24,913,33.9,295,4.800000000000001
2021,6,6,16,30,10.100000000000001,122,866,850,0.24,913,36.5,291,4.9
2021,6,6,17,30,8.5,159,845,951,0.24,912,38.400000000000006,286,5.1000000000000005
2021,6,6,18,30,6.9,130,910,1026,0.24,912,39.7,285,5.1000000000000005
2021,6,6,19,30,5.6000000000000005,135,904,1019,0.24,911,40.6,285,5
2021,6,6,20,30,4.7,409,232,622,0.24,910,41,287,4.7
2021,6,6,21,30,4.3,350,365,646,0.24,910,40.900000000000006,287,4.3
2021,6,6,22,30,3.9000000000000004,213,521,557,0.24,909,40.400000000000006,285,4
2021,6,6,23,30,3.6,151,458,371,0.24,909,40.1,284,3.9000000000000004
2021,6,7,0,30,5.4,77,514,221,0.24,910,36.5,301,3
2021,6,7,1,30,8.200000000000001,27,102,35,0.24,911,33.2,321,2.1
2021,6,7,2,30,9.600000000000001,0,0,0,0.24,912,31.1,167,1.1
2021,6,7,3,30,10.8,0,0,0,0.24,913,30.5,101,0.7000000000000001
2021,6,7,4,30,10.100000000000001,0,0,0,0.24,913,29.5,213,1.3
2021,6,7,5,30,9.3,0,0,0,0.24,912,28.200000000000003,238,2.5
2021,6,7,6,30,7.5,0,0,0,0.24,912,27.5,253,3.7
2021,6,7,7,30,5.4,0,0,0,0.24,912,26.700000000000003,264,4.7
2021,6,7,8,30,3.8000000000000003,0,0,0,0.24,913,25.900000000000002,270,5.1000000000000005
2021,6,7,9,30,3,0,0,0,0.24,913,25.200000000000003,274,5.4
2021,6,7,10,30,2.6,0,0,0,0.24,914,24.700000000000003,276,5.5
2021,6,7,11,30,2.6,0,0,0,0.24,914,24.6,276,5.4
2021,6,7,12,30,2.8000000000000003,40,328,81,0.24,915,26.1,277,5.6000000000000005
2021,6,7,13,30,3.1,75,618,278,0.24,915,29.200000000000003,282,6.1000000000000005
2021,6,7,14,30,3.4000000000000004,96,754,492,0.24,916,32.9,290,6.5
2021,6,7,15,30,3.4000000000000004,111,832,693,0.24,916,35.9,292,6.4
2021,6,7,16,30,3,120,881,861,0.24,915,38.300000000000004,290,6
2021,6,7,17,30,2.6,117,924,984,0.24,915,40,285,5.7
2021,6,7,18,30,2.1,109,954,1049,0.24,915,41.1,278,5.6000000000000005
2021,6,7,19,30,1.3,109,955,1044,0.24,914,41.7,270,5.800000000000001
2021,6,7,20,30,0.4,112,938,974,0.24,913,41.800000000000004,263,6
2021,6,7,21,30,-0.30000000000000004,109,906,844,0.24,913,41.400000000000006,259,6
2021,6,7,22,30,-0.5,100,858,668,0.24,913,40.6,258,5.7
2021,6,7,23,30,-0.30000000000000004,85,775,458,0.24,913,40,258,5.6000000000000005
2021,6,8,0,30,0.8,63,626,240,0.24,913,35.7,263,3.2
2021,6,8,1,30,5.1000000000000005,29,270,50,0.24,914,31.6,267,2
2021,6,8,2,30,4.9,0,0,0,0.24,914,29.3,268,1.9000000000000001
2021,6,8,3,30,4.2,0,0,0,0.24,915,28.1,266,1.9000000000000001
2021,6,8,4,30,3.8000000000000003,0,0,0,0.24,915,27.1,263,1.8
2021,6,8,5,30,3.6,0,0,0,0.24,915,26.3,258,1.6
2021,6,8,6,30,3.7,0,0,0,0.24,915,25.6,254,1.6
2021,6,8,7,30,4,0,0,0,0.24,915,24.700000000000003,255,1.6
2021,6,8,8,30,4.6000000000000005,0,0,0,0.24,915,23.700000000000003,267,1.7000000000000002
2021,6,8,9,30,5.5,0,0,0,0.24,916,22.900000000000002,286,1.7000000000000002
2021,6,8,10,30,6,0,0,0,0.24,916,22.400000000000002,303,1.6
2021,6,8,11,30,5.9,0,0,0,0.24,917,22.700000000000003,314,1.5
2021,6,8,12,30,6.4,40,337,82,0.24,917,25,320,2
2021,6,8,13,30,5.5,76,620,280,0.24,918,28.6,323,2.7
2021,6,8,14,30,4.9,134,627,463,0.24,918,32.300000000000004,324,3.2
2021,6,8,15,30,3.7,115,833,698,0.24,918,35.6,320,3.2
2021,6,8,16,30,2.6,152,832,851,0.24,918,37.9,314,2.6
2021,6,8,17,30,2.3000000000000003,131,906,981,0.24,918,39.300000000000004,302,1.9000000000000001
2021,6,8,18,30,2.1,134,918,1038,0.24,918,40.300000000000004,283,1.4000000000000001
2021,6,8,19,30,1.9000000000000001,131,919,1031,0.24,917,41,261,1.3
2021,6,8,20,30,1.9000000000000001,127,903,958,0.24,917,41.300000000000004,244,1.3
2021,6,8,21,30,1.8,119,874,829,0.24,917,41.2,231,1.4000000000000001
2021,6,8,22,30,1.8,106,828,655,0.24,916,40.7,219,1.4000000000000001
2021,6,8,23,30,1.9000000000000001,93,724,442,0.24,916,40.400000000000006,214,1.4000000000000001
2021,6,9,0,30,3.7,77,486,215,0.24,916,36.800000000000004,172,1
2021,6,9,1,30,9.1,30,176,44,0.24,917,33.5,145,1.2000000000000002
2021,6,9,2,30,8.8,0,0,0,0.24,917,31.900000000000002,144,2
2021,6,9,3,30,10.3,0,0,0,0.24,918,30.8,152,2.4000000000000004
2021,6,9,4,30,12.100000000000001,0,0,0,0.24,918,29.5,161,2.5
2021,6,9,5,30,13.5,0,0,0,0.24,918,28.5,166,2.4000000000000004
2021,6,9,6,30,14.5,0,0,0,0.24,918,27.5,173,2
2021,6,9,7,30,14.9,0,0,0,0.24,918,26.5,191,1.5
2021,6,9,8,30,14.700000000000001,0,0,0,0.24,918,25.6,222,1.1
2021,6,9,9,30,14.3,0,0,0,0.24,918,24.900000000000002,264,0.9
2021,6,9,10,30,13.5,0,0,0,0.24,918,24.3,301,1
2021,6,9,11,30,12.700000000000001,0,0,0,0.24,919,24.5,324,1.1
2021,6,9,12,30,12.3,40,326,81,0.24,920,26.6,336,1.8
2021,6,9,13,30,11.9,75,614,277,0.24,920,30,344,2.5
2021,6,9,14,30,11.9,96,754,492,0.24,921,33.5,350,2.6
2021,6,9,15,30,9.200000000000001,111,829,691,0.24,921,36.800000000000004,355,2.4000000000000004
2021,6,9,16,30,6.7,121,872,854,0.24,921,39,357,1.6
2021,6,9,17,30,6.2,124,902,970,0.24,920,40.6,346,0.7000000000000001
2021,6,9,18,30,6,123,920,1029,0.24,920,41.800000000000004,260,0.4
2021,6,9,19,30,5.800000000000001,121,919,1021,0.24,919,42.5,172,0.5
2021,6,9,20,30,5.800000000000001,122,898,949,0.24,918,42.800000000000004,154,0.8
2021,6,9,21,30,5.9,124,855,819,0.24,917,42.7,142,1
2021,6,9,22,30,6.1000000000000005,113,799,644,0.24,917,42.2,131,1.2000000000000002
2021,6,9,23,30,6.300000000000001,98,704,439,0.24,917,41.800000000000004,125,1.4000000000000001
2021,6,10,0,30,7,84,400,198,0.24,917,38.5,113,1.6
2021,6,10,1,30,10.4,31,168,45,0.24,917,35.6,114,2
2021,6,10,2,30,10.5,0,0,0,0.24,918,33.9,123,3.1
2021,6,10,3,30,12.100000000000001,0,0,0,0.24,918,32.6,133,3.7
2021,6,10,4,30,13.9,0,0,0,0.24,919,31.200000000000003,139,3.3000000000000003
2021,6,10,5,30,14.700000000000001,0,0,0,0.24,918,30,145,2.6
2021,6,10,6,30,14.600000000000001,0,0,0,0.24,918,28.900000000000002,156,1.9000000000000001
2021,6,10,7,30,14.200000000000001,0,0,0,0.24,918,27.900000000000002,176,1.6
2021,6,10,8,30,13.9,0,0,0,0.24,917,27,201,1.4000000000000001
2021,6,10,9,30,13.5,0,0,0,0.24,917,26.3,221,1.5
2021,6,10,10,30,13,0,0,0,0.24,917,25.8,237,1.6
2021,6,10,11,30,12.100000000000001,0,0,0,0.24,918,26.200000000000003,250,2
2021,6,10,12,30,11.200000000000001,41,294,78,0.24,918,28.3,260,2.9000000000000004
2021,6,10,13,30,9.9,83,567,270,0.24,918,32,270,3.4000000000000004
2021,6,10,14,30,8.1,105,725,486,0.24,918,36.1,277,3.1
2021,6,10,15,30,6.6000000000000005,207,597,625,0.24,918,39.5,273,2.8000000000000003
2021,6,10,16,30,5.2,281,587,774,0.24,918,41.800000000000004,261,2.5
2021,6,10,17,30,4.800000000000001,141,882,968,0.24,917,43.300000000000004,249,2.1
2021,6,10,18,30,4.9,171,859,1017,0.24,916,44.2,239,1.8
2021,6,10,19,30,5.1000000000000005,266,730,981,0.24,915,44.7,231,1.7000000000000002
2021,6,10,20,30,5.2,141,873,945,0.24,914,44.900000000000006,228,1.6
2021,6,10,21,30,5.300000000000001,137,836,817,0.24,914,44.7,230,1.4000000000000001
2021,6,10,22,30,5,122,783,643,0.24,913,44,232,1.2000000000000002
2021,6,10,23,30,5,104,691,439,0.24,913,43.6,232,1.1
2021,6,11,0,30,5.9,80,477,216,0.25,913,39.900000000000006,120,1.4000000000000001
2021,6,11,1,30,9.9,31,198,47,0.25,914,36.4,110,2.6
2021,6,11,2,30,11.8,0,0,0,0.25,915,34,122,3.8000000000000003
2021,6,11,3,30,13.9,0,0,0,0.25,915,32.1,135,4.4
2021,6,11,4,30,14.9,0,0,0,0.25,916,30.6,148,4.3
2021,6,11,5,30,15.100000000000001,0,0,0,0.25,916,29.700000000000003,161,4
2021,6,11,6,30,14.8,0,0,0,0.25,915,29.3,175,3.9000000000000004
2021,6,11,7,30,14.3,0,0,0,0.25,915,29,190,3.7
2021,6,11,8,30,13.700000000000001,0,0,0,0.25,915,28.400000000000002,204,3.2
2021,6,11,9,30,13.200000000000001,0,0,0,0.25,915,27.6,216,2.9000000000000004
2021,6,11,10,30,12.8,0,0,0,0.25,915,26.8,227,2.7
2021,6,11,11,30,12.3,0,0,0,0.25,915,26.8,239,2.7
2021,6,11,12,30,12,41,281,76,0.25,916,28.400000000000002,255,3
2021,6,11,13,30,11.4,71,633,279,0.25,916,31.900000000000002,274,3
2021,6,11,14,30,9.700000000000001,91,768,494,0.25,916,35.9,297,2.7
2021,6,11,15,30,7.800000000000001,106,842,695,0.25,916,39.1,324,2.4000000000000004
2021,6,11,16,30,6.1000000000000005,116,886,860,0.25,916,41.5,344,2.2
2021,6,11,17,30,5.2,120,914,977,0.25,916,43.1,178,2
2021,6,11,18,30,4.6000000000000005,120,929,1035,0.25,915,44.2,8,1.9000000000000001
2021,6,11,19,30,4.3,143,898,1023,0.25,914,44.800000000000004,16,1.8
2021,6,11,20,30,4.2,118,911,958,0.25,914,45,23,1.7000000000000002
2021,6,11,21,30,4.2,117,876,830,0.25,913,44.800000000000004,31,1.6
2021,6,11,22,30,4.2,105,827,656,0.25,913,44.2,42,1.6
2021,6,11,23,30,4.2,90,743,451,0.25,913,43.800000000000004,49,1.7000000000000002
2021,6,12,0,30,4.7,67,586,235,0.25,913,40.400000000000006,85,1.6
2021,6,12,1,30,8.4,29,249,50,0.25,914,36.800000000000004,116,1.9000000000000001
2021,6,12,2,30,8.700000000000001,0,0,0,0.25,915,34.6,139,3.2
2021,6,12,3,30,9.5,0,0,0,0.25,915,33.2,154,4.4
2021,6,12,4,30,10,0,0,0,0.25,916,31.8,166,4.6000000000000005
2021,6,12,5,30,10,0,0,0,0.25,916,30.5,177,3.9000000000000004
2021,6,12,6,30,9.9,0,0,0,0.25,916,29.400000000000002,189,3.1
2021,6,12,7,30,9.9,0,0,0,0.25,915,28.5,203,2.3000000000000003
2021,6,12,8,30,9.8,0,0,0,0.25,915,27.6,216,1.7000000000000002
2021,6,12,9,30,10,0,0,0,0.25,916,26.700000000000003,230,1.2000000000000002
2021,6,12,10,30,10.100000000000001,0,0,0,0.25,916,26.1,151,1
2021,6,12,11,30,10.5,0,0,0,0.25,917,25.900000000000002,72,1.4000000000000001
2021,6,12,12,30,11.200000000000001,43,265,76,0.25,918,27.1,85,1.9000000000000001
2021,6,12,13,30,11.3,88,540,265,0.25,919,30.200000000000003,111,1.7000000000000002
2021,6,12,14,30,10.5,115,691,477,0.25,919,33.800000000000004,137,1.5
2021,6,12,15,30,9.700000000000001,131,780,676,0.25,919,37,136,1.6
2021,6,12,16,30,9.1,140,834,841,0.25,919,39.400000000000006,123,2
2021,6,12,17,30,8.6,147,865,958,0.25,918,41.2,113,2.8000000000000003
2021,6,12,18,30,8,151,877,1015,0.25,918,42.400000000000006,111,3.6
2021,6,12,19,30,7.2,149,878,1010,0.25,917,43,112,4.3
2021,6,12,20,30,6.5,148,859,940,0.25,916,43.1,114,4.9
2021,6,12,21,30,6,143,821,812,0.25,916,42.6,117,5.5
2021,6,12,22,30,5.800000000000001,129,767,640,0.25,916,41.6,120,6
2021,6,12,23,30,5.800000000000001,108,676,437,0.25,916,41,122,6.2
2021,6,13,0,30,6.1000000000000005,78,517,227,0.26,917,37.800000000000004,127,6.2
2021,6,13,1,30,7.2,30,117,40,0.26,917,35.1,129,5.7
2021,6,13,2,30,8.9,0,0,0,0.26,918,32.800000000000004,132,5.5
2021,6,13,3,30,10.8,0,0,0,0.26,919,31.3,136,5.5
2021,6,13,4,30,12.4,0,0,0,0.26,919,30.1,140,4.6000000000000005
2021,6,13,5,30,13.5,0,0,0,0.26,920,29.1,141,3.3000000000000003
2021,6,13,6,30,14.200000000000001,0,0,0,0.26,920,28.3,142,2.4000000000000004
2021,6,13,7,30,14.700000000000001,0,0,0,0.26,920,27.6,143,1.9000000000000001
2021,6,13,8,30,15.200000000000001,0,0,0,0.26,921,26.900000000000002,142,1.5
2021,6,13,9,30,15.5,0,0,0,0.26,921,26.400000000000002,141,1.5
2021,6,13,10,30,15.9,0,0,0,0.26,921,25.900000000000002,142,1.7000000000000002
2021,6,13,11,30,16.3,0,0,0,0.26,921,25.8,147,1.9000000000000001
2021,6,13,12,30,16.6,43,222,71,0.26,921,27.200000000000003,181,2.1
2021,6,13,13,30,16.400000000000002,120,235,197,0.26,922,30,256,2.1
2021,6,13,14,30,15.5,18,0,18,0.26,923,32.9,155,1.8
2021,6,13,15,30,14.200000000000001,166,23,182,0.26,923,34.7,53,2
2021,6,13,16,30,13.5,227,669,789,0.26,923,36.300000000000004,108,3
2021,6,13,17,30,13.3,186,797,933,0.26,922,38.1,126,3.6
2021,6,13,18,30,13.200000000000001,143,872,1002,0.26,921,39.7,132,3.8000000000000003
2021,6,13,19,30,13.100000000000001,176,806,966,0.26,920,40.7,130,4
2021,6,13,20,30,12.9,153,829,918,0.26,919,41.300000000000004,125,4
2021,6,13,21,30,12.600000000000001,319,371,622,0.26,918,41.2,113,4.2
2021,6,13,22,30,12.100000000000001,136,736,627,0.26,918,40.1,99,5.5
2021,6,13,23,30,11.9,122,622,426,0.26,918,39.2,94,6.7
2021,6,14,0,30,11.9,80,499,224,0.26,919,35.7,105,7.7
2021,6,14,1,30,11.9,31,209,49,0.26,919,34,115,6.1000000000000005
2021,6,14,2,30,12.200000000000001,0,0,0,0.26,919,32.800000000000004,126,4.7
2021,6,14,3,30,12.600000000000001,0,0,0,0.26,920,31.8,135,4.2
2021,6,14,4,30,13.100000000000001,0,0,0,0.26,920,30.900000000000002,142,4.1000000000000005
2021,6,14,5,30,13.200000000000001,0,0,0,0.26,920,30.1,147,3.9000000000000004
2021,6,14,6,30,13,0,0,0,0.26,920,29,128,3.2
2021,6,14,7,30,13.100000000000001,0,0,0,0.26,922,28,91,3.2
2021,6,14,8,30,13.9,0,0,0,0.26,923,27.200000000000003,78,3.8000000000000003
2021,6,14,9,30,14.5,0,0,0,0.26,923,26.5,98,3.2
2021,6,14,10,30,14.8,0,0,0,0.26,923,26,124,2.8000000000000003
2021,6,14,11,30,14.700000000000001,0,0,0,0.26,923,25.900000000000002,131,3
2021,6,14,12,30,14.5,49,151,68,0.26,923,26.700000000000003,132,3.5
2021,6,14,13,30,14,124,379,248,0.26,923,28.8,129,3.7
2021,6,14,14,30,12.5,150,168,238,0.26,923,31.6,110,3.7
2021,6,14,15,30,10,244,554,631,0.26,923,33.5,85,3.8000000000000003
2021,6,14,16,30,10.3,245,666,804,0.26,923,34.7,69,3.7
2021,6,14,17,30,11.100000000000001,186,808,943,0.26,922,36.6,57,3.3000000000000003
2021,6,14,18,30,11.3,132,902,1021,0.26,921,38.6,54,3.6
2021,6,14,19,30,11.3,125,911,1018,0.26,920,39.7,62,4.3
2021,6,14,20,30,11.600000000000001,125,887,944,0.26,920,39.7,74,5.2
2021,6,14,21,30,12.200000000000001,125,842,812,0.26,920,38.7,84,6.2
2021,6,14,22,30,13.100000000000001,114,788,641,0.26,920,37,89,6.9
2021,6,14,23,30,14,97,702,440,0.26,920,35.9,92,7.2
2021,6,15,0,30,14.700000000000001,70,557,232,0.26,921,32.2,96,6.800000000000001
2021,6,15,1,30,15,32,229,52,0.26,922,30,99,6.2
2021,6,15,2,30,15.200000000000001,0,0,0,0.26,922,28.5,104,5.7
2021,6,15,3,30,15.5,0,0,0,0.26,923,27.5,109,5.2
2021,6,15,4,30,15.9,0,0,0,0.26,923,26.8,113,4.4
2021,6,15,5,30,16.1,0,0,0,0.26,923,26,114,3.4000000000000004
2021,6,15,6,30,16.2,0,0,0,0.26,923,25.3,110,2.6
2021,6,15,7,30,16.5,0,0,0,0.26,923,24.6,105,2.1
2021,6,15,8,30,16.8,0,0,0,0.26,923,24.1,100,1.8
2021,6,15,9,30,17.1,0,0,0,0.26,923,23.6,100,1.5
2021,6,15,10,30,17.400000000000002,0,0,0,0.26,923,23.1,103,1.2000000000000002
2021,6,15,11,30,17.6,0,0,0,0.26,924,23.200000000000003,109,1.4000000000000001
2021,6,15,12,30,17.8,39,344,82,0.26,924,24.700000000000003,123,2.2
2021,6,15,13,30,17.400000000000002,71,633,278,0.26,925,27.5,136,2.7
2021,6,15,14,30,15.700000000000001,89,772,493,0.26,925,30.400000000000002,133,2.9000000000000004
2021,6,15,15,30,14.5,101,848,693,0.26,925,32.7,121,3.1
2021,6,15,16,30,13.9,109,893,858,0.26,924,34.5,111,3.5
2021,6,15,17,30,13.200000000000001,118,912,973,0.26,924,35.9,106,3.9000000000000004
2021,6,15,18,30,12.600000000000001,129,910,1026,0.26,923,36.9,104,4.2
2021,6,15,19,30,12.100000000000001,132,904,1019,0.26,923,37.5,104,4.3
2021,6,15,20,30,11.9,128,890,950,0.26,922,37.800000000000004,103,4.4
2021,6,15,21,30,11.600000000000001,120,865,827,0.26,922,37.7,104,4.4
2021,6,15,22,30,11.100000000000001,108,816,654,0.26,922,37.2,104,4.5
2021,6,15,23,30,10.600000000000001,92,732,451,0.26,921,36.800000000000004,104,4.5
2021,6,16,0,30,10.3,69,584,239,0.26,922,34.6,105,3.8000000000000003
2021,6,16,1,30,10.4,31,258,54,0.26,922,32.300000000000004,109,3
2021,6,16,2,30,10.9,0,0,0,0.26,923,30.6,115,3.1
2021,6,16,3,30,11.5,0,0,0,0.26,923,29.6,123,3.9000000000000004
2021,6,16,4,30,12.4,0,0,0,0.26,924,28.6,131,4.3
2021,6,16,5,30,13.3,0,0,0,0.26,924,27.700000000000003,138,4.3
2021,6,16,6,30,14,0,0,0,0.26,923,26.900000000000002,144,4
2021,6,16,7,30,14.600000000000001,0,0,0,0.26,923,26.200000000000003,149,3.6
2021,6,16,8,30,15.100000000000001,0,0,0,0.26,923,25.5,154,3.1
2021,6,16,9,30,15.600000000000001,0,0,0,0.26,923,24.900000000000002,158,2.7
2021,6,16,10,30,15.9,0,0,0,0.26,923,24.3,163,2.2
2021,6,16,11,30,16.2,0,0,0,0.26,923,24.5,168,2.2
2021,6,16,12,30,16.5,39,340,81,0.26,924,26.5,165,2.7
2021,6,16,13,30,16.6,73,621,276,0.26,924,29.5,146,2.6
2021,6,16,14,30,16,93,758,490,0.26,924,31.900000000000002,118,2.5
2021,6,16,15,30,14.9,108,837,692,0.26,924,33.800000000000004,99,2.8000000000000003
2021,6,16,16,30,13.4,117,886,860,0.26,924,35.4,93,3.4000000000000004
2021,6,16,17,30,11.600000000000001,118,922,982,0.26,923,36.7,95,4
2021,6,16,18,30,9.9,114,945,1045,0.26,923,37.6,100,4.5
2021,6,16,19,30,8.700000000000001,112,946,1040,0.26,922,38.2,105,4.9
2021,6,16,20,30,8,111,932,972,0.26,921,38.300000000000004,109,5.2
2021,6,16,21,30,7.800000000000001,109,897,842,0.26,921,38,112,5.4
2021,6,16,22,30,7.9,101,845,667,0.26,921,37.2,114,5.6000000000000005
2021,6,16,23,30,8.200000000000001,88,760,461,0.26,921,36.800000000000004,115,5.7
2021,6,17,0,30,8.700000000000001,68,594,242,0.26,921,34.300000000000004,120,5.2
2021,6,17,1,30,9.4,31,258,54,0.26,921,32.1,124,4.4
2021,6,17,2,30,10.3,0,0,0,0.26,922,30.5,132,4.2
2021,6,17,3,30,11.100000000000001,0,0,0,0.26,922,29.5,141,4.4
2021,6,17,4,30,11.8,0,0,0,0.26,923,28.5,150,4.4
2021,6,17,5,30,12.200000000000001,0,0,0,0.26,923,27.700000000000003,158,4.1000000000000005
2021,6,17,6,30,12.600000000000001,0,0,0,0.26,923,26.8,165,3.6
2021,6,17,7,30,12.8,0,0,0,0.26,922,26.1,172,3.1
2021,6,17,8,30,13,0,0,0,0.26,922,25.3,178,2.7
2021,6,17,9,30,13.200000000000001,0,0,0,0.26,922,24.5,184,2.2
2021,6,17,10,30,13.3,0,0,0,0.26,923,23.8,190,1.9000000000000001
2021,6,17,11,30,13.4,0,0,0,0.26,923,23.900000000000002,195,2
2021,6,17,12,30,13.4,40,351,83,0.26,923,25.900000000000002,196,2.7
2021,6,17,13,30,13.5,71,648,283,0.26,923,28.8,183,3.1
2021,6,17,14,30,12.8,88,791,501,0.26,923,31.3,161,3.2
2021,6,17,15,30,11.5,99,870,706,0.26,923,33.2,144,3.4000000000000004
2021,6,17,16,30,10.200000000000001,105,917,874,0.26,923,34.800000000000004,136,3.8000000000000003
2021,6,17,17,30,8.9,111,940,992,0.26,922,36.2,130,4.1000000000000005
2021,6,17,18,30,8,116,949,1051,0.26,921,37.2,127,4.4
2021,6,17,19,30,7.1000000000000005,118,946,1046,0.26,921,37.800000000000004,126,4.7
2021,6,17,20,30,6.4,115,933,977,0.26,920,38.1,125,4.9
2021,6,17,21,30,5.9,108,906,849,0.26,919,37.800000000000004,126,5
2021,6,17,22,30,5.6000000000000005,100,856,674,0.26,919,37.1,127,5.2
2021,6,17,23,30,5.6000000000000005,86,772,466,0.26,919,36.6,127,5.2
2021,6,18,0,30,5.800000000000001,67,614,247,0.26,919,34,130,4.9
2021,6,18,1,30,6.6000000000000005,32,275,57,0.26,919,31.6,132,4.3
2021,6,18,2,30,7.9,0,0,0,0.26,920,29.8,136,4.3
2021,6,18,3,30,9.3,0,0,0,0.26,921,28.8,143,4.5
2021,6,18,4,30,10.5,0,0,0,0.26,921,27.8,150,4.2
2021,6,18,5,30,11.3,0,0,0,0.26,921,27,157,3.8000000000000003
2021,6,18,6,30,11.8,0,0,0,0.26,921,26.1,164,3.4000000000000004
2021,6,18,7,30,12,0,0,0,0.26,921,25.3,172,2.9000000000000004
2021,6,18,8,30,12.200000000000001,0,0,0,0.26,920,24.700000000000003,180,2.8000000000000003
2021,6,18,9,30,12.4,0,0,0,0.26,920,24.200000000000003,188,2.8000000000000003
2021,6,18,10,30,12.5,0,0,0,0.26,920,23.5,196,2.6
2021,6,18,11,30,12.600000000000001,0,0,0,0.26,921,23.700000000000003,202,2.9000000000000004
2021,6,18,12,30,12.8,39,349,82,0.26,921,25.6,207,3.5
2021,6,18,13,30,13.100000000000001,72,641,281,0.26,921,28.8,203,3.6
2021,6,18,14,30,12.4,93,775,498,0.26,921,31.700000000000003,187,2.8000000000000003
2021,6,18,15,30,10.3,110,848,701,0.26,920,33.9,161,2.3000000000000003
2021,6,18,16,30,8.700000000000001,121,893,870,0.26,920,35.5,139,2.4000000000000004
2021,6,18,17,30,7.4,124,924,990,0.26,919,36.9,130,2.6
2021,6,18,18,30,6.4,123,943,1052,0.26,918,37.9,126,2.9000000000000004
2021,6,18,19,30,5.6000000000000005,122,943,1047,0.26,917,38.6,123,3.1
2021,6,18,20,30,5,119,928,977,0.26,917,38.800000000000004,120,3.3000000000000003
2021,6,18,21,30,4.800000000000001,115,894,847,0.26,916,38.6,116,3.5
2021,6,18,22,30,4.800000000000001,105,845,672,0.26,915,38,114,3.8000000000000003
2021,6,18,23,30,5.1000000000000005,90,763,466,0.26,915,37.6,113,3.9000000000000004
2021,6,19,0,30,5.6000000000000005,68,610,247,0.26,915,35.2,113,4
2021,6,19,1,30,6.4,32,278,57,0.26,916,32.800000000000004,116,4
2021,6,19,2,30,7,0,0,0,0.26,916,31,124,4.7
2021,6,19,3,30,7.4,0,0,0,0.26,917,29.8,136,5.1000000000000005
2021,6,19,4,30,7.7,0,0,0,0.26,917,28.700000000000003,146,4.800000000000001
2021,6,19,5,30,8.4,0,0,0,0.26,918,27.700000000000003,154,4.4
2021,6,19,6,30,9.5,0,0,0,0.26,918,26.900000000000002,159,4
2021,6,19,7,30,10.9,0,0,0,0.26,918,26.1,162,3.8000000000000003
2021,6,19,8,30,12.100000000000001,0,0,0,0.26,918,25.400000000000002,165,3.5
2021,6,19,9,30,12.9,0,0,0,0.26,917,24.6,168,3.1
2021,6,19,10,30,13.3,0,0,0,0.26,917,23.700000000000003,173,2.7
2021,6,19,11,30,13.4,0,0,0,0.26,918,23.6,179,2.8000000000000003
2021,6,19,12,30,13.200000000000001,38,360,82,0.26,918,25.3,185,3.3000000000000003
2021,6,19,13,30,12.700000000000001,68,650,280,0.26,918,28.700000000000003,191,3.3000000000000003
2021,6,19,14,30,11.100000000000001,87,786,497,0.26,918,32.5,182,2.9000000000000004
2021,6,19,15,30,9.4,100,861,699,0.26,918,35.2,158,2.3000000000000003
2021,6,19,16,30,8.700000000000001,108,907,868,0.26,917,37.1,136,2.3000000000000003
2021,6,19,17,30,8,114,931,986,0.26,917,38.5,121,2.5
2021,6,19,18,30,7.300000000000001,119,939,1044,0.26,916,39.5,112,2.8000000000000003
2021,6,19,19,30,6.7,117,939,1039,0.26,915,40.2,106,3
2021,6,19,20,30,6.1000000000000005,114,927,971,0.26,914,40.400000000000006,100,3.3000000000000003
2021,6,19,21,30,5.800000000000001,107,901,845,0.26,914,40.2,98,3.6
2021,6,19,22,30,5.6000000000000005,98,854,672,0.26,914,39.6,100,4
2021,6,19,23,30,5.6000000000000005,84,774,466,0.26,913,39.1,102,4.1000000000000005
2021,6,20,0,30,5.9,64,622,248,0.26,913,36.4,109,4.2
2021,6,20,1,30,6.800000000000001,31,294,58,0.26,914,33.9,115,4.1000000000000005
2021,6,20,2,30,8.1,0,0,0,0.26,914,31.900000000000002,126,4.800000000000001
2021,6,20,3,30,9.4,0,0,0,0.26,915,30.6,136,5.1000000000000005
2021,6,20,4,30,10.5,0,0,0,0.26,915,29.400000000000002,143,4.9
2021,6,20,5,30,11.3,0,0,0,0.26,915,28.400000000000002,147,4.6000000000000005
2021,6,20,6,30,11.9,0,0,0,0.26,915,27.5,151,4.4
2021,6,20,7,30,12.100000000000001,0,0,0,0.26,915,26.700000000000003,157,4.1000000000000005
2021,6,20,8,30,11.9,0,0,0,0.26,914,25.900000000000002,163,3.7
2021,6,20,9,30,11.600000000000001,0,0,0,0.26,914,25.200000000000003,170,3.3000000000000003
2021,6,20,10,30,11.200000000000001,0,0,0,0.26,914,24.6,179,2.9000000000000004
2021,6,20,11,30,10.5,0,0,0,0.26,914,24.700000000000003,188,2.9000000000000004
2021,6,20,12,30,9.8,38,334,79,0.26,914,26.6,201,3.5
2021,6,20,13,30,9,72,623,274,0.26,914,30.3,221,4.4
2021,6,20,14,30,7.9,94,757,488,0.26,914,34.4,237,4.6000000000000005
2021,6,20,15,30,7.1000000000000005,110,828,686,0.26,914,37.9,249,3.9000000000000004
2021,6,20,16,30,6.2,122,869,850,0.26,913,40.7,266,3.3000000000000003
2021,6,20,17,30,5.5,129,893,965,0.26,912,42.6,286,2.9000000000000004
2021,6,20,18,30,5.2,130,907,1024,0.26,912,43.900000000000006,304,2.7
2021,6,20,19,30,5.2,130,906,1019,0.26,911,44.7,319,2.4000000000000004
2021,6,20,20,30,5.4,125,894,952,0.26,910,45,332,2.1
2021,6,20,21,30,5.5,117,867,828,0.26,909,45,346,1.9000000000000001
2021,6,20,22,30,5.5,110,810,655,0.26,909,44.400000000000006,356,2.1
2021,6,20,23,30,5.6000000000000005,97,717,451,0.26,909,44,358,2.3000000000000003
2021,6,21,0,30,5.9,80,519,234,0.26,910,40.7,9,3.3000000000000003
2021,6,21,1,30,7.6000000000000005,33,106,43,0.26,911,37.7,29,3.1
2021,6,21,2,30,8.3,0,0,0,0.26,912,35.800000000000004,58,2.7
2021,6,21,3,30,8.6,0,0,0,0.26,912,34.4,99,2.6
2021,6,21,4,30,9.4,0,0,0,0.26,913,32.7,136,2.9000000000000004
2021,6,21,5,30,10.600000000000001,0,0,0,0.26,913,31.3,156,2.7
2021,6,21,6,30,11.200000000000001,0,0,0,0.26,913,30.200000000000003,167,2
2021,6,21,7,30,11.600000000000001,0,0,0,0.26,913,29.200000000000003,172,1.3
2021,6,21,8,30,12,0,0,0,0.26,913,28.5,179,0.8
2021,6,21,9,30,12.100000000000001,0,0,0,0.26,913,27.900000000000002,210,0.6000000000000001
2021,6,21,10,30,12.3,0,0,0,0.26,913,27.5,261,0.5
2021,6,21,11,30,12.3,0,0,0,0.26,913,27.8,304,0.8
2021,6,21,12,30,12.5,43,249,73,0.26,914,29.5,319,1.6
2021,6,21,13,30,12.4,87,533,260,0.26,914,32.300000000000004,325,2.7
2021,6,21,14,30,12,114,682,469,0.26,915,35.1,342,4.1000000000000005
2021,6,21,15,30,11.5,133,766,665,0.26,915,37.1,178,5.5
2021,6,21,16,30,11.5,147,814,828,0.26,916,38.2,15,6.2
2021,6,21,17,30,12.600000000000001,162,830,939,0.26,916,38.800000000000004,32,6.4
2021,6,21,18,30,14.200000000000001,232,727,948,0.26,916,39.1,45,6.5
2021,6,21,19,30,15.5,200,782,968,0.26,916,39.2,50,6.6000000000000005
2021,6,21,20,30,16.3,171,804,915,0.26,916,39,49,6.5
2021,6,21,21,30,16.7,212,666,758,0.26,917,38.400000000000006,48,6.300000000000001
2021,6,21,22,30,16.900000000000002,143,718,626,0.26,917,37.300000000000004,48,6.2
2021,6,21,23,30,17.1,121,622,429,0.26,917,36.6,49,6.1000000000000005
2021,6,22,0,30,17.3,88,463,225,0.26,918,33.6,56,6.2
2021,6,22,1,30,17.5,36,157,51,0.26,919,31.3,62,6.4
2021,6,22,2,30,17.6,0,0,0,0.26,920,29.3,69,6.6000000000000005
2021,6,22,3,30,17.3,0,0,0,0.26,921,27.6,74,6.6000000000000005
2021,6,22,4,30,16.8,0,0,0,0.26,922,26.3,77,6.4
2021,6,22,5,30,16.3,0,0,0,0.26,923,25.1,81,5.9
2021,6,22,6,30,16,0,0,0,0.26,923,24.200000000000003,86,5.4
2021,6,22,7,30,15.9,0,0,0,0.26,923,23.3,90,4.9
2021,6,22,8,30,15.9,0,0,0,0.26,923,22.700000000000003,94,4.4
2021,6,22,9,30,15.9,0,0,0,0.26,923,22.200000000000003,96,3.9000000000000004
2021,6,22,10,30,15.9,0,0,0,0.26,923,21.900000000000002,97,3.4000000000000004
2021,6,22,11,30,15.8,0,0,0,0.26,923,21.900000000000002,97,3.1
2021,6,22,12,30,15.8,47,175,68,0.26,923,22.6,100,2.8000000000000003
2021,6,22,13,30,16.1,100,466,251,0.26,923,24.3,109,2.6
2021,6,22,14,30,16.5,129,633,458,0.26,923,26.6,121,2.4000000000000004
2021,6,22,15,30,16.900000000000002,147,732,655,0.26,922,29.200000000000003,132,2.4000000000000004
2021,6,22,16,30,17.1,156,793,819,0.26,922,31.700000000000003,140,2.6
2021,6,22,17,30,16.900000000000002,154,838,938,0.26,921,34,146,2.6
2021,6,22,18,30,16.6,146,867,1000,0.26,920,35.6,150,2.6
2021,6,22,19,30,16.1,142,871,997,0.26,919,36.800000000000004,156,2.6
2021,6,22,20,30,15.5,132,866,934,0.26,918,37.7,160,2.6
2021,6,22,21,30,14.9,118,848,814,0.26,917,38.400000000000006,158,2.6
2021,6,22,22,30,14.5,106,803,647,0.26,917,38.5,150,2.7
2021,6,22,23,30,14.100000000000001,90,723,448,0.26,916,38.400000000000006,146,2.7
2021,6,23,0,30,13.9,68,574,239,0.26,916,36.6,135,2.9000000000000004
2021,6,23,1,30,14,33,246,56,0.26,916,34.4,131,3.2
2021,6,23,2,30,14.4,0,0,0,0.26,917,32.5,137,4
2021,6,23,3,30,14.8,0,0,0,0.26,917,31.3,150,4.4
2021,6,23,4,30,15.200000000000001,0,0,0,0.26,918,30.3,164,4.4
2021,6,23,5,30,15.600000000000001,0,0,0,0.26,918,29.400000000000002,178,4.3
2021,6,23,6,30,16.2,0,0,0,0.26,918,28.700000000000003,196,4.1000000000000005
2021,6,23,7,30,16.7,0,0,0,0.26,918,28.1,218,4
2021,6,23,8,30,16.900000000000002,0,0,0,0.26,917,27.700000000000003,235,3.7
2021,6,23,9,30,16.7,0,0,0,0.26,917,27.200000000000003,241,3.2
2021,6,23,10,30,16.6,0,0,0,0.26,917,26.6,235,2.7
2021,6,23,11,30,16.6,0,0,0,0.26,917,26.700000000000003,222,2.9000000000000004
2021,6,23,12,30,16.7,42,252,72,0.26,918,28.3,217,3.5
2021,6,23,13,30,16.2,82,546,258,0.26,918,31.5,230,3.2
2021,6,23,14,30,14.8,107,696,468,0.26,918,34.7,243,2.4000000000000004
2021,6,23,15,30,13.700000000000001,125,780,666,0.26,918,37.300000000000004,239,1.8
2021,6,23,16,30,13.100000000000001,135,831,830,0.26,918,39.300000000000004,218,1.5
2021,6,23,17,30,12.600000000000001,133,872,949,0.26,917,40.900000000000006,186,1.4000000000000001
2021,6,23,18,30,12.3,126,900,1013,0.26,916,42,160,1.6
2021,6,23,19,30,12.100000000000001,125,901,1010,0.26,916,42.7,143,2.1
2021,6,23,20,30,11.9,150,836,924,0.26,915,42.900000000000006,133,2.7
2021,6,23,21,30,11.8,191,709,773,0.26,915,42.7,125,3.3000000000000003
2021,6,23,22,30,11.8,224,34,247,0.26,915,41.900000000000006,121,4
2021,6,23,23,30,11.9,43,11,48,0.26,915,41.400000000000006,120,4.3
2021,6,24,0,30,12.4,79,494,226,0.26,916,38.400000000000006,122,5.300000000000001
2021,6,24,1,30,13.100000000000001,33,175,50,0.26,916,35.800000000000004,126,5.6000000000000005
2021,6,24,2,30,14,0,0,0,0.26,917,33.5,131,5.9
2021,6,24,3,30,14.9,0,0,0,0.26,918,31.700000000000003,138,6.1000000000000005
2021,6,24,4,30,16,0,0,0,0.26,918,30.200000000000003,145,6
2021,6,24,5,30,17.1,0,0,0,0.26,919,29,153,5.6000000000000005
2021,6,24,6,30,18,0,0,0,0.26,919,28.200000000000003,161,4.9
2021,6,24,7,30,18.400000000000002,0,0,0,0.26,918,27.6,172,4.1000000000000005
2021,6,24,8,30,18.5,0,0,0,0.26,918,27.200000000000003,181,3.5
2021,6,24,9,30,18.400000000000002,0,0,0,0.26,918,26.8,187,3.2
2021,6,24,10,30,18.2,0,0,0,0.26,918,26.400000000000002,189,3.1
2021,6,24,11,30,18.1,0,0,0,0.26,918,26.400000000000002,187,3.3000000000000003
2021,6,24,12,30,18.1,38,310,75,0.26,918,27.900000000000002,197,3.8000000000000003
2021,6,24,13,30,17.400000000000002,71,607,266,0.26,918,31.1,221,3.6
2021,6,24,14,30,15.8,90,749,478,0.26,918,34.4,234,2.6
2021,6,24,15,30,14.200000000000001,104,826,677,0.26,918,37,196,1.5
2021,6,24,16,30,13.200000000000001,113,871,841,0.26,918,39,133,1.3
2021,6,24,17,30,13,119,896,957,0.26,917,40.5,103,1.7000000000000002
2021,6,24,18,30,13,122,906,1014,0.26,916,41.6,96,2.1
2021,6,24,19,30,13,121,903,1008,0.26,915,42.300000000000004,93,2.6
2021,6,24,20,30,13.200000000000001,119,887,940,0.26,915,42.5,93,3.2
2021,6,24,21,30,13.3,180,747,794,0.26,914,42.2,94,3.8000000000000003
2021,6,24,22,30,13.4,191,553,564,0.26,914,41.400000000000006,98,4.5
2021,6,24,23,30,13.600000000000001,94,708,445,0.26,914,40.800000000000004,101,4.800000000000001
2021,6,25,0,30,14.200000000000001,79,496,227,0.26,914,37.7,115,5.9
2021,6,25,1,30,15.100000000000001,22,0,22,0.26,915,35.300000000000004,124,6.2
2021,6,25,2,30,15.9,0,0,0,0.26,916,33.4,132,6.1000000000000005
2021,6,25,3,30,16.6,0,0,0,0.26,917,32.1,138,5.800000000000001
2021,6,25,4,30,17.2,0,0,0,0.26,917,31,142,5.5
2021,6,25,5,30,17.6,0,0,0,0.26,917,30.200000000000003,149,5.4
2021,6,25,6,30,17.7,0,0,0,0.26,917,29.6,158,5.1000000000000005
2021,6,25,7,30,17.8,0,0,0,0.26,917,29,167,4.6000000000000005
2021,6,25,8,30,17.900000000000002,0,0,0,0.26,917,28.5,173,3.9000000000000004
2021,6,25,9,30,18,0,0,0,0.26,917,28,177,3.3000000000000003
2021,6,25,10,30,18.1,0,0,0,0.26,917,27.5,181,2.9000000000000004
2021,6,25,11,30,18.1,0,0,0,0.26,917,27.6,186,2.9000000000000004
2021,6,25,12,30,18.1,39,275,71,0.26,917,29.1,200,3.6
2021,6,25,13,30,17.6,76,569,258,0.26,917,31.900000000000002,223,4
2021,6,25,14,30,16.6,121,622,443,0.26,917,34.800000000000004,239,3.4000000000000004
2021,6,25,15,30,15.700000000000001,269,406,550,0.26,917,37.2,245,2.5
2021,6,25,16,30,15,195,718,794,0.26,916,39.1,242,1.8
2021,6,25,17,30,14.600000000000001,123,876,942,0.26,916,40.6,229,1.4000000000000001
2021,6,25,18,30,14.4,361,568,920,0.26,915,41.5,209,1.3
2021,6,25,19,30,14.200000000000001,396,533,919,0.26,914,42,195,1.5
2021,6,25,20,30,14,131,862,929,0.26,913,41.800000000000004,193,2.1
2021,6,25,21,30,13.9,205,676,760,0.26,913,41.2,195,2.8000000000000003
2021,6,25,22,30,13.8,171,650,610,0.26,912,40.400000000000006,196,3.5
2021,6,25,23,30,13.8,110,652,434,0.26,912,40,196,3.8000000000000003
2021,6,26,0,30,13.9,109,243,182,0.26,912,38.1,189,4
2021,6,26,1,30,14.3,34,116,45,0.26,913,36.300000000000004,179,3.9000000000000004
2021,6,26,2,30,15,0,0,0,0.26,913,34.7,169,4.4
2021,6,26,3,30,15.700000000000001,0,0,0,0.26,914,33.5,163,5
2021,6,26,4,30,16.5,0,0,0,0.26,914,32.4,162,5.2
2021,6,26,5,30,17,0,0,0,0.26,914,31.5,166,5.2
2021,6,26,6,30,17.1,0,0,0,0.26,914,30.8,174,5.4
2021,6,26,7,30,17,0,0,0,0.26,914,30.1,184,5.300000000000001
2021,6,26,8,30,16.900000000000002,0,0,0,0.26,913,29.5,194,4.9
2021,6,26,9,30,16.8,0,0,0,0.26,913,28.8,203,4.5
2021,6,26,10,30,16.7,0,0,0,0.26,913,28.1,211,3.9000000000000004
2021,6,26,11,30,16.5,0,0,0,0.26,914,27.900000000000002,222,3.7
2021,6,26,12,30,16.2,37,314,74,0.26,914,29.200000000000003,238,4.2
2021,6,26,13,30,15.600000000000001,70,614,266,0.26,914,31.700000000000003,261,4.5
2021,6,26,14,30,14.100000000000001,89,758,480,0.26,914,34.5,287,4.4
2021,6,26,15,30,12.200000000000001,101,838,681,0.26,914,37,305,4.2
2021,6,26,16,30,10.600000000000001,109,884,847,0.26,914,39.1,315,4.1000000000000005
2021,6,26,17,30,9.600000000000001,116,908,964,0.26,914,40.7,321,4
2021,6,26,18,30,9.200000000000001,209,772,969,0.26,913,41.7,322,3.9000000000000004
2021,6,26,19,30,9.200000000000001,331,560,881,0.26,912,42.2,322,3.6
2021,6,26,20,30,9.3,292,433,693,0.26,912,42.2,321,3.3000000000000003
2021,6,26,21,30,9.600000000000001,144,807,807,0.26,912,41.5,323,2.9000000000000004
2021,6,26,22,30,10.100000000000001,266,164,377,0.26,911,40.400000000000006,331,2.5
2021,6,26,23,30,10.700000000000001,119,622,428,0.26,911,39.800000000000004,337,2.4000000000000004
2021,6,27,0,30,12.3,82,64,101,0.25,912,36.1,58,2.1
2021,6,27,1,30,15.700000000000001,34,67,40,0.25,913,32.800000000000004,120,2.9000000000000004
2021,6,27,2,30,18,0,0,0,0.25,913,30.200000000000003,140,4.2
2021,6,27,3,30,19.3,0,0,0,0.25,914,28.5,148,5.4
2021,6,27,4,30,19.8,0,0,0,0.25,915,27.400000000000002,152,5.800000000000001
2021,6,27,5,30,19.8,0,0,0,0.25,915,26.8,154,5.2
2021,6,27,6,30,19.6,0,0,0,0.25,915,26.400000000000002,153,4.3
2021,6,27,7,30,19.400000000000002,0,0,0,0.25,916,26,147,3.4000000000000004
2021,6,27,8,30,19.3,0,0,0,0.25,916,25.5,127,2.7
2021,6,27,9,30,19.400000000000002,0,0,0,0.25,916,25,100,2.7
2021,6,27,10,30,19.700000000000003,0,0,0,0.25,917,24.3,84,3.2
2021,6,27,11,30,19.900000000000002,0,0,0,0.25,917,23.700000000000003,80,3.8000000000000003
2021,6,27,12,30,20.1,17,0,17,0.25,918,23.6,87,4.4
2021,6,27,13,30,20,29,5,31,0.25,918,24.1,100,4.800000000000001
2021,6,27,14,30,19.900000000000002,24,0,24,0.25,918,24.700000000000003,111,4.800000000000001
2021,6,27,15,30,19.900000000000002,87,0,87,0.25,919,25.400000000000002,117,4.6000000000000005
2021,6,27,16,30,20,340,42,375,0.25,918,26.1,119,4.5
2021,6,27,17,30,20.1,447,76,518,0.25,918,26.8,121,4.6000000000000005
2021,6,27,18,30,20.1,499,146,643,0.25,918,27.5,126,4.6000000000000005
2021,6,27,19,30,19.900000000000002,483,286,764,0.25,917,28.1,129,4.5
2021,6,27,20,30,19.5,432,320,729,0.25,917,28.5,127,4.6000000000000005
2021,6,27,21,30,19,279,579,755,0.25,917,28.5,121,4.9
2021,6,27,22,30,18.5,287,226,440,0.25,917,28.1,117,5
2021,6,27,23,30,18.1,198,201,298,0.25,917,27.700000000000003,115,5
2021,6,28,0,30,18.1,92,392,209,0.24,918,26,103,4.1000000000000005
2021,6,28,1,30,18.3,33,56,38,0.24,918,24.8,92,3.9000000000000004
2021,6,28,2,30,18.2,0,0,0,0.24,919,23.900000000000002,82,3.8000000000000003
2021,6,28,3,30,18.3,0,0,0,0.24,919,23.3,76,3.7
2021,6,28,4,30,18.6,0,0,0,0.24,920,22.8,72,3.8000000000000003
2021,6,28,5,30,18.900000000000002,0,0,0,0.24,920,22.5,73,3.8000000000000003
2021,6,28,6,30,19.1,0,0,0,0.24,920,22.3,74,3.9000000000000004
2021,6,28,7,30,19.200000000000003,0,0,0,0.24,920,22.1,78,3.9000000000000004
2021,6,28,8,30,19.3,0,0,0,0.24,919,22,85,3.9000000000000004
2021,6,28,9,30,19.3,0,0,0,0.24,919,21.900000000000002,93,3.9000000000000004
2021,6,28,10,30,19.400000000000002,0,0,0,0.24,919,21.6,96,3.8000000000000003
2021,6,28,11,30,19.5,0,0,0,0.24,919,21.5,93,3.5
2021,6,28,12,30,19.5,20,0,20,0.24,919,21.8,93,3.3000000000000003
2021,6,28,13,30,19.5,80,32,90,0.24,920,22.6,102,3.4000000000000004
2021,6,28,14,30,19.3,112,11,118,0.24,920,23.700000000000003,107,3.4000000000000004
2021,6,28,15,30,19,204,22,219,0.24,920,24.6,103,3.4000000000000004
2021,6,28,16,30,18.7,335,43,371,0.24,921,25.6,95,3.4000000000000004
2021,6,28,17,30,18.5,452,277,711,0.24,920,26.400000000000002,86,3.4000000000000004
2021,6,28,18,30,18.3,363,536,891,0.24,920,27,77,3.4000000000000004
2021,6,28,19,30,18.2,290,73,362,0.24,920,27.1,69,3.5
2021,6,28,20,30,18.3,426,320,723,0.24,919,26.8,62,3.9000000000000004
2021,6,28,21,30,18.5,390,106,477,0.24,919,26.1,55,4.5
2021,6,28,22,30,18.900000000000002,258,63,301,0.24,919,25.3,50,4.9
2021,6,28,23,30,19.3,111,4,113,0.24,919,24.8,48,5
2021,6,29,0,30,19.700000000000003,21,2,22,0.24,920,23.3,44,4.3
2021,6,29,1,30,20.200000000000003,10,0,10,0.24,920,22.5,43,4
2021,6,29,2,30,20.400000000000002,0,0,0,0.24,920,22.1,49,4
2021,6,29,3,30,20.5,0,0,0,0.24,921,21.900000000000002,64,4.1000000000000005
2021,6,29,4,30,20.5,0,0,0,0.24,921,21.8,78,3.9000000000000004
2021,6,29,5,30,20.3,0,0,0,0.24,921,21.5,84,3.7
2021,6,29,6,30,20.1,0,0,0,0.24,921,21.1,85,3.5
2021,6,29,7,30,19.700000000000003,0,0,0,0.24,921,20.8,87,3.6
2021,6,29,8,30,19.3,0,0,0,0.24,921,20.5,88,3.6
2021,6,29,9,30,19.1,0,0,0,0.24,921,20.3,87,3.4000000000000004
2021,6,29,10,30,19,0,0,0,0.24,921,20.1,85,3.2
2021,6,29,11,30,19,0,0,0,0.24,921,20.200000000000003,85,3.1
2021,6,29,12,30,19,33,2,33,0.24,922,21.200000000000003,91,3.3000000000000003
2021,6,29,13,30,19,122,69,144,0.24,922,22.900000000000002,103,3.4000000000000004
2021,6,29,14,30,18.6,214,73,251,0.24,922,24.700000000000003,113,3.5
2021,6,29,15,30,18.1,235,392,505,0.24,922,26.400000000000002,119,3.6
2021,6,29,16,30,17.6,148,791,807,0.24,922,27.900000000000002,120,3.7
2021,6,29,17,30,17.3,176,792,915,0.24,922,29.200000000000003,117,3.8000000000000003
2021,6,29,18,30,16.900000000000002,191,789,967,0.24,921,30.1,112,3.9000000000000004
2021,6,29,19,30,16.7,199,773,958,0.24,921,30.5,106,4.1000000000000005
2021,6,29,20,30,16.5,191,739,876,0.24,920,30.5,102,4.2
2021,6,29,21,30,16.400000000000002,161,760,786,0.24,920,30.5,100,4.4
2021,6,29,22,30,16.2,176,627,600,0.24,920,30.1,99,4.3
2021,6,29,23,30,16.1,94,696,441,0.24,920,29.8,99,4.3
2021,6,30,0,30,16.1,70,545,234,0.24,921,28.3,96,3.4000000000000004
2021,6,30,1,30,16.900000000000002,33,224,55,0.24,921,26.700000000000003,92,2.7
2021,6,30,2,30,17.3,0,0,0,0.24,922,25.6,94,3
2021,6,30,3,30,17.2,0,0,0,0.24,922,24.900000000000002,101,3.4000000000000004
2021,6,30,4,30,17.2,0,0,0,0.24,922,24.1,108,3.4000000000000004
2021,6,30,5,30,17.2,0,0,0,0.24,923,23.3,115,3
2021,6,30,6,30,17.3,0,0,0,0.24,922,22.6,120,2.6
2021,6,30,7,30,17.400000000000002,0,0,0,0.24,922,22,125,2.3000000000000003
2021,6,30,8,30,17.400000000000002,0,0,0,0.24,923,21.5,128,2
2021,6,30,9,30,17.5,0,0,0,0.24,923,21.1,129,1.8
2021,6,30,10,30,17.7,0,0,0,0.24,923,20.700000000000003,126,1.5
2021,6,30,11,30,17.900000000000002,0,0,0,0.24,923,20.900000000000002,123,1.8
2021,6,30,12,30,18.2,28,10,29,0.24,924,22.3,129,2.5
2021,6,30,13,30,18.400000000000002,106,37,118,0.24,924,24.3,138,3
2021,6,30,14,30,18.2,178,52,205,0.24,924,26.1,137,3.3000000000000003
2021,6,30,15,30,18.1,304,91,367,0.24,924,27.6,135,3.5
2021,6,30,16,30,17.900000000000002,174,8,181,0.24,923,28.900000000000002,133,3.7
2021,6,30,17,30,17.6,378,99,470,0.24,923,29.700000000000003,129,4
2021,6,30,18,30,17.400000000000002,291,24,315,0.24,922,30.3,124,4.2
2021,6,30,19,30,17.400000000000002,450,449,891,0.24,922,30.8,122,4.3
2021,6,30,20,30,17.3,455,154,598,0.24,922,31.1,122,4.3
2021,6,30,21,30,17,306,28,329,0.24,921,31,121,4.3
2021,6,30,22,30,16.8,296,289,492,0.24,921,30.8,120,4.3
2021,6,30,23,30,16.6,132,556,409,0.24,921,30.6,119,4.3
2005,7,1,0,30,10.8,68,593,246,0.23,916,37.1,122,5.6000000000000005
2005,7,1,1,30,11.4,32,266,58,0.23,916,34.4,128,5.1000000000000005
2005,7,1,2,30,12,0,0,0,0.23,917,32.2,136,5.1000000000000005
2005,7,1,3,30,12.5,0,0,0,0.23,917,30.900000000000002,146,5.2
2005,7,1,4,30,13.200000000000001,0,0,0,0.23,918,29.900000000000002,155,5.2
2005,7,1,5,30,13.9,0,0,0,0.23,918,29.200000000000003,161,5.1000000000000005
2005,7,1,6,30,14.5,0,0,0,0.23,918,28.6,166,5
2005,7,1,7,30,14.8,0,0,0,0.23,917,28.1,172,4.800000000000001
2005,7,1,8,30,14.8,0,0,0,0.23,917,27.400000000000002,178,4.3
2005,7,1,9,30,14.600000000000001,0,0,0,0.23,917,26.6,182,3.6
2005,7,1,10,30,14.4,0,0,0,0.23,917,25.700000000000003,185,2.9000000000000004
2005,7,1,11,30,14.4,0,0,0,0.23,918,25.5,187,2.5
2005,7,1,12,30,14.4,36,304,69,0.23,918,27.1,194,2.7
2005,7,1,13,30,14.600000000000001,112,278,199,0.23,918,30.3,210,3.1
2005,7,1,14,30,14.700000000000001,108,669,450,0.23,919,33.9,225,2.6
2005,7,1,15,30,13.9,268,416,554,0.23,919,36.7,170,1.5
2005,7,1,16,30,12.700000000000001,333,455,711,0.23,919,38.800000000000004,103,1.9000000000000001
2005,7,1,17,30,11.9,136,876,952,0.23,918,40.300000000000004,98,3.3000000000000003
2005,7,1,18,30,11.4,135,894,1014,0.23,917,41.2,103,4.5
2005,7,1,19,30,11.3,134,895,1012,0.23,917,41.6,107,5.300000000000001
2005,7,1,20,30,11.3,409,418,796,0.23,916,41.5,111,5.9
2005,7,1,21,30,11.4,342,38,374,0.23,915,41.1,114,6.2
2005,7,1,22,30,11.600000000000001,316,159,423,0.23,915,40.2,116,6.2
2005,7,1,23,30,11.700000000000001,209,228,323,0.23,915,39.7,117,6
2005,7,2,0,30,12,111,44,125,0.22,916,37,119,4.800000000000001
2005,7,2,1,30,12.700000000000001,19,0,19,0.22,916,34.7,126,4.6000000000000005
2005,7,2,2,30,13.4,0,0,0,0.22,917,32.9,136,5.5
2005,7,2,3,30,13.8,0,0,0,0.22,917,31.700000000000003,143,6
2005,7,2,4,30,14.4,0,0,0,0.22,917,30.5,148,5.5
2005,7,2,5,30,14.9,0,0,0,0.22,917,29.400000000000002,154,4.6000000000000005
2005,7,2,6,30,15.3,0,0,0,0.22,917,28.400000000000002,161,3.8000000000000003
2005,7,2,7,30,15.5,0,0,0,0.22,918,27.5,169,3.1
2005,7,2,8,30,15.700000000000001,0,0,0,0.22,918,26.8,174,2.5
2005,7,2,9,30,15.8,0,0,0,0.22,918,26.3,173,2.2
2005,7,2,10,30,15.9,0,0,0,0.22,918,25.8,170,2.2
2005,7,2,11,30,16,0,0,0,0.22,918,25.900000000000002,167,2.6
2005,7,2,12,30,16,37,94,47,0.22,918,27.400000000000002,168,3.2
2005,7,2,13,30,16.1,91,435,227,0.22,918,30.700000000000003,187,3.8000000000000003
2005,7,2,14,30,15.600000000000001,208,283,352,0.22,918,34.5,211,3.9000000000000004
2005,7,2,15,30,13.9,128,776,661,0.22,917,37.5,217,3.4000000000000004
2005,7,2,16,30,12.4,140,827,827,0.22,917,39.6,212,2.9000000000000004
2005,7,2,17,30,11.3,150,855,947,0.22,916,41.300000000000004,208,2.4000000000000004
2005,7,2,18,30,10.3,156,866,1007,0.22,915,42.5,216,1.9000000000000001
2005,7,2,19,30,9.4,157,866,1007,0.22,915,43.2,250,1.5
2005,7,2,20,30,8.4,152,855,944,0.22,914,43.400000000000006,295,1.4000000000000001
2005,7,2,21,30,7.4,166,789,815,0.22,913,43.2,321,1.6
2005,7,2,22,30,6.5,148,739,648,0.22,913,42.6,332,1.7000000000000002
2005,7,2,23,30,6,179,401,378,0.22,913,42.1,337,1.7000000000000002
2005,7,3,0,30,6.9,85,518,241,0.22,913,38.5,217,1.2000000000000002
2005,7,3,1,30,11.3,35,216,55,0.22,914,34.9,103,1.5
2005,7,3,2,30,11.100000000000001,0,0,0,0.22,914,32.7,131,2.2
2005,7,3,3,30,11.3,0,0,0,0.22,915,31.5,143,2.7
2005,7,3,4,30,11.5,0,0,0,0.22,915,30.3,152,3.1
2005,7,3,5,30,11.700000000000001,0,0,0,0.22,915,29.200000000000003,161,3.4000000000000004
2005,7,3,6,30,11.9,0,0,0,0.22,915,28.1,171,3.5
2005,7,3,7,30,12,0,0,0,0.22,915,27,185,3.3000000000000003
2005,7,3,8,30,12.100000000000001,0,0,0,0.22,915,26.1,199,3.1
2005,7,3,9,30,12.100000000000001,0,0,0,0.22,915,25.400000000000002,207,3.1
2005,7,3,10,30,12,0,0,0,0.22,915,25,210,3.4000000000000004
2005,7,3,11,30,12,0,0,0,0.22,916,25.3,211,3.8000000000000003
2005,7,3,12,30,12.5,36,296,68,0.22,916,27.200000000000003,214,4.4
2005,7,3,13,30,12.9,72,612,263,0.22,916,30.8,224,4.6000000000000005
2005,7,3,14,30,12,93,761,481,0.22,916,34.7,243,4.4
2005,7,3,15,30,9.600000000000001,107,843,685,0.22,916,37.800000000000004,272,4.1000000000000005
2005,7,3,16,30,7,117,892,857,0.22,916,40,301,3.9000000000000004
2005,7,3,17,30,5,123,921,981,0.22,916,41.5,322,3.9000000000000004
2005,7,3,18,30,3.9000000000000004,133,925,1042,0.22,915,42.5,333,3.9000000000000004
2005,7,3,19,30,3.2,133,924,1040,0.22,915,43.2,339,3.8000000000000003
2005,7,3,20,30,2.6,131,910,974,0.22,914,43.5,341,3.5
2005,7,3,21,30,1.8,122,883,849,0.22,914,43.300000000000004,340,3
2005,7,3,22,30,0.9,111,838,678,0.22,913,42.7,337,2.3000000000000003
2005,7,3,23,30,0.4,94,758,472,0.22,913,42.300000000000004,335,2
2005,7,4,0,30,2.4000000000000004,66,570,237,0.23,913,39.1,220,0.6000000000000001
2005,7,4,1,30,8.5,32,284,60,0.23,913,35.7,132,0.6000000000000001
2005,7,4,2,30,7.5,0,0,0,0.23,914,33.1,163,1.3
2005,7,4,3,30,8,0,0,0,0.23,914,31.700000000000003,172,2.2
2005,7,4,4,30,10,0,0,0,0.23,915,30.700000000000003,177,2.9000000000000004
2005,7,4,5,30,11.8,0,0,0,0.23,915,29.8,186,2.9000000000000004
2005,7,4,6,30,12.4,0,0,0,0.23,915,28.900000000000002,198,2.5
2005,7,4,7,30,12.5,0,0,0,0.23,915,27.900000000000002,209,2.4000000000000004
2005,7,4,8,30,12.3,0,0,0,0.23,915,27.200000000000003,218,2.6
2005,7,4,9,30,12,0,0,0,0.23,916,26.5,230,2.8000000000000003
2005,7,4,10,30,11.3,0,0,0,0.23,916,25.700000000000003,251,2.7
2005,7,4,11,30,10.100000000000001,0,0,0,0.23,916,25.6,276,3
2005,7,4,12,30,8.3,35,303,68,0.23,917,27.200000000000003,293,4
2005,7,4,13,30,6.1000000000000005,70,631,266,0.23,917,30,306,5
2005,7,4,14,30,4.2,89,781,487,0.23,918,33,317,5.4
2005,7,4,15,30,4,103,860,692,0.23,918,35.7,329,5.4
2005,7,4,16,30,4.4,113,902,861,0.23,918,38.2,342,5.2
2005,7,4,17,30,4.5,120,924,980,0.23,918,40.2,177,5
2005,7,4,18,30,4.800000000000001,127,928,1039,0.23,917,41.5,12,5
2005,7,4,19,30,5.300000000000001,129,922,1034,0.23,917,42.2,26,5.300000000000001
2005,7,4,20,30,6,128,903,965,0.23,916,42.300000000000004,36,5.6000000000000005
2005,7,4,21,30,6.800000000000001,119,876,840,0.23,916,42,44,5.800000000000001
2005,7,4,22,30,7.300000000000001,109,826,668,0.23,916,41.2,50,5.800000000000001
2005,7,4,23,30,7.6000000000000005,94,744,464,0.23,916,40.800000000000004,52,5.7
2005,7,5,0,30,8.3,70,593,248,0.23,917,37.6,60,4.1000000000000005
2005,7,5,1,30,10.4,32,267,58,0.23,917,34.300000000000004,66,3
2005,7,5,2,30,12.100000000000001,0,0,0,0.23,918,32.2,75,3.1
2005,7,5,3,30,13.9,0,0,0,0.23,919,30.900000000000002,92,3.6
2005,7,5,4,30,14.9,0,0,0,0.23,920,29.900000000000002,115,4
2005,7,5,5,30,14.8,0,0,0,0.23,920,29.200000000000003,134,4.2
2005,7,5,6,30,14,0,0,0,0.23,920,28.5,143,3.9000000000000004
2005,7,5,7,30,13.5,0,0,0,0.23,920,27.5,144,3.2
2005,7,5,8,30,13.8,0,0,0,0.23,920,26.400000000000002,140,2.8000000000000003
2005,7,5,9,30,14.200000000000001,0,0,0,0.23,920,25.400000000000002,133,2.5
2005,7,5,10,30,14.600000000000001,0,0,0,0.23,921,24.6,127,2.3000000000000003
2005,7,5,11,30,14.9,0,0,0,0.23,921,24.400000000000002,126,2.6
2005,7,5,12,30,15.3,35,276,64,0.23,922,25.8,124,3.2
2005,7,5,13,30,15.5,73,591,256,0.23,922,28.6,118,3.8000000000000003
2005,7,5,14,30,15.3,95,739,470,0.23,922,31.5,109,4.3
2005,7,5,15,30,14.9,111,816,669,0.23,923,33.9,104,5
2005,7,5,16,30,14.600000000000001,196,753,820,0.23,923,35.7,103,5.6000000000000005
2005,7,5,17,30,14.600000000000001,131,882,952,0.23,922,36.9,104,5.9
2005,7,5,18,30,14.4,355,622,966,0.23,922,37.800000000000004,105,6
2005,7,5,19,30,14,152,869,1005,0.23,921,38.400000000000006,106,6.1000000000000005
2005,7,5,20,30,13.600000000000001,148,854,940,0.23,921,38.5,108,6.1000000000000005
2005,7,5,21,30,13.3,125,850,824,0.23,920,38.300000000000004,111,6.2
2005,7,5,22,30,13.100000000000001,113,803,656,0.23,920,37.5,114,6.2
2005,7,5,23,30,12.9,96,721,455,0.23,920,37.1,115,6.2
2005,7,6,0,30,12.700000000000001,72,577,245,0.23,920,34.6,120,5.7
2005,7,6,1,30,12.9,32,263,58,0.23,920,32.300000000000004,125,4.7
2005,7,6,2,30,13.3,0,0,0,0.23,921,30.400000000000002,132,4
2005,7,6,3,30,13.600000000000001,0,0,0,0.23,921,29.200000000000003,142,3.7
2005,7,6,4,30,13.9,0,0,0,0.23,921,28.1,152,3.4000000000000004
2005,7,6,5,30,14,0,0,0,0.23,921,27.200000000000003,160,3.2
2005,7,6,6,30,13.9,0,0,0,0.23,920,26.5,165,2.9000000000000004
2005,7,6,7,30,13.600000000000001,0,0,0,0.23,920,25.700000000000003,166,2.7
2005,7,6,8,30,13.200000000000001,0,0,0,0.23,920,25.1,165,2.5
2005,7,6,9,30,12.8,0,0,0,0.23,920,24.6,162,2.4000000000000004
2005,7,6,10,30,12.5,0,0,0,0.23,920,24,153,2.1
2005,7,6,11,30,12.4,0,0,0,0.23,921,24,143,2.1
2005,7,6,12,30,12.4,34,17,35,0.23,922,25.700000000000003,147,2.6
2005,7,6,13,30,12.4,80,547,248,0.23,922,29,163,3.4000000000000004
2005,7,6,14,30,12,104,705,461,0.23,922,32.2,166,4
2005,7,6,15,30,11,226,524,585,0.23,922,34.4,160,4.2
2005,7,6,16,30,9.600000000000001,297,562,762,0.23,922,36.300000000000004,158,4.5
2005,7,6,17,30,8.3,280,691,923,0.23,921,38,157,4.6000000000000005
2005,7,6,18,30,7.2,143,889,1015,0.23,920,39.300000000000004,155,4.6000000000000005
2005,7,6,19,30,6.5,142,892,1016,0.23,919,40.2,153,4.6000000000000005
2005,7,6,20,30,6,138,878,952,0.23,919,40.6,151,4.4
2005,7,6,21,30,5.800000000000001,141,833,826,0.23,918,40.7,148,4.1000000000000005
2005,7,6,22,30,5.800000000000001,128,780,656,0.23,917,40.2,143,4
2005,7,6,23,30,5.9,109,692,454,0.23,917,39.900000000000006,141,3.9000000000000004
2005,7,7,0,30,6.300000000000001,81,536,242,0.22,917,37,129,3.8000000000000003
2005,7,7,1,30,7.7,31,169,47,0.22,918,34.1,127,4
2005,7,7,2,30,8.700000000000001,0,0,0,0.22,918,32.1,135,4.7
2005,7,7,3,30,9.600000000000001,0,0,0,0.22,919,30.6,144,4.7
2005,7,7,4,30,10.3,0,0,0,0.22,919,29.400000000000002,149,4.2
2005,7,7,5,30,10.8,0,0,0,0.22,919,28.400000000000002,149,3.7
2005,7,7,6,30,11.200000000000001,0,0,0,0.22,919,27.6,149,3.3000000000000003
2005,7,7,7,30,11.4,0,0,0,0.22,919,26.900000000000002,151,3.1
2005,7,7,8,30,11.600000000000001,0,0,0,0.22,919,26.3,156,2.9000000000000004
2005,7,7,9,30,11.700000000000001,0,0,0,0.22,919,25.6,162,2.6
2005,7,7,10,30,11.9,0,0,0,0.22,919,25,172,2.4000000000000004
2005,7,7,11,30,12.200000000000001,0,0,0,0.22,919,25,186,2.4000000000000004
2005,7,7,12,30,12.3,28,0,28,0.22,920,26.5,199,2.7
2005,7,7,13,30,11.700000000000001,93,482,241,0.22,920,29.6,213,3
2005,7,7,14,30,10.5,121,657,453,0.22,920,33.300000000000004,228,2.8000000000000003
2005,7,7,15,30,9.1,135,765,657,0.22,920,36.300000000000004,237,1.9000000000000001
2005,7,7,16,30,8.1,141,833,829,0.22,920,38.5,223,1
2005,7,7,17,30,7.7,141,875,955,0.22,919,40.1,134,0.7000000000000001
2005,7,7,18,30,7.4,132,904,1020,0.22,918,41.300000000000004,57,1
2005,7,7,19,30,7,129,911,1022,0.22,917,42.1,55,1.4000000000000001
2005,7,7,20,30,6.6000000000000005,124,904,961,0.22,917,42.400000000000006,59,1.8
2005,7,7,21,30,6.1000000000000005,114,883,841,0.22,916,42.400000000000006,67,2.2
2005,7,7,22,30,5.7,103,838,670,0.22,916,41.800000000000004,78,2.8000000000000003
2005,7,7,23,30,5.5,88,760,466,0.22,916,41.400000000000006,84,3.1
2005,7,8,0,30,6,67,613,250,0.23,916,37.9,98,3
2005,7,8,1,30,9,31,279,58,0.23,916,34.6,108,2.8000000000000003
2005,7,8,2,30,9.5,0,0,0,0.23,917,32.800000000000004,119,3.2
2005,7,8,3,30,9.8,0,0,0,0.23,917,31.700000000000003,127,3.4000000000000004
2005,7,8,4,30,10.100000000000001,0,0,0,0.23,918,30.6,131,3.2
2005,7,8,5,30,10.200000000000001,0,0,0,0.23,918,29.400000000000002,131,2.9000000000000004
2005,7,8,6,30,10.200000000000001,0,0,0,0.23,918,28.400000000000002,132,2.7
2005,7,8,7,30,10.100000000000001,0,0,0,0.23,918,27.6,140,2.7
2005,7,8,8,30,10.100000000000001,0,0,0,0.23,918,26.900000000000002,158,2.6
2005,7,8,9,30,10,0,0,0,0.23,918,26.200000000000003,183,2.6
2005,7,8,10,30,9.9,0,0,0,0.23,918,25.6,204,2.6
2005,7,8,11,30,9.8,0,0,0,0.23,919,25.700000000000003,219,2.6
2005,7,8,12,30,9.700000000000001,33,295,62,0.23,919,27.6,230,2.8000000000000003
2005,7,8,13,30,9.1,68,612,255,0.23,920,31.1,238,3
2005,7,8,14,30,8.5,90,758,471,0.23,920,34.7,244,2.6
2005,7,8,15,30,7.7,105,833,672,0.23,919,37.4,244,1.6
2005,7,8,16,30,7.2,117,876,841,0.23,919,39.5,172,1.2000000000000002
2005,7,8,17,30,6.9,128,895,960,0.23,919,41,99,2.2
2005,7,8,18,30,6.800000000000001,137,900,1020,0.23,918,41.900000000000006,95,3.7
2005,7,8,19,30,7,140,893,1016,0.23,918,42.2,94,5
2005,7,8,20,30,7.4,138,876,949,0.23,917,41.900000000000006,95,6.1000000000000005
2005,7,8,21,30,8.4,141,828,822,0.23,917,41,97,6.9
2005,7,8,22,30,9.600000000000001,132,764,649,0.23,917,39.7,101,7.2
2005,7,8,23,30,10.8,116,661,445,0.23,917,39,104,7.300000000000001
2005,7,9,0,30,11.700000000000001,88,483,232,0.22,917,36.2,112,6
2005,7,9,1,30,12.700000000000001,36,153,50,0.22,918,34,112,4.6000000000000005
2005,7,9,2,30,13.700000000000001,0,0,0,0.22,919,32.300000000000004,111,3.7
2005,7,9,3,30,14.3,0,0,0,0.22,919,31.200000000000003,113,3.4000000000000004
2005,7,9,4,30,14.700000000000001,0,0,0,0.22,920,30.3,120,3.4000000000000004
2005,7,9,5,30,14.700000000000001,0,0,0,0.22,920,29.6,131,3.5
2005,7,9,6,30,14.600000000000001,0,0,0,0.22,920,28.900000000000002,140,3.8000000000000003
2005,7,9,7,30,14.700000000000001,0,0,0,0.22,920,28.1,145,3.6
2005,7,9,8,30,15,0,0,0,0.22,919,27.200000000000003,142,3.1
2005,7,9,9,30,15.3,0,0,0,0.22,919,26.400000000000002,138,2.6
2005,7,9,10,30,15.600000000000001,0,0,0,0.22,920,25.5,130,2.2
2005,7,9,11,30,15.9,0,0,0,0.22,920,25.1,124,2.3000000000000003
2005,7,9,12,30,16.2,32,27,35,0.22,921,26.3,130,2.9000000000000004
2005,7,9,13,30,16,87,497,238,0.22,921,28.900000000000002,136,3
2005,7,9,14,30,15.200000000000001,196,327,360,0.22,921,31.8,124,2.3000000000000003
2005,7,9,15,30,14,273,396,542,0.22,921,34.1,99,2
2005,7,9,16,30,13.200000000000001,149,806,815,0.22,921,35.9,79,2.3000000000000003
2005,7,9,17,30,12.8,161,830,932,0.22,920,37,71,2.7
2005,7,9,18,30,12.700000000000001,162,848,993,0.22,919,37.7,68,3.1
2005,7,9,19,30,12.700000000000001,167,839,989,0.22,918,37.9,66,3.3000000000000003
2005,7,9,20,30,12.8,165,818,923,0.22,918,37.7,67,3.4000000000000004
2005,7,9,21,30,12.9,148,800,806,0.22,917,37.2,72,3.5
2005,7,9,22,30,12.9,135,742,637,0.22,917,36.300000000000004,80,3.6
2005,7,9,23,30,13.200000000000001,116,647,438,0.22,917,35.7,86,3.6
2005,7,10,0,30,14.3,86,478,229,0.22,917,33.5,104,3.6
2005,7,10,1,30,15.4,34,162,50,0.22,917,31.900000000000002,115,3.9000000000000004
2005,7,10,2,30,16.2,0,0,0,0.22,918,30.6,120,4.1000000000000005
2005,7,10,3,30,16.8,0,0,0,0.22,918,29.5,123,3.9000000000000004
2005,7,10,4,30,17.3,0,0,0,0.22,919,28.5,128,3.6
2005,7,10,5,30,17.5,0,0,0,0.22,919,27.700000000000003,138,3.3000000000000003
2005,7,10,6,30,17.6,0,0,0,0.22,919,27,149,3.1
2005,7,10,7,30,17.5,0,0,0,0.22,918,26.3,152,2.6
2005,7,10,8,30,17.400000000000002,0,0,0,0.22,918,25.700000000000003,152,2.1
2005,7,10,9,30,17.3,0,0,0,0.22,919,25.5,154,2
2005,7,10,10,30,17,0,0,0,0.22,919,25.400000000000002,154,2.1
2005,7,10,11,30,16.900000000000002,0,0,0,0.22,919,25.5,151,2.4000000000000004
2005,7,10,12,30,16.8,37,148,51,0.22,920,26.5,157,2.8000000000000003
2005,7,10,13,30,16.6,92,454,230,0.22,920,28.400000000000002,174,3.2
2005,7,10,14,30,16.400000000000002,122,631,438,0.22,920,30.200000000000003,186,3.2
2005,7,10,15,30,16.3,139,733,637,0.22,920,31.6,182,2.8000000000000003
2005,7,10,16,30,16.400000000000002,149,792,803,0.22,920,32.6,167,2.5
2005,7,10,17,30,16.6,155,826,922,0.22,920,33.2,150,2.5
2005,7,10,18,30,16.7,415,531,935,0.22,919,33.5,136,2.8000000000000003
2005,7,10,19,30,16.8,506,196,698,0.22,919,33.6,130,3.2
2005,7,10,20,30,16.900000000000002,150,835,923,0.22,918,33.4,126,3.6
2005,7,10,21,30,16.900000000000002,227,691,796,0.22,918,33.1,123,4
2005,7,10,22,30,16.7,205,581,598,0.22,918,32.5,122,4.4
2005,7,10,23,30,16.6,196,311,351,0.22,918,32.2,122,4.5
2005,7,11,0,30,16.6,111,48,126,0.22,917,30.1,124,3.8000000000000003
2005,7,11,1,30,17.2,3,0,3,0.22,918,28.1,118,2.4000000000000004
2005,7,11,2,30,17.8,0,0,0,0.22,919,26.700000000000003,111,1.5
2005,7,11,3,30,17.900000000000002,0,0,0,0.22,919,25.900000000000002,121,1.4000000000000001
2005,7,11,4,30,17.6,0,0,0,0.22,919,25.400000000000002,139,1.9000000000000001
2005,7,11,5,30,17.1,0,0,0,0.22,918,24.8,148,2.4000000000000004
2005,7,11,6,30,16.8,0,0,0,0.22,918,24.200000000000003,154,2.4000000000000004
2005,7,11,7,30,16.7,0,0,0,0.22,918,23.6,161,2.1
2005,7,11,8,30,16.5,0,0,0,0.22,918,23.1,170,1.7000000000000002
2005,7,11,9,30,16.3,0,0,0,0.22,918,22.6,181,1.3
2005,7,11,10,30,16.1,0,0,0,0.22,918,22.200000000000003,191,1.1
2005,7,11,11,30,16,0,0,0,0.22,918,22.400000000000002,197,1.2000000000000002
2005,7,11,12,30,15.9,34,196,53,0.22,919,24.1,202,1.5
2005,7,11,13,30,15.5,84,501,235,0.22,919,27.200000000000003,206,1.5
2005,7,11,14,30,14.9,114,658,443,0.22,920,30.400000000000002,219,0.9
2005,7,11,15,30,14.4,134,748,642,0.22,920,32.7,138,0.6000000000000001
2005,7,11,16,30,14.100000000000001,147,804,809,0.22,920,34.4,51,1.1
2005,7,11,17,30,13.8,356,568,882,0.22,920,35.800000000000004,61,1.8
2005,7,11,18,30,13.4,140,876,999,0.22,919,36.800000000000004,71,2.4000000000000004
2005,7,11,19,30,13,138,881,1001,0.22,919,37.5,80,2.8000000000000003
2005,7,11,20,30,12.600000000000001,133,872,940,0.22,918,37.800000000000004,87,3.1
2005,7,11,21,30,12.200000000000001,141,820,815,0.22,918,37.800000000000004,93,3.4000000000000004
2005,7,11,22,30,11.9,125,772,647,0.22,918,37.300000000000004,98,3.6
2005,7,11,23,30,11.600000000000001,106,688,448,0.22,918,37,100,3.7
2005,7,12,0,30,11.600000000000001,86,429,213,0.22,918,34.2,106,3.1
2005,7,12,1,30,13.200000000000001,28,0,28,0.22,919,31.6,112,2.6
2005,7,12,2,30,13.8,0,0,0,0.22,919,30,122,3.3000000000000003
2005,7,12,3,30,14.3,0,0,0,0.22,920,29,132,3.8000000000000003
2005,7,12,4,30,15,0,0,0,0.22,920,28.1,140,3.8000000000000003
2005,7,12,5,30,15.4,0,0,0,0.22,921,27.200000000000003,145,3.5
2005,7,12,6,30,15.5,0,0,0,0.22,921,26.400000000000002,149,3.1
2005,7,12,7,30,15.5,0,0,0,0.22,921,25.700000000000003,153,2.8000000000000003
2005,7,12,8,30,15.5,0,0,0,0.22,921,25,156,2.5
2005,7,12,9,30,15.3,0,0,0,0.22,921,24.400000000000002,157,2.2
2005,7,12,10,30,15.200000000000001,0,0,0,0.22,922,23.900000000000002,155,2
2005,7,12,11,30,15.100000000000001,0,0,0,0.22,922,23.900000000000002,151,2
2005,7,12,12,30,15.100000000000001,34,186,52,0.22,923,25.5,150,2.3000000000000003
2005,7,12,13,30,14.8,85,493,233,0.22,923,28.6,157,2.7
2005,7,12,14,30,14,114,657,442,0.22,924,32,156,2.6
2005,7,12,15,30,13.600000000000001,133,749,640,0.22,924,34.2,132,2.3000000000000003
2005,7,12,16,30,13.600000000000001,146,803,807,0.22,924,35.5,105,2.6
2005,7,12,17,30,13.600000000000001,158,828,925,0.22,924,36.2,89,3.3000000000000003
2005,7,12,18,30,13.700000000000001,450,464,905,0.22,923,36.2,80,4.3
2005,7,12,19,30,14,413,530,932,0.22,923,35.4,78,5.300000000000001
2005,7,12,20,30,14.700000000000001,449,308,734,0.22,923,34.300000000000004,80,5.9
2005,7,12,21,30,15.4,388,282,619,0.22,924,33.300000000000004,84,5.800000000000001
2005,7,12,22,30,15.8,313,193,443,0.22,924,32.4,90,5.2
2005,7,12,23,30,15.9,153,539,420,0.22,924,31.8,93,4.9
2005,7,13,0,30,15.8,101,399,220,0.22,924,30.1,102,3.4000000000000004
2005,7,13,1,30,16.1,34,137,46,0.22,924,28.8,110,2.2
2005,7,13,2,30,16.5,0,0,0,0.22,924,27.8,117,1.5
2005,7,13,3,30,16.5,0,0,0,0.22,924,27.1,117,1.2000000000000002
2005,7,13,4,30,16.5,0,0,0,0.22,925,26.5,115,1
2005,7,13,5,30,16.400000000000002,0,0,0,0.22,925,25.900000000000002,116,1
2005,7,13,6,30,16.2,0,0,0,0.22,924,25.200000000000003,122,0.9
2005,7,13,7,30,16.1,0,0,0,0.22,924,24.6,131,0.9
2005,7,13,8,30,16.1,0,0,0,0.22,924,24.1,137,0.8
2005,7,13,9,30,16.1,0,0,0,0.22,924,23.700000000000003,134,0.8
2005,7,13,10,30,16.1,0,0,0,0.22,924,23.5,125,0.7000000000000001
2005,7,13,11,30,16.1,0,0,0,0.22,924,23.700000000000003,107,0.7000000000000001
2005,7,13,12,30,16.2,31,58,36,0.22,925,25.3,102,1.2000000000000002
2005,7,13,13,30,16,98,418,223,0.22,925,28.1,116,1.7000000000000002
2005,7,13,14,30,15.8,133,597,430,0.22,925,30.6,120,1.8
2005,7,13,15,30,15.700000000000001,153,703,629,0.22,924,32.2,110,1.9000000000000001
2005,7,13,16,30,15.700000000000001,253,641,781,0.22,924,33.2,102,2.1
2005,7,13,17,30,15.700000000000001,177,795,914,0.22,924,33.6,101,2.4000000000000004
2005,7,13,18,30,15.600000000000001,171,826,979,0.22,923,33.7,105,2.7
2005,7,13,19,30,15.600000000000001,458,411,861,0.22,923,33.7,113,2.9000000000000004
2005,7,13,20,30,15.600000000000001,362,555,875,0.22,923,33.5,122,3.2
2005,7,13,21,30,15.5,397,107,485,0.22,922,33.300000000000004,131,3.4000000000000004
2005,7,13,22,30,15.3,110,792,645,0.22,922,32.800000000000004,139,3.5
2005,7,13,23,30,15.100000000000001,91,718,447,0.22,921,32.6,142,3.5
2005,7,14,0,30,15.100000000000001,66,580,238,0.22,921,30.900000000000002,146,2.8000000000000003
2005,7,14,1,30,15.8,29,268,53,0.22,921,29.1,145,2
2005,7,14,2,30,15.9,0,0,0,0.22,921,27.8,143,2
2005,7,14,3,30,15.8,0,0,0,0.22,922,27,145,2.1
2005,7,14,4,30,15.9,0,0,0,0.22,922,26.200000000000003,151,2.2
2005,7,14,5,30,16.1,0,0,0,0.22,922,25.400000000000002,156,2.1
2005,7,14,6,30,16.3,0,0,0,0.22,922,24.700000000000003,159,1.9000000000000001
2005,7,14,7,30,16.5,0,0,0,0.22,921,24.1,160,1.7000000000000002
2005,7,14,8,30,16.7,0,0,0,0.22,921,23.5,162,1.6
2005,7,14,9,30,16.900000000000002,0,0,0,0.22,921,23.1,166,1.4000000000000001
2005,7,14,10,30,17.1,0,0,0,0.22,921,22.8,171,1.4000000000000001
2005,7,14,11,30,17.1,0,0,0,0.22,921,23.1,177,1.6
2005,7,14,12,30,17.2,31,234,52,0.22,921,25,182,2.2
2005,7,14,13,30,17.3,73,559,238,0.22,922,28.3,179,2.5
2005,7,14,14,30,16.5,95,722,453,0.22,921,31.5,164,2
2005,7,14,15,30,15.200000000000001,107,814,657,0.22,921,33.9,136,1.5
2005,7,14,16,30,13.600000000000001,115,869,829,0.22,921,35.7,109,1.6
2005,7,14,17,30,12.5,120,898,951,0.22,920,36.9,100,2.1
2005,7,14,18,30,11.9,143,888,1012,0.22,919,37.800000000000004,101,2.4000000000000004
2005,7,14,19,30,11.5,140,891,1012,0.22,919,38.2,104,2.7
2005,7,14,20,30,11.200000000000001,134,882,950,0.22,918,38.400000000000006,107,2.9000000000000004
2005,7,14,21,30,11,117,869,831,0.22,917,38.300000000000004,108,3.2
2005,7,14,22,30,10.8,106,823,661,0.22,917,37.7,110,3.5
2005,7,14,23,30,10.600000000000001,90,741,457,0.22,917,37.300000000000004,111,3.7
2005,7,15,0,30,10.8,67,592,242,0.22,917,34.4,115,3.3000000000000003
2005,7,15,1,30,12.600000000000001,29,264,53,0.22,917,31.8,121,2.7
2005,7,15,2,30,13.5,0,0,0,0.22,918,30.200000000000003,129,3
2005,7,15,3,30,13.9,0,0,0,0.22,918,29.3,137,3.3000000000000003
2005,7,15,4,30,14.3,0,0,0,0.22,918,28.400000000000002,147,3.4000000000000004
2005,7,15,5,30,15,0,0,0,0.22,918,27.400000000000002,156,3.5
2005,7,15,6,30,15.8,0,0,0,0.22,918,26.5,163,3.4000000000000004
2005,7,15,7,30,16.400000000000002,0,0,0,0.22,918,25.700000000000003,168,3
2005,7,15,8,30,17,0,0,0,0.22,918,25.1,171,2.5
2005,7,15,9,30,17.400000000000002,0,0,0,0.22,919,24.5,176,2.1
2005,7,15,10,30,17.7,0,0,0,0.22,919,23.900000000000002,180,1.8
2005,7,15,11,30,17.8,0,0,0,0.22,919,24,182,1.7000000000000002
2005,7,15,12,30,17.900000000000002,30,83,37,0.22,920,25.6,177,1.8
2005,7,15,13,30,17.7,76,527,231,0.22,920,28.400000000000002,140,1.8
2005,7,15,14,30,16.7,102,685,442,0.22,920,31.1,95,2.4000000000000004
2005,7,15,15,30,16.2,285,52,320,0.22,920,32.800000000000004,77,3.5
2005,7,15,16,30,16.1,252,643,780,0.22,920,33.6,71,4.4
2005,7,15,17,30,16.2,370,30,398,0.22,920,33.7,70,5.1000000000000005
2005,7,15,18,30,16.400000000000002,497,110,605,0.22,920,33.800000000000004,72,5.2
2005,7,15,19,30,16.400000000000002,170,828,980,0.22,920,34,74,5
2005,7,15,20,30,16.3,158,826,922,0.22,919,34.2,76,4.6000000000000005
2005,7,15,21,30,16,351,44,388,0.22,919,33.9,77,4.3
2005,7,15,22,30,15.700000000000001,314,153,418,0.22,919,33.5,80,4.2
2005,7,15,23,30,15.4,202,264,333,0.22,919,33.2,81,4.1000000000000005
2005,7,16,0,30,15.200000000000001,98,321,193,0.22,919,31.5,91,3.1
2005,7,16,1,30,16,29,73,36,0.22,919,29.8,101,2.2
2005,7,16,2,30,15.9,0,0,0,0.22,920,28.5,111,2
2005,7,16,3,30,15.5,0,0,0,0.22,920,27.5,118,2.2
2005,7,16,4,30,15.5,0,0,0,0.22,920,26.400000000000002,122,2.3000000000000003
2005,7,16,5,30,15.700000000000001,0,0,0,0.22,921,25.5,124,2.1
2005,7,16,6,30,15.9,0,0,0,0.22,921,24.8,122,1.7000000000000002
2005,7,16,7,30,16.1,0,0,0,0.22,921,24,120,1.2000000000000002
2005,7,16,8,30,16.2,0,0,0,0.22,921,23.3,124,0.9
2005,7,16,9,30,16.2,0,0,0,0.22,921,22.700000000000003,133,0.8
2005,7,16,10,30,16.2,0,0,0,0.22,921,22.400000000000002,142,0.7000000000000001
2005,7,16,11,30,16.1,0,0,0,0.22,921,22.8,144,0.7000000000000001
2005,7,16,12,30,16.1,30,223,50,0.22,921,24.6,121,0.8
2005,7,16,13,30,15.9,77,533,233,0.22,922,27.5,87,1.6
2005,7,16,14,30,15.600000000000001,109,679,444,0.22,922,29.900000000000002,72,2.7
2005,7,16,15,30,15.600000000000001,131,759,643,0.22,922,31.5,71,3.3000000000000003
2005,7,16,16,30,15.4,145,812,811,0.22,922,32.800000000000004,73,3.5
2005,7,16,17,30,15,154,844,933,0.22,922,33.9,77,3.6
2005,7,16,18,30,14.8,151,866,997,0.22,921,34.7,82,3.5
2005,7,16,19,30,14.700000000000001,145,873,999,0.22,920,35.2,86,3.5
2005,7,16,20,30,14.5,137,866,937,0.22,920,35.5,89,3.4000000000000004
2005,7,16,21,30,14.200000000000001,124,847,819,0.22,919,35.5,93,3.5
2005,7,16,22,30,13.9,108,807,651,0.22,918,35.1,97,3.6
2005,7,16,23,30,13.600000000000001,89,732,450,0.22,918,34.800000000000004,100,3.6
2005,7,17,0,30,13.4,66,588,238,0.22,919,32.800000000000004,109,3.4000000000000004
2005,7,17,1,30,13.700000000000001,28,264,51,0.22,919,30.8,118,3.2
2005,7,17,2,30,14.100000000000001,0,0,0,0.22,919,29.3,129,4.1000000000000005
2005,7,17,3,30,14.700000000000001,0,0,0,0.22,920,28.200000000000003,140,5.1000000000000005
2005,7,17,4,30,15.8,0,0,0,0.22,920,26.900000000000002,151,5.2
2005,7,17,5,30,16.900000000000002,0,0,0,0.22,920,25.700000000000003,160,4.7
2005,7,17,6,30,17.5,0,0,0,0.22,920,24.900000000000002,167,3.8000000000000003
2005,7,17,7,30,17.900000000000002,0,0,0,0.22,920,24.200000000000003,172,3
2005,7,17,8,30,18.1,0,0,0,0.22,920,23.6,177,2.2
2005,7,17,9,30,18.3,0,0,0,0.22,920,23,180,1.6
2005,7,17,10,30,18.400000000000002,0,0,0,0.22,920,22.5,179,1.4000000000000001
2005,7,17,11,30,18.5,0,0,0,0.22,920,22.5,176,1.9000000000000001
2005,7,17,12,30,18.5,27,264,50,0.22,921,24.1,172,2.8000000000000003
2005,7,17,13,30,18.2,64,598,238,0.22,921,27.3,161,3.4000000000000004
2005,7,17,14,30,16.7,83,752,453,0.22,921,30.5,145,3.7
2005,7,17,15,30,15.5,96,837,658,0.22,920,32.7,135,3.8000000000000003
2005,7,17,16,30,15,103,886,829,0.22,920,34.300000000000004,129,3.7
2005,7,17,17,30,14.600000000000001,107,914,951,0.22,919,35.7,124,3.7
2005,7,17,18,30,14.200000000000001,115,922,1016,0.22,919,36.7,118,3.7
2005,7,17,19,30,13.8,113,924,1016,0.22,918,37.300000000000004,114,3.8000000000000003
2005,7,17,20,30,13.5,110,914,953,0.22,917,37.7,111,4.1000000000000005
2005,7,17,21,30,13.200000000000001,117,867,828,0.22,917,37.6,109,4.3
2005,7,17,22,30,13,107,817,657,0.22,916,37,109,4.6000000000000005
2005,7,17,23,30,13,93,729,452,0.22,916,36.6,110,4.800000000000001
2005,7,18,0,30,13.3,70,568,236,0.22,916,34.1,114,5
2005,7,18,1,30,14.100000000000001,30,229,49,0.22,917,31.900000000000002,116,5.1000000000000005
2005,7,18,2,30,15.100000000000001,0,0,0,0.22,917,29.900000000000002,119,5.6000000000000005
2005,7,18,3,30,16,0,0,0,0.22,918,28.400000000000002,125,5.800000000000001
2005,7,18,4,30,16.8,0,0,0,0.22,918,27.200000000000003,132,5.6000000000000005
2005,7,18,5,30,17.6,0,0,0,0.22,919,26.200000000000003,137,5.1000000000000005
2005,7,18,6,30,18.3,0,0,0,0.22,919,25.5,142,4.7
2005,7,18,7,30,18.8,0,0,0,0.22,919,25,146,4.2
2005,7,18,8,30,19.1,0,0,0,0.22,919,24.6,149,3.8000000000000003
2005,7,18,9,30,19.200000000000003,0,0,0,0.22,919,24.200000000000003,151,3.2
2005,7,18,10,30,19.3,0,0,0,0.22,919,23.8,150,2.4000000000000004
2005,7,18,11,30,19.400000000000002,0,0,0,0.22,919,23.8,148,2.2
2005,7,18,12,30,19.5,29,217,47,0.22,920,25.200000000000003,150,2.6
2005,7,18,13,30,19.400000000000002,70,564,233,0.22,920,27.900000000000002,146,2.5
2005,7,18,14,30,18.8,91,733,450,0.22,920,30.700000000000003,124,2.2
2005,7,18,15,30,17.900000000000002,102,831,659,0.22,920,33.1,93,2.3000000000000003
2005,7,18,16,30,16.7,108,883,831,0.22,920,35,74,2.8000000000000003
2005,7,18,17,30,15.5,113,913,955,0.22,919,36.300000000000004,69,3.5
2005,7,18,18,30,14.600000000000001,116,925,1019,0.22,919,37.2,70,4
2005,7,18,19,30,14.100000000000001,117,923,1018,0.22,918,37.6,75,4.3
2005,7,18,20,30,13.9,115,907,952,0.22,918,37.7,82,4.6000000000000005
2005,7,18,21,30,14,110,875,827,0.22,918,37.4,91,4.9
2005,7,18,22,30,14.3,100,825,655,0.22,917,36.800000000000004,100,5.300000000000001
2005,7,18,23,30,14.700000000000001,88,740,452,0.22,917,36.300000000000004,104,5.5
2005,7,19,0,30,15.200000000000001,85,418,207,0.22,918,33.9,116,5.7
2005,7,19,1,30,15.9,28,79,35,0.22,919,32.1,122,5.6000000000000005
2005,7,19,2,30,16.6,0,0,0,0.22,919,30.5,127,5.5
2005,7,19,3,30,17.2,0,0,0,0.22,920,29.200000000000003,133,5.300000000000001
2005,7,19,4,30,17.5,0,0,0,0.22,920,28.200000000000003,138,4.9
2005,7,19,5,30,17.7,0,0,0,0.22,920,27.400000000000002,142,4.4
2005,7,19,6,30,18,0,0,0,0.22,920,26.6,145,3.9000000000000004
2005,7,19,7,30,18.3,0,0,0,0.22,920,26,146,3.5
2005,7,19,8,30,18.400000000000002,0,0,0,0.22,920,25.400000000000002,149,3.1
2005,7,19,9,30,18.5,0,0,0,0.22,920,24.900000000000002,154,2.8000000000000003
2005,7,19,10,30,18.6,0,0,0,0.22,921,24.400000000000002,159,2.4000000000000004
2005,7,19,11,30,18.6,0,0,0,0.22,921,24.3,158,2.3000000000000003
2005,7,19,12,30,18.7,28,210,45,0.22,921,25.6,167,2.9000000000000004
2005,7,19,13,30,18.6,68,554,228,0.22,922,28,179,3.2
2005,7,19,14,30,18.2,90,715,440,0.22,921,30.5,170,2.7
2005,7,19,15,30,17.8,105,800,640,0.22,921,32.6,143,2.6
2005,7,19,16,30,17.400000000000002,114,850,809,0.22,921,34.2,123,3.2
2005,7,19,17,30,17,121,879,931,0.22,920,35.4,117,3.9000000000000004
2005,7,19,18,30,16.8,139,870,988,0.22,920,36.2,118,4.6000000000000005
2005,7,19,19,30,16.7,138,871,988,0.22,919,36.5,121,5.2
2005,7,19,20,30,16.5,133,860,926,0.22,919,36.6,124,5.7
2005,7,19,21,30,16.1,122,838,808,0.22,919,36.5,128,6.1000000000000005
2005,7,19,22,30,15.5,107,798,642,0.22,919,36.1,132,6.300000000000001
2005,7,19,23,30,14.9,88,724,444,0.22,919,35.800000000000004,134,6.4
2005,7,20,0,30,14.4,64,581,233,0.22,919,33.800000000000004,139,6
2005,7,20,1,30,14.3,27,245,48,0.22,919,32,140,5.2
2005,7,20,2,30,14.4,0,0,0,0.22,920,30.400000000000002,141,4.5
2005,7,20,3,30,14.600000000000001,0,0,0,0.22,920,29.200000000000003,143,4.1000000000000005
2005,7,20,4,30,14.8,0,0,0,0.22,921,28.200000000000003,146,3.8000000000000003
2005,7,20,5,30,14.9,0,0,0,0.22,921,27.3,149,3.4000000000000004
2005,7,20,6,30,15,0,0,0,0.22,921,26.6,152,3.1
2005,7,20,7,30,15.200000000000001,0,0,0,0.22,921,26,153,3
2005,7,20,8,30,15.5,0,0,0,0.22,921,25.400000000000002,155,3.3000000000000003
2005,7,20,9,30,16.1,0,0,0,0.22,921,24.900000000000002,158,3.5
2005,7,20,10,30,16.7,0,0,0,0.22,922,24.3,158,3.2
2005,7,20,11,30,17.1,0,0,0,0.22,922,24.1,157,3.2
2005,7,20,12,30,17.6,26,250,46,0.22,923,25.400000000000002,158,3.8000000000000003
2005,7,20,13,30,17.8,60,601,232,0.22,923,28.200000000000003,156,4.2
2005,7,20,14,30,17.1,78,756,447,0.22,923,31,143,4.4
2005,7,20,15,30,16,89,841,651,0.22,923,33,129,4.6000000000000005
2005,7,20,16,30,14.8,94,893,824,0.22,923,34.6,120,4.9
2005,7,20,17,30,13.5,96,926,949,0.22,922,35.9,116,5.300000000000001
2005,7,20,18,30,12.5,98,942,1016,0.22,922,36.800000000000004,115,5.5
2005,7,20,19,30,11.700000000000001,95,945,1017,0.22,921,37.300000000000004,115,5.6000000000000005
2005,7,20,20,30,11.200000000000001,92,936,954,0.22,920,37.5,115,5.7
2005,7,20,21,30,11.4,88,908,830,0.22,920,37.300000000000004,116,5.800000000000001
2005,7,20,22,30,12.3,81,859,657,0.22,920,36.5,116,5.9
2005,7,20,23,30,13.5,71,780,454,0.22,920,36,117,6
2005,7,21,0,30,14.600000000000001,55,625,236,0.22,920,33.4,120,6
2005,7,21,1,30,15.3,25,275,48,0.22,921,31.6,124,5.6000000000000005
2005,7,21,2,30,15.5,0,0,0,0.22,922,30.1,127,5.2
2005,7,21,3,30,15.700000000000001,0,0,0,0.22,923,28.8,132,5.4
2005,7,21,4,30,16.3,0,0,0,0.22,923,27.400000000000002,140,5.800000000000001
2005,7,21,5,30,17.3,0,0,0,0.22,924,26.200000000000003,148,5.7
2005,7,21,6,30,18,0,0,0,0.22,924,25.200000000000003,153,5
2005,7,21,7,30,18.3,0,0,0,0.22,924,24.5,155,4.1000000000000005
2005,7,21,8,30,18.3,0,0,0,0.22,924,23.900000000000002,154,3.4000000000000004
2005,7,21,9,30,18.3,0,0,0,0.22,924,23.6,149,2.7
2005,7,21,10,30,18.3,0,0,0,0.22,924,23.3,142,2.5
2005,7,21,11,30,18.400000000000002,0,0,0,0.22,924,23.3,136,2.9000000000000004
2005,7,21,12,30,18.400000000000002,25,0,25,0.22,925,24.3,140,4
2005,7,21,13,30,17.900000000000002,108,149,151,0.22,926,26.1,143,4.9
2005,7,21,14,30,17,207,175,293,0.22,926,27.700000000000003,139,5.2
2005,7,21,15,30,16.5,300,255,470,0.22,926,28.900000000000002,131,5.2
2005,7,21,16,30,16.5,390,97,469,0.22,926,29.6,125,5.2
2005,7,21,17,30,16.400000000000002,467,183,636,0.22,926,30,122,5.1000000000000005
2005,7,21,18,30,16.3,499,128,624,0.22,926,30.400000000000002,122,4.9
2005,7,21,19,30,16,457,342,790,0.22,925,30.8,123,4.6000000000000005
2005,7,21,20,30,15.700000000000001,464,126,580,0.22,925,31,125,4.4
2005,7,21,21,30,15.4,246,14,257,0.22,924,31,125,4.3
2005,7,21,22,30,15.100000000000001,309,120,390,0.22,924,30.700000000000003,126,4.4
2005,7,21,23,30,15,197,280,333,0.22,924,30.5,127,4.4
2005,7,22,0,30,15.200000000000001,95,1,95,0.22,924,29.1,128,3.8000000000000003
2005,7,22,1,30,15.600000000000001,26,41,30,0.22,924,28.1,128,3.2
2005,7,22,2,30,16.1,0,0,0,0.22,925,27.3,128,3
2005,7,22,3,30,16.5,0,0,0,0.22,925,26.8,126,2.7
2005,7,22,4,30,16.900000000000002,0,0,0,0.22,925,26.200000000000003,125,2.3000000000000003
2005,7,22,5,30,17,0,0,0,0.22,925,25.700000000000003,127,1.8
2005,7,22,6,30,17.2,0,0,0,0.22,925,25.200000000000003,133,1.6
2005,7,22,7,30,17.3,0,0,0,0.22,925,24.700000000000003,143,1.5
2005,7,22,8,30,17.5,0,0,0,0.22,925,24.1,154,1.5
2005,7,22,9,30,17.7,0,0,0,0.22,925,23.6,162,1.4000000000000001
2005,7,22,10,30,17.900000000000002,0,0,0,0.22,925,23.200000000000003,165,1.4000000000000001
2005,7,22,11,30,18.1,0,0,0,0.22,925,23.200000000000003,163,1.7000000000000002
2005,7,22,12,30,18.3,24,249,43,0.22,926,24.400000000000002,163,2.6
2005,7,22,13,30,18.400000000000002,58,594,227,0.22,926,26.400000000000002,162,3.3000000000000003
2005,7,22,14,30,17.7,76,748,439,0.22,926,28.700000000000003,154,3.6
2005,7,22,15,30,16.8,214,537,571,0.22,926,30.900000000000002,146,3.7
2005,7,22,16,30,16,295,546,740,0.22,926,32.800000000000004,137,3.8000000000000003
2005,7,22,17,30,15.5,328,605,884,0.22,926,34.2,127,4.1000000000000005
2005,7,22,18,30,15.200000000000001,428,499,914,0.22,925,35.1,120,4.4
2005,7,22,19,30,15,414,523,924,0.22,924,35.5,115,4.7
2005,7,22,20,30,15,364,546,867,0.22,924,35.5,111,4.9
2005,7,22,21,30,14.8,307,520,732,0.22,923,35.4,109,5.1000000000000005
2005,7,22,22,30,14.600000000000001,203,575,587,0.22,923,34.9,108,5.4
2005,7,22,23,30,14.5,105,654,423,0.22,923,34.5,108,5.5
2005,7,23,0,30,14.600000000000001,66,558,225,0.22,923,32.6,109,5.300000000000001
2005,7,23,1,30,15,26,82,32,0.22,923,31.1,111,4.800000000000001
2005,7,23,2,30,15.600000000000001,0,0,0,0.22,924,30,114,4.6000000000000005
2005,7,23,3,30,16.2,0,0,0,0.22,924,29.1,119,4.2
2005,7,23,4,30,16.6,0,0,0,0.22,925,28.200000000000003,123,3.6
2005,7,23,5,30,16.7,0,0,0,0.22,925,27.400000000000002,127,3
2005,7,23,6,30,16.8,0,0,0,0.22,925,26.700000000000003,135,2.5
2005,7,23,7,30,16.8,0,0,0,0.22,925,26.1,146,2
2005,7,23,8,30,16.7,0,0,0,0.22,924,25.400000000000002,158,1.6
2005,7,23,9,30,16.7,0,0,0,0.22,924,24.8,167,1.2000000000000002
2005,7,23,10,30,16.7,0,0,0,0.22,925,24.400000000000002,170,0.9
2005,7,23,11,30,16.7,0,0,0,0.22,925,24.5,165,0.9
2005,7,23,12,30,16.8,25,224,42,0.22,925,26.200000000000003,158,1.3
2005,7,23,13,30,16.8,64,573,225,0.22,925,29,146,2.2
2005,7,23,14,30,16.3,85,732,439,0.22,925,31.400000000000002,129,3.1
2005,7,23,15,30,16,99,817,642,0.22,925,33.1,121,3.9000000000000004
2005,7,23,16,30,15.700000000000001,108,867,813,0.22,925,34.4,117,4.4
2005,7,23,17,30,15.3,113,894,934,0.22,924,35.5,114,4.7
2005,7,23,18,30,15,131,887,994,0.22,923,36.2,112,4.800000000000001
2005,7,23,19,30,14.600000000000001,132,886,994,0.22,923,36.7,109,4.800000000000001
2005,7,23,20,30,14.4,128,873,931,0.22,922,36.800000000000004,106,4.9
2005,7,23,21,30,14.3,120,846,810,0.22,921,36.7,105,5
2005,7,23,22,30,14.200000000000001,108,798,641,0.22,921,36.2,105,5.1000000000000005
2005,7,23,23,30,14.100000000000001,92,713,439,0.22,921,35.9,105,5.1000000000000005
2005,7,24,0,30,14.200000000000001,67,557,226,0.22,921,33.800000000000004,108,4.7
2005,7,24,1,30,14.5,26,220,43,0.22,921,32.1,112,4.3
2005,7,24,2,30,15,0,0,0,0.22,922,30.700000000000003,120,4.4
2005,7,24,3,30,15.3,0,0,0,0.22,922,29.700000000000003,129,4.4
2005,7,24,4,30,15.600000000000001,0,0,0,0.22,922,28.6,139,4.1000000000000005
2005,7,24,5,30,15.8,0,0,0,0.22,923,27.700000000000003,146,3.8000000000000003
2005,7,24,6,30,16,0,0,0,0.22,922,27,152,3.5
2005,7,24,7,30,16.1,0,0,0,0.22,922,26.3,156,3.2
2005,7,24,8,30,16.2,0,0,0,0.22,922,25.700000000000003,159,2.9000000000000004
2005,7,24,9,30,16.2,0,0,0,0.22,922,25.3,166,2.6
2005,7,24,10,30,16.2,0,0,0,0.22,922,24.900000000000002,175,2.4000000000000004
2005,7,24,11,30,16.2,0,0,0,0.22,922,24.8,184,2.3000000000000003
2005,7,24,12,30,16.3,25,218,41,0.22,922,26.1,190,2.6
2005,7,24,13,30,16.400000000000002,64,573,224,0.22,923,29,188,2.5
2005,7,24,14,30,15.8,85,736,440,0.22,923,32.2,156,2
2005,7,24,15,30,15.200000000000001,98,825,645,0.22,922,34.6,121,2.2
2005,7,24,16,30,15,107,874,817,0.22,922,36.2,112,2.8000000000000003
2005,7,24,17,30,14.700000000000001,112,903,941,0.22,921,37.4,110,3.2
2005,7,24,18,30,14.4,119,911,1004,0.22,920,38.300000000000004,110,3.6
2005,7,24,19,30,14,119,908,1002,0.22,920,38.900000000000006,111,4
2005,7,24,20,30,13.700000000000001,117,895,939,0.22,919,39,113,4.3
2005,7,24,21,30,13.5,120,851,813,0.22,918,38.800000000000004,115,4.6000000000000005
2005,7,24,22,30,13.200000000000001,112,794,641,0.22,918,38,119,4.9
2005,7,24,23,30,13,97,700,437,0.22,918,37.6,121,5.1000000000000005
2005,7,25,0,30,13,106,176,156,0.22,919,35.2,128,4.9
2005,7,25,1,30,13.200000000000001,27,171,40,0.22,919,33.2,130,4.7
2005,7,25,2,30,13.600000000000001,0,0,0,0.22,919,31.700000000000003,133,4.7
2005,7,25,3,30,13.9,0,0,0,0.22,920,30.400000000000002,136,4.9
2005,7,25,4,30,14.200000000000001,0,0,0,0.22,920,29.200000000000003,141,5.1000000000000005
2005,7,25,5,30,14.5,0,0,0,0.22,921,28.1,148,5.1000000000000005
2005,7,25,6,30,14.8,0,0,0,0.22,921,27.1,156,4.800000000000001
2005,7,25,7,30,15.100000000000001,0,0,0,0.22,920,26.3,165,4.3
2005,7,25,8,30,15.3,0,0,0,0.22,920,25.6,173,3.8000000000000003
2005,7,25,9,30,15.600000000000001,0,0,0,0.22,920,24.900000000000002,177,3.4000000000000004
2005,7,25,10,30,15.9,0,0,0,0.22,920,24.400000000000002,180,3
2005,7,25,11,30,16.2,0,0,0,0.22,920,24.3,183,3
2005,7,25,12,30,16.5,24,205,39,0.22,920,25.5,194,3.6
2005,7,25,13,30,16.6,63,575,223,0.22,921,28.400000000000002,212,3.8000000000000003
2005,7,25,14,30,15.9,83,740,439,0.22,921,31.6,220,3
2005,7,25,15,30,15,95,828,643,0.22,920,34.5,199,2
2005,7,25,16,30,14.4,103,878,815,0.22,920,36.7,163,1.8
2005,7,25,17,30,13.9,108,907,939,0.22,919,38.400000000000006,139,2.3000000000000003
2005,7,25,18,30,13.5,113,918,1005,0.22,918,39.6,129,2.7
2005,7,25,19,30,13,112,920,1006,0.22,917,40.400000000000006,123,3.1
2005,7,25,20,30,12.600000000000001,109,907,942,0.22,916,40.7,118,3.3000000000000003
2005,7,25,21,30,12.200000000000001,109,872,818,0.22,916,40.6,117,3.4000000000000004
2005,7,25,22,30,11.8,233,19,246,0.22,915,39.900000000000006,118,3.6
2005,7,25,23,30,11.5,45,0,45,0.22,915,39.5,120,3.7
2005,7,26,0,30,11.4,103,220,164,0.22,916,36.800000000000004,125,3.3000000000000003
2005,7,26,1,30,12.100000000000001,21,0,21,0.22,916,34.6,129,3.2
2005,7,26,2,30,12.8,0,0,0,0.22,917,32.9,136,3.5
2005,7,26,3,30,13.3,0,0,0,0.22,918,31.6,142,3.5
2005,7,26,4,30,13.600000000000001,0,0,0,0.22,919,30.3,148,3.4000000000000004
2005,7,26,5,30,14.100000000000001,0,0,0,0.22,919,29.400000000000002,161,3.7
2005,7,26,6,30,14.700000000000001,0,0,0,0.22,919,28.6,173,4.3
2005,7,26,7,30,15.4,0,0,0,0.22,919,27.900000000000002,179,4.9
2005,7,26,8,30,16.2,0,0,0,0.22,918,27.400000000000002,186,5
2005,7,26,9,30,16.900000000000002,0,0,0,0.22,918,26.8,193,4.5
2005,7,26,10,30,17.5,0,0,0,0.22,918,26.200000000000003,200,3.9000000000000004
2005,7,26,11,30,18,0,0,0,0.22,918,25.900000000000002,207,3.5
2005,7,26,12,30,18.400000000000002,22,7,23,0.22,918,26.700000000000003,214,3.8000000000000003
2005,7,26,13,30,18.5,64,545,215,0.22,919,28.5,223,4.6000000000000005
2005,7,26,14,30,18,87,708,426,0.22,919,30.8,233,4.9
2005,7,26,15,30,17.2,101,797,628,0.22,919,33.1,241,4.800000000000001
2005,7,26,16,30,16.6,110,849,798,0.22,919,35.1,246,4.3
2005,7,26,17,30,16.400000000000002,116,878,920,0.22,919,36.4,248,3.8000000000000003
2005,7,26,18,30,16.400000000000002,127,879,981,0.22,918,37.300000000000004,246,3.3000000000000003
2005,7,26,19,30,16.3,129,877,980,0.22,918,37.7,244,2.8000000000000003
2005,7,26,20,30,16.400000000000002,128,861,917,0.22,918,37.5,240,2.4000000000000004
2005,7,26,21,30,16.7,123,828,795,0.22,917,36.7,236,2.2
2005,7,26,22,30,17.2,244,449,542,0.22,917,35.7,232,2
2005,7,26,23,30,18,97,678,424,0.22,917,35.2,230,1.9000000000000001
2005,7,27,0,30,19.200000000000003,97,14,101,0.22,918,32.5,249,1.4000000000000001
2005,7,27,1,30,21.6,23,7,24,0.22,918,30.200000000000003,291,1.4000000000000001
2005,7,27,2,30,22.700000000000003,0,0,0,0.22,919,28.3,331,2.2
2005,7,27,3,30,22,0,0,0,0.22,921,26.700000000000003,173,3.1
2005,7,27,4,30,22,0,0,0,0.22,921,25.3,14,3.7
2005,7,27,5,30,21.900000000000002,0,0,0,0.22,922,24.3,31,4
2005,7,27,6,30,21.8,0,0,0,0.22,922,23.6,41,4.1000000000000005
2005,7,27,7,30,21.6,0,0,0,0.22,922,22.900000000000002,46,4.2
2005,7,27,8,30,21.200000000000003,0,0,0,0.22,922,22.400000000000002,49,4.3
2005,7,27,9,30,20.8,0,0,0,0.22,922,22,49,4.7
2005,7,27,10,30,20.3,0,0,0,0.22,922,21.400000000000002,45,5.300000000000001
2005,7,27,11,30,19.700000000000003,0,0,0,0.22,923,20.8,43,5.9
2005,7,27,12,30,18.900000000000002,10,0,10,0.22,924,20.3,43,6.6000000000000005
2005,7,27,13,30,17.8,77,0,77,0.22,925,20,45,7
2005,7,27,14,30,16.7,108,0,108,0.22,926,20,47,6.9
2005,7,27,15,30,16,257,32,278,0.22,926,20.200000000000003,48,6.5
2005,7,27,16,30,15.600000000000001,277,19,293,0.22,926,20.8,48,6
2005,7,27,17,30,15.5,176,9,184,0.22,926,21.400000000000002,49,5.5
2005,7,27,18,30,15.600000000000001,162,8,170,0.22,926,22.1,48,5.1000000000000005
2005,7,27,19,30,15.700000000000001,159,8,166,0.22,925,22.700000000000003,48,4.800000000000001
2005,7,27,20,30,15.700000000000001,266,15,280,0.22,925,23.200000000000003,48,4.5
2005,7,27,21,30,15.8,259,16,272,0.22,925,23.3,49,4.2
2005,7,27,22,30,15.8,146,2,147,0.22,925,23,50,3.9000000000000004
2005,7,27,23,30,15.8,128,0,128,0.22,925,22.8,51,3.8000000000000003
2005,7,28,0,30,15.8,35,0,35,0.22,925,21.400000000000002,54,3.3000000000000003
2005,7,28,1,30,15.8,16,0,16,0.22,925,20.6,55,2.9000000000000004
2005,7,28,2,30,15.8,0,0,0,0.22,926,20,54,2.8000000000000003
2005,7,28,3,30,15.8,0,0,0,0.22,926,19.6,50,2.8000000000000003
2005,7,28,4,30,15.700000000000001,0,0,0,0.22,926,19.1,47,2.8000000000000003
2005,7,28,5,30,15.600000000000001,0,0,0,0.22,926,18.8,49,2.8000000000000003
2005,7,28,6,30,15.5,0,0,0,0.22,926,18.5,55,2.8000000000000003
2005,7,28,7,30,15.4,0,0,0,0.22,926,18.3,56,2.8000000000000003
2005,7,28,8,30,15.3,0,0,0,0.22,926,18.2,48,2.9000000000000004
2005,7,28,9,30,15.100000000000001,0,0,0,0.22,925,18.2,42,3
2005,7,28,10,30,15,0,0,0,0.22,926,18.1,51,2.6
2005,7,28,11,30,14.9,0,0,0,0.22,926,18.1,69,2.3000000000000003
2005,7,28,12,30,15,11,0,11,0.22,926,18.3,79,2.4000000000000004
2005,7,28,13,30,15,103,68,121,0.22,927,18.900000000000002,74,2.9000000000000004
2005,7,28,14,30,15.200000000000001,176,27,189,0.22,927,20.1,66,3.3000000000000003
2005,7,28,15,30,15.4,70,0,70,0.22,927,21.6,62,3.5
2005,7,28,16,30,15.600000000000001,260,16,273,0.22,927,23.3,60,3.5
2005,7,28,17,30,15.8,449,94,536,0.22,927,24.8,56,3.5
2005,7,28,18,30,15.9,336,21,356,0.22,926,26.1,51,3.4000000000000004
2005,7,28,19,30,15.9,228,14,242,0.22,925,27.1,47,3.4000000000000004
2005,7,28,20,30,16,442,80,516,0.22,925,27.700000000000003,49,3.3000000000000003
2005,7,28,21,30,16,386,262,598,0.22,924,28.1,58,3.2
2005,7,28,22,30,16,298,90,358,0.22,924,28.1,70,3.1
2005,7,28,23,30,16,195,63,225,0.22,924,27.900000000000002,76,3.1
2005,7,29,0,30,16.2,104,73,124,0.22,924,26.400000000000002,91,2.8000000000000003
2005,7,29,1,30,16.6,22,30,24,0.22,925,25.1,97,2.3000000000000003
2005,7,29,2,30,16.900000000000002,0,0,0,0.22,925,24.1,100,2.5
2005,7,29,3,30,17.1,0,0,0,0.22,926,23.400000000000002,102,3
2005,7,29,4,30,17.3,0,0,0,0.22,926,22.8,104,3.2
2005,7,29,5,30,17.6,0,0,0,0.22,926,22.3,106,3
2005,7,29,6,30,17.8,0,0,0,0.22,926,21.900000000000002,106,2.7
2005,7,29,7,30,18.1,0,0,0,0.22,926,21.5,99,2.4000000000000004
2005,7,29,8,30,18.3,0,0,0,0.22,926,21.200000000000003,88,2.2
2005,7,29,9,30,18.400000000000002,0,0,0,0.22,926,21.1,76,2.1
2005,7,29,10,30,18.5,0,0,0,0.22,926,21,68,2.2
2005,7,29,11,30,18.6,0,0,0,0.22,926,21,66,2.4000000000000004
2005,7,29,12,30,18.7,17,0,17,0.22,926,21.5,76,2.6
2005,7,29,13,30,18.900000000000002,70,0,70,0.22,927,22.700000000000003,94,2.9000000000000004
2005,7,29,14,30,19.1,134,0,134,0.22,927,24.1,109,3
2005,7,29,15,30,19.1,262,36,286,0.22,927,25.6,121,2.9000000000000004
2005,7,29,16,30,18.900000000000002,265,17,279,0.22,927,27.200000000000003,131,2.8000000000000003
2005,7,29,17,30,18.5,461,209,652,0.22,926,28.8,135,2.5
2005,7,29,18,30,18,497,210,700,0.22,926,30,134,2.1
2005,7,29,19,30,17.6,418,39,456,0.22,925,30.700000000000003,125,1.7000000000000002
2005,7,29,20,30,17.3,156,815,901,0.22,924,31,106,1.5
2005,7,29,21,30,17.1,156,767,777,0.22,924,31,86,1.5
2005,7,29,22,30,17,143,704,607,0.22,924,30.700000000000003,76,1.8
2005,7,29,23,30,16.900000000000002,123,591,406,0.22,924,30.5,75,2
2005,7,30,0,30,17.6,84,370,185,0.22,924,28.5,75,1.9000000000000001
2005,7,30,1,30,18.3,24,45,27,0.22,924,27,80,2.3000000000000003
2005,7,30,2,30,18,0,0,0,0.22,925,26.200000000000003,92,3
2005,7,30,3,30,17.8,0,0,0,0.22,925,25.700000000000003,105,3.2
2005,7,30,4,30,17.8,0,0,0,0.22,925,25.200000000000003,118,3.1
2005,7,30,5,30,17.8,0,0,0,0.22,925,24.8,128,2.8000000000000003
2005,7,30,6,30,17.900000000000002,0,0,0,0.22,925,24.400000000000002,133,2.3000000000000003
2005,7,30,7,30,18.1,0,0,0,0.22,925,24.1,134,1.9000000000000001
2005,7,30,8,30,18.2,0,0,0,0.22,925,23.8,131,1.5
2005,7,30,9,30,18.400000000000002,0,0,0,0.22,925,23.6,122,1.2000000000000002
2005,7,30,10,30,18.5,0,0,0,0.22,926,23.3,107,1
2005,7,30,11,30,18.6,0,0,0,0.22,926,23.200000000000003,92,1.1
2005,7,30,12,30,18.8,21,19,22,0.22,927,23.700000000000003,97,1.5
2005,7,30,13,30,18.7,107,292,186,0.22,927,25.200000000000003,135,1.9000000000000001
2005,7,30,14,30,18.1,156,447,368,0.22,927,27.3,171,2.5
2005,7,30,15,30,17,176,638,596,0.22,927,29.400000000000002,174,2.7
2005,7,30,16,30,16.2,186,726,771,0.22,927,31.200000000000003,160,2.8000000000000003
2005,7,30,17,30,15.4,186,781,899,0.22,926,32.7,144,3
2005,7,30,18,30,14.700000000000001,175,823,970,0.22,925,33.800000000000004,133,3.3000000000000003
2005,7,30,19,30,14,175,825,972,0.22,924,34.5,125,3.5
2005,7,30,20,30,13.600000000000001,171,807,908,0.22,924,34.800000000000004,119,3.7
2005,7,30,21,30,13.4,155,784,788,0.22,923,34.7,115,3.8000000000000003
2005,7,30,22,30,13.4,141,722,617,0.22,923,34.2,113,4
2005,7,30,23,30,13.5,121,613,412,0.22,923,33.9,113,4.1000000000000005
2005,7,31,0,30,14.3,87,419,201,0.22,923,31.400000000000002,113,3.6
2005,7,31,1,30,15.700000000000001,24,65,28,0.22,924,29.5,116,3.6
2005,7,31,2,30,16.2,0,0,0,0.22,924,28.400000000000002,123,4
2005,7,31,3,30,16.7,0,0,0,0.22,925,27.5,132,4
2005,7,31,4,30,17,0,0,0,0.22,925,26.6,142,3.6
2005,7,31,5,30,17.3,0,0,0,0.22,925,25.700000000000003,150,3.1
2005,7,31,6,30,17.5,0,0,0,0.22,925,24.900000000000002,157,2.6
2005,7,31,7,30,17.6,0,0,0,0.22,925,24.200000000000003,162,2.2
2005,7,31,8,30,17.8,0,0,0,0.22,925,23.6,168,1.7000000000000002
2005,7,31,9,30,17.900000000000002,0,0,0,0.22,925,23,176,1.4000000000000001
2005,7,31,10,30,17.900000000000002,0,0,0,0.22,925,22.5,187,1.2000000000000002
2005,7,31,11,30,17.900000000000002,0,0,0,0.22,925,22.5,199,1.1
2005,7,31,12,30,17.900000000000002,23,113,29,0.22,926,24.1,202,1.5
2005,7,31,13,30,17.8,75,492,207,0.22,926,27.1,168,1.8
2005,7,31,14,30,17.3,103,677,422,0.22,926,29.700000000000003,121,2.2
2005,7,31,15,30,17,120,776,628,0.22,926,31.5,97,2.7
2005,7,31,16,30,16.6,131,834,802,0.22,925,32.9,90,3.2
2005,7,31,17,30,16.2,137,868,928,0.22,925,33.9,87,3.6
2005,7,31,18,30,15.700000000000001,134,891,995,0.22,924,34.7,87,3.9000000000000004
2005,7,31,19,30,15.4,132,894,996,0.22,924,35.2,88,4.2
2005,7,31,20,30,15,127,883,932,0.22,923,35.4,90,4.3
2005,7,31,21,30,14.700000000000001,144,812,799,0.22,922,35.2,93,4.5
2005,7,31,22,30,14.3,131,754,626,0.22,922,34.6,96,4.5
2005,7,31,23,30,13.9,111,652,420,0.22,922,34.2,97,4.6000000000000005
2013,8,1,0,30,13.600000000000001,72,505,207,0.24,921,34.5,113,4.5
2013,8,1,1,30,14.4,20,4,20,0.24,922,32,124,4.1000000000000005
2013,8,1,2,30,14.5,0,0,0,0.24,923,30.400000000000002,138,4.6000000000000005
2013,8,1,3,30,14.5,0,0,0,0.24,923,28.900000000000002,151,4.3
2013,8,1,4,30,14.600000000000001,0,0,0,0.24,924,27.5,161,3.2
2013,8,1,5,30,14.8,0,0,0,0.24,924,26.3,170,2.2
2013,8,1,6,30,15,0,0,0,0.24,923,25.400000000000002,175,1.6
2013,8,1,7,30,15,0,0,0,0.24,923,24.8,178,1.3
2013,8,1,8,30,15,0,0,0,0.24,923,24.200000000000003,179,1.2000000000000002
2013,8,1,9,30,14.9,0,0,0,0.24,923,23.700000000000003,177,1.1
2013,8,1,10,30,14.8,0,0,0,0.24,923,23.200000000000003,173,1
2013,8,1,11,30,14.600000000000001,0,0,0,0.24,923,23.200000000000003,172,1
2013,8,1,12,30,14.700000000000001,19,0,19,0.24,924,24.8,179,1.3
2013,8,1,13,30,14.100000000000001,92,261,162,0.24,924,28.1,177,1.8
2013,8,1,14,30,12.5,92,705,423,0.24,924,31.6,160,2
2013,8,1,15,30,11.5,107,800,630,0.24,924,34.1,140,2.3000000000000003
2013,8,1,16,30,12,118,853,804,0.24,924,35.7,125,2.8000000000000003
2013,8,1,17,30,12.4,125,882,927,0.24,923,37,121,3.3000000000000003
2013,8,1,18,30,12.5,120,906,995,0.24,922,37.9,122,3.8000000000000003
2013,8,1,19,30,12.5,122,903,994,0.24,921,38.400000000000006,125,4.2
2013,8,1,20,30,12.600000000000001,121,888,929,0.24,920,38.6,128,4.5
2013,8,1,21,30,12.600000000000001,128,835,800,0.24,920,38.400000000000006,132,4.7
2013,8,1,22,30,12.4,119,774,626,0.24,919,37.6,135,4.800000000000001
2013,8,1,23,30,12.3,108,623,402,0.24,919,37.1,136,4.9
2013,8,2,0,30,12.600000000000001,77,471,203,0.24,920,34,137,3.9000000000000004
2013,8,2,1,30,13.9,19,29,21,0.24,920,31.6,139,3.5
2013,8,2,2,30,14.4,0,0,0,0.24,921,30.200000000000003,143,4.1000000000000005
2013,8,2,3,30,14.8,0,0,0,0.24,921,29.3,148,4.4
2013,8,2,4,30,15.200000000000001,0,0,0,0.24,921,28.400000000000002,154,4.3
2013,8,2,5,30,15.4,0,0,0,0.24,921,27.5,161,4
2013,8,2,6,30,15.100000000000001,0,0,0,0.24,921,26.700000000000003,167,3.7
2013,8,2,7,30,14.4,0,0,0,0.24,920,26,174,3.5
2013,8,2,8,30,13.700000000000001,0,0,0,0.24,920,25.3,181,3.2
2013,8,2,9,30,13,0,0,0,0.24,920,24.6,188,2.9000000000000004
2013,8,2,10,30,12.5,0,0,0,0.24,920,23.900000000000002,197,2.7
2013,8,2,11,30,12.4,0,0,0,0.24,920,23.700000000000003,207,2.7
2013,8,2,12,30,12.4,21,139,29,0.24,921,24.900000000000002,216,3.1
2013,8,2,13,30,12.3,66,535,208,0.24,921,28.1,220,3.8000000000000003
2013,8,2,14,30,12.4,91,713,425,0.24,921,31.6,220,4
2013,8,2,15,30,12.700000000000001,106,805,631,0.24,921,34.300000000000004,220,3.5
2013,8,2,16,30,13.200000000000001,114,861,805,0.24,921,36.2,215,2.8000000000000003
2013,8,2,17,30,13.5,120,892,931,0.24,920,37.7,207,2.5
2013,8,2,18,30,13.8,130,894,992,0.24,919,38.800000000000004,203,2.3000000000000003
2013,8,2,19,30,13.8,131,893,992,0.24,918,39.400000000000006,203,2.2
2013,8,2,20,30,13.8,129,876,925,0.24,917,39.7,206,2.1
2013,8,2,21,30,13.5,110,864,805,0.24,917,39.6,208,1.9000000000000001
2013,8,2,22,30,13.100000000000001,101,812,631,0.24,917,39,204,1.7000000000000002
2013,8,2,23,30,12.9,88,716,424,0.24,917,38.6,200,1.7000000000000002
2013,8,3,0,30,13.4,66,531,206,0.24,917,35.9,180,1.3
2013,8,3,1,30,16.900000000000002,21,133,28,0.24,917,33.7,167,1.3
2013,8,3,2,30,16.8,0,0,0,0.24,918,32.5,167,1.9000000000000001
2013,8,3,3,30,16.5,0,0,0,0.24,918,31.6,173,2.5
2013,8,3,4,30,16.3,0,0,0,0.24,919,30.700000000000003,177,3.2
2013,8,3,5,30,16.1,0,0,0,0.24,919,29.8,179,3.7
2013,8,3,6,30,15.700000000000001,0,0,0,0.24,919,28.8,181,3.9000000000000004
2013,8,3,7,30,15.3,0,0,0,0.24,919,27.900000000000002,184,4.1000000000000005
2013,8,3,8,30,15,0,0,0,0.24,919,27.1,187,4.1000000000000005
2013,8,3,9,30,14.8,0,0,0,0.24,919,26.400000000000002,188,3.9000000000000004
2013,8,3,10,30,14.8,0,0,0,0.24,919,25.8,191,3.7
2013,8,3,11,30,14.700000000000001,0,0,0,0.24,920,25.5,196,3.6
2013,8,3,12,30,14.600000000000001,20,129,27,0.24,920,26.5,203,3.7
2013,8,3,13,30,14.600000000000001,89,282,163,0.24,920,29.3,209,3.7
2013,8,3,14,30,13.600000000000001,89,720,425,0.24,921,32.9,213,3.3000000000000003
2013,8,3,15,30,12.600000000000001,157,683,601,0.24,920,35.800000000000004,208,2.5
2013,8,3,16,30,12.4,111,870,809,0.24,920,37.800000000000004,179,1.7000000000000002
2013,8,3,17,30,12.3,117,900,934,0.24,920,39.2,142,1.7000000000000002
2013,8,3,18,30,12.200000000000001,129,902,997,0.24,919,40.2,122,2.1
2013,8,3,19,30,12,129,901,997,0.24,918,40.7,114,2.5
2013,8,3,20,30,11.9,126,884,929,0.24,918,40.800000000000004,109,2.9000000000000004
2013,8,3,21,30,11.700000000000001,120,853,804,0.24,918,40.5,108,3.4000000000000004
2013,8,3,22,30,11.5,110,796,629,0.24,917,39.7,109,3.9000000000000004
2013,8,3,23,30,11.4,95,697,421,0.24,917,39.2,110,4.2
2013,8,4,0,30,12,70,506,203,0.24,918,35.9,116,4.3
2013,8,4,1,30,13.4,20,111,26,0.24,919,33.5,121,4.6000000000000005
2013,8,4,2,30,14,0,0,0,0.24,920,31.700000000000003,127,5
2013,8,4,3,30,14.600000000000001,0,0,0,0.24,920,30.400000000000002,135,5
2013,8,4,4,30,14.9,0,0,0,0.24,921,29.200000000000003,144,4.7
2013,8,4,5,30,15.100000000000001,0,0,0,0.24,921,28.1,150,4.4
2013,8,4,6,30,15,0,0,0,0.24,921,27.1,155,4
2013,8,4,7,30,14.8,0,0,0,0.24,921,26.200000000000003,157,3.6
2013,8,4,8,30,14.5,0,0,0,0.24,921,25.3,158,3.2
2013,8,4,9,30,14.4,0,0,0,0.24,922,24.5,157,2.7
2013,8,4,10,30,14.4,0,0,0,0.24,922,23.900000000000002,156,2.3000000000000003
2013,8,4,11,30,14.4,0,0,0,0.24,922,23.6,157,2.4000000000000004
2013,8,4,12,30,14.4,17,0,17,0.24,922,24.8,161,3.1
2013,8,4,13,30,14.4,90,261,158,0.24,922,27.8,162,3.6
2013,8,4,14,30,14.4,119,575,387,0.24,922,31.1,153,3.5
2013,8,4,15,30,14.4,92,837,636,0.24,922,33.6,134,3.4000000000000004
2013,8,4,16,30,14.600000000000001,100,887,810,0.24,922,35.300000000000004,118,3.6
2013,8,4,17,30,14.9,105,911,932,0.24,921,36.6,112,3.9000000000000004
2013,8,4,18,30,15.100000000000001,125,899,990,0.24,920,37.6,111,4.2
2013,8,4,19,30,15.4,125,896,986,0.24,920,38.2,113,4.4
2013,8,4,20,30,15.600000000000001,123,878,919,0.24,919,38.2,116,4.6000000000000005
2013,8,4,21,30,15.700000000000001,119,843,794,0.24,919,37.800000000000004,120,4.9
2013,8,4,22,30,15.4,107,791,621,0.24,918,36.9,122,5.2
2013,8,4,23,30,15.3,90,700,416,0.24,918,36.4,124,5.4
2013,8,5,0,30,15.4,64,527,201,0.24,919,34,125,5
2013,8,5,1,30,16,19,137,25,0.24,919,32,124,4.6000000000000005
2013,8,5,2,30,16.3,0,0,0,0.24,920,30.6,125,4.6000000000000005
2013,8,5,3,30,16.5,0,0,0,0.24,920,29.6,130,4.7
2013,8,5,4,30,16.6,0,0,0,0.24,921,28.6,136,4.7
2013,8,5,5,30,16.5,0,0,0,0.24,921,27.700000000000003,143,4.5
2013,8,5,6,30,16.3,0,0,0,0.24,921,27.1,150,4.3
2013,8,5,7,30,15.9,0,0,0,0.24,921,26.6,159,4.3
2013,8,5,8,30,15.600000000000001,0,0,0,0.24,921,25.900000000000002,168,3.9000000000000004
2013,8,5,9,30,15.5,0,0,0,0.24,921,25.1,174,2.9000000000000004
2013,8,5,10,30,15.600000000000001,0,0,0,0.24,921,24.3,176,2.2
2013,8,5,11,30,15.600000000000001,0,0,0,0.24,921,23.8,175,1.9000000000000001
2013,8,5,12,30,15.700000000000001,18,168,26,0.24,921,25,175,2.3000000000000003
2013,8,5,13,30,15.5,58,579,207,0.24,921,27.8,181,2.6
2013,8,5,14,30,15.200000000000001,78,750,426,0.24,921,31,179,2.2
2013,8,5,15,30,14.9,92,837,635,0.24,921,33.4,154,1.7000000000000002
2013,8,5,16,30,14.5,101,885,808,0.24,921,35.4,124,1.6
2013,8,5,17,30,14.200000000000001,107,913,933,0.24,920,36.9,109,1.7000000000000002
2013,8,5,18,30,13.9,121,908,993,0.24,919,38,103,1.6
2013,8,5,19,30,13.700000000000001,122,907,993,0.24,918,38.7,100,1.6
2013,8,5,20,30,13.5,119,892,926,0.24,918,39.1,98,1.5
2013,8,5,21,30,13.200000000000001,119,850,798,0.24,917,39.1,97,1.6
2013,8,5,22,30,12.8,108,794,622,0.24,917,38.7,101,1.7000000000000002
2013,8,5,23,30,12.5,92,696,414,0.24,917,38.400000000000006,103,1.8
2013,8,6,0,30,12.8,84,312,164,0.24,917,35.6,107,1.5
2013,8,6,1,30,15.700000000000001,18,106,23,0.24,917,33.2,111,1.6
2013,8,6,2,30,15.3,0,0,0,0.24,918,32,124,2.5
2013,8,6,3,30,15.3,0,0,0,0.24,918,30.900000000000002,140,3.4000000000000004
2013,8,6,4,30,15.5,0,0,0,0.24,918,29.900000000000002,152,3.8000000000000003
2013,8,6,5,30,15.700000000000001,0,0,0,0.24,918,29,162,3.6
2013,8,6,6,30,15.8,0,0,0,0.24,918,28.400000000000002,174,3.1
2013,8,6,7,30,15.9,0,0,0,0.24,918,27.8,197,2.6
2013,8,6,8,30,16,0,0,0,0.24,918,27.200000000000003,226,2.1
2013,8,6,9,30,16.1,0,0,0,0.24,918,26.6,250,1.8
2013,8,6,10,30,16.2,0,0,0,0.24,918,26.200000000000003,263,1.7000000000000002
2013,8,6,11,30,16.2,0,0,0,0.24,918,26.1,266,2
2013,8,6,12,30,16.3,14,0,14,0.24,919,27.3,265,3
2013,8,6,13,30,16.2,63,530,199,0.24,919,30.1,273,4
2013,8,6,14,30,15.600000000000001,89,701,413,0.24,919,33.2,283,4.2
2013,8,6,15,30,14.700000000000001,107,788,617,0.24,919,35.6,285,3.8000000000000003
2013,8,6,16,30,14.4,121,838,789,0.24,919,37.2,282,3.4000000000000004
2013,8,6,17,30,14.3,129,865,912,0.24,918,38.300000000000004,274,3.2
2013,8,6,18,30,14.3,140,869,973,0.24,918,38.7,265,3.7
2013,8,6,19,30,14.3,494,141,630,0.24,918,38.300000000000004,262,4.7
2013,8,6,20,30,14.5,189,10,199,0.24,918,37,264,5.9
2013,8,6,21,30,14.4,120,0,120,0.24,918,35.5,268,6.300000000000001
2013,8,6,22,30,14,139,0,139,0.24,918,34.4,270,5.800000000000001
2013,8,6,23,30,13.3,122,0,122,0.24,918,33.9,270,5.300000000000001
2013,8,7,0,30,13.100000000000001,46,0,46,0.24,919,31.3,261,2.8000000000000003
2013,8,7,1,30,14.8,10,0,10,0.24,919,29.400000000000002,252,1.6
2013,8,7,2,30,15.100000000000001,0,0,0,0.24,919,28.200000000000003,243,1.3
2013,8,7,3,30,14.9,0,0,0,0.24,920,27.400000000000002,235,1.3
2013,8,7,4,30,14.600000000000001,0,0,0,0.24,919,26.700000000000003,229,1.4000000000000001
2013,8,7,5,30,14.3,0,0,0,0.24,919,26,225,1.6
2013,8,7,6,30,14.100000000000001,0,0,0,0.24,919,25.5,225,1.8
2013,8,7,7,30,14,0,0,0,0.24,919,25.1,231,2.2
2013,8,7,8,30,14,0,0,0,0.24,918,24.8,241,2.6
2013,8,7,9,30,14.100000000000001,0,0,0,0.24,918,24.6,251,2.9000000000000004
2013,8,7,10,30,14.3,0,0,0,0.24,918,24.400000000000002,258,3.1
2013,8,7,11,30,14.700000000000001,0,0,0,0.24,919,24.400000000000002,262,3.3000000000000003
2013,8,7,12,30,15.200000000000001,14,0,14,0.24,919,25.700000000000003,265,4
2013,8,7,13,30,15.700000000000001,95,150,133,0.24,919,28.700000000000003,275,4.9
2013,8,7,14,30,15.9,80,725,414,0.24,919,31.8,285,5.4
2013,8,7,15,30,15.8,96,810,619,0.24,920,33.9,283,5
2013,8,7,16,30,15.700000000000001,108,856,790,0.24,920,35.2,273,4.7
2013,8,7,17,30,15.9,118,879,912,0.24,920,35.5,260,4.9
2013,8,7,18,30,16.3,231,14,245,0.24,920,34.800000000000004,252,5.7
2013,8,7,19,30,16.400000000000002,197,12,208,0.24,920,33.7,251,6.4
2013,8,7,20,30,16.400000000000002,455,129,571,0.24,919,32.5,254,6.300000000000001
2013,8,7,21,30,16.2,350,363,638,0.24,919,31.8,257,5.5
2013,8,7,22,30,15.8,264,364,498,0.24,919,31.5,256,4.4
2013,8,7,23,30,15.200000000000001,191,209,287,0.24,918,31.3,253,3.9000000000000004
2013,8,8,0,30,16.2,75,385,171,0.24,918,29.1,233,1.9000000000000001
2013,8,8,1,30,17.8,13,0,13,0.24,918,27.6,222,1.5
2013,8,8,2,30,17.400000000000002,0,0,0,0.24,919,26.8,218,1.7000000000000002
2013,8,8,3,30,17,0,0,0,0.24,919,26.1,218,1.9000000000000001
2013,8,8,4,30,16.400000000000002,0,0,0,0.24,919,25.400000000000002,220,2.1
2013,8,8,5,30,16,0,0,0,0.24,919,24.700000000000003,221,2.4000000000000004
2013,8,8,6,30,15.700000000000001,0,0,0,0.24,918,24.200000000000003,221,2.5
2013,8,8,7,30,15.5,0,0,0,0.24,918,23.900000000000002,221,2.6
2013,8,8,8,30,15.5,0,0,0,0.24,918,23.5,223,2.7
2013,8,8,9,30,15.4,0,0,0,0.24,918,23.200000000000003,226,2.7
2013,8,8,10,30,15.100000000000001,0,0,0,0.24,917,22.900000000000002,229,2.7
2013,8,8,11,30,14.9,0,0,0,0.24,918,22.900000000000002,234,2.8000000000000003
2013,8,8,12,30,14.700000000000001,16,162,23,0.24,918,24,239,3.3000000000000003
2013,8,8,13,30,14.600000000000001,75,384,172,0.24,918,27.1,249,3.7
2013,8,8,14,30,13.9,78,744,419,0.24,918,30.8,263,3.8000000000000003
2013,8,8,15,30,12.9,170,642,584,0.24,918,33.7,273,3.7
2013,8,8,16,30,12.700000000000001,103,882,804,0.24,918,35.5,278,3.4000000000000004
2013,8,8,17,30,12.9,108,912,931,0.24,918,36.6,281,3.2
2013,8,8,18,30,13,111,926,997,0.24,917,37.4,282,3.1
2013,8,8,19,30,12.700000000000001,110,929,999,0.24,917,38,281,3.1
2013,8,8,20,30,12.100000000000001,106,918,933,0.24,916,38.2,279,3
2013,8,8,21,30,11.5,112,872,803,0.24,916,38.2,279,2.9000000000000004
2013,8,8,22,30,10.600000000000001,99,822,627,0.24,916,37.7,279,2.6
2013,8,8,23,30,9.9,83,735,418,0.24,916,37.4,279,2.5
2013,8,9,0,30,12.200000000000001,59,562,198,0.24,916,34.2,272,1.1
2013,8,9,1,30,14.9,16,128,20,0.24,916,32.2,261,0.7000000000000001
2013,8,9,2,30,13.200000000000001,0,0,0,0.24,917,31.200000000000003,244,0.8
2013,8,9,3,30,12.600000000000001,0,0,0,0.24,917,29.900000000000002,231,1
2013,8,9,4,30,12.700000000000001,0,0,0,0.24,918,28.400000000000002,225,1.2000000000000002
2013,8,9,5,30,12.8,0,0,0,0.24,918,27,226,1.4000000000000001
2013,8,9,6,30,12.9,0,0,0,0.24,918,25.900000000000002,231,1.4000000000000001
2013,8,9,7,30,12.700000000000001,0,0,0,0.24,918,25.1,238,1.5
2013,8,9,8,30,12.600000000000001,0,0,0,0.24,918,24.3,249,1.4000000000000001
2013,8,9,9,30,12.5,0,0,0,0.24,918,23.6,263,1.4000000000000001
2013,8,9,10,30,12.4,0,0,0,0.24,918,23,277,1.4000000000000001
2013,8,9,11,30,12.3,0,0,0,0.24,919,22.8,288,1.4000000000000001
2013,8,9,12,30,12.5,16,151,22,0.24,919,24.3,299,2
2013,8,9,13,30,12.100000000000001,56,582,202,0.24,920,27.3,314,2.5
2013,8,9,14,30,12,77,757,424,0.24,920,30.700000000000003,329,2.4000000000000004
2013,8,9,15,30,11.600000000000001,91,846,635,0.24,920,33.6,340,2.3000000000000003
2013,8,9,16,30,11.3,101,895,812,0.24,920,35.5,172,2.1
2013,8,9,17,30,11.200000000000001,107,921,936,0.24,920,36.800000000000004,12,2
2013,8,9,18,30,11.100000000000001,105,940,1003,0.24,920,37.800000000000004,36,2.1
2013,8,9,19,30,10.8,107,935,1000,0.24,919,38.400000000000006,53,2.5
2013,8,9,20,30,10.700000000000001,107,917,932,0.24,919,38.5,64,3
2013,8,9,21,30,10.600000000000001,110,872,800,0.24,919,38.1,73,3.5
2013,8,9,22,30,10.600000000000001,105,804,619,0.24,919,37.2,79,4.1000000000000005
2013,8,9,23,30,10.9,105,0,105,0.24,919,36.6,81,4.3
2013,8,10,0,30,12.4,73,451,184,0.24,920,32.9,87,3.3000000000000003
2013,8,10,1,30,14.9,11,0,11,0.24,920,30.3,92,2.8000000000000003
2013,8,10,2,30,15.4,0,0,0,0.24,921,29,97,3
2013,8,10,3,30,15.8,0,0,0,0.24,922,28.200000000000003,103,2.8000000000000003
2013,8,10,4,30,16.2,0,0,0,0.24,923,27.5,107,2.6
2013,8,10,5,30,16.400000000000002,0,0,0,0.24,923,27,108,2.6
2013,8,10,6,30,16.6,0,0,0,0.24,923,26.400000000000002,107,2.6
2013,8,10,7,30,16.8,0,0,0,0.24,923,25.700000000000003,104,2.5
2013,8,10,8,30,17.1,0,0,0,0.24,923,25,99,2.4000000000000004
2013,8,10,9,30,17.3,0,0,0,0.24,923,24.3,93,2.3000000000000003
2013,8,10,10,30,17.6,0,0,0,0.24,924,23.6,84,2
2013,8,10,11,30,17.8,0,0,0,0.24,925,23.1,70,2.1
2013,8,10,12,30,17.8,15,30,16,0.24,926,23.700000000000003,64,3.1
2013,8,10,13,30,17.400000000000002,77,420,182,0.24,926,25.5,72,4
2013,8,10,14,30,16.8,190,88,230,0.24,927,27.5,79,3.9000000000000004
2013,8,10,15,30,16.2,293,208,427,0.24,927,29.3,80,3.6
2013,8,10,16,30,15.8,140,801,775,0.24,926,31,80,3.5
2013,8,10,17,30,15.5,147,838,900,0.24,926,32.4,81,3.5
2013,8,10,18,30,15.200000000000001,174,821,957,0.24,925,33.5,83,3.4000000000000004
2013,8,10,19,30,15,168,829,958,0.24,924,34.300000000000004,84,3.3000000000000003
2013,8,10,20,30,15,159,819,894,0.24,923,34.7,86,3.3000000000000003
2013,8,10,21,30,14.8,146,789,769,0.24,923,34.7,91,3.4000000000000004
2013,8,10,22,30,14.5,130,730,595,0.24,922,34.2,96,3.5
2013,8,10,23,30,14.3,109,621,389,0.24,922,33.9,99,3.6
2013,8,11,0,30,14.4,88,195,135,0.24,923,31.400000000000002,106,2.6
2013,8,11,1,30,16,9,0,9,0.24,923,29.6,111,2
2013,8,11,2,30,16.1,0,0,0,0.24,923,28.700000000000003,116,2.4000000000000004
2013,8,11,3,30,16,0,0,0,0.24,924,28.1,122,3.1
2013,8,11,4,30,16,0,0,0,0.24,924,27.400000000000002,127,3.5
2013,8,11,5,30,16.3,0,0,0,0.24,924,26.6,131,3.6
2013,8,11,6,30,16.5,0,0,0,0.24,924,25.8,135,3.3000000000000003
2013,8,11,7,30,16.8,0,0,0,0.24,924,25.1,139,2.8000000000000003
2013,8,11,8,30,16.900000000000002,0,0,0,0.24,924,24.400000000000002,142,2.2
2013,8,11,9,30,16.900000000000002,0,0,0,0.24,923,23.700000000000003,143,1.8
2013,8,11,10,30,17,0,0,0,0.24,923,23.1,144,1.5
2013,8,11,11,30,17,0,0,0,0.24,924,22.900000000000002,145,1.4000000000000001
2013,8,11,12,30,17,14,38,16,0.24,924,24,152,1.7000000000000002
2013,8,11,13,30,17.2,92,143,128,0.24,925,26.700000000000003,166,2.4000000000000004
2013,8,11,14,30,17.2,161,18,169,0.24,925,29.5,169,3.1
2013,8,11,15,30,17,273,322,478,0.24,924,31.5,165,3.4000000000000004
2013,8,11,16,30,16.7,359,331,621,0.24,924,33.1,160,3.6
2013,8,11,17,30,16.2,244,14,256,0.24,923,34.5,154,3.6
2013,8,11,18,30,15.700000000000001,488,220,698,0.24,923,35.4,146,3.6
2013,8,11,19,30,15.200000000000001,357,24,380,0.24,922,35.800000000000004,138,3.6
2013,8,11,20,30,14.700000000000001,163,811,890,0.24,921,35.7,131,3.6
2013,8,11,21,30,14.3,200,698,749,0.24,921,35.5,124,3.7
2013,8,11,22,30,14,174,635,577,0.24,921,35,121,4
2013,8,11,23,30,13.8,139,525,374,0.24,921,34.7,120,4.1000000000000005
2013,8,12,0,30,14,88,328,166,0.23,921,32.300000000000004,122,3.6
2013,8,12,1,30,15.100000000000001,10,18,11,0.23,922,30.6,128,3.5
2013,8,12,2,30,15.5,0,0,0,0.23,922,29.5,137,3.9000000000000004
2013,8,12,3,30,16,0,0,0,0.23,923,28.400000000000002,145,3.8000000000000003
2013,8,12,4,30,16.5,0,0,0,0.23,923,27.400000000000002,153,3.3000000000000003
2013,8,12,5,30,16.8,0,0,0,0.23,923,26.5,158,3
2013,8,12,6,30,16.900000000000002,0,0,0,0.23,923,25.8,163,2.9000000000000004
2013,8,12,7,30,17.1,0,0,0,0.23,923,25.1,167,2.7
2013,8,12,8,30,17.1,0,0,0,0.23,922,24.400000000000002,171,2.4000000000000004
2013,8,12,9,30,17.2,0,0,0,0.23,922,23.700000000000003,175,2
2013,8,12,10,30,17.3,0,0,0,0.23,922,23.1,178,1.7000000000000002
2013,8,12,11,30,17.400000000000002,0,0,0,0.23,923,22.8,179,1.8
2013,8,12,12,30,17.5,14,110,18,0.23,923,24,181,2.6
2013,8,12,13,30,17.5,58,541,191,0.23,923,26.6,179,3.3000000000000003
2013,8,12,14,30,17,79,727,409,0.23,923,29.400000000000002,169,3.5
2013,8,12,15,30,16.2,92,822,617,0.23,923,31.6,156,3.4000000000000004
2013,8,12,16,30,15.700000000000001,99,877,792,0.23,923,33.300000000000004,144,3.1
2013,8,12,17,30,15.3,104,906,916,0.23,923,34.7,129,2.8000000000000003
2013,8,12,18,30,15,120,899,976,0.23,922,35.7,115,2.7
2013,8,12,19,30,14.700000000000001,118,902,976,0.23,921,36.4,103,2.8000000000000003
2013,8,12,20,30,14.600000000000001,113,891,910,0.23,920,36.7,98,3
2013,8,12,21,30,14.4,104,867,784,0.23,920,36.6,100,3.3000000000000003
2013,8,12,22,30,14.200000000000001,92,816,607,0.23,919,36.1,104,3.6
2013,8,12,23,30,14.100000000000001,77,725,399,0.23,919,35.800000000000004,107,3.7
2013,8,13,0,30,14.100000000000001,54,543,183,0.23,919,33.1,114,3.2
2013,8,13,1,30,15.100000000000001,12,95,14,0.23,920,31.1,121,3
2013,8,13,2,30,15.100000000000001,0,0,0,0.23,921,29.900000000000002,131,4
2013,8,13,3,30,15.3,0,0,0,0.23,921,28.8,141,4.4
2013,8,13,4,30,15.700000000000001,0,0,0,0.23,922,27.8,149,4.2
2013,8,13,5,30,16,0,0,0,0.23,922,26.900000000000002,154,3.7
2013,8,13,6,30,16.1,0,0,0,0.23,921,26.1,160,3.3000000000000003
2013,8,13,7,30,16.1,0,0,0,0.23,921,25.400000000000002,167,2.8000000000000003
2013,8,13,8,30,16.1,0,0,0,0.23,921,24.700000000000003,175,2.4000000000000004
2013,8,13,9,30,16,0,0,0,0.23,921,24.3,183,2.2
2013,8,13,10,30,16,0,0,0,0.23,922,23.900000000000002,191,2
2013,8,13,11,30,16,0,0,0,0.23,922,23.700000000000003,198,1.9000000000000001
2013,8,13,12,30,16,14,114,17,0.23,922,24.900000000000002,203,2.3000000000000003
2013,8,13,13,30,16.1,56,551,190,0.23,923,27.8,205,2.5
2013,8,13,14,30,16,78,732,408,0.23,923,30.6,188,1.7000000000000002
2013,8,13,15,30,15.700000000000001,92,824,617,0.23,923,32.7,119,1.2000000000000002
2013,8,13,16,30,15.3,101,877,792,0.23,922,34.4,62,1.7000000000000002
2013,8,13,17,30,14.8,106,906,917,0.23,922,35.7,55,2.3000000000000003
2013,8,13,18,30,14.4,113,915,982,0.23,921,36.6,55,2.8000000000000003
2013,8,13,19,30,14.100000000000001,112,916,981,0.23,921,37.300000000000004,57,3.1
2013,8,13,20,30,13.700000000000001,108,904,914,0.23,920,37.6,64,3.3000000000000003
2013,8,13,21,30,13.3,103,872,786,0.23,919,37.5,73,3.4000000000000004
2013,8,13,22,30,13,93,820,609,0.23,919,36.9,82,3.6
2013,8,13,23,30,12.8,79,724,399,0.23,919,36.5,87,3.6
2013,8,14,0,30,12.8,55,534,180,0.23,919,33.4,101,2.7
2013,8,14,1,30,14.5,11,80,13,0.23,920,31,108,2.1
2013,8,14,2,30,14.5,0,0,0,0.23,920,29.900000000000002,113,2.5
2013,8,14,3,30,14.600000000000001,0,0,0,0.23,921,29.200000000000003,120,2.9000000000000004
2013,8,14,4,30,15.100000000000001,0,0,0,0.23,921,28.5,129,3.1
2013,8,14,5,30,15.600000000000001,0,0,0,0.23,921,27.8,139,3
2013,8,14,6,30,15.9,0,0,0,0.23,921,27.200000000000003,148,2.8000000000000003
2013,8,14,7,30,15.9,0,0,0,0.23,921,26.700000000000003,154,2.5
2013,8,14,8,30,15.700000000000001,0,0,0,0.23,921,26.200000000000003,156,2.1
2013,8,14,9,30,15.700000000000001,0,0,0,0.23,922,25.6,149,1.6
2013,8,14,10,30,15.9,0,0,0,0.23,922,25,130,1.1
2013,8,14,11,30,16.2,0,0,0,0.23,922,24.6,109,0.9
2013,8,14,12,30,16.5,8,0,8,0.23,923,25.3,105,1
2013,8,14,13,30,16.6,70,448,178,0.23,923,27.5,117,1.4000000000000001
2013,8,14,14,30,16.7,154,413,340,0.23,923,29.900000000000002,118,1.7000000000000002
2013,8,14,15,30,16.7,112,769,601,0.23,923,31.700000000000003,108,1.8
2013,8,14,16,30,16.7,211,697,760,0.23,923,33.2,98,1.8
2013,8,14,17,30,16.5,126,867,901,0.23,922,34.300000000000004,88,2
2013,8,14,18,30,16.400000000000002,148,856,959,0.23,922,35.1,80,2.2
2013,8,14,19,30,16.3,149,853,957,0.23,921,35.5,75,2.4000000000000004
2013,8,14,20,30,16.2,146,836,891,0.23,921,35.5,75,2.5
2013,8,14,21,30,16,110,852,775,0.23,920,35.300000000000004,81,2.7
2013,8,14,22,30,15.700000000000001,97,803,600,0.23,920,34.800000000000004,88,3
2013,8,14,23,30,15.5,80,710,392,0.23,920,34.5,92,3.2
2013,8,15,0,30,15.4,55,523,176,0.23,921,32.2,99,3.2
2013,8,15,1,30,16,10,74,11,0.23,921,30.400000000000002,100,3.3000000000000003
2013,8,15,2,30,16.1,0,0,0,0.23,922,29.200000000000003,101,3.9000000000000004
2013,8,15,3,30,16.400000000000002,0,0,0,0.23,922,28.1,100,4
2013,8,15,4,30,16.8,0,0,0,0.23,922,27.200000000000003,101,3.8000000000000003
2013,8,15,5,30,17.1,0,0,0,0.23,923,26.400000000000002,104,3.5
2013,8,15,6,30,17.400000000000002,0,0,0,0.23,923,25.900000000000002,109,3.3000000000000003
2013,8,15,7,30,17.7,0,0,0,0.23,923,25.400000000000002,113,3.1
2013,8,15,8,30,17.8,0,0,0,0.23,923,25,117,2.8000000000000003
2013,8,15,9,30,17.900000000000002,0,0,0,0.23,923,24.700000000000003,118,2.4000000000000004
2013,8,15,10,30,18,0,0,0,0.23,923,24.400000000000002,112,1.8
2013,8,15,11,30,18.1,0,0,0,0.23,923,24.1,96,1.5
2013,8,15,12,30,18.2,9,0,9,0.23,923,24.5,88,1.8
2013,8,15,13,30,18.2,62,490,180,0.23,924,25.700000000000003,90,2
2013,8,15,14,30,17.900000000000002,142,464,350,0.23,924,27.400000000000002,91,1.9000000000000001
2013,8,15,15,30,17.3,104,787,603,0.23,924,29.3,87,1.7000000000000002
2013,8,15,16,30,16.7,111,849,779,0.23,924,31.3,76,1.5
2013,8,15,17,30,16.2,115,885,905,0.23,923,33.1,62,1.5
2013,8,15,18,30,15.8,123,893,969,0.23,922,34.300000000000004,52,1.5
2013,8,15,19,30,15.4,120,899,970,0.23,922,35,47,1.6
2013,8,15,20,30,15,114,891,905,0.23,921,35.5,46,1.6
2013,8,15,21,30,14.700000000000001,111,856,777,0.23,921,35.6,54,1.7000000000000002
2013,8,15,22,30,14.3,99,804,601,0.23,920,35.300000000000004,68,1.8
2013,8,15,23,30,13.9,81,710,391,0.23,920,35.1,76,1.9000000000000001
2013,8,16,0,30,14.5,65,389,154,0.23,920,32.2,97,1.5
2013,8,16,1,30,16.5,0,0,0,0.23,921,29.900000000000002,106,1.5
2013,8,16,2,30,15.5,0,0,0,0.23,921,29,112,2.3000000000000003
2013,8,16,3,30,14.600000000000001,0,0,0,0.23,922,28.3,116,3.2
2013,8,16,4,30,14.100000000000001,0,0,0,0.23,922,27.5,121,3.9000000000000004
2013,8,16,5,30,14,0,0,0,0.23,922,26.700000000000003,127,4.1000000000000005
2013,8,16,6,30,14.4,0,0,0,0.23,922,26.1,134,3.9000000000000004
2013,8,16,7,30,14.9,0,0,0,0.23,922,25.700000000000003,141,3.5
2013,8,16,8,30,15.3,0,0,0,0.23,922,25.1,150,2.9000000000000004
2013,8,16,9,30,15.4,0,0,0,0.23,922,24.3,163,2.1
2013,8,16,10,30,15.200000000000001,0,0,0,0.23,922,23.6,179,1.6
2013,8,16,11,30,14.9,0,0,0,0.23,922,23.200000000000003,196,1.4000000000000001
2013,8,16,12,30,14.600000000000001,12,89,14,0.23,922,24.5,214,1.9000000000000001
2013,8,16,13,30,14.100000000000001,61,518,184,0.23,923,27.6,230,2.3000000000000003
2013,8,16,14,30,13.4,88,707,403,0.23,923,31.200000000000003,234,1.6
2013,8,16,15,30,12.8,105,803,613,0.23,923,33.9,188,0.9
2013,8,16,16,30,12.3,117,857,789,0.23,923,35.5,126,0.9
2013,8,16,17,30,11.8,124,888,915,0.23,922,36.6,102,1.4000000000000001
2013,8,16,18,30,11.5,126,903,980,0.23,922,37.4,96,1.7000000000000002
2013,8,16,19,30,11.4,125,905,979,0.23,921,37.800000000000004,92,2
2013,8,16,20,30,11.3,120,892,910,0.23,921,37.800000000000004,92,2.2
2013,8,16,21,30,11.200000000000001,111,867,783,0.23,920,37.6,98,2.4000000000000004
2013,8,16,22,30,10.9,98,814,604,0.23,920,37,105,2.7
2013,8,16,23,30,10.600000000000001,81,720,393,0.23,920,36.6,108,2.8000000000000003
2013,8,17,0,30,10.9,56,527,174,0.23,921,33,116,2.2
2013,8,17,1,30,13.200000000000001,0,0,0,0.23,921,30.3,119,2
2013,8,17,2,30,12.8,0,0,0,0.23,922,29.200000000000003,120,2.7
2013,8,17,3,30,12.5,0,0,0,0.23,923,28.3,121,3.5
2013,8,17,4,30,12.700000000000001,0,0,0,0.23,923,27.400000000000002,122,3.9000000000000004
2013,8,17,5,30,13.200000000000001,0,0,0,0.23,923,26.5,123,3.9000000000000004
2013,8,17,6,30,13.9,0,0,0,0.23,924,25.6,124,3.5
2013,8,17,7,30,14.5,0,0,0,0.23,924,24.700000000000003,125,3
2013,8,17,8,30,15,0,0,0,0.23,924,24,127,2.5
2013,8,17,9,30,15.4,0,0,0,0.23,924,23.400000000000002,130,2.1
2013,8,17,10,30,15.600000000000001,0,0,0,0.23,924,22.8,133,1.7000000000000002
2013,8,17,11,30,15.8,0,0,0,0.23,924,22.6,133,1.8
2013,8,17,12,30,16,10,67,12,0.23,924,23.6,137,2.7
2013,8,17,13,30,16.1,67,468,177,0.23,924,26.1,146,3.7
2013,8,17,14,30,16,100,659,393,0.23,924,29.200000000000003,151,3.7
2013,8,17,15,30,15.600000000000001,121,761,601,0.23,924,32,147,3.1
2013,8,17,16,30,15,135,820,777,0.23,923,34.2,132,2.5
2013,8,17,17,30,14.4,143,855,904,0.23,923,35.800000000000004,111,2.2
2013,8,17,18,30,13.9,136,886,972,0.23,922,37,96,2.3000000000000003
2013,8,17,19,30,13.4,135,887,970,0.23,921,37.800000000000004,91,2.5
2013,8,17,20,30,13,130,874,903,0.23,920,38.1,95,2.9000000000000004
2013,8,17,21,30,12.700000000000001,154,782,759,0.23,919,37.9,102,3.3000000000000003
2013,8,17,22,30,12.3,138,713,579,0.23,919,37.300000000000004,111,3.7
2013,8,17,23,30,12,113,597,370,0.23,919,36.800000000000004,114,3.9000000000000004
2013,8,18,0,30,12.100000000000001,72,386,157,0.24,919,33.4,121,3.1
2013,8,18,1,30,13.200000000000001,0,0,0,0.24,919,31.1,126,3
2013,8,18,2,30,13.100000000000001,0,0,0,0.24,920,30,133,3.6
2013,8,18,3,30,13.200000000000001,0,0,0,0.24,921,29,142,3.5
2013,8,18,4,30,13.3,0,0,0,0.24,921,28,152,3.1
2013,8,18,5,30,13.4,0,0,0,0.24,922,27.200000000000003,160,2.8000000000000003
2013,8,18,6,30,13.3,0,0,0,0.24,922,26.400000000000002,163,2.4000000000000004
2013,8,18,7,30,13.3,0,0,0,0.24,922,25.5,162,2.1
2013,8,18,8,30,13.100000000000001,0,0,0,0.24,922,24.6,165,1.8
2013,8,18,9,30,13,0,0,0,0.24,922,23.900000000000002,174,1.5
2013,8,18,10,30,13.100000000000001,0,0,0,0.24,922,23.400000000000002,189,1.2000000000000002
2013,8,18,11,30,13.100000000000001,0,0,0,0.24,922,23.200000000000003,202,1.2000000000000002
2013,8,18,12,30,13.200000000000001,6,27,7,0.24,922,24.5,210,1.6
2013,8,18,13,30,13.4,88,294,157,0.24,922,27.400000000000002,220,2.5
2013,8,18,14,30,13.700000000000001,154,475,364,0.24,923,30.8,237,2.9000000000000004
2013,8,18,15,30,13.9,199,583,565,0.24,923,33.6,263,2.4000000000000004
2013,8,18,16,30,13.4,234,646,739,0.24,922,35.6,305,1.7000000000000002
2013,8,18,17,30,13,255,681,860,0.24,922,37,171,1.5
2013,8,18,18,30,12.600000000000001,244,726,928,0.24,921,38,26,1.6
2013,8,18,19,30,12.4,251,719,927,0.24,921,38.5,50,1.7000000000000002
2013,8,18,20,30,12.100000000000001,249,688,856,0.24,920,38.7,71,1.9000000000000001
2013,8,18,21,30,11.9,213,676,734,0.24,919,38.400000000000006,89,2.1
2013,8,18,22,30,11.700000000000001,180,619,561,0.24,919,37.7,104,2.4000000000000004
2013,8,18,23,30,11.4,136,517,357,0.24,919,37.2,111,2.5
2013,8,19,0,30,12.700000000000001,74,242,126,0.24,919,33.6,127,1.8
2013,8,19,1,30,14.600000000000001,0,0,0,0.24,919,31.200000000000003,138,1.9000000000000001
2013,8,19,2,30,14,0,0,0,0.24,920,30.1,149,2.6
2013,8,19,3,30,13.700000000000001,0,0,0,0.24,921,29.3,160,3.5
2013,8,19,4,30,13.700000000000001,0,0,0,0.24,921,28.400000000000002,167,4.1000000000000005
2013,8,19,5,30,13.9,0,0,0,0.24,921,27.400000000000002,174,3.8000000000000003
2013,8,19,6,30,14.100000000000001,0,0,0,0.24,921,26.400000000000002,185,3.2
2013,8,19,7,30,14.3,0,0,0,0.24,921,25.5,200,2.9000000000000004
2013,8,19,8,30,14.4,0,0,0,0.24,921,24.700000000000003,215,2.9000000000000004
2013,8,19,9,30,14.3,0,0,0,0.24,921,24,226,3
2013,8,19,10,30,14.200000000000001,0,0,0,0.24,920,23.3,234,2.9000000000000004
2013,8,19,11,30,14,0,0,0,0.24,921,22.900000000000002,239,2.7
2013,8,19,12,30,14,8,54,9,0.24,921,23.700000000000003,244,2.8000000000000003
2013,8,19,13,30,14.100000000000001,72,432,173,0.24,922,26.400000000000002,245,2.7
2013,8,19,14,30,13.8,113,627,389,0.24,922,30.1,237,2
2013,8,19,15,30,12.700000000000001,140,731,599,0.24,922,33.300000000000004,190,1.3
2013,8,19,16,30,11.5,158,789,773,0.24,922,35.6,136,1.5
2013,8,19,17,30,10.9,169,824,899,0.24,922,37,124,2.2
2013,8,19,18,30,10.5,209,788,949,0.24,921,37.9,124,2.5
2013,8,19,19,30,10.200000000000001,213,780,945,0.24,920,38.400000000000006,124,2.8000000000000003
2013,8,19,20,30,9.8,208,758,875,0.24,920,38.6,125,3
2013,8,19,21,30,9.4,158,781,758,0.24,919,38.400000000000006,128,3.2
2013,8,19,22,30,9,139,715,578,0.24,919,37.7,130,3.4000000000000004
2013,8,19,23,30,8.700000000000001,112,602,367,0.24,918,37.2,131,3.5
2013,8,20,0,30,9.700000000000001,69,390,153,0.24,919,33.4,133,2.7
2013,8,20,1,30,11.5,0,0,0,0.24,919,30.900000000000002,140,3.1
2013,8,20,2,30,11.3,0,0,0,0.24,920,29.8,151,4.2
2013,8,20,3,30,11.5,0,0,0,0.24,920,28.700000000000003,160,4.800000000000001
2013,8,20,4,30,11.700000000000001,0,0,0,0.24,920,27.6,169,4.7
2013,8,20,5,30,11.9,0,0,0,0.24,920,26.6,176,4.2
2013,8,20,6,30,12.100000000000001,0,0,0,0.24,920,25.6,185,3.7
2013,8,20,7,30,12.200000000000001,0,0,0,0.24,920,24.700000000000003,196,3
2013,8,20,8,30,12.3,0,0,0,0.24,920,24,206,2.4000000000000004
2013,8,20,9,30,12.4,0,0,0,0.24,920,23.5,213,1.9000000000000001
2013,8,20,10,30,12.600000000000001,0,0,0,0.24,921,23.200000000000003,219,1.6
2013,8,20,11,30,12.700000000000001,0,0,0,0.24,921,23,222,1.3
2013,8,20,12,30,12.9,7,23,7,0.24,921,23.900000000000002,224,1.7000000000000002
2013,8,20,13,30,12.5,83,182,125,0.24,922,26.1,223,2.4000000000000004
2013,8,20,14,30,12.100000000000001,180,225,279,0.24,922,29,216,2.5
2013,8,20,15,30,11.5,177,641,579,0.24,922,31.700000000000003,196,2.2
2013,8,20,16,30,10.9,200,710,753,0.24,922,33.9,165,2.3000000000000003
2013,8,20,17,30,10.600000000000001,216,748,877,0.24,921,35.4,143,2.9000000000000004
2013,8,20,18,30,10.600000000000001,271,696,925,0.24,920,36.2,135,3.7
2013,8,20,19,30,10.8,409,495,872,0.24,920,36.4,130,4.7
2013,8,20,20,30,11.200000000000001,264,668,850,0.24,920,36,129,5.7
2013,8,20,21,30,11.700000000000001,227,651,725,0.24,919,34.9,131,6.5
2013,8,20,22,30,12.200000000000001,196,580,549,0.24,920,33.6,134,6.800000000000001
2013,8,20,23,30,12.600000000000001,146,479,347,0.24,920,32.9,136,6.7
2013,8,21,0,30,12.700000000000001,79,298,142,0.24,920,30.3,145,4.7
2013,8,21,1,30,13.200000000000001,0,0,0,0.24,921,28.400000000000002,151,3
2013,8,21,2,30,13.600000000000001,0,0,0,0.24,921,27.200000000000003,159,2.1
2013,8,21,3,30,13.600000000000001,0,0,0,0.24,921,26.400000000000002,169,1.7000000000000002
2013,8,21,4,30,13.600000000000001,0,0,0,0.24,921,25.700000000000003,178,1.6
2013,8,21,5,30,13.4,0,0,0,0.24,921,25.1,184,1.6
2013,8,21,6,30,13,0,0,0,0.24,921,24.6,188,1.8
2013,8,21,7,30,12.5,0,0,0,0.24,921,24,190,2.1
2013,8,21,8,30,11.9,0,0,0,0.24,921,23.5,192,2.3000000000000003
2013,8,21,9,30,11.4,0,0,0,0.24,921,22.8,193,2.3000000000000003
2013,8,21,10,30,11.200000000000001,0,0,0,0.24,922,22.1,194,2.2
2013,8,21,11,30,11.100000000000001,0,0,0,0.24,922,21.6,194,2.1
2013,8,21,12,30,11.3,0,0,0,0.24,922,22.6,193,2.6
2013,8,21,13,30,11.600000000000001,80,383,168,0.24,923,25.400000000000002,182,3
2013,8,21,14,30,11.4,127,592,386,0.24,923,29,160,3.2
2013,8,21,15,30,10.100000000000001,155,709,598,0.24,923,31.900000000000002,136,3.5
2013,8,21,16,30,9.9,173,777,776,0.24,923,33.6,122,3.8000000000000003
2013,8,21,17,30,10.100000000000001,182,815,902,0.24,923,34.6,114,4.1000000000000005
2013,8,21,18,30,10.4,133,908,984,0.24,922,35.300000000000004,110,4.4
2013,8,21,19,30,10.600000000000001,144,891,976,0.24,922,35.5,110,4.6000000000000005
2013,8,21,20,30,10.600000000000001,148,861,901,0.24,921,35.5,110,4.7
2013,8,21,21,30,10.4,118,863,776,0.24,920,35.2,112,4.7
2013,8,21,22,30,10,106,803,593,0.24,920,34.5,114,4.5
2013,8,21,23,30,9.600000000000001,96,609,349,0.24,920,34.1,115,4.5
2013,8,22,0,30,9.700000000000001,69,248,120,0.24,921,30.900000000000002,117,3.1
2013,8,22,1,30,11.3,0,0,0,0.24,921,28.6,122,2.6
2013,8,22,2,30,12.100000000000001,0,0,0,0.24,922,27.700000000000003,131,3.4000000000000004
2013,8,22,3,30,13.4,0,0,0,0.24,923,26.900000000000002,141,4
2013,8,22,4,30,14.8,0,0,0,0.24,923,26.1,148,4.1000000000000005
2013,8,22,5,30,15.700000000000001,0,0,0,0.24,923,25.400000000000002,151,3.7
2013,8,22,6,30,16.1,0,0,0,0.24,923,24.700000000000003,151,3
2013,8,22,7,30,16.5,0,0,0,0.24,923,24,152,2.6
2013,8,22,8,30,16.8,0,0,0,0.24,923,23.5,158,2.5
2013,8,22,9,30,17.1,0,0,0,0.24,923,23.1,166,2.4000000000000004
2013,8,22,10,30,17.2,0,0,0,0.24,923,22.6,174,2
2013,8,22,11,30,17.1,0,0,0,0.24,923,22.200000000000003,180,1.6
2013,8,22,12,30,17.1,0,0,0,0.24,923,23.3,181,1.9000000000000001
2013,8,22,13,30,16.900000000000002,65,457,168,0.24,924,26,166,2.1
2013,8,22,14,30,16.2,98,658,385,0.24,924,28.900000000000002,127,2
2013,8,22,15,30,15.3,118,761,593,0.24,924,30.8,104,2.7
2013,8,22,16,30,14.9,134,816,766,0.24,923,31.900000000000002,108,3.4000000000000004
2013,8,22,17,30,14.600000000000001,144,845,889,0.24,923,32.6,116,4
2013,8,22,18,30,14.3,172,824,943,0.24,922,33,125,4.5
2013,8,22,19,30,14,173,822,939,0.24,922,33.2,132,4.9
2013,8,22,20,30,13.600000000000001,167,804,869,0.24,921,33,136,5.1000000000000005
2013,8,22,21,30,13.200000000000001,150,776,740,0.24,920,32.7,139,5.1000000000000005
2013,8,22,22,30,12.700000000000001,129,720,564,0.24,920,32.1,141,4.9
2013,8,22,23,30,12.3,102,613,355,0.24,920,31.700000000000003,141,4.800000000000001
2013,8,23,0,30,12.200000000000001,74,103,95,0.24,920,29.5,141,3.4000000000000004
2013,8,23,1,30,12.9,0,0,0,0.24,921,27.8,141,2.7
2013,8,23,2,30,13.100000000000001,0,0,0,0.24,922,26.900000000000002,143,2.7
2013,8,23,3,30,13.4,0,0,0,0.24,922,26.1,147,2.8000000000000003
2013,8,23,4,30,13.8,0,0,0,0.24,922,25.400000000000002,152,2.8000000000000003
2013,8,23,5,30,14.3,0,0,0,0.24,922,24.700000000000003,157,2.6
2013,8,23,6,30,14.600000000000001,0,0,0,0.24,922,24.200000000000003,162,2.3000000000000003
2013,8,23,7,30,14.8,0,0,0,0.24,922,23.700000000000003,167,2
2013,8,23,8,30,14.9,0,0,0,0.24,922,23.200000000000003,171,1.6
2013,8,23,9,30,15.100000000000001,0,0,0,0.24,921,22.700000000000003,175,1.3
2013,8,23,10,30,15.3,0,0,0,0.24,922,22.400000000000002,176,1.1
2013,8,23,11,30,15.600000000000001,0,0,0,0.24,922,22.3,174,1.1
2013,8,23,12,30,15.700000000000001,0,0,0,0.24,923,23.400000000000002,171,1.6
2013,8,23,13,30,16,61,467,166,0.24,923,26,176,2.4000000000000004
2013,8,23,14,30,16.1,86,687,384,0.24,923,28.700000000000003,169,2.9000000000000004
2013,8,23,15,30,15.3,98,799,595,0.24,923,30.900000000000002,150,3.4000000000000004
2013,8,23,16,30,14.700000000000001,105,860,771,0.24,923,32.5,136,4
2013,8,23,17,30,14.3,110,891,894,0.24,922,33.2,132,4.800000000000001
2013,8,23,18,30,14.4,390,527,882,0.24,922,33.2,135,5.6000000000000005
2013,8,23,19,30,14.600000000000001,388,528,878,0.24,921,32.300000000000004,141,6.2
2013,8,23,20,30,14.9,143,4,147,0.24,921,31.1,149,6.4
2013,8,23,21,30,15,368,151,482,0.24,921,30.200000000000003,155,6.2
2013,8,23,22,30,14.9,234,398,473,0.24,920,29.6,158,5.800000000000001
2013,8,23,23,30,14.5,73,705,362,0.24,920,29.3,158,5.5
2013,8,24,0,30,14.3,54,411,135,0.24,920,27.700000000000003,155,3.6
2013,8,24,1,30,14.700000000000001,0,0,0,0.24,921,26.400000000000002,155,2.6
2013,8,24,2,30,14.700000000000001,0,0,0,0.24,921,25.6,158,2.3000000000000003
2013,8,24,3,30,14.8,0,0,0,0.24,921,24.8,163,2.1
2013,8,24,4,30,15.100000000000001,0,0,0,0.24,922,24.1,168,1.8
2013,8,24,5,30,15.3,0,0,0,0.24,922,23.5,170,1.5
2013,8,24,6,30,15.5,0,0,0,0.24,922,22.900000000000002,168,1.3
2013,8,24,7,30,15.700000000000001,0,0,0,0.24,922,22.5,164,1.2000000000000002
2013,8,24,8,30,15.8,0,0,0,0.24,922,22,161,1.1
2013,8,24,9,30,16,0,0,0,0.24,922,21.6,161,1
2013,8,24,10,30,16.1,0,0,0,0.24,922,21.3,162,1
2013,8,24,11,30,16.2,0,0,0,0.24,923,21.200000000000003,162,1
2013,8,24,12,30,16.3,0,0,0,0.24,923,22.5,161,1.6
2013,8,24,13,30,16.400000000000002,52,526,169,0.24,924,25.5,160,2.7
2013,8,24,14,30,16.400000000000002,76,716,386,0.24,924,28.5,153,3.6
2013,8,24,15,30,15.9,92,809,593,0.24,924,30.700000000000003,140,4.1000000000000005
2013,8,24,16,30,15.4,103,860,767,0.24,924,32.2,131,4.6000000000000005
2013,8,24,17,30,15.200000000000001,110,888,890,0.24,923,33.300000000000004,128,5
2013,8,24,18,30,14.9,355,586,900,0.24,922,34.1,128,5.300000000000001
2013,8,24,19,30,14.700000000000001,351,590,897,0.24,921,34.6,129,5.5
2013,8,24,20,30,14.4,346,30,372,0.24,921,34.800000000000004,131,5.7
2013,8,24,21,30,14.200000000000001,365,128,461,0.24,920,34.7,133,5.800000000000001
2013,8,24,22,30,14,260,73,303,0.24,920,34.1,135,5.800000000000001
2013,8,24,23,30,13.9,80,675,354,0.24,920,33.7,136,5.800000000000001
2013,8,25,0,30,14,53,437,138,0.24,921,31.400000000000002,137,4.6000000000000005
2013,8,25,1,30,14.5,0,0,0,0.24,922,29.700000000000003,137,4.1000000000000005
2013,8,25,2,30,14.8,0,0,0,0.24,923,28.6,139,4.1000000000000005
2013,8,25,3,30,14.9,0,0,0,0.24,923,27.700000000000003,142,3.8000000000000003
2013,8,25,4,30,15,0,0,0,0.24,923,26.6,146,3.2
2013,8,25,5,30,15.100000000000001,0,0,0,0.24,924,25.700000000000003,150,2.6
2013,8,25,6,30,15.200000000000001,0,0,0,0.24,924,24.900000000000002,154,2.1
2013,8,25,7,30,15.100000000000001,0,0,0,0.24,924,24.1,155,1.8
2013,8,25,8,30,15,0,0,0,0.24,924,23.5,155,1.6
2013,8,25,9,30,15,0,0,0,0.24,924,23,154,1.4000000000000001
2013,8,25,10,30,15,0,0,0,0.24,924,22.5,154,1.2000000000000002
2013,8,25,11,30,15.100000000000001,0,0,0,0.24,925,22.3,154,1.2000000000000002
2013,8,25,12,30,15.100000000000001,0,0,0,0.24,925,23.5,157,1.7000000000000002
2013,8,25,13,30,15.3,72,383,156,0.24,926,26.400000000000002,158,2.9000000000000004
2013,8,25,14,30,15.5,156,22,165,0.24,926,29.6,150,3.9000000000000004
2013,8,25,15,30,15.3,146,691,573,0.24,926,31.700000000000003,138,4.3
2013,8,25,16,30,15.100000000000001,166,753,746,0.24,926,33.300000000000004,128,4.4
2013,8,25,17,30,14.8,178,791,871,0.24,925,34.6,121,4.5
2013,8,25,18,30,14.5,186,806,934,0.24,924,35.5,117,4.7
2013,8,25,19,30,14.200000000000001,185,805,930,0.24,923,36,114,4.9
2013,8,25,20,30,14,314,585,820,0.24,923,36.1,114,5.1000000000000005
2013,8,25,21,30,13.8,139,795,737,0.24,922,35.7,116,5.300000000000001
2013,8,25,22,30,13.600000000000001,125,725,555,0.24,922,35,119,5.5
2013,8,25,23,30,13.4,101,604,344,0.24,922,34.4,120,5.5
2013,8,26,0,30,13.5,61,374,132,0.24,923,31.6,126,4.2
2013,8,26,1,30,13.8,0,0,0,0.24,923,29.700000000000003,131,3.2
2013,8,26,2,30,13.9,0,0,0,0.24,924,28.6,137,3
2013,8,26,3,30,14,0,0,0,0.24,925,27.700000000000003,141,3
2013,8,26,4,30,14.100000000000001,0,0,0,0.24,925,26.900000000000002,143,2.9000000000000004
2013,8,26,5,30,14.100000000000001,0,0,0,0.24,925,26.200000000000003,143,2.8000000000000003
2013,8,26,6,30,14.200000000000001,0,0,0,0.24,925,25.400000000000002,140,2.7
2013,8,26,7,30,14.200000000000001,0,0,0,0.24,925,24.8,135,2.6
2013,8,26,8,30,14.200000000000001,0,0,0,0.24,924,24.200000000000003,131,2.5
2013,8,26,9,30,14.3,0,0,0,0.24,924,23.6,129,2.5
2013,8,26,10,30,14.5,0,0,0,0.24,925,23.200000000000003,130,2.6
2013,8,26,11,30,14.8,0,0,0,0.24,925,22.8,132,2.7
2013,8,26,12,30,15.200000000000001,0,0,0,0.24,926,23.6,136,3.5
2013,8,26,13,30,16.1,55,509,167,0.24,926,26,139,4.4
2013,8,26,14,30,17.1,82,708,385,0.24,926,28.5,132,4.800000000000001
2013,8,26,15,30,16.900000000000002,260,327,461,0.24,927,30.3,120,4.800000000000001
2013,8,26,16,30,16.3,110,862,772,0.24,926,31.700000000000003,110,4.800000000000001
2013,8,26,17,30,15.700000000000001,365,482,786,0.24,926,32.7,106,4.800000000000001
2013,8,26,18,30,15,409,412,791,0.24,925,33.6,105,4.800000000000001
2013,8,26,19,30,14.600000000000001,410,462,836,0.24,924,34.1,104,4.7
2013,8,26,20,30,14.5,106,906,887,0.24,923,34.2,104,4.7
2013,8,26,21,30,14.200000000000001,98,877,754,0.24,922,34.1,104,4.800000000000001
2013,8,26,22,30,14.100000000000001,87,820,570,0.24,922,33.5,105,4.9
2013,8,26,23,30,14.100000000000001,97,582,329,0.24,922,33.1,106,5
2013,8,27,0,30,14.3,46,490,137,0.24,922,30.900000000000002,112,4.2
2013,8,27,1,30,14.700000000000001,0,0,0,0.24,923,29.5,117,3.6
2013,8,27,2,30,14.9,0,0,0,0.24,923,28.6,122,3.6
2013,8,27,3,30,15.100000000000001,0,0,0,0.24,923,27.8,128,3.8000000000000003
2013,8,27,4,30,15.600000000000001,0,0,0,0.24,923,27,135,3.9000000000000004
2013,8,27,5,30,16.2,0,0,0,0.24,924,26.200000000000003,141,3.7
2013,8,27,6,30,16.900000000000002,0,0,0,0.24,924,25.400000000000002,144,3.3000000000000003
2013,8,27,7,30,17.6,0,0,0,0.24,924,24.700000000000003,144,2.9000000000000004
2013,8,27,8,30,18.1,0,0,0,0.24,924,24,141,2.5
2013,8,27,9,30,18.5,0,0,0,0.24,923,23.400000000000002,136,2
2013,8,27,10,30,18.8,0,0,0,0.24,923,22.900000000000002,129,1.8
2013,8,27,11,30,18.900000000000002,0,0,0,0.24,924,22.6,123,1.9000000000000001
2013,8,27,12,30,19,0,0,0,0.24,924,23.1,124,2.8000000000000003
2013,8,27,13,30,18.8,58,438,153,0.24,924,24.6,129,3.9000000000000004
2013,8,27,14,30,17.8,111,564,352,0.24,924,26.5,127,4.5
2013,8,27,15,30,17,164,628,550,0.24,924,28,123,4.5
2013,8,27,16,30,16.6,259,580,703,0.24,924,29,123,4.2
2013,8,27,17,30,16.400000000000002,304,613,839,0.24,924,29.400000000000002,126,3.7
2013,8,27,18,30,16.400000000000002,335,614,902,0.24,923,29.400000000000002,131,3.1
2013,8,27,19,30,16.5,401,486,848,0.24,923,29,137,2.7
2013,8,27,20,30,16.7,359,439,736,0.24,922,28.700000000000003,140,2.6
2013,8,27,21,30,16.900000000000002,291,442,620,0.24,922,28.6,137,2.7
2013,8,27,22,30,17.1,267,158,360,0.24,921,28.5,131,3
2013,8,27,23,30,17.1,156,58,179,0.24,921,28.5,129,3.2
2013,8,28,0,30,17.2,65,117,87,0.25,921,27.6,131,2.8000000000000003
2013,8,28,1,30,17.2,0,0,0,0.25,922,26.900000000000002,138,2.6
2013,8,28,2,30,17.1,0,0,0,0.25,922,26.5,147,3
2013,8,28,3,30,16.900000000000002,0,0,0,0.25,922,26,157,3.2
2013,8,28,4,30,16.900000000000002,0,0,0,0.25,922,25.3,161,3.1
2013,8,28,5,30,16.8,0,0,0,0.25,922,24.8,160,3
2013,8,28,6,30,16.900000000000002,0,0,0,0.25,922,24.200000000000003,156,2.9000000000000004
2013,8,28,7,30,17,0,0,0,0.25,922,23.700000000000003,152,2.6
2013,8,28,8,30,17.1,0,0,0,0.25,922,23.200000000000003,148,2.4000000000000004
2013,8,28,9,30,17.2,0,0,0,0.25,922,22.700000000000003,147,2.3000000000000003
2013,8,28,10,30,17.3,0,0,0,0.25,922,22.400000000000002,145,2.4000000000000004
2013,8,28,11,30,17.400000000000002,0,0,0,0.25,923,22.1,141,2.4000000000000004
2013,8,28,12,30,17.6,0,0,0,0.25,923,22.5,141,3
2013,8,28,13,30,17.6,78,155,112,0.25,924,24.3,153,3.7
2013,8,28,14,30,17.2,159,332,300,0.25,924,26.700000000000003,165,4
2013,8,28,15,30,16.7,181,573,533,0.25,924,29,165,3.9000000000000004
2013,8,28,16,30,16.400000000000002,339,355,610,0.25,924,30.8,160,3.7
2013,8,28,17,30,16.1,366,445,754,0.25,923,32.2,157,3.6
2013,8,28,18,30,15.8,399,497,858,0.25,922,33.1,158,3.5
2013,8,28,19,30,15.600000000000001,408,451,821,0.25,922,33.5,162,3.2
2013,8,28,20,30,15.3,361,422,722,0.25,921,33.5,170,2.8000000000000003
2013,8,28,21,30,15,360,164,481,0.25,921,33.4,181,2.4000000000000004
2013,8,28,22,30,14.700000000000001,240,338,437,0.25,921,33.1,193,2.1
2013,8,28,23,30,14.4,86,633,333,0.25,921,32.800000000000004,199,2
2013,8,29,0,30,14.4,55,304,109,0.25,922,30.8,230,1.2000000000000002
2013,8,29,1,30,15.4,0,0,0,0.25,922,29.200000000000003,252,1
2013,8,29,2,30,15.200000000000001,0,0,0,0.25,923,28,251,1.2000000000000002
2013,8,29,3,30,14.8,0,0,0,0.25,923,26.700000000000003,221,1.1
2013,8,29,4,30,14.600000000000001,0,0,0,0.25,923,25.6,190,1.1
2013,8,29,5,30,14.3,0,0,0,0.25,924,24.700000000000003,180,1.1
2013,8,29,6,30,14.100000000000001,0,0,0,0.25,924,23.900000000000002,181,1.1
2013,8,29,7,30,13.9,0,0,0,0.25,924,23.200000000000003,184,1.2000000000000002
2013,8,29,8,30,13.700000000000001,0,0,0,0.25,924,22.5,190,1.3
2013,8,29,9,30,13.5,0,0,0,0.25,924,22,199,1.3
2013,8,29,10,30,13.5,0,0,0,0.25,924,21.5,208,1.3
2013,8,29,11,30,13.600000000000001,0,0,0,0.25,925,21.200000000000003,217,1.4000000000000001
2013,8,29,12,30,13.600000000000001,0,0,0,0.25,925,22.1,223,2
2013,8,29,13,30,13.700000000000001,51,527,163,0.25,926,24.900000000000002,224,3.1
2013,8,29,14,30,13.700000000000001,142,420,320,0.25,926,28.1,225,3.5
2013,8,29,15,30,13.600000000000001,181,572,530,0.25,926,30.8,223,2.9000000000000004
2013,8,29,16,30,13.3,155,799,764,0.25,925,32.9,204,2.2
2013,8,29,17,30,12.9,230,738,871,0.25,925,34.7,175,2
2013,8,29,18,30,12.5,279,701,923,0.25,924,36,152,2
2013,8,29,19,30,12,111,921,954,0.25,923,37,138,2.2
2013,8,29,20,30,11.600000000000001,107,906,880,0.25,922,37.5,127,2.3000000000000003
2013,8,29,21,30,11.3,99,876,747,0.25,921,37.5,118,2.4000000000000004
2013,8,29,22,30,11,154,616,511,0.25,921,36.9,112,2.6
2013,8,29,23,30,10.700000000000001,72,708,346,0.25,921,36.5,109,2.6
2013,8,30,0,30,11.5,45,475,127,0.25,921,32.7,107,1.8
2013,8,30,1,30,12.600000000000001,0,0,0,0.25,922,30.3,113,1.8
2013,8,30,2,30,12.3,0,0,0,0.25,922,29.3,128,2.4000000000000004
2013,8,30,3,30,12.4,0,0,0,0.25,923,28.400000000000002,144,3
2013,8,30,4,30,12.700000000000001,0,0,0,0.25,923,27.400000000000002,157,3.3000000000000003
2013,8,30,5,30,13,0,0,0,0.25,923,26.5,168,3.4000000000000004
2013,8,30,6,30,13.200000000000001,0,0,0,0.25,923,25.700000000000003,176,3.3000000000000003
2013,8,30,7,30,13.5,0,0,0,0.25,923,25.1,182,3
2013,8,30,8,30,13.700000000000001,0,0,0,0.25,923,24.400000000000002,188,2.8000000000000003
2013,8,30,9,30,13.700000000000001,0,0,0,0.25,923,23.8,195,2.5
2013,8,30,10,30,13.8,0,0,0,0.25,923,23.200000000000003,202,2.1
2013,8,30,11,30,13.8,0,0,0,0.25,923,22.700000000000003,209,1.8
2013,8,30,12,30,13.8,0,0,0,0.25,924,23.400000000000002,213,2.1
2013,8,30,13,30,13.9,55,501,161,0.25,924,26.200000000000003,201,2.6
2013,8,30,14,30,13.5,83,712,383,0.25,924,29.700000000000003,168,2.8000000000000003
2013,8,30,15,30,12.8,99,816,596,0.25,924,32.4,136,3.1
2013,8,30,16,30,12.3,108,877,776,0.25,924,34.2,119,3.5
2013,8,30,17,30,11.600000000000001,113,913,904,0.25,923,35.7,110,3.8000000000000003
2013,8,30,18,30,10.8,108,940,971,0.25,922,36.7,107,4
2013,8,30,19,30,9.9,108,943,969,0.25,921,37.4,106,4
2013,8,30,20,30,9.1,104,929,894,0.25,920,37.6,107,3.9000000000000004
2013,8,30,21,30,8.4,96,900,758,0.25,920,37.5,108,3.7
2013,8,30,22,30,7.9,86,843,572,0.25,919,36.800000000000004,110,3.6
2013,8,30,23,30,7.800000000000001,71,731,351,0.25,919,36.300000000000004,110,3.5
2013,8,31,0,30,8.9,44,485,127,0.25,919,32,113,2
2013,8,31,1,30,10.600000000000001,0,0,0,0.25,920,29.400000000000002,118,1.9000000000000001
2013,8,31,2,30,11,0,0,0,0.25,920,28.5,128,2.4000000000000004
2013,8,31,3,30,11.700000000000001,0,0,0,0.25,920,27.900000000000002,141,3
2013,8,31,4,30,12.3,0,0,0,0.25,921,27.200000000000003,153,3.5
2013,8,31,5,30,12.8,0,0,0,0.25,921,26.5,163,3.8000000000000003
2013,8,31,6,30,13.200000000000001,0,0,0,0.25,921,25.8,171,3.7
2013,8,31,7,30,13.5,0,0,0,0.25,921,25.200000000000003,178,3.5
2013,8,31,8,30,13.8,0,0,0,0.25,921,24.5,184,3
2013,8,31,9,30,14,0,0,0,0.25,920,23.8,192,2.5
2013,8,31,10,30,14.100000000000001,0,0,0,0.25,920,23.200000000000003,202,2.1
2013,8,31,11,30,14.100000000000001,0,0,0,0.25,921,22.700000000000003,209,1.8
2013,8,31,12,30,14.100000000000001,0,0,0,0.25,921,23.700000000000003,215,2.2
2013,8,31,13,30,14.100000000000001,53,514,161,0.25,921,26.900000000000002,211,2.5
2013,8,31,14,30,13.9,80,722,383,0.25,921,30.6,178,2.2
2013,8,31,15,30,12.8,96,827,598,0.25,921,33.5,138,2.3000000000000003
2013,8,31,16,30,11.9,105,884,777,0.25,921,35.300000000000004,122,2.7
2013,8,31,17,30,11.100000000000001,111,919,905,0.25,920,36.7,118,3
2013,8,31,18,30,10.3,115,933,969,0.25,919,37.7,117,3
2013,8,31,19,30,9.5,115,931,962,0.25,918,38.400000000000006,116,3
2013,8,31,20,30,8.9,111,918,888,0.25,917,38.7,113,2.9000000000000004
2013,8,31,21,30,8.5,109,873,748,0.25,917,38.5,109,2.8000000000000003
2013,8,31,22,30,8.3,97,809,560,0.25,916,37.9,103,2.8000000000000003
2013,8,31,23,30,8.200000000000001,80,687,340,0.25,916,37.4,100,2.9000000000000004
2013,9,1,0,30,9.4,49,426,119,0.25,917,33.2,98,1.9000000000000001
2013,9,1,1,30,10.5,0,0,0,0.25,917,30.6,106,2
2013,9,1,2,30,10.5,0,0,0,0.25,918,29.8,121,2.7
2013,9,1,3,30,10.8,0,0,0,0.25,918,29,138,3.4000000000000004
2013,9,1,4,30,11.4,0,0,0,0.25,918,28.200000000000003,151,4
2013,9,1,5,30,12.100000000000001,0,0,0,0.25,918,27.5,159,4.1000000000000005
2013,9,1,6,30,12.9,0,0,0,0.25,918,26.8,163,4
2013,9,1,7,30,13.700000000000001,0,0,0,0.25,918,26.400000000000002,166,3.9000000000000004
2013,9,1,8,30,14.100000000000001,0,0,0,0.25,918,25.8,168,3.6
2013,9,1,9,30,14.4,0,0,0,0.25,918,25,170,2.8000000000000003
2013,9,1,10,30,14.5,0,0,0,0.25,919,24.1,172,2.2
2013,9,1,11,30,14.600000000000001,0,0,0,0.25,919,23.5,176,1.9000000000000001
2013,9,1,12,30,14.600000000000001,0,0,0,0.25,919,24.200000000000003,178,2.3000000000000003
2013,9,1,13,30,14.700000000000001,63,433,153,0.25,920,26.900000000000002,179,3
2013,9,1,14,30,14.3,99,653,372,0.25,920,30.700000000000003,165,3.3000000000000003
2013,9,1,15,30,13.5,120,765,584,0.25,920,33.800000000000004,137,3.5
2013,9,1,16,30,12.700000000000001,134,830,763,0.25,920,35.6,117,3.9000000000000004
2013,9,1,17,30,11.8,144,863,888,0.25,919,36.9,108,4.4
2013,9,1,18,30,10.9,109,936,964,0.25,919,37.800000000000004,105,4.800000000000001
2013,9,1,19,30,10.100000000000001,109,935,957,0.25,918,38.300000000000004,104,5
2013,9,1,20,30,9.5,105,918,880,0.25,918,38.400000000000006,105,5
2013,9,1,21,30,9,98,884,743,0.25,917,38.1,105,4.9
2013,9,1,22,30,8.9,88,819,554,0.25,917,37.300000000000004,106,4.800000000000001
2013,9,1,23,30,9.1,73,700,335,0.25,917,36.800000000000004,106,4.7
2013,9,2,0,30,9.9,44,443,115,0.25,918,33.1,111,2.9000000000000004
2013,9,2,1,30,11.200000000000001,0,0,0,0.25,919,30.700000000000003,119,2.2
2013,9,2,2,30,11.700000000000001,0,0,0,0.25,919,29.8,129,2.5
2013,9,2,3,30,12.3,0,0,0,0.25,919,29,140,2.8000000000000003
2013,9,2,4,30,12.8,0,0,0,0.25,920,28.200000000000003,151,2.9000000000000004
2013,9,2,5,30,13.200000000000001,0,0,0,0.25,920,27.5,162,3.1
2013,9,2,6,30,13.5,0,0,0,0.25,920,26.8,172,3
2013,9,2,7,30,13.600000000000001,0,0,0,0.25,920,26.1,182,2.8000000000000003
2013,9,2,8,30,13.700000000000001,0,0,0,0.25,920,25.5,191,2.4000000000000004
2013,9,2,9,30,13.8,0,0,0,0.25,920,24.900000000000002,202,1.8
2013,9,2,10,30,13.9,0,0,0,0.25,921,24.5,221,1.2000000000000002
2013,9,2,11,30,13.9,0,0,0,0.25,921,24.400000000000002,252,0.9
2013,9,2,12,30,13.9,0,0,0,0.25,922,25.3,288,1.1
2013,9,2,13,30,13.9,64,394,145,0.25,922,28,313,1.2000000000000002
2013,9,2,14,30,13.8,21,0,21,0.25,922,31.200000000000003,184,1
2013,9,2,15,30,13.9,243,374,469,0.25,922,33.5,52,1.5
2013,9,2,16,30,14.100000000000001,76,0,76,0.25,922,35,62,2.2
2013,9,2,17,30,14.3,131,2,133,0.25,922,36.1,67,2.6
2013,9,2,18,30,14.5,246,14,259,0.25,921,36.6,70,3
2013,9,2,19,30,14.600000000000001,312,20,330,0.25,920,36.6,72,3.3000000000000003
2013,9,2,20,30,14.8,350,433,714,0.25,919,36.1,75,3.5
2013,9,2,21,30,14.9,212,646,681,0.25,919,35.4,80,3.6
2013,9,2,22,30,15,188,493,466,0.25,919,34.6,86,3.6
2013,9,2,23,30,15,71,0,71,0.25,919,34.2,89,3.5
2013,9,3,0,30,15.100000000000001,50,0,50,0.25,920,31.700000000000003,104,2.3000000000000003
2013,9,3,1,30,15.8,0,0,0,0.25,920,30,118,1.7000000000000002
2013,9,3,2,30,15.600000000000001,0,0,0,0.25,921,29,128,1.8
2013,9,3,3,30,15.3,0,0,0,0.25,921,28,134,1.8
2013,9,3,4,30,15.100000000000001,0,0,0,0.25,921,27,141,1.6
2013,9,3,5,30,14.9,0,0,0,0.25,922,26.1,149,1.5
2013,9,3,6,30,14.9,0,0,0,0.25,922,25.200000000000003,157,1.4000000000000001
2013,9,3,7,30,14.9,0,0,0,0.25,922,24.400000000000002,165,1.2000000000000002
2013,9,3,8,30,14.9,0,0,0,0.25,922,23.6,170,1.1
2013,9,3,9,30,14.8,0,0,0,0.25,922,23,168,1
2013,9,3,10,30,14.8,0,0,0,0.25,922,22.6,158,0.9
2013,9,3,11,30,14.8,0,0,0,0.25,923,22.200000000000003,147,0.9
2013,9,3,12,30,14.8,0,0,0,0.25,923,23.200000000000003,136,1.4000000000000001
2013,9,3,13,30,14.9,58,466,153,0.25,924,25.900000000000002,123,2.5
2013,9,3,14,30,14.600000000000001,90,683,373,0.25,924,28.700000000000003,111,3.4000000000000004
2013,9,3,15,30,14.5,110,788,584,0.25,924,30.8,104,3.7
2013,9,3,16,30,14.5,123,847,761,0.25,924,32.5,101,3.7
2013,9,3,17,30,14.4,130,878,884,0.25,923,33.800000000000004,100,3.7
2013,9,3,18,30,14.3,155,862,938,0.25,922,34.800000000000004,101,3.8000000000000003
2013,9,3,19,30,14.100000000000001,153,860,929,0.25,921,35.4,104,3.8000000000000003
2013,9,3,20,30,13.9,147,843,853,0.25,921,35.6,108,3.8000000000000003
2013,9,3,21,30,13.5,143,790,713,0.25,920,35.5,111,4
2013,9,3,22,30,13.200000000000001,126,715,527,0.25,920,34.800000000000004,112,4.1000000000000005
2013,9,3,23,30,12.8,99,579,311,0.25,920,34.4,113,4.1000000000000005
2013,9,4,0,30,12.700000000000001,53,309,100,0.25,920,31.400000000000002,116,2.7
2013,9,4,1,30,13.200000000000001,0,0,0,0.25,921,29.6,120,2
2013,9,4,2,30,13.100000000000001,0,0,0,0.25,922,28.900000000000002,124,2.2
2013,9,4,3,30,13.100000000000001,0,0,0,0.25,922,28.5,130,2.5
2013,9,4,4,30,13.200000000000001,0,0,0,0.25,922,28,136,2.8000000000000003
2013,9,4,5,30,13.4,0,0,0,0.25,923,27.3,143,2.9000000000000004
2013,9,4,6,30,13.600000000000001,0,0,0,0.25,923,26.5,150,2.8000000000000003
2013,9,4,7,30,13.700000000000001,0,0,0,0.25,923,25.5,158,2.3000000000000003
2013,9,4,8,30,13.700000000000001,0,0,0,0.25,923,24.5,165,1.8
2013,9,4,9,30,13.600000000000001,0,0,0,0.25,923,23.700000000000003,169,1.4000000000000001
2013,9,4,10,30,13.5,0,0,0,0.25,923,23.1,169,1.2000000000000002
2013,9,4,11,30,13.4,0,0,0,0.25,923,23,164,1
2013,9,4,12,30,13.4,0,0,0,0.25,924,24.200000000000003,150,1.2000000000000002
2013,9,4,13,30,13.600000000000001,50,531,157,0.25,924,27.200000000000003,127,2.1
2013,9,4,14,30,14,75,745,382,0.25,925,30.200000000000003,110,3.4000000000000004
2013,9,4,15,30,13.9,90,844,596,0.25,925,32.300000000000004,105,4.1000000000000005
2013,9,4,16,30,13.100000000000001,99,896,772,0.25,925,33.800000000000004,104,4.2
2013,9,4,17,30,12.200000000000001,106,922,895,0.25,924,35.1,103,4.3
2013,9,4,18,30,11.600000000000001,115,923,951,0.25,924,36.1,103,4.2
2013,9,4,19,30,11.200000000000001,116,919,942,0.25,923,36.6,103,4.1000000000000005
2013,9,4,20,30,10.9,116,896,863,0.25,922,36.7,102,3.9000000000000004
2013,9,4,21,30,10.700000000000001,108,858,725,0.25,921,36.5,102,3.8000000000000003
2013,9,4,22,30,10.4,93,785,530,0.25,921,35.800000000000004,101,3.8000000000000003
2013,9,4,23,30,10.100000000000001,77,665,318,0.25,921,35.4,101,3.8000000000000003
2013,9,5,0,30,10.3,44,395,102,0.25,922,32,104,2.3000000000000003
2013,9,5,1,30,11.4,0,0,0,0.25,922,29.900000000000002,110,1.8
2013,9,5,2,30,11.4,0,0,0,0.25,923,29,118,2.2
2013,9,5,3,30,11.700000000000001,0,0,0,0.25,923,28.200000000000003,130,2.8000000000000003
2013,9,5,4,30,12.9,0,0,0,0.25,924,27.400000000000002,143,3.2
2013,9,5,5,30,14.5,0,0,0,0.25,924,26.6,153,3.3000000000000003
2013,9,5,6,30,15.700000000000001,0,0,0,0.25,924,25.900000000000002,160,3.1
2013,9,5,7,30,16.400000000000002,0,0,0,0.25,924,25.1,164,2.8000000000000003
2013,9,5,8,30,16.7,0,0,0,0.25,924,24.400000000000002,165,2.5
2013,9,5,9,30,16.8,0,0,0,0.25,924,23.700000000000003,167,2
2013,9,5,10,30,16.7,0,0,0,0.25,924,23,170,1.7000000000000002
2013,9,5,11,30,16.6,0,0,0,0.25,924,22.5,173,1.4000000000000001
2013,9,5,12,30,16.5,0,0,0,0.25,925,23.5,172,1.8
2013,9,5,13,30,16.5,51,509,153,0.25,926,26.400000000000002,159,2.6
2013,9,5,14,30,16.3,78,721,374,0.25,926,29.3,136,3.2
2013,9,5,15,30,15.5,95,823,587,0.25,926,31.6,118,3.6
2013,9,5,16,30,14.3,108,874,762,0.25,926,33.2,108,4
2013,9,5,17,30,13.5,117,899,884,0.25,925,34.4,104,4.1000000000000005
2013,9,5,18,30,13.100000000000001,300,655,891,0.25,924,35.2,105,4.2
2013,9,5,19,30,12.9,136,880,924,0.25,923,35.7,107,4.2
2013,9,5,20,30,12.8,292,596,787,0.25,923,35.7,110,4.2
2013,9,5,21,30,12.700000000000001,238,561,640,0.25,922,35.4,113,4.2
2013,9,5,22,30,12.600000000000001,129,692,511,0.25,922,34.6,116,4.3
2013,9,5,23,30,12.600000000000001,102,546,297,0.25,922,34.1,117,4.3
2013,9,6,0,30,12.9,51,269,90,0.25,922,31.5,125,3.6
2013,9,6,1,30,13.5,0,0,0,0.25,923,29.900000000000002,133,3.4000000000000004
2013,9,6,2,30,13.9,0,0,0,0.25,924,29,141,3.7
2013,9,6,3,30,14.3,0,0,0,0.25,924,28.200000000000003,148,3.7
2013,9,6,4,30,14.5,0,0,0,0.25,924,27.400000000000002,155,3.5
2013,9,6,5,30,14.700000000000001,0,0,0,0.25,924,26.8,161,3.2
2013,9,6,6,30,14.9,0,0,0,0.25,924,26.200000000000003,168,2.9000000000000004
2013,9,6,7,30,15,0,0,0,0.25,924,25.6,174,2.6
2013,9,6,8,30,15.100000000000001,0,0,0,0.25,924,25,181,2
2013,9,6,9,30,15.200000000000001,0,0,0,0.25,924,24.3,187,1.3
2013,9,6,10,30,15.3,0,0,0,0.25,924,23.700000000000003,188,0.9
2013,9,6,11,30,15.4,0,0,0,0.25,924,23.3,179,0.6000000000000001
2013,9,6,12,30,15.5,0,0,0,0.25,924,24,143,0.8
2013,9,6,13,30,15.600000000000001,64,369,137,0.25,925,26.200000000000003,119,1.7000000000000002
2013,9,6,14,30,15.600000000000001,104,601,350,0.25,925,28.700000000000003,122,2.8000000000000003
2013,9,6,15,30,15.5,127,725,558,0.25,925,30.400000000000002,122,3.6
2013,9,6,16,30,15.4,138,797,733,0.25,925,31.8,122,4.1000000000000005
2013,9,6,17,30,15.200000000000001,142,840,857,0.25,925,32.800000000000004,123,4.4
2013,9,6,18,30,14.8,146,858,918,0.25,924,33.5,124,4.4
2013,9,6,19,30,14.3,145,855,909,0.25,923,34,125,4.3
2013,9,6,20,30,13.9,140,838,834,0.25,922,34.300000000000004,125,4.1000000000000005
2013,9,6,21,30,13.4,128,802,698,0.25,921,34.300000000000004,123,4.1000000000000005
2013,9,6,22,30,12.9,112,730,512,0.25,921,33.9,121,4.2
2013,9,6,23,30,12.600000000000001,87,595,298,0.25,921,33.5,120,4.2
2013,9,7,0,30,12.700000000000001,45,317,89,0.25,921,31,120,3.5
2013,9,7,1,30,13.100000000000001,0,0,0,0.25,922,29.400000000000002,123,3.5
2013,9,7,2,30,13.4,0,0,0,0.25,922,28.400000000000002,128,3.8000000000000003
2013,9,7,3,30,13.8,0,0,0,0.25,923,27.400000000000002,135,3.5
2013,9,7,4,30,14.200000000000001,0,0,0,0.25,923,26.6,143,3.1
2013,9,7,5,30,14.600000000000001,0,0,0,0.25,923,25.8,153,2.7
2013,9,7,6,30,15,0,0,0,0.25,923,25.200000000000003,161,2.4000000000000004
2013,9,7,7,30,15.3,0,0,0,0.25,923,24.6,169,2.1
2013,9,7,8,30,15.600000000000001,0,0,0,0.25,923,24,175,1.7000000000000002
2013,9,7,9,30,15.9,0,0,0,0.25,922,23.3,178,1.4000000000000001
2013,9,7,10,30,16,0,0,0,0.25,922,22.6,180,1.2000000000000002
2013,9,7,11,30,16.2,0,0,0,0.25,923,22.1,180,1
2013,9,7,12,30,16.3,0,0,0,0.25,923,23,180,1.4000000000000001
2013,9,7,13,30,16.400000000000002,50,492,146,0.25,923,25.900000000000002,169,2.3000000000000003
2013,9,7,14,30,16.2,79,703,365,0.25,924,28.900000000000002,148,3
2013,9,7,15,30,15.4,98,800,574,0.25,924,31.1,131,3.6
2013,9,7,16,30,14.8,112,855,748,0.25,923,32.800000000000004,123,4
2013,9,7,17,30,14.3,120,883,869,0.25,923,34.1,120,4.3
2013,9,7,18,30,13.9,171,825,911,0.25,922,35,118,4.5
2013,9,7,19,30,13.600000000000001,167,827,903,0.25,921,35.5,117,4.6000000000000005
2013,9,7,20,30,13.4,158,809,825,0.25,920,35.6,115,4.6000000000000005
2013,9,7,21,30,13.3,170,719,679,0.25,920,35.300000000000004,114,4.6000000000000005
2013,9,7,22,30,13,146,640,495,0.25,919,34.6,113,4.6000000000000005
2013,9,7,23,30,12.8,110,495,283,0.25,919,34.2,113,4.6000000000000005
2013,9,8,0,30,12.600000000000001,50,225,80,0.25,920,31.700000000000003,114,3.4000000000000004
2013,9,8,1,30,12.700000000000001,0,0,0,0.25,920,30.200000000000003,118,3
2013,9,8,2,30,12.700000000000001,0,0,0,0.25,921,29.400000000000002,127,3.4000000000000004
2013,9,8,3,30,13,0,0,0,0.25,921,28.6,138,3.7
2013,9,8,4,30,13.700000000000001,0,0,0,0.25,921,27.8,149,3.8000000000000003
2013,9,8,5,30,14.5,0,0,0,0.25,921,27,156,3.6
2013,9,8,6,30,15.200000000000001,0,0,0,0.25,921,26.200000000000003,160,3.1
2013,9,8,7,30,15.600000000000001,0,0,0,0.25,921,25.200000000000003,163,2.6
2013,9,8,8,30,16,0,0,0,0.25,920,24.400000000000002,167,2.1
2013,9,8,9,30,16.3,0,0,0,0.25,920,23.700000000000003,173,1.7000000000000002
2013,9,8,10,30,16.6,0,0,0,0.25,921,23.1,179,1.4000000000000001
2013,9,8,11,30,16.7,0,0,0,0.25,921,22.700000000000003,185,1.3
2013,9,8,12,30,16.900000000000002,0,0,0,0.25,921,23.400000000000002,186,1.7000000000000002
2013,9,8,13,30,17.1,61,385,136,0.25,921,25.900000000000002,170,2.6
2013,9,8,14,30,17.1,101,616,349,0.25,921,28.700000000000003,142,3.2
2013,9,8,15,30,16.400000000000002,122,738,559,0.25,921,30.6,122,3.7
2013,9,8,16,30,15.700000000000001,136,806,735,0.25,921,31.900000000000002,112,4.2
2013,9,8,17,30,14.8,144,845,859,0.25,920,33,107,4.6000000000000005
2013,9,8,18,30,13.9,291,665,887,0.25,920,33.800000000000004,106,4.800000000000001
2013,9,8,19,30,13,149,857,909,0.25,919,34.4,107,4.800000000000001
2013,9,8,20,30,12.200000000000001,141,844,834,0.25,918,34.7,109,4.7
2013,9,8,21,30,11.8,127,810,697,0.25,917,34.5,112,4.7
2013,9,8,22,30,11.600000000000001,109,741,510,0.25,917,33.7,115,4.9
2013,9,8,23,30,11.8,83,608,293,0.25,917,33.2,116,4.9
2013,9,9,0,30,12.4,41,324,83,0.24,917,30.3,122,4.3
2013,9,9,1,30,13.5,0,0,0,0.24,918,28.700000000000003,126,4.1000000000000005
2013,9,9,2,30,14.700000000000001,0,0,0,0.24,919,27.6,129,4.1000000000000005
2013,9,9,3,30,15.700000000000001,0,0,0,0.24,919,26.6,131,3.9000000000000004
2013,9,9,4,30,16.6,0,0,0,0.24,919,25.8,134,3.8000000000000003
2013,9,9,5,30,17.2,0,0,0,0.24,919,25,137,3.8000000000000003
2013,9,9,6,30,17.5,0,0,0,0.24,919,24.3,140,3.6
2013,9,9,7,30,17.8,0,0,0,0.24,919,23.5,142,3.1
2013,9,9,8,30,18,0,0,0,0.24,919,22.8,139,2.6
2013,9,9,9,30,18.1,0,0,0,0.24,919,22.1,133,2.3000000000000003
2013,9,9,10,30,18.2,0,0,0,0.24,919,21.5,126,2.4000000000000004
2013,9,9,11,30,18.3,0,0,0,0.24,919,21,123,2.5
2013,9,9,12,30,18.400000000000002,0,0,0,0.24,920,21.3,127,3.1
2013,9,9,13,30,18.400000000000002,51,462,139,0.24,920,22.900000000000002,138,4
2013,9,9,14,30,18.1,80,685,355,0.24,920,25.400000000000002,144,4.4
2013,9,9,15,30,17.400000000000002,96,794,564,0.24,920,27.8,141,4.5
2013,9,9,16,30,16.6,108,850,737,0.24,920,29.5,134,4.7
2013,9,9,17,30,15.9,116,880,858,0.24,919,30.700000000000003,130,5.1000000000000005
2013,9,9,18,30,15.5,380,37,413,0.24,919,31.3,130,5.4
2013,9,9,19,30,15.100000000000001,147,847,895,0.24,918,31.5,133,5.7
2013,9,9,20,30,15,202,10,210,0.24,917,31.6,137,5.800000000000001
2013,9,9,21,30,14.8,300,377,564,0.24,917,31.400000000000002,142,5.800000000000001
2013,9,9,22,30,14.700000000000001,102,738,498,0.24,917,31,145,5.800000000000001
2013,9,9,23,30,14.600000000000001,80,596,283,0.24,917,30.700000000000003,147,5.7
2013,9,10,0,30,14.8,40,238,70,0.24,918,29,143,5
2013,9,10,1,30,15.200000000000001,0,0,0,0.24,918,28.1,138,4.9
2013,9,10,2,30,15.5,0,0,0,0.24,919,27.3,136,5.300000000000001
2013,9,10,3,30,15.8,0,0,0,0.24,919,26.5,137,5.6000000000000005
2013,9,10,4,30,16.2,0,0,0,0.24,919,25.8,139,5.6000000000000005
2013,9,10,5,30,16.6,0,0,0,0.24,919,25.1,140,5.6000000000000005
2013,9,10,6,30,17.1,0,0,0,0.24,919,24.400000000000002,142,5.4
2013,9,10,7,30,17.7,0,0,0,0.24,919,23.8,144,4.800000000000001
2013,9,10,8,30,18.2,0,0,0,0.24,919,23.3,146,4.2
2013,9,10,9,30,18.6,0,0,0,0.24,919,22.900000000000002,147,3.8000000000000003
2013,9,10,10,30,18.8,0,0,0,0.24,920,22.6,144,3.4000000000000004
2013,9,10,11,30,19,0,0,0,0.24,920,22.400000000000002,136,3.2
2013,9,10,12,30,19.200000000000003,0,0,0,0.24,921,22.5,131,3.5
2013,9,10,13,30,19.3,54,413,132,0.24,921,23.400000000000002,135,4.2
2013,9,10,14,30,19.3,84,655,346,0.24,922,24.700000000000003,143,4.6000000000000005
2013,9,10,15,30,19,234,381,458,0.24,922,25.900000000000002,147,4.5
2013,9,10,16,30,18.6,339,307,565,0.24,922,26.8,146,4.3
2013,9,10,17,30,18.3,265,661,820,0.24,922,27.400000000000002,143,4.2
2013,9,10,18,30,18,385,434,770,0.24,921,27.900000000000002,141,4.1000000000000005
2013,9,10,19,30,17.7,425,316,703,0.24,921,28.1,139,4.1000000000000005
2013,9,10,20,30,17.400000000000002,388,298,631,0.24,920,28,134,4
2013,9,10,21,30,17.2,95,845,682,0.24,920,27.900000000000002,125,4
2013,9,10,22,30,17.1,235,203,343,0.24,920,27.6,118,4.2
2013,9,10,23,30,17,135,118,175,0.24,920,27.5,115,4.2
2013,9,11,0,30,17.2,33,0,33,0.24,921,26.5,111,3.7
2013,9,11,1,30,17.5,0,0,0,0.24,921,25.700000000000003,111,3.6
2013,9,11,2,30,18,0,0,0,0.24,922,25,114,3.7
2013,9,11,3,30,18.5,0,0,0,0.24,922,24.3,119,3.7
2013,9,11,4,30,18.900000000000002,0,0,0,0.24,922,23.6,121,3.7
2013,9,11,5,30,19.3,0,0,0,0.24,922,23.1,122,3.6
2013,9,11,6,30,19.6,0,0,0,0.24,922,22.6,122,3.5
2013,9,11,7,30,19.700000000000003,0,0,0,0.24,922,22.3,123,3.5
2013,9,11,8,30,19.8,0,0,0,0.24,922,22.1,122,3.4000000000000004
2013,9,11,9,30,19.900000000000002,0,0,0,0.24,921,22,120,3.2
2013,9,11,10,30,20,0,0,0,0.24,922,21.900000000000002,118,3.2
2013,9,11,11,30,20,0,0,0,0.24,922,21.900000000000002,118,3.3000000000000003
2013,9,11,12,30,20,0,0,0,0.24,922,22.1,121,3.6
2013,9,11,13,30,19.900000000000002,68,57,78,0.24,923,23,128,4.4
2013,9,11,14,30,19.5,159,245,256,0.24,923,24.700000000000003,138,5.2
2013,9,11,15,30,18.900000000000002,268,160,362,0.24,923,26.5,141,5.5
2013,9,11,16,30,18.5,358,169,482,0.24,923,27.900000000000002,139,5.5
2013,9,11,17,30,18.3,411,268,635,0.24,923,28.6,135,5.6000000000000005
2013,9,11,18,30,18.3,94,916,907,0.24,923,28.900000000000002,131,5.7
2013,9,11,19,30,18.2,424,313,698,0.24,922,28.900000000000002,129,5.9
2013,9,11,20,30,18.1,92,894,817,0.24,922,28.8,128,6
2013,9,11,21,30,17.900000000000002,85,860,680,0.24,921,28.5,128,5.9
2013,9,11,22,30,17.6,145,585,453,0.24,921,28,128,5.6000000000000005
2013,9,11,23,30,17.400000000000002,59,672,281,0.24,921,27.700000000000003,129,5.4
2013,9,12,0,30,17.2,39,165,58,0.24,922,25.8,130,4.1000000000000005
2013,9,12,1,30,17,0,0,0,0.24,922,24.8,130,3.5
2013,9,12,2,30,16.8,0,0,0,0.24,922,24.1,128,3
2013,9,12,3,30,16.7,0,0,0,0.24,923,23.5,126,2.7
2013,9,12,4,30,16.7,0,0,0,0.24,923,23,125,2.5
2013,9,12,5,30,16.6,0,0,0,0.24,922,22.5,124,2.5
2013,9,12,6,30,16.6,0,0,0,0.24,922,22,124,2.5
2013,9,12,7,30,16.7,0,0,0,0.24,922,21.6,127,2.3000000000000003
2013,9,12,8,30,16.900000000000002,0,0,0,0.24,922,21.200000000000003,129,2.2
2013,9,12,9,30,17.2,0,0,0,0.24,922,20.900000000000002,124,2.3000000000000003
2013,9,12,10,30,17.400000000000002,0,0,0,0.24,922,20.700000000000003,116,2.5
2013,9,12,11,30,17.7,0,0,0,0.24,922,20.5,111,2.6
2013,9,12,12,30,18,0,0,0,0.24,922,20.8,108,3
2013,9,12,13,30,18.3,26,0,26,0.24,923,22.200000000000003,117,3.7
2013,9,12,14,30,18.3,129,3,130,0.24,923,24.3,131,4.2
2013,9,12,15,30,17.7,262,100,320,0.24,923,26.5,136,4.5
2013,9,12,16,30,17.2,356,152,468,0.24,923,28.3,136,4.7
2013,9,12,17,30,16.7,416,236,613,0.24,923,29.700000000000003,133,4.7
2013,9,12,18,30,16.5,416,345,721,0.24,922,30.6,129,4.7
2013,9,12,19,30,16.400000000000002,432,277,674,0.24,921,31.1,125,4.6000000000000005
2013,9,12,20,30,16.400000000000002,393,259,602,0.24,920,31.200000000000003,119,4.5
2013,9,12,21,30,16.5,329,152,434,0.24,920,30.8,113,4.4
2013,9,12,22,30,16.5,134,615,456,0.24,920,30.1,110,4.3
2013,9,12,23,30,16.5,66,636,274,0.24,920,29.6,109,4.2
2013,9,13,0,30,16.5,36,189,57,0.26,920,27.5,114,3.6
2013,9,13,1,30,16.3,0,0,0,0.26,921,26.400000000000002,119,3.4000000000000004
2013,9,13,2,30,16,0,0,0,0.26,921,25.6,123,3.2
2013,9,13,3,30,15.9,0,0,0,0.26,921,24.8,126,2.9000000000000004
2013,9,13,4,30,15.700000000000001,0,0,0,0.26,921,23.900000000000002,127,2.5
2013,9,13,5,30,15.5,0,0,0,0.26,921,23.200000000000003,128,2.3000000000000003
2013,9,13,6,30,15.3,0,0,0,0.26,921,22.400000000000002,129,2.1
2013,9,13,7,30,15.200000000000001,0,0,0,0.26,921,21.700000000000003,133,1.9000000000000001
2013,9,13,8,30,15.200000000000001,0,0,0,0.26,921,21.1,137,1.6
2013,9,13,9,30,15.200000000000001,0,0,0,0.26,921,20.6,141,1.4000000000000001
2013,9,13,10,30,15.4,0,0,0,0.26,921,20.200000000000003,145,1.2000000000000002
2013,9,13,11,30,15.600000000000001,0,0,0,0.26,921,19.8,149,1.1
2013,9,13,12,30,15.700000000000001,0,0,0,0.26,922,20.5,152,1.5
2013,9,13,13,30,16,49,465,133,0.26,922,23.1,153,2.6
2013,9,13,14,30,16,79,686,349,0.26,922,26.3,150,3.9000000000000004
2013,9,13,15,30,15.3,101,787,558,0.26,922,28.6,143,4.7
2013,9,13,16,30,14.8,116,844,732,0.26,921,30.3,137,5
2013,9,13,17,30,14.3,124,878,855,0.26,920,31.5,132,5.2
2013,9,13,18,30,13.700000000000001,134,885,914,0.26,919,32.4,127,5.2
2013,9,13,19,30,13.100000000000001,244,727,877,0.26,918,32.9,123,5.2
2013,9,13,20,30,12.600000000000001,199,752,803,0.26,918,33.1,120,5.1000000000000005
2013,9,13,21,30,12.200000000000001,126,810,680,0.26,917,32.800000000000004,118,5
2013,9,13,22,30,12,185,442,414,0.26,917,31.900000000000002,118,4.9
2013,9,13,23,30,12.100000000000001,75,619,274,0.26,917,31.400000000000002,119,4.9
2013,9,14,0,30,12.9,34,230,58,0.26,918,28.3,123,3.5
2013,9,14,1,30,13.700000000000001,0,0,0,0.26,918,26.900000000000002,130,3.4000000000000004
2013,9,14,2,30,14.100000000000001,0,0,0,0.26,919,26.200000000000003,136,3.6
2013,9,14,3,30,14.3,0,0,0,0.26,919,25.400000000000002,141,3.3000000000000003
2013,9,14,4,30,14.3,0,0,0,0.26,919,24.400000000000002,146,2.7
2013,9,14,5,30,14.200000000000001,0,0,0,0.26,919,23.5,150,2.2
2013,9,14,6,30,13.9,0,0,0,0.26,919,22.6,154,1.9000000000000001
2013,9,14,7,30,13.600000000000001,0,0,0,0.26,919,21.900000000000002,158,1.8
2013,9,14,8,30,13.200000000000001,0,0,0,0.26,918,21.200000000000003,161,1.7000000000000002
2013,9,14,9,30,12.8,0,0,0,0.26,918,20.5,164,1.7000000000000002
2013,9,14,10,30,12.5,0,0,0,0.26,919,19.900000000000002,170,1.5
2013,9,14,11,30,12.3,0,0,0,0.26,919,19.3,177,1.3
2013,9,14,12,30,12.200000000000001,0,0,0,0.26,920,20,180,1.4000000000000001
2013,9,14,13,30,12.5,42,527,138,0.26,920,22.8,171,2.2
2013,9,14,14,30,13,67,741,357,0.26,921,26.3,157,3.5
2013,9,14,15,30,13.200000000000001,85,833,567,0.26,921,28.8,149,4.6000000000000005
2013,9,14,16,30,12.700000000000001,232,605,673,0.26,920,30.5,145,4.9
2013,9,14,17,30,12.4,111,898,856,0.26,920,31.900000000000002,144,5
2013,9,14,18,30,12.100000000000001,287,660,866,0.26,919,32.9,143,5
2013,9,14,19,30,11.9,146,853,886,0.26,918,33.4,140,5
2013,9,14,20,30,11.700000000000001,148,818,802,0.26,917,33.5,137,5
2013,9,14,21,30,11.600000000000001,162,720,651,0.26,917,33.1,134,5
2013,9,14,22,30,11.4,139,631,464,0.26,917,32.4,132,5.1000000000000005
2013,9,14,23,30,11.3,101,475,252,0.26,917,31.900000000000002,131,5.1000000000000005
2013,9,15,0,30,11.600000000000001,38,179,56,0.22,917,29.1,131,4.3
2013,9,15,1,30,11.600000000000001,0,0,0,0.22,918,27.5,134,4.2
2013,9,15,2,30,11.4,0,0,0,0.22,918,26.5,139,4
2013,9,15,3,30,11.200000000000001,0,0,0,0.22,919,25.6,145,3.6
2013,9,15,4,30,11,0,0,0,0.22,919,24.900000000000002,150,3.4000000000000004
2013,9,15,5,30,10.9,0,0,0,0.22,919,24.200000000000003,153,3.3000000000000003
2013,9,15,6,30,11.100000000000001,0,0,0,0.22,919,23.6,157,3.1
2013,9,15,7,30,11.9,0,0,0,0.22,920,23.1,161,3.1
2013,9,15,8,30,13.100000000000001,0,0,0,0.22,920,22.6,164,2.9000000000000004
2013,9,15,9,30,14.200000000000001,0,0,0,0.22,920,22.1,165,2.3000000000000003
2013,9,15,10,30,15,0,0,0,0.22,920,21.5,164,1.9000000000000001
2013,9,15,11,30,15.600000000000001,0,0,0,0.22,920,21,163,1.6
2013,9,15,12,30,16.1,0,0,0,0.22,921,21.400000000000002,164,2.1
2013,9,15,13,30,16.6,48,449,128,0.22,921,23.3,169,3
2013,9,15,14,30,17.3,75,691,344,0.22,921,26,173,3.5
2013,9,15,15,30,16.7,243,317,426,0.22,921,28.200000000000003,165,3.3000000000000003
2013,9,15,16,30,16,274,474,617,0.22,921,29.8,144,3.1
2013,9,15,17,30,15.200000000000001,278,625,795,0.22,921,31,128,3.2
2013,9,15,18,30,14.5,374,469,784,0.22,920,31.700000000000003,121,3.4000000000000004
2013,9,15,19,30,13.9,419,306,683,0.22,920,32.2,118,3.4000000000000004
2013,9,15,20,30,13.4,208,730,788,0.22,919,32.6,118,3.4000000000000004
2013,9,15,21,30,13,206,603,613,0.22,919,32.6,119,3.5
2013,9,15,22,30,12.700000000000001,197,372,387,0.22,919,32.2,120,3.5
2013,9,15,23,30,12.700000000000001,67,633,264,0.22,919,31.8,121,3.5
2013,9,16,0,30,14.100000000000001,30,0,30,0.22,920,28.8,123,2.6
2013,9,16,1,30,14.200000000000001,0,0,0,0.22,921,27.5,129,3
2013,9,16,2,30,13.9,0,0,0,0.22,921,26.900000000000002,137,3.4000000000000004
2013,9,16,3,30,14,0,0,0,0.22,922,26.200000000000003,145,3.3000000000000003
2013,9,16,4,30,14.3,0,0,0,0.22,922,25.400000000000002,153,3.1
2013,9,16,5,30,14.8,0,0,0,0.22,922,24.700000000000003,160,3
2013,9,16,6,30,15.5,0,0,0,0.22,922,24,165,3
2013,9,16,7,30,16.5,0,0,0,0.22,922,23.5,167,3
2013,9,16,8,30,17.3,0,0,0,0.22,922,22.900000000000002,167,2.9000000000000004
2013,9,16,9,30,18,0,0,0,0.22,922,22.3,166,2.4000000000000004
2013,9,16,10,30,18.400000000000002,0,0,0,0.22,923,21.700000000000003,165,1.8
2013,9,16,11,30,18.5,0,0,0,0.22,923,21.200000000000003,163,1.3
2013,9,16,12,30,18.5,0,0,0,0.22,924,21.6,157,1.4000000000000001
2013,9,16,13,30,18.5,49,427,124,0.22,924,23.3,153,2.4000000000000004
2013,9,16,14,30,17.900000000000002,97,574,320,0.22,924,25.6,148,3.3000000000000003
2013,9,16,15,30,17.1,94,788,546,0.22,924,27.8,137,3.8000000000000003
2013,9,16,16,30,16.5,338,85,399,0.22,924,29.6,128,4
2013,9,16,17,30,16.1,342,437,702,0.22,924,30.900000000000002,121,4.1000000000000005
2013,9,16,18,30,15.8,371,445,759,0.22,923,31.700000000000003,117,4.2
2013,9,16,19,30,15.4,363,445,746,0.22,922,32,115,4.3
2013,9,16,20,30,15.100000000000001,238,666,766,0.22,921,31.900000000000002,116,4.3
2013,9,16,21,30,14.8,246,474,564,0.22,921,31.3,118,4.5
2013,9,16,22,30,14.600000000000001,191,27,205,0.22,921,30.3,118,4.5
2013,9,16,23,30,14.5,122,119,159,0.22,921,29.8,119,4.6000000000000005
2013,9,17,0,30,14.700000000000001,31,50,36,0.22,922,27.3,118,3.5
2013,9,17,1,30,15,0,0,0,0.22,922,25.8,119,3.1
2013,9,17,2,30,15,0,0,0,0.22,923,24.8,120,3.1
2013,9,17,3,30,15.100000000000001,0,0,0,0.22,923,24.1,121,3
2013,9,17,4,30,15.200000000000001,0,0,0,0.22,924,23.3,123,2.8000000000000003
2013,9,17,5,30,15.5,0,0,0,0.22,924,22.700000000000003,125,2.4000000000000004
2013,9,17,6,30,16.1,0,0,0,0.22,924,22.200000000000003,124,2
2013,9,17,7,30,16.8,0,0,0,0.22,923,21.8,119,1.8
2013,9,17,8,30,17.5,0,0,0,0.22,923,21.5,112,1.9000000000000001
2013,9,17,9,30,18.2,0,0,0,0.22,923,21.200000000000003,108,2.2
2013,9,17,10,30,18.7,0,0,0,0.22,923,21,109,2.3000000000000003
2013,9,17,11,30,19.1,0,0,0,0.22,923,20.8,114,2.3000000000000003
2013,9,17,12,30,19.200000000000003,0,0,0,0.22,923,21,118,2.8000000000000003
2013,9,17,13,30,19.200000000000003,35,0,35,0.22,924,22.400000000000002,128,3.8000000000000003
2013,9,17,14,30,18.3,103,0,103,0.22,924,24.400000000000002,138,4.6000000000000005
2013,9,17,15,30,17.3,230,40,253,0.22,924,26.3,141,4.9
2013,9,17,16,30,16.900000000000002,333,291,543,0.22,924,28,142,5.1000000000000005
2013,9,17,17,30,16.5,406,246,608,0.22,923,29.3,142,5.4
2013,9,17,18,30,16.1,417,324,698,0.22,922,30.1,142,5.7
2013,9,17,19,30,15.700000000000001,412,76,478,0.22,921,30.3,143,5.9
2013,9,17,20,30,15.4,388,231,569,0.22,920,30.200000000000003,143,6
2013,9,17,21,30,15.200000000000001,299,302,501,0.22,920,29.8,143,6
2013,9,17,22,30,14.9,215,238,334,0.22,920,29.1,143,5.9
2013,9,17,23,30,14.9,109,285,196,0.22,920,28.700000000000003,143,5.800000000000001
2013,9,18,0,30,15.100000000000001,25,0,25,0.22,920,26.400000000000002,141,4.7
2013,9,18,1,30,15.700000000000001,0,0,0,0.22,921,25.1,140,4.2
2013,9,18,2,30,16.400000000000002,0,0,0,0.22,922,24.200000000000003,142,3.9000000000000004
2013,9,18,3,30,16.900000000000002,0,0,0,0.22,922,23.6,144,3.7
2013,9,18,4,30,17.400000000000002,0,0,0,0.22,922,23,146,3.3000000000000003
2013,9,18,5,30,17.8,0,0,0,0.22,922,22.5,148,2.9000000000000004
2013,9,18,6,30,18.1,0,0,0,0.22,922,22.1,148,2.6
2013,9,18,7,30,18.400000000000002,0,0,0,0.22,922,21.8,149,2.4000000000000004
2013,9,18,8,30,18.6,0,0,0,0.22,921,21.5,149,2.3000000000000003
2013,9,18,9,30,18.8,0,0,0,0.22,921,21.3,148,2.2
2013,9,18,10,30,18.900000000000002,0,0,0,0.22,921,21.1,146,2.1
2013,9,18,11,30,19,0,0,0,0.22,921,20.900000000000002,145,2.1
2013,9,18,12,30,19,0,0,0,0.22,921,21.3,147,2.5
2013,9,18,13,30,18.900000000000002,62,106,80,0.22,921,22.700000000000003,154,3.4000000000000004
2013,9,18,14,30,17.900000000000002,57,750,344,0.22,921,24.8,163,4.2
2013,9,18,15,30,16.6,149,628,507,0.22,921,26.700000000000003,163,4.4
2013,9,18,16,30,16.1,77,899,722,0.22,921,28.400000000000002,158,4.5
2013,9,18,17,30,15.9,81,926,840,0.22,920,29.900000000000002,153,4.5
2013,9,18,18,30,15.8,98,916,890,0.22,919,31,150,4.6000000000000005
2013,9,18,19,30,15.8,287,638,832,0.22,918,31.400000000000002,147,4.6000000000000005
2013,9,18,20,30,15.8,90,899,795,0.22,917,31.3,144,4.6000000000000005
2013,9,18,21,30,15.8,83,861,654,0.22,917,30.8,143,4.6000000000000005
2013,9,18,22,30,15.700000000000001,186,393,381,0.22,917,29.8,144,4.7
2013,9,18,23,30,15.700000000000001,54,661,252,0.22,917,29.3,145,4.7
2013,9,19,0,30,16.1,24,0,24,0.23,918,27.1,145,4
2013,9,19,1,30,16.5,0,0,0,0.23,918,25.900000000000002,146,3.9000000000000004
2013,9,19,2,30,17,0,0,0,0.23,919,25,149,3.9000000000000004
2013,9,19,3,30,17.5,0,0,0,0.23,919,24.3,154,3.7
2013,9,19,4,30,18,0,0,0,0.23,919,23.8,157,3.4000000000000004
2013,9,19,5,30,18.400000000000002,0,0,0,0.23,919,23.400000000000002,157,3.1
2013,9,19,6,30,18.7,0,0,0,0.23,919,23.1,158,2.7
2013,9,19,7,30,19.1,0,0,0,0.23,919,22.700000000000003,157,2.2
2013,9,19,8,30,19.3,0,0,0,0.23,918,22.400000000000002,154,1.8
2013,9,19,9,30,19.5,0,0,0,0.23,918,22.1,147,1.5
2013,9,19,10,30,19.700000000000003,0,0,0,0.23,918,21.900000000000002,139,1.4000000000000001
2013,9,19,11,30,19.8,0,0,0,0.23,918,21.8,127,1.2000000000000002
2013,9,19,12,30,19.900000000000002,0,0,0,0.23,918,21.900000000000002,97,1.4000000000000001
2013,9,19,13,30,20,58,11,60,0.23,918,22.400000000000002,77,1.9000000000000001
2013,9,19,14,30,19.900000000000002,149,257,247,0.23,919,23.200000000000003,81,2.2
2013,9,19,15,30,19.8,256,201,370,0.23,919,24.1,82,2.2
2013,9,19,16,30,19.5,317,347,566,0.23,918,24.8,70,2.1
2013,9,19,17,30,19.3,407,121,505,0.23,918,25.400000000000002,57,2.1
2013,9,19,18,30,19.1,426,92,505,0.23,918,25.700000000000003,52,2.1
2013,9,19,19,30,19,428,120,530,0.23,917,25.700000000000003,52,2.1
2013,9,19,20,30,19.1,264,17,277,0.23,917,25.400000000000002,56,2
2013,9,19,21,30,19.1,293,66,336,0.23,917,25,70,2.2
2013,9,19,22,30,19.200000000000003,205,59,234,0.23,917,24.400000000000002,83,2.5
2013,9,19,23,30,19.3,82,0,82,0.23,917,24.1,88,2.6
2013,9,20,0,30,19.5,12,0,12,0.23,917,22.900000000000002,94,2.5
2013,9,20,1,30,19.700000000000003,0,0,0,0.23,918,22.3,93,2.5
2013,9,20,2,30,19.8,0,0,0,0.23,918,21.900000000000002,94,2.5
2013,9,20,3,30,19.900000000000002,0,0,0,0.23,918,21.6,102,2.3000000000000003
2013,9,20,4,30,19.900000000000002,0,0,0,0.23,918,21.5,112,1.9000000000000001
2013,9,20,5,30,19.8,0,0,0,0.23,918,21.3,119,1.4000000000000001
2013,9,20,6,30,19.8,0,0,0,0.23,918,21.200000000000003,132,0.9
2013,9,20,7,30,19.700000000000003,0,0,0,0.23,918,21.1,181,0.6000000000000001
2013,9,20,8,30,19.6,0,0,0,0.23,918,20.900000000000002,264,0.4
2013,9,20,9,30,19.6,0,0,0,0.23,918,20.700000000000003,332,0.4
2013,9,20,10,30,19.5,0,0,0,0.23,918,20.6,188,0.7000000000000001
2013,9,20,11,30,19.5,0,0,0,0.23,918,20.5,23,1.3
2013,9,20,12,30,19.5,0,0,0,0.23,919,20.6,30,2.4000000000000004
2013,9,20,13,30,19.700000000000003,38,0,38,0.23,920,21.400000000000002,38,3.9000000000000004
2013,9,20,14,30,19.8,58,0,58,0.23,920,22.900000000000002,46,5.2
2013,9,20,15,30,19.3,60,0,60,0.23,920,24.3,50,6
2013,9,20,16,30,18.5,260,21,275,0.23,920,25.5,52,6.2
2013,9,20,17,30,18.1,409,152,533,0.23,920,26.400000000000002,53,6.1000000000000005
2013,9,20,18,30,17.8,275,16,289,0.23,920,27,54,5.9
2013,9,20,19,30,17.7,259,15,272,0.23,919,27.200000000000003,55,5.7
2013,9,20,20,30,17.5,370,286,592,0.23,919,27,58,5.5
2013,9,20,21,30,17.3,233,489,553,0.23,919,26.400000000000002,62,5.5
2013,9,20,22,30,17,79,776,458,0.23,920,25.400000000000002,68,5.300000000000001
2013,9,20,23,30,16.8,58,637,242,0.23,920,24.700000000000003,71,5.2
2013,9,21,0,30,16.7,24,259,43,0.22,921,22.3,88,3.5
2013,9,21,1,30,16.8,0,0,0,0.22,921,21.1,102,2.5
2013,9,21,2,30,16.7,0,0,0,0.22,922,20.200000000000003,113,1.9000000000000001
2013,9,21,3,30,16.5,0,0,0,0.22,923,19.5,122,1.2000000000000002
2013,9,21,4,30,16.400000000000002,0,0,0,0.22,923,18.900000000000002,127,0.8
2013,9,21,5,30,16.2,0,0,0,0.22,923,18.3,120,0.7000000000000001
2013,9,21,6,30,16.1,0,0,0,0.22,923,17.8,98,0.7000000000000001
2013,9,21,7,30,15.9,0,0,0,0.22,923,17.1,76,0.8
2013,9,21,8,30,15.600000000000001,0,0,0,0.22,923,16.5,70,1
2013,9,21,9,30,15.100000000000001,0,0,0,0.22,923,16,75,1
2013,9,21,10,30,14.700000000000001,0,0,0,0.22,923,15.600000000000001,83,1
2013,9,21,11,30,14.200000000000001,0,0,0,0.22,923,15.200000000000001,90,1
2013,9,21,12,30,13.8,0,0,0,0.22,924,15.600000000000001,100,1.1
2013,9,21,13,30,13.600000000000001,41,518,126,0.22,924,17.5,103,1.7000000000000002
2013,9,21,14,30,11.9,146,44,163,0.22,924,19.900000000000002,99,2.1
2013,9,21,15,30,11,252,219,375,0.22,924,22.200000000000003,97,2
2013,9,21,16,30,11.100000000000001,318,331,553,0.22,924,24.1,96,1.8
2013,9,21,17,30,11.100000000000001,404,217,580,0.22,923,25.900000000000002,96,1.7000000000000002
2013,9,21,18,30,11.100000000000001,428,252,643,0.22,922,27.400000000000002,99,1.7000000000000002
2013,9,21,19,30,11,96,958,902,0.22,922,28.400000000000002,105,1.6
2013,9,21,20,30,10.8,90,943,818,0.22,920,28.900000000000002,111,1.6
2013,9,21,21,30,10.4,84,907,673,0.22,920,28.900000000000002,115,1.6
2013,9,21,22,30,9.9,72,842,479,0.22,919,28.400000000000002,117,1.8
2013,9,21,23,30,9.5,54,703,254,0.22,919,27.900000000000002,118,1.9000000000000001
2013,9,22,0,30,11.4,22,329,45,0.23,919,23.8,121,1.3
2013,9,22,1,30,11.200000000000001,0,0,0,0.23,919,21.8,128,1.6
2013,9,22,2,30,10.5,0,0,0,0.23,919,20.900000000000002,137,2
2013,9,22,3,30,10.100000000000001,0,0,0,0.23,919,20.1,148,2.3000000000000003
2013,9,22,4,30,9.9,0,0,0,0.23,920,19.400000000000002,159,2.4000000000000004
2013,9,22,5,30,9.9,0,0,0,0.23,919,18.6,171,2.4000000000000004
2013,9,22,6,30,10,0,0,0,0.23,919,17.900000000000002,182,2.3000000000000003
2013,9,22,7,30,10,0,0,0,0.23,919,17.3,191,2.1
2013,9,22,8,30,10,0,0,0,0.23,919,16.8,198,2
2013,9,22,9,30,9.9,0,0,0,0.23,918,16.3,203,1.9000000000000001
2013,9,22,10,30,9.8,0,0,0,0.23,918,16,205,1.8
2013,9,22,11,30,9.8,0,0,0,0.23,918,15.700000000000001,205,1.7000000000000002
2013,9,22,12,30,9.8,0,0,0,0.23,918,16.5,202,1.9000000000000001
2013,9,22,13,30,10,39,552,129,0.23,919,19.3,195,2.5
2013,9,22,14,30,9.9,62,788,356,0.23,919,23.200000000000003,179,2.9000000000000004
2013,9,22,15,30,9.200000000000001,74,891,573,0.23,919,26.400000000000002,162,2.8000000000000003
2013,9,22,16,30,8.5,82,945,751,0.23,919,28.3,150,2.6
2013,9,22,17,30,7.800000000000001,86,975,873,0.23,918,29.700000000000003,144,2.5
2013,9,22,18,30,7,89,988,930,0.23,917,30.900000000000002,140,2.6
2013,9,22,19,30,6.2,87,987,914,0.23,915,31.700000000000003,140,2.8000000000000003
2013,9,22,20,30,5.5,83,970,828,0.23,914,32.1,139,3.2
2013,9,22,21,30,5,78,931,679,0.23,913,31.900000000000002,138,3.6
2013,9,22,22,30,4.6000000000000005,68,859,480,0.23,913,31.200000000000003,136,3.9000000000000004
2013,9,22,23,30,4.6000000000000005,53,708,251,0.23,913,30.6,134,3.9000000000000004
2013,9,23,0,30,6.800000000000001,21,306,41,0.23,913,25.700000000000003,125,3.4000000000000004
2013,9,23,1,30,7.1000000000000005,0,0,0,0.23,914,23.400000000000002,131,4.1000000000000005
2013,9,23,2,30,7.4,0,0,0,0.23,914,22.1,142,4.4
2013,9,23,3,30,7.800000000000001,0,0,0,0.23,914,20.8,152,4.3
2013,9,23,4,30,8.200000000000001,0,0,0,0.23,915,19.8,162,4
2013,9,23,5,30,8.4,0,0,0,0.23,915,18.900000000000002,170,3.8000000000000003
2013,9,23,6,30,8.4,0,0,0,0.23,915,18.3,179,3.5
2013,9,23,7,30,8.4,0,0,0,0.23,914,17.8,191,3.1
2013,9,23,8,30,8.5,0,0,0,0.23,914,17.6,205,2.9000000000000004
2013,9,23,9,30,8.700000000000001,0,0,0,0.23,914,17.7,219,2.7
2013,9,23,10,30,9,0,0,0,0.23,914,17.900000000000002,232,2.6
2013,9,23,11,30,9.4,0,0,0,0.23,914,18.1,241,2.5
2013,9,23,12,30,9.8,0,0,0,0.23,915,18.900000000000002,249,2.8000000000000003
2013,9,23,13,30,10.4,42,469,117,0.23,915,21.400000000000002,265,3.4000000000000004
2013,9,23,14,30,11.5,68,724,337,0.23,915,25.400000000000002,291,4.1000000000000005
2013,9,23,15,30,11.700000000000001,83,842,551,0.23,916,28.8,312,4.7
2013,9,23,16,30,9.3,90,912,732,0.23,916,30.8,310,4.9
2013,9,23,17,30,7.300000000000001,92,957,861,0.23,915,32.2,300,5
2013,9,23,18,30,5.9,97,974,923,0.23,915,33.2,291,5.2
2013,9,23,19,30,4.2,93,983,913,0.23,914,33.800000000000004,286,5.5
2013,9,23,20,30,2.4000000000000004,88,971,830,0.23,914,33.9,285,5.7
2013,9,23,21,30,1,82,937,682,0.23,914,33.4,286,5.7
2013,9,23,22,30,0.1,71,863,481,0.23,914,32.300000000000004,288,5.2
2013,9,23,23,30,0.2,54,713,250,0.23,914,31.5,289,4.9
2013,9,24,0,30,3.8000000000000003,21,293,38,0.23,915,25.3,289,2.3000000000000003
2013,9,24,1,30,4.7,0,0,0,0.23,916,22.900000000000002,290,2.2
2013,9,24,2,30,4.9,0,0,0,0.23,917,21.8,298,2.2
2013,9,24,3,30,5.1000000000000005,0,0,0,0.23,918,20.8,312,2.3000000000000003
2013,9,24,4,30,5.1000000000000005,0,0,0,0.23,918,19.8,323,2.4000000000000004
2013,9,24,5,30,5.2,0,0,0,0.23,918,18.900000000000002,326,2.5
2013,9,24,6,30,5.300000000000001,0,0,0,0.23,919,18.1,326,2.6
2013,9,24,7,30,5.4,0,0,0,0.23,919,17.400000000000002,323,2.9000000000000004
2013,9,24,8,30,5.5,0,0,0,0.23,919,16.6,321,3.1
2013,9,24,9,30,5.6000000000000005,0,0,0,0.23,919,15.9,320,3
2013,9,24,10,30,5.6000000000000005,0,0,0,0.23,920,15.3,327,2.8000000000000003
2013,9,24,11,30,5.4,0,0,0,0.23,920,14.700000000000001,339,2.4000000000000004
2013,9,24,12,30,5.2,0,0,0,0.23,921,15.100000000000001,347,2.3000000000000003
2013,9,24,13,30,5.5,38,556,126,0.23,922,17.400000000000002,353,2.6
2013,9,24,14,30,5.800000000000001,61,791,353,0.23,922,20.8,180,2.6
2013,9,24,15,30,6.4,75,894,570,0.23,923,24.200000000000003,8,2.2
2013,9,24,16,30,6.6000000000000005,84,947,748,0.23,923,27.200000000000003,15,1.9000000000000001
2013,9,24,17,30,5.9,88,972,866,0.23,922,29.900000000000002,19,1.6
2013,9,24,18,30,4.7,92,981,921,0.23,921,31.6,15,1.4000000000000001
2013,9,24,19,30,4.2,91,979,904,0.23,920,32.300000000000004,183,1.3
2013,9,24,20,30,3.8000000000000003,87,961,817,0.23,919,32.6,179,1.2000000000000002
2013,9,24,21,30,3.6,81,921,667,0.23,919,32.4,17,1.1
2013,9,24,22,30,3.5,70,847,468,0.23,919,31.6,47,1.1
2013,9,24,23,30,3.8000000000000003,53,696,241,0.23,919,31.1,64,1.2000000000000002
2013,9,25,0,30,9.4,19,281,35,0.23,919,26.200000000000003,97,1
2013,9,25,1,30,7.800000000000001,0,0,0,0.23,919,24,108,1.3
2013,9,25,2,30,7.800000000000001,0,0,0,0.23,919,22.700000000000003,115,1.5
2013,9,25,3,30,7.7,0,0,0,0.23,920,21.6,122,1.7000000000000002
2013,9,25,4,30,7.9,0,0,0,0.23,920,20.6,130,2
2013,9,25,5,30,8.4,0,0,0,0.23,920,19.8,138,2.2
2013,9,25,6,30,9.1,0,0,0,0.23,920,19.1,145,2.4000000000000004
2013,9,25,7,30,9.8,0,0,0,0.23,919,18.5,150,2.5
2013,9,25,8,30,10.200000000000001,0,0,0,0.23,919,17.900000000000002,156,2.4000000000000004
2013,9,25,9,30,10.5,0,0,0,0.23,919,17.400000000000002,163,2.1
2013,9,25,10,30,10.8,0,0,0,0.23,919,16.8,171,1.8
2013,9,25,11,30,10.9,0,0,0,0.23,919,16.400000000000002,180,1.6
2013,9,25,12,30,10.9,0,0,0,0.23,919,17,191,1.5
2013,9,25,13,30,11,42,488,119,0.23,919,19.5,201,1.9000000000000001
2013,9,25,14,30,10.9,70,743,342,0.23,919,23.5,197,2.1
2013,9,25,15,30,11.200000000000001,85,856,557,0.23,919,27.900000000000002,181,2.3000000000000003
2013,9,25,16,30,9.600000000000001,94,918,735,0.23,918,31.3,177,2.4000000000000004
2013,9,25,17,30,8,98,953,858,0.23,917,33.300000000000004,185,2.1
2013,9,25,18,30,6.7,100,965,912,0.23,916,34.7,198,1.7000000000000002
2013,9,25,19,30,5.800000000000001,98,964,895,0.23,915,35.6,213,1.6
2013,9,25,20,30,5.1000000000000005,93,944,806,0.23,914,36,223,1.5
2013,9,25,21,30,4.800000000000001,88,897,655,0.23,913,35.9,222,1.4000000000000001
2013,9,25,22,30,4.7,76,815,455,0.23,913,35.2,207,1.2000000000000002
2013,9,25,23,30,6,57,651,230,0.23,913,34.6,194,1
2013,9,26,0,30,10.700000000000001,19,218,30,0.23,913,29,139,1.2000000000000002
2013,9,26,1,30,9.9,0,0,0,0.23,913,26.6,142,1.8
2013,9,26,2,30,9.9,0,0,0,0.23,914,25.5,158,2.5
2013,9,26,3,30,10.3,0,0,0,0.23,914,24.5,175,3.2
2013,9,26,4,30,11,0,0,0,0.23,914,23.700000000000003,186,3.8000000000000003
2013,9,26,5,30,11.5,0,0,0,0.23,914,22.900000000000002,191,4.1000000000000005
2013,9,26,6,30,11.9,0,0,0,0.23,914,22.200000000000003,195,4.1000000000000005
2013,9,26,7,30,12,0,0,0,0.23,914,21.6,200,4
2013,9,26,8,30,12,0,0,0,0.23,914,21.200000000000003,207,3.8000000000000003
2013,9,26,9,30,11.9,0,0,0,0.23,914,21,216,3.6
2013,9,26,10,30,11.9,0,0,0,0.23,914,20.700000000000003,224,3.3000000000000003
2013,9,26,11,30,12,0,0,0,0.23,914,20.5,233,3
2013,9,26,12,30,12.200000000000001,0,0,0,0.23,915,20.900000000000002,241,2.9000000000000004
2013,9,26,13,30,12.4,44,433,110,0.23,915,23.1,247,3.2
2013,9,26,14,30,12.600000000000001,72,696,326,0.23,916,27,257,3.2
2013,9,26,15,30,11.3,88,818,537,0.23,916,31,270,2.7
2013,9,26,16,30,10.200000000000001,96,882,709,0.23,916,33.6,275,2.1
2013,9,26,17,30,10.200000000000001,100,920,830,0.23,915,35.2,264,1.5
2013,9,26,18,30,10.3,93,945,885,0.23,915,36.2,236,1.3
2013,9,26,19,30,10.200000000000001,92,942,867,0.23,914,36.9,205,1.4000000000000001
2013,9,26,20,30,9.9,90,921,782,0.23,913,37.1,182,1.7000000000000002
2013,9,26,21,30,9.600000000000001,86,872,633,0.23,912,36.9,167,2.1
2013,9,26,22,30,9.4,76,783,437,0.23,912,36,155,2.4000000000000004
2013,9,26,23,30,9.5,58,607,217,0.23,912,35.4,149,2.5
2013,9,27,0,30,12.3,18,159,25,0.23,912,30.5,131,2.3000000000000003
2013,9,27,1,30,12.3,0,0,0,0.23,913,28.6,129,3
2013,9,27,2,30,12.8,0,0,0,0.23,914,27.1,133,3.7
2013,9,27,3,30,13.8,0,0,0,0.23,914,25.6,141,3.9000000000000004
2013,9,27,4,30,14.5,0,0,0,0.23,915,24.5,148,4
2013,9,27,5,30,14.9,0,0,0,0.23,914,23.700000000000003,154,3.9000000000000004
2013,9,27,6,30,15.200000000000001,0,0,0,0.23,914,23,160,3.7
2013,9,27,7,30,15.5,0,0,0,0.23,914,22.400000000000002,167,3.3000000000000003
2013,9,27,8,30,15.600000000000001,0,0,0,0.23,914,21.900000000000002,177,2.9000000000000004
2013,9,27,9,30,15.600000000000001,0,0,0,0.23,914,21.5,190,2.7
2013,9,27,10,30,15.600000000000001,0,0,0,0.23,914,21.400000000000002,205,2.7
2013,9,27,11,30,15.600000000000001,0,0,0,0.23,915,21.3,216,2.6
2013,9,27,12,30,15.700000000000001,0,0,0,0.23,915,21.700000000000003,222,2.7
2013,9,27,13,30,15.8,43,407,105,0.23,916,23.700000000000003,231,3.1
2013,9,27,14,30,15.9,73,672,316,0.23,916,27.1,249,3.5
2013,9,27,15,30,15.600000000000001,91,787,521,0.23,916,30.1,259,3.3000000000000003
2013,9,27,16,30,15.4,103,844,688,0.23,916,32.2,245,3
2013,9,27,17,30,15.4,110,875,802,0.23,915,33.6,223,3.1
2013,9,27,18,30,15.4,248,698,830,0.23,914,34.5,208,3.6
2013,9,27,19,30,15.4,236,706,815,0.23,913,34.7,203,4.1000000000000005
2013,9,27,20,30,15.3,240,14,251,0.23,913,34.2,203,4.3
2013,9,27,21,30,15.3,185,8,190,0.23,912,33.6,204,4
2013,9,27,22,30,15.3,196,201,287,0.23,912,32.800000000000004,201,3.2
2013,9,27,23,30,16.3,39,0,39,0.23,912,32.4,198,2.6
2013,9,28,0,30,18,12,0,12,0.23,913,28.900000000000002,181,1.7000000000000002
2013,9,28,1,30,17.900000000000002,0,0,0,0.23,913,27.5,174,1.7000000000000002
2013,9,28,2,30,18.400000000000002,0,0,0,0.23,914,26.5,200,1.5
2013,9,28,3,30,19.1,0,0,0,0.23,915,25.700000000000003,254,1.3
2013,9,28,4,30,19.3,0,0,0,0.23,916,24.900000000000002,290,1.5
2013,9,28,5,30,19.200000000000003,0,0,0,0.23,916,24.3,304,1.7000000000000002
2013,9,28,6,30,19.400000000000002,0,0,0,0.23,917,23.8,316,2
2013,9,28,7,30,19.400000000000002,0,0,0,0.23,917,23.3,326,2.7
2013,9,28,8,30,19.200000000000003,0,0,0,0.23,918,22.6,334,3.9000000000000004
2013,9,28,9,30,18,0,0,0,0.23,918,21.5,341,5.1000000000000005
2013,9,28,10,30,14.9,0,0,0,0.23,919,20.1,343,5.4
2013,9,28,11,30,10.700000000000001,0,0,0,0.23,921,18.7,340,4.9
2013,9,28,12,30,7.6000000000000005,0,0,0,0.23,921,17.900000000000002,337,4.3
2013,9,28,13,30,6.2,41,459,110,0.23,922,18.6,343,4.7
2013,9,28,14,30,3.9000000000000004,66,736,330,0.23,923,20.5,181,5.2
2013,9,28,15,30,1.7000000000000002,79,857,545,0.23,924,22.5,13,5.2
2013,9,28,16,30,1,85,922,722,0.23,924,24.3,17,4.800000000000001
2013,9,28,17,30,1.4000000000000001,89,957,843,0.23,924,25.8,15,4.4
2013,9,28,18,30,1.9000000000000001,94,968,897,0.23,923,26.900000000000002,10,4
2013,9,28,19,30,2.5,93,967,881,0.23,923,27.6,4,3.7
2013,9,28,20,30,2.9000000000000004,89,948,793,0.23,922,27.8,181,3.4000000000000004
2013,9,28,21,30,3.2,82,909,645,0.23,922,27.6,181,3
2013,9,28,22,30,3.2,70,832,445,0.23,922,27,6,2.5
2013,9,28,23,30,3.3000000000000003,52,671,220,0.23,922,26.5,10,2.2
2013,9,29,0,30,7.4,15,211,23,0.23,923,22.3,41,1
2013,9,29,1,30,7.4,0,0,0,0.23,924,20.5,63,1.2000000000000002
2013,9,29,2,30,7.2,0,0,0,0.23,924,19.3,77,1.3
2013,9,29,3,30,7.1000000000000005,0,0,0,0.23,925,18.400000000000002,86,1.5
2013,9,29,4,30,7.300000000000001,0,0,0,0.23,925,17.5,93,1.6
2013,9,29,5,30,7.5,0,0,0,0.23,925,16.7,98,1.6
2013,9,29,6,30,7.9,0,0,0,0.23,926,15.8,101,1.5
2013,9,29,7,30,8.1,0,0,0,0.23,926,15,101,1.3
2013,9,29,8,30,8.3,0,0,0,0.23,926,14.3,104,1.1
2013,9,29,9,30,8.5,0,0,0,0.23,926,13.9,113,0.9
2013,9,29,10,30,8.6,0,0,0,0.23,926,13.9,126,0.8
2013,9,29,11,30,8.700000000000001,0,0,0,0.23,926,14,144,0.6000000000000001
2013,9,29,12,30,8.8,0,0,0,0.23,926,14.5,178,0.4
2013,9,29,13,30,9,38,516,114,0.23,926,16.5,179,0.6000000000000001
2013,9,29,14,30,7.4,63,775,339,0.23,926,20,148,1.1
2013,9,29,15,30,4.9,77,885,555,0.23,926,23.200000000000003,147,0.9
2013,9,29,16,30,4.4,86,941,732,0.23,925,25.5,226,0.7000000000000001
2013,9,29,17,30,4.3,90,975,855,0.23,924,27.400000000000002,302,1.3
2013,9,29,18,30,4.2,94,984,907,0.23,923,28.700000000000003,305,1.9000000000000001
2013,9,29,19,30,4,92,981,888,0.23,922,29.6,305,2.1
2013,9,29,20,30,3.7,88,963,799,0.23,921,30.1,303,2.2
2013,9,29,21,30,3.3000000000000003,79,925,647,0.23,920,30.1,298,2
2013,9,29,22,30,3.2,67,849,446,0.23,920,29.5,290,1.7000000000000002
2013,9,29,23,30,3.4000000000000004,49,688,219,0.23,920,29,285,1.5
2013,9,30,0,30,7.9,14,217,21,0.23,920,24.900000000000002,249,0.5
2013,9,30,1,30,6.300000000000001,0,0,0,0.23,920,23.1,216,0.8
2013,9,30,2,30,6.300000000000001,0,0,0,0.23,921,21.400000000000002,206,1.1
2013,9,30,3,30,6.2,0,0,0,0.23,921,20,209,1.4000000000000001
2013,9,30,4,30,6.1000000000000005,0,0,0,0.23,921,19,217,1.6
2013,9,30,5,30,6.1000000000000005,0,0,0,0.23,920,18.2,229,1.8
2013,9,30,6,30,6.2,0,0,0,0.23,920,17.5,241,1.8
2013,9,30,7,30,5.9,0,0,0,0.23,920,16.900000000000002,251,1.9000000000000001
2013,9,30,8,30,5.300000000000001,0,0,0,0.23,919,16.5,258,2.1
2013,9,30,9,30,4.7,0,0,0,0.23,919,16.1,262,2.4000000000000004
2013,9,30,10,30,4.1000000000000005,0,0,0,0.23,919,15.700000000000001,264,2.5
2013,9,30,11,30,3.6,0,0,0,0.23,919,15.3,265,2.7
2013,9,30,12,30,3.2,0,0,0,0.23,919,15.600000000000001,267,3.1
2013,9,30,13,30,3.1,35,561,116,0.23,919,17.900000000000002,267,3.9000000000000004
2013,9,30,14,30,3,58,806,343,0.23,919,21.700000000000003,268,4.1000000000000005
2013,9,30,15,30,2.5,71,910,561,0.23,919,26,274,4.1000000000000005
2013,9,30,16,30,1.2000000000000002,80,963,738,0.23,918,29.900000000000002,280,4.2
2013,9,30,17,30,0.6000000000000001,85,986,855,0.23,918,32.4,280,4.2
2013,9,30,18,30,0.6000000000000001,88,996,907,0.23,917,33.7,276,4.2
2013,9,30,19,30,0.7000000000000001,88,991,888,0.23,916,34.4,274,4.5
2013,9,30,20,30,0.5,84,972,798,0.23,915,34.6,274,4.7
2013,9,30,21,30,0.2,79,927,644,0.23,915,34.2,274,4.7
2013,9,30,22,30,0.2,68,848,443,0.23,915,33,273,4.1000000000000005
2013,9,30,23,30,1.6,50,679,214,0.23,915,32.1,272,3.6
2006,10,1,0,30,9.1,14,100,17,0.22,919,27.5,33,0.8
2006,10,1,1,30,7.9,0,0,0,0.22,920,25.700000000000003,58,1.1
2006,10,1,2,30,8.4,0,0,0,0.22,920,24.400000000000002,87,1.3
2006,10,1,3,30,9.9,0,0,0,0.22,920,23.400000000000002,115,1.7000000000000002
2006,10,1,4,30,11.700000000000001,0,0,0,0.22,920,22.8,137,2
2006,10,1,5,30,13,0,0,0,0.22,920,22.3,159,1.9000000000000001
2006,10,1,6,30,13.600000000000001,0,0,0,0.22,920,21.700000000000003,186,1.8
2006,10,1,7,30,13.600000000000001,0,0,0,0.22,920,21.200000000000003,211,1.8
2006,10,1,8,30,13.4,0,0,0,0.22,920,20.8,227,1.9000000000000001
2006,10,1,9,30,13.200000000000001,0,0,0,0.22,920,20.6,237,2.1
2006,10,1,10,30,13.3,0,0,0,0.22,920,20.200000000000003,243,2.1
2006,10,1,11,30,13.5,0,0,0,0.22,920,19.8,245,2.1
2006,10,1,12,30,13.8,0,0,0,0.22,921,19.8,243,2.2
2006,10,1,13,30,14.200000000000001,38,0,38,0.22,922,21,237,2.6
2006,10,1,14,30,14.200000000000001,88,0,88,0.22,923,23.3,222,2.9000000000000004
2006,10,1,15,30,14,195,20,206,0.22,923,25.700000000000003,201,3
2006,10,1,16,30,13.600000000000001,306,323,525,0.22,923,27.8,191,3.2
2006,10,1,17,30,13.100000000000001,304,487,683,0.22,922,29.700000000000003,191,3.2
2006,10,1,18,30,12.5,404,268,625,0.22,922,31.200000000000003,191,3
2006,10,1,19,30,11.700000000000001,378,333,646,0.22,921,32.2,189,2.7
2006,10,1,20,30,11.100000000000001,358,198,503,0.22,920,32.7,185,2.5
2006,10,1,21,30,10.8,236,430,497,0.22,920,32.7,181,2.5
2006,10,1,22,30,10.700000000000001,179,265,296,0.22,920,32,174,2.4000000000000004
2006,10,1,23,30,11.4,78,331,157,0.22,920,31.400000000000002,170,2.4000000000000004
2006,10,2,0,30,13.5,8,0,8,0.22,920,27.6,161,2.8000000000000003
2006,10,2,1,30,13.5,0,0,0,0.22,921,26.3,170,3.9000000000000004
2006,10,2,2,30,13.9,0,0,0,0.22,921,25.3,180,4.6000000000000005
2006,10,2,3,30,14.200000000000001,0,0,0,0.22,921,24.3,189,4.5
2006,10,2,4,30,14.200000000000001,0,0,0,0.22,921,23.400000000000002,196,4.1000000000000005
2006,10,2,5,30,14.200000000000001,0,0,0,0.22,922,22.5,203,3.7
2006,10,2,6,30,14,0,0,0,0.22,922,21.8,209,3.4000000000000004
2006,10,2,7,30,13.8,0,0,0,0.22,922,21.1,213,3.1
2006,10,2,8,30,13.4,0,0,0,0.22,922,20.400000000000002,216,2.8000000000000003
2006,10,2,9,30,13.200000000000001,0,0,0,0.22,922,19.700000000000003,221,2.3000000000000003
2006,10,2,10,30,13.100000000000001,0,0,0,0.22,922,19.1,225,2.1
2006,10,2,11,30,13.100000000000001,0,0,0,0.22,922,18.7,228,1.9000000000000001
2006,10,2,12,30,13.100000000000001,0,0,0,0.22,923,18.900000000000002,232,1.9000000000000001
2006,10,2,13,30,13.200000000000001,43,387,97,0.22,923,20.700000000000003,238,2.3000000000000003
2006,10,2,14,30,13.4,76,667,309,0.22,924,24.3,243,2.3000000000000003
2006,10,2,15,30,13.200000000000001,94,793,516,0.22,924,28.1,238,1.8
2006,10,2,16,30,12.600000000000001,105,858,687,0.22,923,31,209,1.4000000000000001
2006,10,2,17,30,11.9,111,893,803,0.22,923,32.7,172,1.3
2006,10,2,18,30,11.4,111,910,854,0.22,922,33.7,153,1.4000000000000001
2006,10,2,19,30,11.100000000000001,111,904,834,0.22,921,34.300000000000004,145,1.5
2006,10,2,20,30,10.8,105,882,746,0.22,921,34.4,137,1.6
2006,10,2,21,30,10.600000000000001,98,830,597,0.22,920,34.1,125,1.6
2006,10,2,22,30,10.5,85,732,402,0.22,920,33.2,112,1.7000000000000002
2006,10,2,23,30,11,61,531,185,0.22,920,32.6,106,1.7000000000000002
2006,10,3,0,30,13.8,11,60,12,0.22,921,28.5,105,1.8
2006,10,3,1,30,13.3,0,0,0,0.22,921,27.1,116,2.8000000000000003
2006,10,3,2,30,13.100000000000001,0,0,0,0.22,922,26.200000000000003,128,3.7
2006,10,3,3,30,13.100000000000001,0,0,0,0.22,922,25.1,137,4
2006,10,3,4,30,13,0,0,0,0.22,922,23.900000000000002,142,3.8000000000000003
2006,10,3,5,30,13,0,0,0,0.22,922,22.900000000000002,148,3.6
2006,10,3,6,30,13,0,0,0,0.22,922,22,155,3.4000000000000004
2006,10,3,7,30,13.100000000000001,0,0,0,0.22,922,21.200000000000003,162,2.9000000000000004
2006,10,3,8,30,13.3,0,0,0,0.22,922,20.5,169,2.5
2006,10,3,9,30,13.4,0,0,0,0.22,922,19.900000000000002,179,2.3000000000000003
2006,10,3,10,30,13.5,0,0,0,0.22,922,19.5,191,2.1
2006,10,3,11,30,13.5,0,0,0,0.22,922,19.1,203,1.9000000000000001
2006,10,3,12,30,13.600000000000001,0,0,0,0.22,923,19.3,215,2
2006,10,3,13,30,13.600000000000001,42,387,96,0.22,923,21.200000000000003,226,2.3000000000000003
2006,10,3,14,30,13.700000000000001,74,671,307,0.22,923,24.8,233,2.1
2006,10,3,15,30,13.4,92,797,514,0.22,923,28.5,230,1.5
2006,10,3,16,30,12.9,103,862,685,0.22,923,31.5,223,0.9
2006,10,3,17,30,12.200000000000001,110,895,800,0.22,923,33.4,144,0.5
2006,10,3,18,30,11.700000000000001,115,903,849,0.22,922,34.6,65,0.6000000000000001
2006,10,3,19,30,11.4,115,897,829,0.22,921,35.1,64,1.1
2006,10,3,20,30,11.100000000000001,111,871,740,0.22,921,35.2,69,1.5
2006,10,3,21,30,10.9,104,813,589,0.22,920,34.7,75,2
2006,10,3,22,30,10.8,90,710,395,0.22,920,33.6,82,2.4000000000000004
2006,10,3,23,30,11.100000000000001,64,504,179,0.22,920,33,87,2.5
2006,10,4,0,30,13.200000000000001,0,0,0,0.22,921,28.900000000000002,104,2.7
2006,10,4,1,30,13,0,0,0,0.22,921,27.5,119,3.9000000000000004
2006,10,4,2,30,13.200000000000001,0,0,0,0.22,922,26.400000000000002,131,4.6000000000000005
2006,10,4,3,30,13.9,0,0,0,0.22,922,25.3,141,4.6000000000000005
2006,10,4,4,30,14.5,0,0,0,0.22,922,24.3,148,4.1000000000000005
2006,10,4,5,30,14.9,0,0,0,0.22,922,23.400000000000002,153,3.7
2006,10,4,6,30,15,0,0,0,0.22,922,22.8,160,3.6
2006,10,4,7,30,15.100000000000001,0,0,0,0.22,922,22.3,168,3.6
2006,10,4,8,30,15.200000000000001,0,0,0,0.22,922,21.6,173,3
2006,10,4,9,30,15.3,0,0,0,0.22,922,20.700000000000003,178,2.2
2006,10,4,10,30,15.5,0,0,0,0.22,923,20,181,1.7000000000000002
2006,10,4,11,30,15.600000000000001,0,0,0,0.22,923,19.3,182,1.3
2006,10,4,12,30,15.700000000000001,0,0,0,0.22,924,19.400000000000002,178,1.2000000000000002
2006,10,4,13,30,15.700000000000001,42,387,94,0.22,924,21.3,166,1.4000000000000001
2006,10,4,14,30,15.9,74,673,305,0.22,925,24.5,126,1.7000000000000002
2006,10,4,15,30,15.600000000000001,92,799,513,0.22,925,27.6,86,2.4000000000000004
2006,10,4,16,30,14.700000000000001,103,864,683,0.22,925,29.900000000000002,76,3.5
2006,10,4,17,30,13.700000000000001,110,896,798,0.22,925,31.400000000000002,73,4.4
2006,10,4,18,30,13.3,113,908,847,0.22,925,32.1,73,5
2006,10,4,19,30,13,112,904,827,0.22,925,32.4,76,5.300000000000001
2006,10,4,20,30,12.8,106,881,739,0.22,924,32.300000000000004,81,5.5
2006,10,4,21,30,12.700000000000001,97,829,588,0.22,924,31.700000000000003,86,5.5
2006,10,4,22,30,12.9,83,732,394,0.22,924,30.6,91,5.5
2006,10,4,23,30,13.3,59,525,177,0.22,924,29.900000000000002,93,5.4
2006,10,5,0,30,14,0,0,0,0.22,925,26.8,100,4
2006,10,5,1,30,14.600000000000001,0,0,0,0.22,926,25.5,106,3.9000000000000004
2006,10,5,2,30,14.8,0,0,0,0.22,926,24.6,113,3.7
2006,10,5,3,30,14.700000000000001,0,0,0,0.22,926,23.700000000000003,120,3.2
2006,10,5,4,30,14.5,0,0,0,0.22,927,22.8,128,2.7
2006,10,5,5,30,14.3,0,0,0,0.22,927,22,137,2.4000000000000004
2006,10,5,6,30,14.100000000000001,0,0,0,0.22,927,21.400000000000002,146,2.3000000000000003
2006,10,5,7,30,14.200000000000001,0,0,0,0.22,927,20.700000000000003,154,2.1
2006,10,5,8,30,14.5,0,0,0,0.22,927,20,160,1.9000000000000001
2006,10,5,9,30,15,0,0,0,0.22,927,19.3,163,1.6
2006,10,5,10,30,15.5,0,0,0,0.22,927,18.6,163,1.3
2006,10,5,11,30,15.9,0,0,0,0.22,927,18.1,158,1
2006,10,5,12,30,16.2,0,0,0,0.22,928,18.2,146,1.1
2006,10,5,13,30,16.400000000000002,44,342,90,0.22,928,20,137,2
2006,10,5,14,30,16.7,82,632,298,0.22,929,23.200000000000003,134,3.2
2006,10,5,15,30,16.1,103,764,503,0.22,929,25.900000000000002,129,4.3
2006,10,5,16,30,15.4,117,829,671,0.22,929,27.8,125,5
2006,10,5,17,30,14.8,124,863,783,0.22,928,29.1,124,5.5
2006,10,5,18,30,14.200000000000001,386,79,450,0.22,927,30.1,124,5.6000000000000005
2006,10,5,19,30,13.9,155,821,801,0.22,926,30.6,124,5.6000000000000005
2006,10,5,20,30,13.700000000000001,145,798,714,0.22,925,30.8,124,5.6000000000000005
2006,10,5,21,30,13.4,126,751,568,0.22,924,30.5,123,5.6000000000000005
2006,10,5,22,30,13.100000000000001,102,656,377,0.22,924,29.700000000000003,123,5.5
2006,10,5,23,30,12.9,68,448,166,0.22,924,29.200000000000003,123,5.5
2006,10,6,0,30,13,0,0,0,0.22,925,26,122,3.9000000000000004
2006,10,6,1,30,13.200000000000001,0,0,0,0.22,925,24.6,123,3.6
2006,10,6,2,30,13.200000000000001,0,0,0,0.22,926,23.6,127,3.4000000000000004
2006,10,6,3,30,13.100000000000001,0,0,0,0.22,926,22.6,133,2.9000000000000004
2006,10,6,4,30,13.100000000000001,0,0,0,0.22,926,21.6,139,2.4000000000000004
2006,10,6,5,30,13,0,0,0,0.22,926,20.900000000000002,145,2.1
2006,10,6,6,30,12.9,0,0,0,0.22,927,20.200000000000003,151,2
2006,10,6,7,30,12.8,0,0,0,0.22,927,19.700000000000003,157,1.9000000000000001
2006,10,6,8,30,12.8,0,0,0,0.22,927,19.200000000000003,162,1.9000000000000001
2006,10,6,9,30,12.9,0,0,0,0.22,927,18.7,164,1.9000000000000001
2006,10,6,10,30,13,0,0,0,0.22,927,18.2,165,2
2006,10,6,11,30,13.100000000000001,0,0,0,0.22,927,17.8,165,2
2006,10,6,12,30,13.3,0,0,0,0.22,927,17.900000000000002,164,2.3000000000000003
2006,10,6,13,30,13.600000000000001,43,358,90,0.22,928,19.700000000000003,162,3.1
2006,10,6,14,30,14,78,661,302,0.22,928,23,158,4.5
2006,10,6,15,30,13,96,800,513,0.22,928,26.1,154,5.800000000000001
2006,10,6,16,30,10.9,106,873,687,0.22,928,28.200000000000003,149,6.300000000000001
2006,10,6,17,30,9.4,112,912,805,0.22,927,29.700000000000003,147,6.300000000000001
2006,10,6,18,30,8.200000000000001,117,920,854,0.22,926,30.8,147,6.1000000000000005
2006,10,6,19,30,7.4,117,911,831,0.22,925,31.5,146,5.800000000000001
2006,10,6,20,30,6.9,114,882,740,0.22,924,31.8,146,5.6000000000000005
2006,10,6,21,30,6.6000000000000005,111,810,584,0.22,923,31.6,144,5.4
2006,10,6,22,30,6.6000000000000005,99,684,383,0.22,923,30.700000000000003,141,5.1000000000000005
2006,10,6,23,30,7.4,70,443,165,0.22,923,30.1,139,4.9
2006,10,7,0,30,9.200000000000001,0,0,0,0.22,923,25.700000000000003,129,3.6
2006,10,7,1,30,10,0,0,0,0.22,924,24.400000000000002,127,4.1000000000000005
2006,10,7,2,30,10.600000000000001,0,0,0,0.22,924,23.6,130,4.4
2006,10,7,3,30,11.100000000000001,0,0,0,0.22,924,22.900000000000002,135,4.3
2006,10,7,4,30,11.5,0,0,0,0.22,924,22.3,141,4.1000000000000005
2006,10,7,5,30,11.8,0,0,0,0.22,924,21.700000000000003,149,3.9000000000000004
2006,10,7,6,30,12,0,0,0,0.22,924,21.1,158,3.5
2006,10,7,7,30,12.100000000000001,0,0,0,0.22,924,20.400000000000002,166,2.9000000000000004
2006,10,7,8,30,12.200000000000001,0,0,0,0.22,924,19.8,172,2.4000000000000004
2006,10,7,9,30,12.3,0,0,0,0.22,924,19.200000000000003,176,2.1
2006,10,7,10,30,12.4,0,0,0,0.22,924,18.8,178,1.9000000000000001
2006,10,7,11,30,12.5,0,0,0,0.22,924,18.5,179,1.8
2006,10,7,12,30,12.700000000000001,0,0,0,0.22,925,18.7,176,1.9000000000000001
2006,10,7,13,30,13,45,129,61,0.22,925,20.200000000000003,169,2.6
2006,10,7,14,30,13.4,103,450,254,0.22,925,22.900000000000002,165,3.9000000000000004
2006,10,7,15,30,13,162,531,437,0.22,925,25.5,165,4.800000000000001
2006,10,7,16,30,11.9,316,127,400,0.22,924,27.5,160,4.9
2006,10,7,17,30,11.3,223,675,733,0.22,924,29,153,4.7
2006,10,7,18,30,11.100000000000001,331,440,681,0.22,923,30,148,4.6000000000000005
2006,10,7,19,30,10.9,376,287,599,0.22,922,30.6,145,4.4
2006,10,7,20,30,10.700000000000001,143,794,703,0.22,921,30.6,143,4.1000000000000005
2006,10,7,21,30,10.600000000000001,121,756,558,0.22,921,30.3,141,3.7
2006,10,7,22,30,10.4,104,634,364,0.22,920,29.5,135,3.2
2006,10,7,23,30,10.8,68,412,155,0.22,920,28.900000000000002,131,2.8000000000000003
2006,10,8,0,30,12.100000000000001,0,0,0,0.22,921,25.900000000000002,120,2.7
2006,10,8,1,30,12,0,0,0,0.22,921,24.8,125,3.4000000000000004
2006,10,8,2,30,12.100000000000001,0,0,0,0.22,922,24,134,3.9000000000000004
2006,10,8,3,30,12.200000000000001,0,0,0,0.22,922,23.3,141,4.1000000000000005
2006,10,8,4,30,12.4,0,0,0,0.22,922,22.8,147,4.2
2006,10,8,5,30,12.700000000000001,0,0,0,0.22,922,22.3,152,4.2
2006,10,8,6,30,13,0,0,0,0.22,922,21.8,156,4.1000000000000005
2006,10,8,7,30,13.3,0,0,0,0.22,922,21.3,161,3.9000000000000004
2006,10,8,8,30,13.600000000000001,0,0,0,0.22,922,21,168,3.7
2006,10,8,9,30,13.9,0,0,0,0.22,922,20.700000000000003,176,3.3000000000000003
2006,10,8,10,30,14.100000000000001,0,0,0,0.22,922,20.3,179,2.5
2006,10,8,11,30,14.4,0,0,0,0.22,922,19.8,173,1.8
2006,10,8,12,30,14.700000000000001,0,0,0,0.22,922,19.5,166,1.7000000000000002
2006,10,8,13,30,14.9,43,35,48,0.22,923,19.900000000000002,166,2
2006,10,8,14,30,15,129,43,143,0.22,923,21.400000000000002,181,2.5
2006,10,8,15,30,15,109,0,109,0.22,923,23.5,202,2.6
2006,10,8,16,30,14.8,316,155,418,0.22,923,25.200000000000003,211,2
2006,10,8,17,30,14.5,367,251,556,0.22,922,26.200000000000003,198,1.5
2006,10,8,18,30,14.4,389,267,601,0.22,922,26.5,169,1.1
2006,10,8,19,30,14.4,238,665,753,0.22,921,26.400000000000002,124,1
2006,10,8,20,30,14.600000000000001,320,319,543,0.22,920,26.3,91,1.3
2006,10,8,21,30,14.700000000000001,188,582,522,0.22,920,26.3,86,1.8
2006,10,8,22,30,14.8,158,302,281,0.22,920,26,89,2.2
2006,10,8,23,30,14.9,85,264,139,0.22,920,25.700000000000003,91,2.4000000000000004
2006,10,9,0,30,15.8,0,0,0,0.21,920,23.200000000000003,88,1.7000000000000002
2006,10,9,1,30,15.9,0,0,0,0.21,921,22.400000000000002,92,1.9000000000000001
2006,10,9,2,30,16,0,0,0,0.21,921,21.900000000000002,99,1.9000000000000001
2006,10,9,3,30,16,0,0,0,0.21,921,21.400000000000002,110,1.7000000000000002
2006,10,9,4,30,15.9,0,0,0,0.21,921,21,125,1.6
2006,10,9,5,30,15.8,0,0,0,0.21,921,20.6,141,1.6
2006,10,9,6,30,15.600000000000001,0,0,0,0.21,921,20.3,155,1.5
2006,10,9,7,30,15.4,0,0,0,0.21,921,19.900000000000002,166,1.4000000000000001
2006,10,9,8,30,15.100000000000001,0,0,0,0.21,921,19.5,175,1.2000000000000002
2006,10,9,9,30,15,0,0,0,0.21,921,19.200000000000003,185,0.9
2006,10,9,10,30,14.9,0,0,0,0.21,921,18.8,247,0.7000000000000001
2006,10,9,11,30,15,0,0,0,0.21,921,18.5,318,0.7000000000000001
2006,10,9,12,30,15.100000000000001,0,0,0,0.21,922,18.5,345,1.2000000000000002
2006,10,9,13,30,15.100000000000001,52,127,67,0.21,922,19.200000000000003,179,1.9000000000000001
2006,10,9,14,30,15.3,132,374,256,0.21,923,20.6,9,2.5
2006,10,9,15,30,15.600000000000001,179,530,450,0.21,923,21.900000000000002,24,2.6
2006,10,9,16,30,15.9,261,32,282,0.21,923,22.900000000000002,38,2.5
2006,10,9,17,30,16,359,282,570,0.21,922,23.400000000000002,51,2.4000000000000004
2006,10,9,18,30,16,390,107,475,0.21,922,23.8,58,2.3000000000000003
2006,10,9,19,30,15.8,304,476,671,0.21,921,23.8,63,2.2
2006,10,9,20,30,15.700000000000001,292,407,576,0.21,921,23.5,69,2.5
2006,10,9,21,30,15.700000000000001,220,419,459,0.21,920,22.8,74,3
2006,10,9,22,30,15.8,163,59,187,0.21,921,21.900000000000002,75,3.6
2006,10,9,23,30,16.2,75,117,99,0.21,921,21.3,75,3.8000000000000003
2006,10,10,0,30,16.5,0,0,0,0.21,921,19.5,74,4
2006,10,10,1,30,16.900000000000002,0,0,0,0.21,921,18.7,77,3.9000000000000004
2006,10,10,2,30,17.2,0,0,0,0.21,922,18.400000000000002,82,3.5
2006,10,10,3,30,17.3,0,0,0,0.21,921,18.3,89,3.2
2006,10,10,4,30,17.400000000000002,0,0,0,0.21,921,18.3,101,3
2006,10,10,5,30,17.400000000000002,0,0,0,0.21,921,18.2,115,2.7
2006,10,10,6,30,17.400000000000002,0,0,0,0.21,921,18.1,128,2.1
2006,10,10,7,30,17.400000000000002,0,0,0,0.21,920,18.1,144,1.4000000000000001
2006,10,10,8,30,17.3,0,0,0,0.21,920,18.1,208,0.8
2006,10,10,9,30,17.3,0,0,0,0.21,920,18,290,0.9
2006,10,10,10,30,17,0,0,0,0.21,920,17.7,331,1.8
2006,10,10,11,30,16.5,0,0,0,0.21,921,17,351,2.7
2006,10,10,12,30,15.700000000000001,0,0,0,0.21,922,16.3,183,3.3000000000000003
2006,10,10,13,30,14.5,40,336,81,0.21,922,16.3,8,3.8000000000000003
2006,10,10,14,30,12.9,132,171,188,0.21,923,17.8,12,3.9000000000000004
2006,10,10,15,30,11.3,228,157,309,0.21,923,20.1,7,3.2
2006,10,10,16,30,10.4,254,28,273,0.21,923,22.400000000000002,160,2.3000000000000003
2006,10,10,17,30,9.8,333,53,372,0.21,922,24.200000000000003,303,2.1
2006,10,10,18,30,9.3,314,472,684,0.21,922,25.5,284,2.4000000000000004
2006,10,10,19,30,8.9,105,929,817,0.21,921,26.400000000000002,282,2.4000000000000004
2006,10,10,20,30,8.6,99,904,724,0.21,920,27,286,2.5
2006,10,10,21,30,8.200000000000001,86,861,573,0.21,919,27.200000000000003,292,2.5
2006,10,10,22,30,7.800000000000001,71,771,376,0.21,919,26.8,296,2.4000000000000004
2006,10,10,23,30,7.9,47,569,159,0.21,919,26.400000000000002,298,2.3000000000000003
2006,10,11,0,30,10.600000000000001,0,0,0,0.21,919,21.8,310,1.1
2006,10,11,1,30,9.600000000000001,0,0,0,0.21,920,20.400000000000002,309,1.1
2006,10,11,2,30,9.1,0,0,0,0.21,920,19.6,305,1.1
2006,10,11,3,30,8.700000000000001,0,0,0,0.21,920,18.8,303,1.1
2006,10,11,4,30,8.4,0,0,0,0.21,920,18.1,303,1.2000000000000002
2006,10,11,5,30,8.1,0,0,0,0.21,920,17.2,301,1.2000000000000002
2006,10,11,6,30,7.800000000000001,0,0,0,0.21,920,16.3,297,1.2000000000000002
2006,10,11,7,30,7.5,0,0,0,0.21,920,15.4,294,1.2000000000000002
2006,10,11,8,30,7.2,0,0,0,0.21,920,14.700000000000001,292,1.2000000000000002
2006,10,11,9,30,7,0,0,0,0.21,920,14.100000000000001,288,1.2000000000000002
2006,10,11,10,30,6.800000000000001,0,0,0,0.21,920,13.600000000000001,282,1.2000000000000002
2006,10,11,11,30,6.6000000000000005,0,0,0,0.21,920,13.200000000000001,276,1.2000000000000002
2006,10,11,12,30,6.4,0,0,0,0.21,920,13.4,271,1.3
2006,10,11,13,30,6.6000000000000005,40,179,61,0.21,921,16,266,2.1
2006,10,11,14,30,6.9,105,411,238,0.21,921,20.1,262,2.8000000000000003
2006,10,11,15,30,6.6000000000000005,154,543,429,0.21,921,23.8,267,3
2006,10,11,16,30,5.6000000000000005,80,935,686,0.21,920,26.700000000000003,277,3.7
2006,10,11,17,30,5.2,85,968,803,0.21,920,28.1,283,4.2
2006,10,11,18,30,4.9,88,976,851,0.21,919,28.8,287,4.5
2006,10,11,19,30,4.6000000000000005,87,971,828,0.21,918,29.1,290,4.6000000000000005
2006,10,11,20,30,4.1000000000000005,83,949,735,0.21,917,29.1,290,4.6000000000000005
2006,10,11,21,30,3.6,143,655,510,0.21,917,28.700000000000003,287,4.5
2006,10,11,22,30,3.2,67,805,382,0.21,917,27.3,283,3.6
2006,10,11,23,30,5.1000000000000005,45,597,160,0.21,917,26.400000000000002,280,2.8000000000000003
2006,10,12,0,30,6.9,0,0,0,0.21,917,22.1,267,2.2
2006,10,12,1,30,6.2,0,0,0,0.21,918,21.200000000000003,262,2.7
2006,10,12,2,30,5.7,0,0,0,0.21,918,20.400000000000002,261,3
2006,10,12,3,30,5.6000000000000005,0,0,0,0.21,918,19.400000000000002,262,2.9000000000000004
2006,10,12,4,30,5.6000000000000005,0,0,0,0.21,918,18.2,263,2.8000000000000003
2006,10,12,5,30,5.5,0,0,0,0.21,918,17.3,265,2.7
2006,10,12,6,30,5.300000000000001,0,0,0,0.21,918,16.7,267,2.7
2006,10,12,7,30,5.1000000000000005,0,0,0,0.21,918,16.1,269,2.7
2006,10,12,8,30,4.9,0,0,0,0.21,918,15.5,271,2.7
2006,10,12,9,30,4.800000000000001,0,0,0,0.21,918,14.9,274,2.8000000000000003
2006,10,12,10,30,4.7,0,0,0,0.21,918,14.3,277,2.7
2006,10,12,11,30,4.7,0,0,0,0.21,918,13.700000000000001,281,2.6
2006,10,12,12,30,4.7,0,0,0,0.21,919,13.5,284,2.7
2006,10,12,13,30,4.7,32,468,86,0.21,919,15.200000000000001,286,3.4000000000000004
2006,10,12,14,30,4.7,58,762,303,0.21,920,18.6,295,3.6
2006,10,12,15,30,4.4,71,883,515,0.21,920,22.3,322,3.6
2006,10,12,16,30,2.8000000000000003,79,943,687,0.21,920,25.200000000000003,340,3.5
2006,10,12,17,30,2.4000000000000004,83,970,799,0.21,919,26.8,333,3.1
2006,10,12,18,30,2.5,88,976,846,0.21,918,28,324,3
2006,10,12,19,30,2.6,88,966,820,0.21,917,28.8,321,3
2006,10,12,20,30,2.7,85,938,725,0.21,917,29,322,3
2006,10,12,21,30,2.7,77,891,572,0.21,917,28.700000000000003,328,2.8000000000000003
2006,10,12,22,30,2.4000000000000004,64,799,373,0.21,917,27.700000000000003,340,2.3000000000000003
2006,10,12,23,30,4,48,468,136,0.21,917,27,348,1.8
2006,10,13,0,30,7.6000000000000005,0,0,0,0.21,917,21.6,43,1.4000000000000001
2006,10,13,1,30,6.2,0,0,0,0.21,918,19.700000000000003,67,2
2006,10,13,2,30,5.800000000000001,0,0,0,0.21,918,18,84,2.4000000000000004
2006,10,13,3,30,6.1000000000000005,0,0,0,0.21,919,16.3,97,2.6
2006,10,13,4,30,6.5,0,0,0,0.21,919,15,106,2.6
2006,10,13,5,30,6.7,0,0,0,0.21,920,14.100000000000001,110,2.6
2006,10,13,6,30,6.7,0,0,0,0.21,920,13.3,111,2.5
2006,10,13,7,30,6.6000000000000005,0,0,0,0.21,920,12.600000000000001,111,2.4000000000000004
2006,10,13,8,30,6.5,0,0,0,0.21,920,12,109,2.2
2006,10,13,9,30,6.300000000000001,0,0,0,0.21,920,11.600000000000001,102,2
2006,10,13,10,30,6.2,0,0,0,0.21,920,11.200000000000001,94,1.9000000000000001
2006,10,13,11,30,6,0,0,0,0.21,920,10.700000000000001,87,1.9000000000000001
2006,10,13,12,30,5.800000000000001,0,0,0,0.21,921,10.600000000000001,82,2.1
2006,10,13,13,30,5.6000000000000005,35,366,77,0.21,921,11.9,83,2.6
2006,10,13,14,30,5.300000000000001,68,677,284,0.21,921,14.600000000000001,93,3
2006,10,13,15,30,5.4,85,806,488,0.21,921,17.6,101,2.9000000000000004
2006,10,13,16,30,5.800000000000001,96,873,656,0.21,921,20.5,101,2.7
2006,10,13,17,30,6.300000000000001,102,907,768,0.21,920,23,93,2.3000000000000003
2006,10,13,18,30,6.7,372,85,438,0.21,919,25,76,2.1
2006,10,13,19,30,7.1000000000000005,351,328,599,0.21,918,26.400000000000002,56,2.1
2006,10,13,20,30,7.2,114,0,114,0.21,918,27.200000000000003,43,2.1
2006,10,13,21,30,7.300000000000001,237,308,406,0.21,917,27.200000000000003,40,2.2
2006,10,13,22,30,7.6000000000000005,73,730,353,0.21,917,26.400000000000002,45,2.2
2006,10,13,23,30,8.1,48,505,141,0.21,917,25.700000000000003,49,2.1
2006,10,14,0,30,10.100000000000001,0,0,0,0.21,918,21.1,72,1.3
2006,10,14,1,30,10.5,0,0,0,0.21,918,19.900000000000002,93,1.6
2006,10,14,2,30,11.4,0,0,0,0.21,919,19.200000000000003,113,2
2006,10,14,3,30,12.700000000000001,0,0,0,0.21,919,18.7,133,2.3000000000000003
2006,10,14,4,30,13.9,0,0,0,0.21,919,18.2,150,2.4000000000000004
2006,10,14,5,30,14.600000000000001,0,0,0,0.21,919,17.7,161,2.3000000000000003
2006,10,14,6,30,14.9,0,0,0,0.21,918,17.2,167,2.1
2006,10,14,7,30,15,0,0,0,0.21,918,16.8,170,1.8
2006,10,14,8,30,15.100000000000001,0,0,0,0.21,918,16.5,172,1.5
2006,10,14,9,30,15.200000000000001,0,0,0,0.21,918,16.2,178,1.1
2006,10,14,10,30,15.200000000000001,0,0,0,0.21,918,16.1,182,0.8
2006,10,14,11,30,15.200000000000001,0,0,0,0.21,918,16.2,147,0.7000000000000001
2006,10,14,12,30,15.200000000000001,0,0,0,0.21,919,16.400000000000002,107,1.1
2006,10,14,13,30,15.200000000000001,24,0,24,0.21,919,17.6,102,1.8
2006,10,14,14,30,15.5,14,0,14,0.21,919,20.3,113,2.6
2006,10,14,15,30,16,20,0,20,0.21,919,23.1,124,3.3000000000000003
2006,10,14,16,30,16.2,196,9,201,0.21,918,25.3,129,3.7
2006,10,14,17,30,16.3,349,281,554,0.21,918,26.700000000000003,133,3.9000000000000004
2006,10,14,18,30,16.400000000000002,114,875,787,0.21,917,27.5,134,3.9000000000000004
2006,10,14,19,30,16.5,254,16,266,0.21,916,27.5,132,4
2006,10,14,20,30,16.7,297,355,536,0.21,915,27.1,129,4.3
2006,10,14,21,30,16.900000000000002,248,106,306,0.21,915,26.3,125,4.7
2006,10,14,22,30,17.2,41,0,41,0.21,914,25.1,125,4.800000000000001
2006,10,14,23,30,17.7,22,0,22,0.21,914,24.5,126,4.800000000000001
2006,10,15,0,30,17.900000000000002,0,0,0,0.21,914,21.900000000000002,133,4.4
2006,10,15,1,30,17.900000000000002,0,0,0,0.21,914,20.700000000000003,143,4.3
2006,10,15,2,30,17.8,0,0,0,0.21,915,19.900000000000002,157,4.1000000000000005
2006,10,15,3,30,17.7,0,0,0,0.21,915,19.5,170,3.5
2006,10,15,4,30,17.6,0,0,0,0.21,915,19.200000000000003,176,2.9000000000000004
2006,10,15,5,30,17.6,0,0,0,0.21,914,18.900000000000002,174,2.4000000000000004
2006,10,15,6,30,17.400000000000002,0,0,0,0.21,914,18.5,166,2.2
2006,10,15,7,30,17.3,0,0,0,0.21,914,18.400000000000002,159,2.2
2006,10,15,8,30,17.3,0,0,0,0.21,913,18.5,155,2.5
2006,10,15,9,30,17.400000000000002,0,0,0,0.21,913,18.6,154,2.8000000000000003
2006,10,15,10,30,17.5,0,0,0,0.21,912,18.6,153,2.9000000000000004
2006,10,15,11,30,17.6,0,0,0,0.21,912,18.5,156,2.8000000000000003
2006,10,15,12,30,17.5,0,0,0,0.21,912,18.5,163,2.5
2006,10,15,13,30,17.6,38,243,64,0.21,912,19.3,176,2.6
2006,10,15,14,30,17.8,124,62,143,0.21,912,21.200000000000003,197,3
2006,10,15,15,30,17.7,216,88,259,0.21,912,23.5,222,2.9000000000000004
2006,10,15,16,30,17,290,79,340,0.21,911,25.5,245,2.3000000000000003
2006,10,15,17,30,16.3,357,120,444,0.21,910,26.700000000000003,263,1.6
2006,10,15,18,30,15.8,287,544,703,0.21,909,27.3,281,1.1
2006,10,15,19,30,15.4,112,869,759,0.21,908,27.5,296,0.8
2006,10,15,20,30,15.3,107,840,669,0.21,907,27.200000000000003,309,0.7000000000000001
2006,10,15,21,30,15.600000000000001,102,767,518,0.21,907,26.6,335,0.8
2006,10,15,22,30,16.1,88,638,326,0.21,907,25.6,177,0.9
2006,10,15,23,30,17.2,15,0,15,0.21,907,25,2,0.9
2006,10,16,0,30,18.400000000000002,0,0,0,0.21,908,22.700000000000003,180,0.8
2006,10,16,1,30,18.5,0,0,0,0.21,908,21.8,351,0.9
2006,10,16,2,30,17.900000000000002,0,0,0,0.21,909,20.700000000000003,339,0.9
2006,10,16,3,30,17.400000000000002,0,0,0,0.21,909,19.700000000000003,322,1
2006,10,16,4,30,16.8,0,0,0,0.21,909,18.8,305,1.3
2006,10,16,5,30,15.9,0,0,0,0.21,908,18,295,1.9000000000000001
2006,10,16,6,30,14.700000000000001,0,0,0,0.21,908,17.2,292,2.4000000000000004
2006,10,16,7,30,13.3,0,0,0,0.21,908,16.2,293,2.9000000000000004
2006,10,16,8,30,12,0,0,0,0.21,909,15.3,292,3.3000000000000003
2006,10,16,9,30,10.9,0,0,0,0.21,909,14.600000000000001,286,3.5
2006,10,16,10,30,10.100000000000001,0,0,0,0.21,909,14.200000000000001,279,3.5
2006,10,16,11,30,9.4,0,0,0,0.21,909,13.8,272,3.4000000000000004
2006,10,16,12,30,8.8,0,0,0,0.21,910,13.3,266,3.4000000000000004
2006,10,16,13,30,8.3,31,405,74,0.21,910,13.9,261,3.9000000000000004
2006,10,16,14,30,7.800000000000001,57,744,288,0.21,911,16.5,261,4.9
2006,10,16,15,30,6.1000000000000005,70,877,499,0.21,911,19.6,263,6.1000000000000005
2006,10,16,16,30,4.800000000000001,78,943,673,0.21,911,21.6,262,7
2006,10,16,17,30,4.4,84,971,787,0.21,910,22.900000000000002,264,7.5
2006,10,16,18,30,4.4,90,973,829,0.21,909,23.8,267,7.7
2006,10,16,19,30,4.800000000000001,89,962,802,0.21,908,24.400000000000002,270,7.7
2006,10,16,20,30,5.300000000000001,85,938,709,0.21,908,24.6,274,7.7
2006,10,16,21,30,5.6000000000000005,77,887,555,0.21,908,24.5,277,7.4
2006,10,16,22,30,5.5,63,791,355,0.21,908,23.8,278,6.7
2006,10,16,23,30,5.6000000000000005,41,568,138,0.21,908,23.3,278,6.2
2006,10,17,0,30,6.300000000000001,0,0,0,0.21,909,19.6,271,4.2
2006,10,17,1,30,6.5,0,0,0,0.21,910,18.400000000000002,266,4.1000000000000005
2006,10,17,2,30,6.300000000000001,0,0,0,0.21,911,17.400000000000002,260,3.9000000000000004
2006,10,17,3,30,6.1000000000000005,0,0,0,0.21,911,16.400000000000002,253,3.7
2006,10,17,4,30,5.7,0,0,0,0.21,911,15.700000000000001,249,3.7
2006,10,17,5,30,5.300000000000001,0,0,0,0.21,911,15.200000000000001,248,3.8000000000000003
2006,10,17,6,30,5,0,0,0,0.21,911,14.600000000000001,249,3.8000000000000003
2006,10,17,7,30,4.9,0,0,0,0.21,911,14.100000000000001,250,3.8000000000000003
2006,10,17,8,30,5,0,0,0,0.21,911,13.5,251,3.8000000000000003
2006,10,17,9,30,5.2,0,0,0,0.21,912,13,252,3.7
2006,10,17,10,30,5.4,0,0,0,0.21,912,12.5,253,3.6
2006,10,17,11,30,5.6000000000000005,0,0,0,0.21,913,12.200000000000001,254,3.5
2006,10,17,12,30,5.6000000000000005,0,0,0,0.21,913,12.100000000000001,254,3.4000000000000004
2006,10,17,13,30,5.7,28,466,75,0.21,914,13.700000000000001,253,3.8000000000000003
2006,10,17,14,30,6,53,771,289,0.21,915,17,250,3.9000000000000004
2006,10,17,15,30,6.300000000000001,66,891,499,0.21,915,21.200000000000003,259,4
2006,10,17,16,30,5.300000000000001,74,950,669,0.21,915,24.900000000000002,270,4.4
2006,10,17,17,30,4.5,79,979,783,0.21,914,27,269,4.3
2006,10,17,18,30,4.1000000000000005,84,986,829,0.21,913,28.3,265,4.3
2006,10,17,19,30,3.8000000000000003,83,979,804,0.21,913,29.200000000000003,262,4.3
2006,10,17,20,30,3.5,80,950,708,0.21,912,29.6,260,4.3
2006,10,17,21,30,3.2,74,898,553,0.21,912,29.5,259,4.2
2006,10,17,22,30,3.2,62,798,353,0.21,912,28.3,259,3.2
2006,10,17,23,30,7,40,565,134,0.21,912,27.200000000000003,260,2.3000000000000003
2006,10,18,0,30,8.3,0,0,0,0.21,912,22,276,1.4000000000000001
2006,10,18,1,30,7.300000000000001,0,0,0,0.21,913,21,282,1.4000000000000001
2006,10,18,2,30,6.9,0,0,0,0.21,913,20.200000000000003,283,1.4000000000000001
2006,10,18,3,30,6.7,0,0,0,0.21,914,18.900000000000002,282,1.5
2006,10,18,4,30,6.7,0,0,0,0.21,914,17.6,280,1.7000000000000002
2006,10,18,5,30,6.5,0,0,0,0.21,914,16.6,278,2
2006,10,18,6,30,6.300000000000001,0,0,0,0.21,915,15.9,276,2.5
2006,10,18,7,30,6.2,0,0,0,0.21,915,15.3,275,2.9000000000000004
2006,10,18,8,30,6.4,0,0,0,0.21,915,14.8,276,3.1
2006,10,18,9,30,6.7,0,0,0,0.21,915,14.3,278,3.1
2006,10,18,10,30,7.2,0,0,0,0.21,916,14,280,3.1
2006,10,18,11,30,7.7,0,0,0,0.21,916,13.600000000000001,284,2.9000000000000004
2006,10,18,12,30,8.1,0,0,0,0.21,917,13.5,290,2.9000000000000004
2006,10,18,13,30,8.3,30,397,69,0.21,918,14.9,296,3.5
2006,10,18,14,30,8.5,57,724,278,0.21,918,18,309,3.8000000000000003
2006,10,18,15,30,8.1,72,854,484,0.21,918,21.6,327,3.8000000000000003
2006,10,18,16,30,7.300000000000001,81,920,654,0.21,918,24.5,335,3.6
2006,10,18,17,30,7,86,953,767,0.21,918,26.200000000000003,329,3
2006,10,18,18,30,6.5,89,958,810,0.21,917,27.200000000000003,319,2.2
2006,10,18,19,30,6,89,951,785,0.21,917,27.700000000000003,304,1.6
2006,10,18,20,30,5.6000000000000005,86,923,692,0.21,916,27.8,290,1.1
2006,10,18,21,30,5.4,83,854,535,0.21,915,27.400000000000002,294,0.9
2006,10,18,22,30,5.6000000000000005,71,735,336,0.21,915,26.3,155,1
2006,10,18,23,30,6.7,58,170,85,0.21,915,25.6,6,1.2000000000000002
2006,10,19,0,30,9.1,0,0,0,0.21,916,20.900000000000002,51,2.2
2006,10,19,1,30,9.1,0,0,0,0.21,917,18.8,67,3.2
2006,10,19,2,30,9.5,0,0,0,0.21,919,16.7,74,3.6
2006,10,19,3,30,9.8,0,0,0,0.21,920,15,73,3.5
2006,10,19,4,30,9.700000000000001,0,0,0,0.21,921,13.700000000000001,67,3
2006,10,19,5,30,9.3,0,0,0,0.21,922,12.8,64,2.6
2006,10,19,6,30,9,0,0,0,0.21,922,12.100000000000001,65,2.4000000000000004
2006,10,19,7,30,8.6,0,0,0,0.21,922,11.600000000000001,69,2.2
2006,10,19,8,30,8.3,0,0,0,0.21,923,11.3,77,2.1
2006,10,19,9,30,8,0,0,0,0.21,922,11.100000000000001,87,1.8
2006,10,19,10,30,7.7,0,0,0,0.21,923,10.9,91,1.5
2006,10,19,11,30,7.4,0,0,0,0.21,923,10.700000000000001,91,1.3
2006,10,19,12,30,7.2,0,0,0,0.21,923,10.600000000000001,94,1.3
2006,10,19,13,30,7,35,318,66,0.21,924,11.3,95,1.3
2006,10,19,14,30,6.800000000000001,72,672,274,0.21,924,12.700000000000001,63,1
2006,10,19,15,30,6.800000000000001,90,823,484,0.21,925,14.700000000000001,189,1.2000000000000002
2006,10,19,16,30,6.6000000000000005,96,909,659,0.21,924,16.900000000000002,340,1.7000000000000002
2006,10,19,17,30,5.800000000000001,97,953,775,0.21,923,18.7,329,1.8
2006,10,19,18,30,4.7,96,971,822,0.21,922,20.200000000000003,315,1.8
2006,10,19,19,30,3.6,92,971,798,0.21,921,21.3,301,1.8
2006,10,19,20,30,2.6,85,951,704,0.21,920,22,290,1.9000000000000001
2006,10,19,21,30,1.8,74,913,553,0.21,920,22.200000000000003,283,2
2006,10,19,22,30,1.1,60,817,351,0.21,920,21.700000000000003,280,1.7000000000000002
2006,10,19,23,30,2,38,589,131,0.21,920,21.200000000000003,279,1.4000000000000001
2006,10,20,0,30,4.3,0,0,0,0.21,920,17.5,254,0.5
2006,10,20,1,30,3,0,0,0,0.21,920,16.1,215,0.7000000000000001
2006,10,20,2,30,2.8000000000000003,0,0,0,0.21,920,14.700000000000001,194,1
2006,10,20,3,30,3,0,0,0,0.21,920,13.4,189,1.3
2006,10,20,4,30,2.9000000000000004,0,0,0,0.21,920,12.5,188,1.5
2006,10,20,5,30,2.9000000000000004,0,0,0,0.21,920,11.700000000000001,189,1.6
2006,10,20,6,30,2.9000000000000004,0,0,0,0.21,920,11,195,1.5
2006,10,20,7,30,2.8000000000000003,0,0,0,0.21,920,10.5,203,1.4000000000000001
2006,10,20,8,30,2.7,0,0,0,0.21,920,10,210,1.4000000000000001
2006,10,20,9,30,2.5,0,0,0,0.21,919,9.600000000000001,216,1.3
2006,10,20,10,30,2.2,0,0,0,0.21,919,9.3,225,1.3
2006,10,20,11,30,2,0,0,0,0.21,919,9,238,1.4000000000000001
2006,10,20,12,30,1.8,0,0,0,0.21,919,8.9,253,1.5
2006,10,20,13,30,1.7000000000000002,28,429,69,0.21,919,10.8,263,2.3000000000000003
2006,10,20,14,30,1.8,56,762,283,0.21,919,14.3,265,3.1
2006,10,20,15,30,1.9000000000000001,69,887,492,0.21,919,18.400000000000002,266,3.3000000000000003
2006,10,20,16,30,0.7000000000000001,77,950,662,0.21,918,22,269,3.6
2006,10,20,17,30,-0.4,81,983,776,0.21,917,24.3,269,3.8000000000000003
2006,10,20,18,30,-0.5,83,994,822,0.21,916,26,267,4.1000000000000005
2006,10,20,19,30,-0.1,81,989,797,0.21,914,27.200000000000003,265,4.4
2006,10,20,20,30,0.6000000000000001,78,965,703,0.21,913,27.8,265,4.6000000000000005
2006,10,20,21,30,1,73,904,543,0.21,913,27.700000000000003,265,4.5
2006,10,20,22,30,1.5,61,800,343,0.21,912,26.400000000000002,268,3.5
2006,10,20,23,30,4.800000000000001,38,559,124,0.21,912,25.200000000000003,270,2.6
2006,10,21,0,30,6.1000000000000005,0,0,0,0.21,913,19.1,282,1.7000000000000002
2006,10,21,1,30,5.4,0,0,0,0.21,913,17.6,281,1.8
2006,10,21,2,30,5,0,0,0,0.21,914,16.400000000000002,273,1.9000000000000001
2006,10,21,3,30,4.6000000000000005,0,0,0,0.21,914,15.4,262,2
2006,10,21,4,30,4.3,0,0,0,0.21,914,14.5,254,2.1
2006,10,21,5,30,4,0,0,0,0.21,914,13.8,251,2.2
2006,10,21,6,30,3.8000000000000003,0,0,0,0.21,914,13.100000000000001,251,2.3000000000000003
2006,10,21,7,30,3.5,0,0,0,0.21,914,12.600000000000001,252,2.3000000000000003
2006,10,21,8,30,3.3000000000000003,0,0,0,0.21,914,12.100000000000001,256,2.4000000000000004
2006,10,21,9,30,3.1,0,0,0,0.21,914,11.600000000000001,264,2.5
2006,10,21,10,30,3,0,0,0,0.21,915,11.100000000000001,273,2.6
2006,10,21,11,30,3,0,0,0,0.21,916,10.5,279,2.8000000000000003
2006,10,21,12,30,3.1,0,0,0,0.21,917,10.4,284,3
2006,10,21,13,30,3.2,27,437,67,0.21,918,11.8,292,3.7
2006,10,21,14,30,3.3000000000000003,52,767,278,0.21,919,15,310,4
2006,10,21,15,30,3.3000000000000003,66,892,487,0.21,920,18.3,165,4
2006,10,21,16,30,3.6,74,948,654,0.21,920,20.900000000000002,9,4
2006,10,21,17,30,3.8000000000000003,78,979,767,0.21,920,22.8,11,3.6
2006,10,21,18,30,3.6,84,982,811,0.21,920,24,6,3.3000000000000003
2006,10,21,19,30,3.3000000000000003,84,976,785,0.21,919,24.700000000000003,6,3.2
2006,10,21,20,30,3,80,950,691,0.21,919,24.900000000000002,13,3.1
2006,10,21,21,30,2.7,72,901,537,0.21,919,24.6,26,3.1
2006,10,21,22,30,2.8000000000000003,60,793,336,0.21,920,23.400000000000002,42,2.9000000000000004
2006,10,21,23,30,3.6,37,550,120,0.21,920,22.6,50,2.8000000000000003
2006,10,22,0,30,5.2,0,0,0,0.21,921,17.8,68,3.1
2006,10,22,1,30,4.9,0,0,0,0.21,922,16.400000000000002,73,4.3
2006,10,22,2,30,5.2,0,0,0,0.21,923,15.100000000000001,77,4.5
2006,10,22,3,30,5.4,0,0,0,0.21,924,13.700000000000001,82,4
2006,10,22,4,30,5.4,0,0,0,0.21,925,12.5,85,3.8000000000000003
2006,10,22,5,30,5,0,0,0,0.21,926,11.3,86,3.8000000000000003
2006,10,22,6,30,4.2,0,0,0,0.21,927,10.200000000000001,86,3.6
2006,10,22,7,30,3.4000000000000004,0,0,0,0.21,927,9.1,86,3.2
2006,10,22,8,30,2.6,0,0,0,0.21,928,8.200000000000001,85,2.7
2006,10,22,9,30,2,0,0,0,0.21,928,7.4,84,2
2006,10,22,10,30,1.6,0,0,0,0.21,929,6.7,84,1.5
2006,10,22,11,30,1.4000000000000001,0,0,0,0.21,929,6.2,85,1.1
2006,10,22,12,30,1.2000000000000002,0,0,0,0.21,930,5.9,85,1
2006,10,22,13,30,1,25,0,25,0.21,930,7,86,1.8
2006,10,22,14,30,0.30000000000000004,60,715,268,0.21,930,9,89,2.9000000000000004
2006,10,22,15,30,-0.5,76,851,475,0.21,930,11,91,3.2
2006,10,22,16,30,-1,84,920,644,0.21,930,13.100000000000001,93,3.1
2006,10,22,17,30,-1.4000000000000001,89,950,753,0.21,929,15,98,3
2006,10,22,18,30,-1.5,90,962,798,0.21,928,16.6,104,2.7
2006,10,22,19,30,-1.2000000000000002,89,956,773,0.21,927,17.900000000000002,109,2.5
2006,10,22,20,30,-0.8,84,931,679,0.21,926,18.7,109,2.4000000000000004
2006,10,22,21,30,-0.4,78,871,524,0.21,926,19,105,2.4000000000000004
2006,10,22,22,30,-0.1,65,761,326,0.21,926,18.400000000000002,99,2.4000000000000004
2006,10,22,23,30,0.4,40,500,113,0.21,926,17.900000000000002,95,2.4000000000000004
2006,10,23,0,30,2.2,0,0,0,0.21,926,13.600000000000001,89,2
2006,10,23,1,30,1.4000000000000001,0,0,0,0.21,927,12.700000000000001,97,2.4000000000000004
2006,10,23,2,30,1,0,0,0,0.21,927,12,107,2.6
2006,10,23,3,30,1,0,0,0,0.21,927,11.200000000000001,115,2.5
2006,10,23,4,30,1.2000000000000002,0,0,0,0.21,927,10.3,120,2.4000000000000004
2006,10,23,5,30,1.2000000000000002,0,0,0,0.21,927,9.4,119,2.2
2006,10,23,6,30,1.2000000000000002,0,0,0,0.21,927,8.700000000000001,115,2
2006,10,23,7,30,1.2000000000000002,0,0,0,0.21,928,8,109,1.9000000000000001
2006,10,23,8,30,1.1,0,0,0,0.21,928,7.4,105,1.8
2006,10,23,9,30,0.9,0,0,0,0.21,928,6.9,105,1.6
2006,10,23,10,30,0.8,0,0,0,0.21,928,6.5,106,1.4000000000000001
2006,10,23,11,30,0.8,0,0,0,0.21,928,6.300000000000001,109,1.3
2006,10,23,12,30,0.7000000000000001,0,0,0,0.21,928,6.300000000000001,112,1.2000000000000002
2006,10,23,13,30,0.8,29,329,58,0.21,928,8.1,117,1.6
2006,10,23,14,30,0.9,63,686,261,0.21,928,11.3,128,2
2006,10,23,15,30,1.3,81,827,466,0.21,928,14.700000000000001,137,2
2006,10,23,16,30,2.3000000000000003,92,897,634,0.21,928,17.8,129,1.8
2006,10,23,17,30,3.3000000000000003,98,931,745,0.21,927,20.400000000000002,103,1.5
2006,10,23,18,30,4.2,100,940,788,0.21,926,22.3,74,1.5
2006,10,23,19,30,4.800000000000001,99,932,762,0.21,925,23.5,60,1.6
2006,10,23,20,30,5.4,96,897,665,0.21,924,24.200000000000003,58,1.8
2006,10,23,21,30,5.800000000000001,86,838,512,0.21,923,24.200000000000003,65,2.1
2006,10,23,22,30,6.2,72,712,314,0.21,923,23,75,2
2006,10,23,23,30,8.1,43,436,105,0.21,923,22.1,79,1.7000000000000002
2006,10,24,0,30,8.6,0,0,0,0.21,923,18.5,103,1.9000000000000001
2006,10,24,1,30,8.5,0,0,0,0.21,923,17.8,122,2.4000000000000004
2006,10,24,2,30,8.6,0,0,0,0.21,923,17.2,139,2.7
2006,10,24,3,30,8.6,0,0,0,0.21,923,16.6,151,2.8000000000000003
2006,10,24,4,30,8.6,0,0,0,0.21,923,16,159,2.7
2006,10,24,5,30,8.6,0,0,0,0.21,923,15.5,164,2.4000000000000004
2006,10,24,6,30,8.6,0,0,0,0.21,922,15.100000000000001,170,2.1
2006,10,24,7,30,8.700000000000001,0,0,0,0.21,922,14.8,178,1.9000000000000001
2006,10,24,8,30,8.9,0,0,0,0.21,922,14.5,189,1.6
2006,10,24,9,30,9.1,0,0,0,0.21,922,14.4,203,1.4000000000000001
2006,10,24,10,30,9.4,0,0,0,0.21,921,14.3,215,1.2000000000000002
2006,10,24,11,30,9.5,0,0,0,0.21,921,14.100000000000001,226,1
2006,10,24,12,30,9.600000000000001,0,0,0,0.21,921,14,232,0.9
2006,10,24,13,30,9.700000000000001,27,0,27,0.21,921,14.600000000000001,227,0.9
2006,10,24,14,30,9.9,108,243,177,0.21,922,16.2,224,1
2006,10,24,15,30,10.4,108,681,423,0.21,922,18.7,228,1.1
2006,10,24,16,30,11.4,148,695,566,0.21,921,20.900000000000002,231,1.2000000000000002
2006,10,24,17,30,12.100000000000001,304,372,562,0.21,921,22.200000000000003,230,1.2000000000000002
2006,10,24,18,30,12.700000000000001,351,272,548,0.21,920,22.900000000000002,212,1.2000000000000002
2006,10,24,19,30,13.200000000000001,307,397,587,0.21,919,23.400000000000002,195,1.2000000000000002
2006,10,24,20,30,13.4,299,215,434,0.21,918,23.6,186,1.2000000000000002
2006,10,24,21,30,13.5,29,0,29,0.21,918,23.5,170,1.3
2006,10,24,22,30,13.5,132,45,147,0.21,918,23.1,162,1.5
2006,10,24,23,30,13.9,49,48,56,0.21,918,22.8,162,1.5
2006,10,25,0,30,14.200000000000001,0,0,0,0.22,918,20.1,155,1.2000000000000002
2006,10,25,1,30,14,0,0,0,0.22,919,19.400000000000002,164,1.5
2006,10,25,2,30,14.200000000000001,0,0,0,0.22,919,18.7,172,1.7000000000000002
2006,10,25,3,30,14.3,0,0,0,0.22,919,18.2,184,1.9000000000000001
2006,10,25,4,30,14.5,0,0,0,0.22,919,17.900000000000002,199,2.2
2006,10,25,5,30,14.600000000000001,0,0,0,0.22,919,17.6,210,2.3000000000000003
2006,10,25,6,30,14.700000000000001,0,0,0,0.22,919,17.3,218,2.2
2006,10,25,7,30,14.8,0,0,0,0.22,918,17,225,2.2
2006,10,25,8,30,14.8,0,0,0,0.22,918,16.7,230,2.2
2006,10,25,9,30,14.8,0,0,0,0.22,918,16.5,235,2
2006,10,25,10,30,14.8,0,0,0,0.22,918,16.3,239,2
2006,10,25,11,30,14.8,0,0,0,0.22,918,16.2,244,2
2006,10,25,12,30,14.8,0,0,0,0.22,919,16.1,248,2
2006,10,25,13,30,14.8,27,27,29,0.22,919,17.1,250,2.6
2006,10,25,14,30,15.100000000000001,113,99,140,0.22,920,19.6,258,3.6
2006,10,25,15,30,14.8,184,325,334,0.22,920,22.6,269,4.4
2006,10,25,16,30,13.200000000000001,87,863,603,0.22,919,24.8,273,4.800000000000001
2006,10,25,17,30,12.4,92,901,711,0.22,919,26.1,269,4.6000000000000005
2006,10,25,18,30,12.100000000000001,92,917,755,0.22,918,27.1,264,4.6000000000000005
2006,10,25,19,30,11.9,89,913,730,0.22,917,27.6,260,4.7
2006,10,25,20,30,11.8,83,892,641,0.22,916,27.700000000000003,260,4.800000000000001
2006,10,25,21,30,11.600000000000001,79,825,491,0.22,915,27.5,262,4.7
2006,10,25,22,30,11.5,63,717,301,0.22,915,26.6,265,4.2
2006,10,25,23,30,11.8,36,456,98,0.22,915,26,267,3.7
2006,10,26,0,30,12.200000000000001,0,0,0,0.22,916,21.400000000000002,273,2
2006,10,26,1,30,11.8,0,0,0,0.22,916,20.200000000000003,275,1.9000000000000001
2006,10,26,2,30,11.5,0,0,0,0.22,916,19.200000000000003,276,1.8
2006,10,26,3,30,11.3,0,0,0,0.22,917,18.400000000000002,267,1.8
2006,10,26,4,30,11.100000000000001,0,0,0,0.22,917,17.8,251,1.9000000000000001
2006,10,26,5,30,11.100000000000001,0,0,0,0.22,917,17.400000000000002,241,2.3000000000000003
2006,10,26,6,30,11.100000000000001,0,0,0,0.22,917,17.2,243,2.6
2006,10,26,7,30,11.100000000000001,0,0,0,0.22,917,16.900000000000002,250,2.9000000000000004
2006,10,26,8,30,11.100000000000001,0,0,0,0.22,917,16.6,257,3.1
2006,10,26,9,30,10.9,0,0,0,0.22,917,16.1,264,3.1
2006,10,26,10,30,10.600000000000001,0,0,0,0.22,918,15.4,269,3.1
2006,10,26,11,30,9.9,0,0,0,0.22,918,15,272,3.1
2006,10,26,12,30,9,0,0,0,0.22,919,15,275,3.1
2006,10,26,13,30,8.1,27,104,35,0.22,920,15.8,278,3.2
2006,10,26,14,30,7.5,71,536,220,0.22,920,17.2,284,3.5
2006,10,26,15,30,6.9,131,563,387,0.22,921,19,298,4.2
2006,10,26,16,30,3.9000000000000004,243,394,477,0.22,921,21,303,5.2
2006,10,26,17,30,1.2000000000000002,201,654,648,0.22,921,22.8,294,6
2006,10,26,18,30,0.1,99,953,784,0.22,920,24.1,286,6.800000000000001
2006,10,26,19,30,-1,96,953,761,0.22,919,24.700000000000003,282,7.6000000000000005
2006,10,26,20,30,-2.2,91,932,670,0.22,919,24.6,285,8.3
2006,10,26,21,30,-3.7,209,294,355,0.22,919,23.8,294,8.6
2006,10,26,22,30,-5.5,66,662,283,0.22,919,22.200000000000003,301,7.800000000000001
2006,10,26,23,30,-6.5,45,179,69,0.22,920,21.1,303,7
2006,10,27,0,30,-5.6000000000000005,0,0,0,0.22,921,16.400000000000002,305,4.4
2006,10,27,1,30,-4.800000000000001,0,0,0,0.22,922,14.700000000000001,307,4.3
2006,10,27,2,30,-4.4,0,0,0,0.22,923,13.3,305,4.1000000000000005
2006,10,27,3,30,-4.1000000000000005,0,0,0,0.22,924,12.100000000000001,303,4
2006,10,27,4,30,-4,0,0,0,0.22,924,11.3,302,4
2006,10,27,5,30,-3.7,0,0,0,0.22,925,10.8,305,4
2006,10,27,6,30,-3.2,0,0,0,0.22,925,10.3,307,4
2006,10,27,7,30,-2.4000000000000004,0,0,0,0.22,926,9.8,310,3.7
2006,10,27,8,30,-1.6,0,0,0,0.22,926,9.3,314,3.4000000000000004
2006,10,27,9,30,-1,0,0,0,0.22,926,8.700000000000001,315,2.9000000000000004
2006,10,27,10,30,-0.5,0,0,0,0.22,927,8.200000000000001,315,2.5
2006,10,27,11,30,-0.2,0,0,0,0.22,927,7.7,315,2.2
2006,10,27,12,30,-0.1,0,0,0,0.22,928,7.5,319,2.1
2006,10,27,13,30,0,25,371,52,0.22,929,8.8,322,2.8000000000000003
2006,10,27,14,30,0.2,54,742,259,0.22,930,11.600000000000001,336,4.2
2006,10,27,15,30,-0.7000000000000001,69,889,471,0.22,931,14.200000000000001,352,5.2
2006,10,27,16,30,-2.3000000000000003,77,964,646,0.22,931,16.3,354,5.300000000000001
2006,10,27,17,30,-3.4000000000000004,82,997,759,0.22,930,18.2,350,5.1000000000000005
2006,10,27,18,30,-4.3,83,1009,804,0.22,930,19.6,345,4.800000000000001
2006,10,27,19,30,-5.2,81,1012,784,0.22,929,20.700000000000003,340,4.5
2006,10,27,20,30,-6,77,988,687,0.22,928,21.1,336,4.2
2006,10,27,21,30,-6.4,70,931,528,0.22,928,21.1,336,3.7
2006,10,27,22,30,-6.7,57,824,324,0.22,928,19.8,338,2.6
2006,10,27,23,30,-2.3000000000000003,34,555,104,0.22,928,18.7,339,1.8
2006,10,28,0,30,-0.8,0,0,0,0.22,929,13.8,346,1.3
2006,10,28,1,30,-1.8,0,0,0,0.22,929,13.100000000000001,346,1.3
2006,10,28,2,30,-2.4000000000000004,0,0,0,0.22,930,12.600000000000001,340,1.2000000000000002
2006,10,28,3,30,-2.9000000000000004,0,0,0,0.22,930,12.200000000000001,329,1.2000000000000002
2006,10,28,4,30,-3.3000000000000003,0,0,0,0.22,930,11.600000000000001,317,1.2000000000000002
2006,10,28,5,30,-3.5,0,0,0,0.22,930,10.9,306,1.2000000000000002
2006,10,28,6,30,-3.6,0,0,0,0.22,930,10.100000000000001,295,1.2000000000000002
2006,10,28,7,30,-3.7,0,0,0,0.22,930,9.5,287,1.3
2006,10,28,8,30,-3.7,0,0,0,0.22,930,8.9,283,1.3
2006,10,28,9,30,-3.8000000000000003,0,0,0,0.22,930,8.3,284,1.3
2006,10,28,10,30,-3.8000000000000003,0,0,0,0.22,930,7.7,286,1.4000000000000001
2006,10,28,11,30,-3.9000000000000004,0,0,0,0.22,930,7.2,287,1.4000000000000001
2006,10,28,12,30,-3.9000000000000004,0,0,0,0.22,931,6.9,289,1.5
2006,10,28,13,30,-3.8000000000000003,23,417,53,0.22,931,8.9,292,1.8
2006,10,28,14,30,-2.3000000000000003,50,779,263,0.22,931,12.8,290,2.2
2006,10,28,15,30,-4,64,912,473,0.22,930,16.5,266,2
2006,10,28,16,30,-4.3,72,975,643,0.22,930,19.900000000000002,235,2.1
2006,10,28,17,30,-4.6000000000000005,77,1006,756,0.22,929,22.400000000000002,226,2.6
2006,10,28,18,30,-4.7,85,1005,800,0.22,928,24,231,3
2006,10,28,19,30,-5.2,84,1007,779,0.22,926,25.1,240,3.1
2006,10,28,20,30,-5.7,80,981,682,0.22,925,25.700000000000003,248,3.1
2006,10,28,21,30,-6.1000000000000005,70,931,524,0.22,924,25.700000000000003,254,2.9000000000000004
2006,10,28,22,30,-6.1000000000000005,58,818,320,0.22,924,24,258,2
2006,10,28,23,30,2.3000000000000003,34,535,101,0.22,924,22.400000000000002,261,1.2000000000000002
2006,10,29,0,30,-0.30000000000000004,0,0,0,0.22,924,18.400000000000002,262,1.3
2006,10,29,1,30,-1.1,0,0,0,0.22,924,16.8,259,1.4000000000000001
2006,10,29,2,30,-1,0,0,0,0.22,924,15.200000000000001,256,1.5
2006,10,29,3,30,-1,0,0,0,0.22,924,13.700000000000001,254,1.6
2006,10,29,4,30,-1.3,0,0,0,0.22,924,12.600000000000001,252,1.6
2006,10,29,5,30,-1.7000000000000002,0,0,0,0.22,924,11.8,251,1.6
2006,10,29,6,30,-2,0,0,0,0.22,923,11,251,1.6
2006,10,29,7,30,-2.3000000000000003,0,0,0,0.22,923,10.3,252,1.7000000000000002
2006,10,29,8,30,-2.5,0,0,0,0.22,923,9.600000000000001,254,1.7000000000000002
2006,10,29,9,30,-2.7,0,0,0,0.22,923,9,256,1.8
2006,10,29,10,30,-2.8000000000000003,0,0,0,0.22,922,8.4,256,1.8
2006,10,29,11,30,-2.7,0,0,0,0.22,922,8,254,1.9000000000000001
2006,10,29,12,30,-2.5,0,0,0,0.22,922,7.9,252,2
2006,10,29,13,30,-2.1,24,95,31,0.22,922,9.9,249,2.6
2006,10,29,14,30,-1.3,52,778,261,0.22,922,13.700000000000001,247,3
2006,10,29,15,30,-0.8,60,863,444,0.22,922,17.6,242,3
2006,10,29,16,30,-0.1,75,968,639,0.22,922,21.8,237,3.1
2006,10,29,17,30,-0.8,81,999,752,0.22,921,25.1,235,3.4000000000000004
2006,10,29,18,30,-1.6,81,1005,792,0.22,919,27.1,236,3.6
2006,10,29,19,30,-2.2,78,1002,765,0.22,918,28.200000000000003,240,3.8000000000000003
2006,10,29,20,30,-2.6,74,971,666,0.22,917,28.6,244,3.9000000000000004
2006,10,29,21,30,-2.7,69,904,506,0.22,917,28.200000000000003,245,3.8000000000000003
2006,10,29,22,30,-2.1,57,786,306,0.22,916,25.900000000000002,246,2.7
2006,10,29,23,30,4,33,494,93,0.22,916,24,246,1.7000000000000002
2006,10,30,0,30,3.3000000000000003,0,0,0,0.22,917,18.7,255,1.7000000000000002
2006,10,30,1,30,2.8000000000000003,0,0,0,0.22,917,17.400000000000002,261,1.7000000000000002
2006,10,30,2,30,2.9000000000000004,0,0,0,0.22,917,16.6,261,1.7000000000000002
2006,10,30,3,30,3,0,0,0,0.22,917,16,257,1.7000000000000002
2006,10,30,4,30,2.9000000000000004,0,0,0,0.22,917,15.700000000000001,254,1.9000000000000001
2006,10,30,5,30,2.6,0,0,0,0.22,916,15.3,254,2.3000000000000003
2006,10,30,6,30,2.3000000000000003,0,0,0,0.22,916,14.9,260,2.8000000000000003
2006,10,30,7,30,2.1,0,0,0,0.22,916,15,269,3.3000000000000003
2006,10,30,8,30,2.5,0,0,0,0.22,916,15.200000000000001,277,3.7
2006,10,30,9,30,3.5,0,0,0,0.22,916,15.200000000000001,281,3.3000000000000003
2006,10,30,10,30,5,0,0,0,0.22,916,14.700000000000001,276,2.6
2006,10,30,11,30,6.1000000000000005,0,0,0,0.22,916,14,265,2.2
2006,10,30,12,30,6.4,0,0,0,0.22,917,13.700000000000001,256,2.3000000000000003
2006,10,30,13,30,6.5,23,272,41,0.22,917,15.100000000000001,252,3.3000000000000003
2006,10,30,14,30,6.800000000000001,102,44,114,0.22,918,18.1,250,4.1000000000000005
2006,10,30,15,30,7.5,192,195,278,0.22,918,21.700000000000003,258,4.9
2006,10,30,16,30,7.5,267,102,326,0.22,918,24.6,270,6.1000000000000005
2006,10,30,17,30,6.7,326,175,443,0.22,917,26.1,273,6.6000000000000005
2006,10,30,18,30,6.2,338,265,525,0.22,916,26.900000000000002,273,6.9
2006,10,30,19,30,5.5,143,1,143,0.22,916,27.200000000000003,273,7.1000000000000005
2006,10,30,20,30,4.6000000000000005,279,89,334,0.22,915,27.1,273,7.1000000000000005
2006,10,30,21,30,3.6,72,868,488,0.22,915,26.5,274,6.800000000000001
2006,10,30,22,30,2.8000000000000003,58,760,295,0.22,915,25.1,276,5.800000000000001
2006,10,30,23,30,2.8000000000000003,33,460,87,0.22,916,24.200000000000003,277,5
2006,10,31,0,30,3.7,0,0,0,0.22,917,18.900000000000002,277,2.9000000000000004
2006,10,31,1,30,3.7,0,0,0,0.22,917,17.6,275,2.8000000000000003
2006,10,31,2,30,3.5,0,0,0,0.22,918,16.6,273,2.9000000000000004
2006,10,31,3,30,3.3000000000000003,0,0,0,0.22,918,15.700000000000001,272,3
2006,10,31,4,30,2.9000000000000004,0,0,0,0.22,918,14.9,273,3.1
2006,10,31,5,30,2.4000000000000004,0,0,0,0.22,918,14.100000000000001,275,3.2
2006,10,31,6,30,2.1,0,0,0,0.22,918,13.3,278,3.2
2006,10,31,7,30,1.9000000000000001,0,0,0,0.22,918,12.5,281,3.1
2006,10,31,8,30,1.8,0,0,0,0.22,918,11.700000000000001,286,2.9000000000000004
2006,10,31,9,30,1.7000000000000002,0,0,0,0.22,919,11,290,2.8000000000000003
2006,10,31,10,30,1.4000000000000001,0,0,0,0.22,919,10.5,294,2.8000000000000003
2006,10,31,11,30,0.9,0,0,0,0.22,920,10,300,2.7
2006,10,31,12,30,0.5,0,0,0,0.22,921,9.5,310,2.7
2006,10,31,13,30,0.2,22,48,25,0.22,922,10.4,326,3.2
2006,10,31,14,30,0,71,494,201,0.22,923,12.4,171,3.9000000000000004
2006,10,31,15,30,-0.4,77,845,447,0.22,924,14.100000000000001,16,3.7
2006,10,31,16,30,-0.6000000000000001,89,917,616,0.22,924,15.700000000000001,27,3
2006,10,31,17,30,-0.7000000000000001,92,949,722,0.22,924,17.3,28,2.2
2006,10,31,18,30,-0.7000000000000001,99,962,771,0.22,923,18.6,27,1.5
2006,10,31,19,30,-0.9,132,819,687,0.22,922,19.5,28,1.1
2006,10,31,20,30,-1.1,92,920,645,0.22,921,19.900000000000002,42,0.9
2006,10,31,21,30,-1.3,84,851,489,0.22,921,20,66,1.1
2006,10,31,22,30,-1.2000000000000002,73,592,256,0.22,920,19.3,76,1.5
2006,10,31,23,30,1,40,56,46,0.22,920,18.5,76,1.6
2018,11,1,0,30,7,0,0,0,0.23,921,10.600000000000001,17,3.3000000000000003
2018,11,1,1,30,6.800000000000001,0,0,0,0.23,922,10,21,2.6
2018,11,1,2,30,6.800000000000001,0,0,0,0.23,922,9.5,21,1.9000000000000001
2018,11,1,3,30,6.7,0,0,0,0.23,922,8.9,12,1.4000000000000001
2018,11,1,4,30,6.5,0,0,0,0.23,922,8.3,173,1.1
2018,11,1,5,30,6,0,0,0,0.23,922,7.800000000000001,330,1.1
2018,11,1,6,30,5.7,0,0,0,0.23,922,7.300000000000001,316,1.2000000000000002
2018,11,1,7,30,5.4,0,0,0,0.23,922,6.800000000000001,309,1.4000000000000001
2018,11,1,8,30,5.1000000000000005,0,0,0,0.23,922,6.4,306,1.5
2018,11,1,9,30,4.7,0,0,0,0.23,922,5.9,300,1.5
2018,11,1,10,30,4.4,0,0,0,0.23,921,5.5,295,1.5
2018,11,1,11,30,4,0,0,0,0.23,921,5.2,288,1.5
2018,11,1,12,30,3.7,0,0,0,0.23,921,5.4,277,1.6
2018,11,1,13,30,3.7,23,115,30,0.23,921,6.800000000000001,265,2.1
2018,11,1,14,30,3.9000000000000004,77,460,196,0.23,921,8.8,257,2.7
2018,11,1,15,30,3.9000000000000004,156,366,315,0.23,921,11.200000000000001,263,3.1
2018,11,1,16,30,3.3000000000000003,216,424,458,0.23,920,14.3,279,3.7
2018,11,1,17,30,2.8000000000000003,306,213,446,0.23,920,17.1,294,4.3
2018,11,1,18,30,2.1,247,488,586,0.23,919,19,305,4.6000000000000005
2018,11,1,19,30,1.2000000000000002,85,952,726,0.23,918,20.1,312,4.9
2018,11,1,20,30,0.4,80,929,635,0.23,918,20.6,317,5.1000000000000005
2018,11,1,21,30,0,70,879,485,0.23,918,20.400000000000002,324,5.1000000000000005
2018,11,1,22,30,-0.5,55,766,289,0.23,918,18.900000000000002,332,4.1000000000000005
2018,11,1,23,30,1.4000000000000001,32,470,84,0.23,919,17.8,336,3.3000000000000003
2018,11,2,0,30,2.6,0,0,0,0.23,920,12.5,349,2
2018,11,2,1,30,2.1,0,0,0,0.23,921,11.3,352,2
2018,11,2,2,30,1.8,0,0,0,0.23,922,10.3,354,1.9000000000000001
2018,11,2,3,30,1.9000000000000001,0,0,0,0.23,923,9.600000000000001,179,1.6
2018,11,2,4,30,2,0,0,0,0.23,924,9.1,6,1.3
2018,11,2,5,30,2.3000000000000003,0,0,0,0.23,924,8.8,14,1.1
2018,11,2,6,30,1.9000000000000001,0,0,0,0.23,925,8.8,26,0.7000000000000001
2018,11,2,7,30,1.3,0,0,0,0.23,925,8.700000000000001,114,0.6000000000000001
2018,11,2,8,30,1.2000000000000002,0,0,0,0.23,925,7.9,201,0.9
2018,11,2,9,30,1.3,0,0,0,0.23,925,7,214,1.2000000000000002
2018,11,2,10,30,1.1,0,0,0,0.23,924,6.5,226,1.3
2018,11,2,11,30,0.7000000000000001,0,0,0,0.23,924,6.4,239,1.5
2018,11,2,12,30,0.30000000000000004,0,0,0,0.23,925,6.5,248,1.6
2018,11,2,13,30,0.1,22,329,41,0.23,925,8.6,252,2.1
2018,11,2,14,30,1.2000000000000002,46,749,238,0.23,925,12.4,252,3
2018,11,2,15,30,0.7000000000000001,82,775,416,0.23,925,16.2,250,3.5
2018,11,2,16,30,-0.30000000000000004,65,951,604,0.23,925,19.5,253,3.6
2018,11,2,17,30,-0.7000000000000001,72,979,714,0.23,924,21.400000000000002,260,3.8000000000000003
2018,11,2,18,30,-0.6000000000000001,76,986,757,0.23,923,22.5,264,3.9000000000000004
2018,11,2,19,30,-0.4,74,981,731,0.23,922,23.1,264,4
2018,11,2,20,30,-0.2,73,951,637,0.23,921,23.3,265,4
2018,11,2,21,30,-0.1,67,888,483,0.23,920,23,265,3.8000000000000003
2018,11,2,22,30,0.1,55,768,287,0.23,919,21.3,264,2.7
2018,11,2,23,30,5.4,32,462,82,0.23,919,19.8,264,1.8
2018,11,3,0,30,4.3,0,0,0,0.23,919,15.5,258,1.5
2018,11,3,1,30,3.7,0,0,0,0.23,919,14.200000000000001,252,1.6
2018,11,3,2,30,3.4000000000000004,0,0,0,0.23,919,13.100000000000001,247,1.8
2018,11,3,3,30,3.1,0,0,0,0.23,919,12.200000000000001,243,2
2018,11,3,4,30,2.7,0,0,0,0.23,919,11.700000000000001,243,2.3000000000000003
2018,11,3,5,30,2.3000000000000003,0,0,0,0.23,918,11.3,243,2.5
2018,11,3,6,30,1.9000000000000001,0,0,0,0.23,918,11.100000000000001,241,2.8000000000000003
2018,11,3,7,30,1.7000000000000002,0,0,0,0.23,917,10.8,238,3.2
2018,11,3,8,30,1.5,0,0,0,0.23,917,10.600000000000001,238,3.6
2018,11,3,9,30,1.5,0,0,0,0.23,916,10.4,241,3.8000000000000003
2018,11,3,10,30,1.6,0,0,0,0.23,916,10.200000000000001,245,4
2018,11,3,11,30,1.6,0,0,0,0.23,916,10,249,4.1000000000000005
2018,11,3,12,30,1.6,0,0,0,0.23,916,10.100000000000001,252,4.2
2018,11,3,13,30,1.8,21,46,23,0.23,916,11.100000000000001,255,4.5
2018,11,3,14,30,2.3000000000000003,91,144,127,0.23,916,13,258,4.800000000000001
2018,11,3,15,30,3.1,169,125,222,0.23,917,15.3,262,5
2018,11,3,16,30,3.8000000000000003,194,28,210,0.23,917,18.400000000000002,272,5.5
2018,11,3,17,30,4.1000000000000005,228,18,240,0.23,917,21.900000000000002,285,5.7
2018,11,3,18,30,4,236,487,570,0.23,916,24.6,293,5.1000000000000005
2018,11,3,19,30,3.6,78,965,720,0.23,915,25.900000000000002,292,4.6000000000000005
2018,11,3,20,30,3.3000000000000003,75,931,624,0.23,915,26.3,290,4.5
2018,11,3,21,30,3.3000000000000003,68,867,471,0.23,915,25.8,293,4.2
2018,11,3,22,30,3.9000000000000004,55,743,277,0.23,915,23.700000000000003,303,2.8000000000000003
2018,11,3,23,30,7.9,32,432,77,0.23,916,22,310,1.8
2018,11,4,0,30,6.300000000000001,0,0,0,0.23,917,17.1,172,2.4000000000000004
2018,11,4,1,30,5.1000000000000005,0,0,0,0.23,919,15.600000000000001,16,3.4000000000000004
2018,11,4,2,30,4.800000000000001,0,0,0,0.23,921,14,34,3.4000000000000004
2018,11,4,3,30,5.1000000000000005,0,0,0,0.23,922,12.200000000000001,50,2.6
2018,11,4,4,30,5.4,0,0,0,0.23,923,10.8,64,1.8
2018,11,4,5,30,5.4,0,0,0,0.23,924,10,72,1.3
2018,11,4,6,30,5.1000000000000005,0,0,0,0.23,924,9.5,66,1
2018,11,4,7,30,4.9,0,0,0,0.23,924,9.3,43,0.8
2018,11,4,8,30,4.9,0,0,0,0.23,925,9,17,0.7000000000000001
2018,11,4,9,30,4.9,0,0,0,0.23,925,8.4,5,0.8
2018,11,4,10,30,4.6000000000000005,0,0,0,0.23,925,7.6000000000000005,5,1
2018,11,4,11,30,4.4,0,0,0,0.23,925,6.9,9,1.2000000000000002
2018,11,4,12,30,4.1000000000000005,0,0,0,0.23,926,6.4,13,1.2000000000000002
2018,11,4,13,30,3.8000000000000003,21,81,25,0.23,926,7.5,21,1.6
2018,11,4,14,30,3.7,53,671,220,0.23,926,10.200000000000001,54,2.2
2018,11,4,15,30,3.3000000000000003,69,823,417,0.23,926,12.9,98,2.8000000000000003
2018,11,4,16,30,3.2,77,900,581,0.23,926,15.200000000000001,124,3.3000000000000003
2018,11,4,17,30,3.8000000000000003,82,937,689,0.23,925,17,142,3.2
2018,11,4,18,30,4.3,83,950,732,0.23,923,18.6,157,3.1
2018,11,4,19,30,4.7,81,943,705,0.23,922,20,171,2.8000000000000003
2018,11,4,20,30,4.9,77,912,612,0.23,920,21.200000000000003,185,2.4000000000000004
2018,11,4,21,30,5,70,845,460,0.23,919,21.900000000000002,198,2.1
2018,11,4,22,30,5.300000000000001,57,714,268,0.23,918,21.200000000000003,192,1.4000000000000001
2018,11,4,23,30,8.3,32,392,72,0.23,918,20.400000000000002,181,0.8
2018,11,5,0,30,7.5,0,0,0,0.23,918,16.2,168,1.2000000000000002
2018,11,5,1,30,7.5,0,0,0,0.23,918,15.100000000000001,186,1.7000000000000002
2018,11,5,2,30,7.5,0,0,0,0.23,918,14.8,200,2.3000000000000003
2018,11,5,3,30,7.5,0,0,0,0.23,917,14.700000000000001,211,2.9000000000000004
2018,11,5,4,30,7.4,0,0,0,0.23,917,14.4,219,3.3000000000000003
2018,11,5,5,30,7.5,0,0,0,0.23,916,14,227,3.4000000000000004
2018,11,5,6,30,7.5,0,0,0,0.23,916,13.700000000000001,233,3.4000000000000004
2018,11,5,7,30,7.300000000000001,0,0,0,0.23,916,13.100000000000001,234,3.3000000000000003
2018,11,5,8,30,7.1000000000000005,0,0,0,0.23,916,12.700000000000001,234,3.3000000000000003
2018,11,5,9,30,6.9,0,0,0,0.23,915,12.700000000000001,236,3.5
2018,11,5,10,30,6.800000000000001,0,0,0,0.23,915,12.8,238,3.6
2018,11,5,11,30,6.5,0,0,0,0.23,915,12.700000000000001,241,3.5
2018,11,5,12,30,6.1000000000000005,0,0,0,0.23,916,12.5,246,3.5
2018,11,5,13,30,5.7,19,49,21,0.23,916,13.700000000000001,251,4.1000000000000005
2018,11,5,14,30,5.7,75,447,185,0.23,916,16.3,255,4.6000000000000005
2018,11,5,15,30,6.2,84,737,393,0.23,917,19.8,265,4.9
2018,11,5,16,30,5,215,408,442,0.23,916,23.200000000000003,283,5.6000000000000005
2018,11,5,17,30,3.2,233,494,551,0.23,916,25.400000000000002,293,5.6000000000000005
2018,11,5,18,30,3.4000000000000004,146,783,678,0.23,915,26.6,294,5.2
2018,11,5,19,30,3.6,233,521,576,0.23,915,27.400000000000002,292,5
2018,11,5,20,30,3.7,73,929,614,0.23,914,27.700000000000003,289,4.800000000000001
2018,11,5,21,30,3.7,65,872,464,0.23,914,27.3,283,4.2
2018,11,5,22,30,4.6000000000000005,53,753,273,0.23,914,25.200000000000003,277,2.8000000000000003
2018,11,5,23,30,9,30,437,73,0.23,914,23.5,274,1.8
2018,11,6,0,30,7.5,0,0,0,0.23,915,19.1,265,1.6
2018,11,6,1,30,6.9,0,0,0,0.23,916,17.900000000000002,258,1.7000000000000002
2018,11,6,2,30,6.6000000000000005,0,0,0,0.23,916,16.8,251,1.8
2018,11,6,3,30,6.300000000000001,0,0,0,0.23,916,15.9,247,1.8
2018,11,6,4,30,6,0,0,0,0.23,916,15.200000000000001,246,2
2018,11,6,5,30,5.7,0,0,0,0.23,916,14.8,246,2.2
2018,11,6,6,30,5.4,0,0,0,0.23,916,14.600000000000001,248,2.6
2018,11,6,7,30,5.300000000000001,0,0,0,0.23,916,14.3,250,3.1
2018,11,6,8,30,5.4,0,0,0,0.23,916,14,253,3.4000000000000004
2018,11,6,9,30,5.800000000000001,0,0,0,0.23,916,13.5,256,3.6
2018,11,6,10,30,6.1000000000000005,0,0,0,0.23,917,13,258,3.6
2018,11,6,11,30,6.4,0,0,0,0.23,917,12.5,260,3.6
2018,11,6,12,30,6.5,0,0,0,0.23,918,12.100000000000001,260,3.7
2018,11,6,13,30,6.6000000000000005,20,230,30,0.23,919,13,260,4.2
2018,11,6,14,30,7,50,690,218,0.23,919,15.600000000000001,259,4.5
2018,11,6,15,30,7.5,65,847,418,0.23,919,19.400000000000002,262,4.3
2018,11,6,16,30,7,75,919,582,0.23,919,23.3,275,4.9
2018,11,6,17,30,5.1000000000000005,79,956,691,0.23,918,26,283,5.300000000000001
2018,11,6,18,30,4.1000000000000005,80,970,735,0.23,918,27.400000000000002,281,5.1000000000000005
2018,11,6,19,30,3.5,79,962,708,0.23,917,28.1,277,4.9
2018,11,6,20,30,3,75,932,614,0.23,916,28.200000000000003,274,4.6000000000000005
2018,11,6,21,30,2.9000000000000004,67,867,461,0.23,916,27.700000000000003,274,4.1000000000000005
2018,11,6,22,30,3.9000000000000004,55,738,268,0.23,916,25.400000000000002,276,2.7
2018,11,6,23,30,8.8,31,410,70,0.23,917,23.5,276,1.7000000000000002
2018,11,7,0,30,7.6000000000000005,0,0,0,0.23,917,19.200000000000003,274,1.5
2018,11,7,1,30,7,0,0,0,0.23,918,18.2,269,1.5
2018,11,7,2,30,6.7,0,0,0,0.23,918,17.3,260,1.5
2018,11,7,3,30,6.5,0,0,0,0.23,919,16.400000000000002,249,1.6
2018,11,7,4,30,6.2,0,0,0,0.23,919,15.700000000000001,241,1.7000000000000002
2018,11,7,5,30,5.9,0,0,0,0.23,918,15.100000000000001,238,1.7000000000000002
2018,11,7,6,30,5.6000000000000005,0,0,0,0.23,918,14.700000000000001,239,1.8
2018,11,7,7,30,5.300000000000001,0,0,0,0.23,918,14.3,242,2
2018,11,7,8,30,5,0,0,0,0.23,918,14,247,2.2
2018,11,7,9,30,4.7,0,0,0,0.23,918,13.700000000000001,253,2.4000000000000004
2018,11,7,10,30,4.5,0,0,0,0.23,919,13.3,260,2.5
2018,11,7,11,30,4.5,0,0,0,0.23,919,12.9,268,2.6
2018,11,7,12,30,4.5,0,0,0,0.23,920,12.4,277,2.5
2018,11,7,13,30,4.6000000000000005,19,231,29,0.23,920,13.5,288,2.9000000000000004
2018,11,7,14,30,5.1000000000000005,48,694,214,0.23,921,16.1,298,3.4000000000000004
2018,11,7,15,30,5,63,846,412,0.23,922,18.6,317,3.6
2018,11,7,16,30,4.4,72,913,572,0.23,922,20.6,336,3.7
2018,11,7,17,30,3.9000000000000004,78,945,679,0.23,921,22.1,340,3.6
2018,11,7,18,30,3.9000000000000004,80,952,719,0.23,921,23.200000000000003,343,3.4000000000000004
2018,11,7,19,30,3.9000000000000004,79,944,693,0.23,920,23.900000000000002,350,3
2018,11,7,20,30,4.1000000000000005,76,913,601,0.23,920,24.200000000000003,185,2.7
2018,11,7,21,30,4.2,69,849,452,0.23,919,23.900000000000002,29,2.6
2018,11,7,22,30,4.4,55,722,262,0.23,919,22.3,53,2.5
2018,11,7,23,30,6.5,31,389,67,0.23,919,20.900000000000002,64,2.4000000000000004
2018,11,8,0,30,6.800000000000001,0,0,0,0.22,920,16.1,87,3
2018,11,8,1,30,7,0,0,0,0.22,920,14.4,97,3.2
2018,11,8,2,30,7.5,0,0,0,0.22,921,13,103,3
2018,11,8,3,30,7.800000000000001,0,0,0,0.22,922,11.9,104,2.7
2018,11,8,4,30,8,0,0,0,0.22,922,11,99,2.6
2018,11,8,5,30,8,0,0,0,0.22,922,10.200000000000001,94,2.7
2018,11,8,6,30,8.1,0,0,0,0.22,922,9.600000000000001,90,2.7
2018,11,8,7,30,8,0,0,0,0.22,922,9.4,86,2.7
2018,11,8,8,30,7.9,0,0,0,0.22,922,9.3,84,2.6
2018,11,8,9,30,7.800000000000001,0,0,0,0.22,922,9.3,83,2.5
2018,11,8,10,30,7.7,0,0,0,0.22,922,9.3,82,2.3000000000000003
2018,11,8,11,30,7.6000000000000005,0,0,0,0.22,922,9.3,82,2.2
2018,11,8,12,30,7.5,0,0,0,0.22,922,9.3,81,2.1
2018,11,8,13,30,7.4,19,114,24,0.22,922,9.8,80,2
2018,11,8,14,30,7.6000000000000005,49,289,117,0.22,923,10.9,78,1.9000000000000001
2018,11,8,15,30,7.7,69,0,69,0.22,923,12.200000000000001,75,1.8
2018,11,8,16,30,7.800000000000001,102,0,102,0.22,923,13.8,75,1.7000000000000002
2018,11,8,17,30,7.9,117,0,117,0.22,922,15.8,79,1.4000000000000001
2018,11,8,18,30,7.9,140,1,141,0.22,921,17.8,77,1.2000000000000002
2018,11,8,19,30,7.7,184,6,188,0.22,920,19.200000000000003,69,1.2000000000000002
2018,11,8,20,30,7.5,204,18,214,0.22,919,19.900000000000002,69,1.5
2018,11,8,21,30,7.300000000000001,105,634,389,0.22,919,20,77,2
2018,11,8,22,30,7.2,62,686,256,0.22,919,19,83,2.5
2018,11,8,23,30,8.200000000000001,32,343,63,0.22,919,18.1,84,2.7
2018,11,9,0,30,8.4,0,0,0,0.22,920,14,86,3.3000000000000003
2018,11,9,1,30,8.3,0,0,0,0.22,921,12.5,87,3.7
2018,11,9,2,30,8.4,0,0,0,0.22,922,11.200000000000001,86,3.6
2018,11,9,3,30,8.3,0,0,0,0.22,923,10.200000000000001,81,3.5
2018,11,9,4,30,8.1,0,0,0,0.22,924,9.600000000000001,74,3.6
2018,11,9,5,30,7.800000000000001,0,0,0,0.22,925,9.200000000000001,69,4.1000000000000005
2018,11,9,6,30,7.2,0,0,0,0.22,925,8.9,68,4.800000000000001
2018,11,9,7,30,6.4,0,0,0,0.22,926,8.5,66,5.2
2018,11,9,8,30,5.4,0,0,0,0.22,927,8.1,64,5.1000000000000005
2018,11,9,9,30,4.4,0,0,0,0.22,927,7.800000000000001,62,4.7
2018,11,9,10,30,3.6,0,0,0,0.22,928,7.6000000000000005,60,4.3
2018,11,9,11,30,2.9000000000000004,0,0,0,0.22,928,7.300000000000001,58,4
2018,11,9,12,30,2.3000000000000003,0,0,0,0.22,929,7.1000000000000005,58,3.8000000000000003
2018,11,9,13,30,1.6,18,111,22,0.22,930,7.1000000000000005,60,3.7
2018,11,9,14,30,1,52,293,120,0.22,930,7.5,62,3.8000000000000003
2018,11,9,15,30,0.5,112,2,113,0.22,931,8.5,65,4
2018,11,9,16,30,0.4,159,7,163,0.22,931,10,67,4
2018,11,9,17,30,0.4,286,80,336,0.22,930,11.700000000000001,69,4.1000000000000005
2018,11,9,18,30,0.30000000000000004,285,88,343,0.22,929,13.100000000000001,70,4.2
2018,11,9,19,30,-0.1,276,168,384,0.22,929,14.100000000000001,74,4.4
2018,11,9,20,30,-0.6000000000000001,90,887,594,0.22,928,14.5,78,4.6000000000000005
2018,11,9,21,30,-1.1,81,819,445,0.22,928,14.200000000000001,84,4.6000000000000005
2018,11,9,22,30,-1.4000000000000001,64,683,255,0.22,929,13.200000000000001,92,4.1000000000000005
2018,11,9,23,30,-1.3,32,338,62,0.22,929,12.4,95,3.8000000000000003
2018,11,10,0,30,-0.30000000000000004,0,0,0,0.22,930,8.8,105,2.5
2018,11,10,1,30,-0.6000000000000001,0,0,0,0.22,931,7.9,110,2.8000000000000003
2018,11,10,2,30,-0.8,0,0,0,0.22,931,7.1000000000000005,114,3.1
2018,11,10,3,30,-0.8,0,0,0,0.22,932,6.300000000000001,117,3
2018,11,10,4,30,-0.7000000000000001,0,0,0,0.22,931,5.6000000000000005,120,2.8000000000000003
2018,11,10,5,30,-0.6000000000000001,0,0,0,0.22,931,4.9,123,2.3000000000000003
2018,11,10,6,30,-0.4,0,0,0,0.22,931,4.2,126,1.8
2018,11,10,7,30,-0.30000000000000004,0,0,0,0.22,930,3.7,130,1.4000000000000001
2018,11,10,8,30,-0.2,0,0,0,0.22,930,3.3000000000000003,134,1.2000000000000002
2018,11,10,9,30,-0.1,0,0,0,0.22,930,3.2,135,1.1
2018,11,10,10,30,-0.1,0,0,0,0.22,929,3.3000000000000003,137,1.3
2018,11,10,11,30,0,0,0,0,0.22,929,3.7,142,1.7000000000000002
2018,11,10,12,30,0,0,0,0,0.22,929,4.3,147,2.3000000000000003
2018,11,10,13,30,0.2,19,131,23,0.22,929,5.5,152,3.1
2018,11,10,14,30,0.4,54,390,144,0.22,929,7.7,157,4.1000000000000005
2018,11,10,15,30,0.5,113,118,160,0.22,928,9.8,163,4.5
2018,11,10,16,30,1.1,161,8,165,0.22,928,11.8,168,4.3
2018,11,10,17,30,2.2,194,9,200,0.22,926,13.9,172,3.9000000000000004
2018,11,10,18,30,3.4000000000000004,269,329,486,0.22,925,15.9,176,3.3000000000000003
2018,11,10,19,30,4.4,98,903,675,0.22,923,17.5,180,2.8000000000000003
2018,11,10,20,30,5.2,113,767,546,0.22,922,18.5,182,2.4000000000000004
2018,11,10,21,30,5.7,81,800,434,0.22,921,18.8,182,2.2
2018,11,10,22,30,6.1000000000000005,61,690,252,0.22,921,17.7,171,1.7000000000000002
2018,11,10,23,30,7.5,32,344,61,0.22,921,16.8,161,1.3
2018,11,11,0,30,6.7,0,0,0,0.23,921,12.600000000000001,146,1.6
2018,11,11,1,30,6.4,0,0,0,0.23,921,11.600000000000001,155,1.9000000000000001
2018,11,11,2,30,6.300000000000001,0,0,0,0.23,921,10.700000000000001,166,2.1
2018,11,11,3,30,6.4,0,0,0,0.23,921,9.9,177,2.2
2018,11,11,4,30,6.4,0,0,0,0.23,921,9.3,189,2.2
2018,11,11,5,30,6.5,0,0,0,0.23,921,8.8,202,2.2
2018,11,11,6,30,6.5,0,0,0,0.23,920,8.4,214,2.1
2018,11,11,7,30,6.6000000000000005,0,0,0,0.23,920,8,223,1.9000000000000001
2018,11,11,8,30,6.7,0,0,0,0.23,920,7.800000000000001,230,1.8
2018,11,11,9,30,6.800000000000001,0,0,0,0.23,920,7.7,236,1.8
2018,11,11,10,30,6.9,0,0,0,0.23,920,7.5,240,1.7000000000000002
2018,11,11,11,30,7,0,0,0,0.23,920,7.4,242,1.7000000000000002
2018,11,11,12,30,7.1000000000000005,0,0,0,0.23,920,7.300000000000001,243,1.8
2018,11,11,13,30,7.2,11,2,11,0.23,920,8.6,243,2.2
2018,11,11,14,30,7.4,71,396,161,0.23,921,11.600000000000001,245,2.6
2018,11,11,15,30,7.9,128,471,316,0.23,921,15.3,249,2.3000000000000003
2018,11,11,16,30,8,134,685,499,0.23,920,19,255,2.2
2018,11,11,17,30,7.6000000000000005,103,869,643,0.23,920,21.900000000000002,258,2.5
2018,11,11,18,30,7.2,85,939,701,0.23,918,23.700000000000003,257,2.8000000000000003
2018,11,11,19,30,7,108,859,654,0.23,917,24.6,255,2.9000000000000004
2018,11,11,20,30,7,96,836,566,0.23,916,25,252,3.1
2018,11,11,21,30,7.1000000000000005,93,731,413,0.23,916,24.8,250,3
2018,11,11,22,30,7.300000000000001,77,520,220,0.23,915,23.200000000000003,252,2.1
2018,11,11,23,30,10.4,31,224,50,0.23,915,21.8,254,1.3
2018,11,12,0,30,8.8,0,0,0,0.22,916,19,263,1.2000000000000002
2018,11,12,1,30,8.4,0,0,0,0.22,916,18.1,268,1.2000000000000002
2018,11,12,2,30,8.6,0,0,0,0.22,917,16.8,273,1.3
2018,11,12,3,30,8.700000000000001,0,0,0,0.22,917,15.5,280,1.5
2018,11,12,4,30,8.200000000000001,0,0,0,0.22,918,14.3,286,1.9000000000000001
2018,11,12,5,30,7.1000000000000005,0,0,0,0.22,918,12.8,292,2.6
2018,11,12,6,30,5.4,0,0,0,0.22,919,11.4,299,3.2
2018,11,12,7,30,3.7,0,0,0,0.22,920,10,311,4
2018,11,12,8,30,2.8000000000000003,0,0,0,0.22,921,8.5,325,5.300000000000001
2018,11,12,9,30,2.6,0,0,0,0.22,922,6.7,335,6
2018,11,12,10,30,2.4000000000000004,0,0,0,0.22,924,5.2,345,6.1000000000000005
2018,11,12,11,30,1.2000000000000002,0,0,0,0.22,925,4.3,176,6
2018,11,12,12,30,-0.30000000000000004,0,0,0,0.22,927,3.7,4,5.7
2018,11,12,13,30,-1.7000000000000002,17,83,19,0.22,928,3.3000000000000003,9,5.6000000000000005
2018,11,12,14,30,-2.7,67,355,146,0.22,929,3.6,16,6
2018,11,12,15,30,-3.4000000000000004,74,0,74,0.22,930,4.6000000000000005,23,6.2
2018,11,12,16,30,-3.7,59,0,59,0.22,930,5.800000000000001,26,6.1000000000000005
2018,11,12,17,30,-4,128,0,128,0.22,930,6.7,25,5.800000000000001
2018,11,12,18,30,-4.3,111,0,111,0.22,930,7.2,24,5.7
2018,11,12,19,30,-4.7,124,0,124,0.22,930,7.4,23,5.6000000000000005
2018,11,12,20,30,-5.2,143,4,145,0.22,931,7.300000000000001,21,5.6000000000000005
2018,11,12,21,30,-5.800000000000001,52,0,52,0.22,931,6.6000000000000005,21,5.6000000000000005
2018,11,12,22,30,-6.4,27,0,27,0.22,932,5.5,23,5.6000000000000005
2018,11,12,23,30,-6.9,12,0,12,0.22,932,4.9,24,5.6000000000000005
2018,11,13,0,30,-7,0,0,0,0.22,934,2.9000000000000004,28,4.6000000000000005
2018,11,13,1,30,-6.9,0,0,0,0.22,935,2,30,4.1000000000000005
2018,11,13,2,30,-6.800000000000001,0,0,0,0.22,936,1.1,28,3.4000000000000004
2018,11,13,3,30,-6.800000000000001,0,0,0,0.22,936,0.30000000000000004,22,2.6
2018,11,13,4,30,-6.7,0,0,0,0.22,936,-0.5,11,1.9000000000000001
2018,11,13,5,30,-6.800000000000001,0,0,0,0.22,936,-1.2000000000000002,176,1.5
2018,11,13,6,30,-6.9,0,0,0,0.22,936,-1.9000000000000001,336,1.2000000000000002
2018,11,13,7,30,-7,0,0,0,0.22,936,-2.4000000000000004,315,1.1
2018,11,13,8,30,-7.1000000000000005,0,0,0,0.22,936,-2.8000000000000003,301,1.1
2018,11,13,9,30,-7.300000000000001,0,0,0,0.22,936,-3.1,295,1.2000000000000002
2018,11,13,10,30,-7.4,0,0,0,0.22,937,-3.3000000000000003,295,1.2000000000000002
2018,11,13,11,30,-7.5,0,0,0,0.22,937,-3.5,299,1.3
2018,11,13,12,30,-7.6000000000000005,0,0,0,0.22,937,-3.6,306,1.5
2018,11,13,13,30,-7.800000000000001,16,167,20,0.22,938,-2.4000000000000004,313,2.2
2018,11,13,14,30,-7.6000000000000005,51,686,202,0.22,938,0.4,325,3.1
2018,11,13,15,30,-7.9,67,867,407,0.22,938,3.1,343,3.2
2018,11,13,16,30,-8.6,76,955,579,0.22,938,5.1000000000000005,352,3
2018,11,13,17,30,-9.3,81,995,692,0.22,938,6.7,349,2.8000000000000003
2018,11,13,18,30,-10,82,1011,738,0.22,937,8,342,2.8000000000000003
2018,11,13,19,30,-10.600000000000001,78,996,705,0.22,935,8.9,339,2.9000000000000004
2018,11,13,20,30,-11.100000000000001,75,966,611,0.22,935,9.3,340,3.1
2018,11,13,21,30,-11.4,68,901,458,0.22,934,9.200000000000001,343,3.1
2018,11,13,22,30,-11.3,54,772,262,0.22,934,8.1,344,2.3000000000000003
2018,11,13,23,30,-7.4,28,419,61,0.22,934,7.1000000000000005,345,1.6
2018,11,14,0,30,-6.800000000000001,0,0,0,0.22,935,4,322,0.9
2018,11,14,1,30,-7.7,0,0,0,0.22,935,3.5,291,0.9
2018,11,14,2,30,-8.1,0,0,0,0.22,935,2.6,267,1.1
2018,11,14,3,30,-8.3,0,0,0,0.22,935,1.7000000000000002,262,1.4000000000000001
2018,11,14,4,30,-8.5,0,0,0,0.22,935,1,263,1.6
2018,11,14,5,30,-8.8,0,0,0,0.22,935,0.5,267,1.7000000000000002
2018,11,14,6,30,-9.1,0,0,0,0.22,935,0.1,272,1.8
2018,11,14,7,30,-9.3,0,0,0,0.22,935,-0.30000000000000004,279,1.7000000000000002
2018,11,14,8,30,-9.4,0,0,0,0.22,935,-0.7000000000000001,287,1.6
2018,11,14,9,30,-9.5,0,0,0,0.22,934,-1,294,1.6
2018,11,14,10,30,-9.5,0,0,0,0.22,934,-1.3,298,1.6
2018,11,14,11,30,-9.600000000000001,0,0,0,0.22,934,-1.5,299,1.6
2018,11,14,12,30,-9.700000000000001,0,0,0,0.22,934,-1.7000000000000002,299,1.6
2018,11,14,13,30,-9.700000000000001,16,190,20,0.22,935,-0.1,298,2
2018,11,14,14,30,-8.8,45,711,199,0.22,935,3.3000000000000003,297,2.7
2018,11,14,15,30,-9.4,60,875,400,0.22,935,7,301,2.7
2018,11,14,16,30,-9.700000000000001,68,951,565,0.22,934,10.3,312,2.3000000000000003
2018,11,14,17,30,-9.200000000000001,74,985,675,0.22,933,12.4,324,2
2018,11,14,18,30,-7.9,77,990,716,0.22,932,13.9,333,2
2018,11,14,19,30,-6.7,74,984,690,0.22,931,14.8,337,2
2018,11,14,20,30,-5.9,70,956,598,0.22,930,15.200000000000001,341,1.9000000000000001
2018,11,14,21,30,-5.5,62,895,447,0.22,929,15.100000000000001,349,1.5
2018,11,14,22,30,-5.1000000000000005,50,760,253,0.22,929,13.9,200,0.9
2018,11,14,23,30,-1.3,26,410,58,0.22,929,12.9,47,0.5
2018,11,15,0,30,-3.3000000000000003,0,0,0,0.22,929,9.9,121,1
2018,11,15,1,30,-3.5,0,0,0,0.22,929,8.3,149,1.3
2018,11,15,2,30,-3.2,0,0,0,0.22,929,6.800000000000001,169,1.4000000000000001
2018,11,15,3,30,-3.2,0,0,0,0.22,929,5.800000000000001,187,1.5
2018,11,15,4,30,-3.4000000000000004,0,0,0,0.22,929,5.2,205,1.6
2018,11,15,5,30,-3.5,0,0,0,0.22,929,4.800000000000001,225,1.7000000000000002
2018,11,15,6,30,-3.6,0,0,0,0.22,928,4.6000000000000005,242,1.7000000000000002
2018,11,15,7,30,-3.8000000000000003,0,0,0,0.22,928,4.4,256,1.8
2018,11,15,8,30,-4.1000000000000005,0,0,0,0.22,928,4.3,264,1.9000000000000001
2018,11,15,9,30,-4.4,0,0,0,0.22,927,4.2,268,2
2018,11,15,10,30,-4.5,0,0,0,0.22,927,4.1000000000000005,270,2
2018,11,15,11,30,-4.7,0,0,0,0.22,927,3.9000000000000004,270,2.1
2018,11,15,12,30,-4.800000000000001,0,0,0,0.22,927,3.7,268,2.1
2018,11,15,13,30,-4.9,11,78,13,0.22,927,4.800000000000001,267,2.6
2018,11,15,14,30,-4.800000000000001,78,227,126,0.22,927,7.2,265,3.3000000000000003
2018,11,15,15,30,-5.2,111,568,330,0.22,927,10.200000000000001,264,3.5
2018,11,15,16,30,-5,87,875,541,0.22,927,13.5,263,3.2
2018,11,15,17,30,-5.9,76,972,666,0.22,926,16.2,260,3
2018,11,15,18,30,-5.7,88,955,701,0.22,925,17.900000000000002,254,2.6
2018,11,15,19,30,-5.4,76,982,687,0.22,924,18.8,252,2.4000000000000004
2018,11,15,20,30,-5.1000000000000005,72,950,594,0.22,923,19.1,252,2.1
2018,11,15,21,30,-4.800000000000001,76,827,429,0.22,923,18.900000000000002,253,1.8
2018,11,15,22,30,-2.9000000000000004,52,758,253,0.22,923,17.2,252,1.1
2018,11,15,23,30,1.3,27,397,57,0.22,923,15.8,250,0.6000000000000001
2018,11,16,0,30,-2.5,0,0,0,0.22,923,12.700000000000001,221,1
2018,11,16,1,30,-3.1,0,0,0,0.22,924,11.3,211,1.2000000000000002
2018,11,16,2,30,-3.3000000000000003,0,0,0,0.22,924,10,213,1.4000000000000001
2018,11,16,3,30,-3.5,0,0,0,0.22,924,8.700000000000001,224,1.5
2018,11,16,4,30,-3.7,0,0,0,0.22,924,7.6000000000000005,237,1.6
2018,11,16,5,30,-4.1000000000000005,0,0,0,0.22,924,6.6000000000000005,247,1.7000000000000002
2018,11,16,6,30,-4.7,0,0,0,0.22,924,5.800000000000001,255,1.8
2018,11,16,7,30,-5.2,0,0,0,0.22,924,5,260,1.9000000000000001
2018,11,16,8,30,-5.7,0,0,0,0.22,924,4.4,263,2
2018,11,16,9,30,-5.9,0,0,0,0.22,924,3.9000000000000004,266,2
2018,11,16,10,30,-5.9,0,0,0,0.22,924,3.5,268,1.9000000000000001
2018,11,16,11,30,-5.9,0,0,0,0.22,924,3.1,270,1.9000000000000001
2018,11,16,12,30,-6,0,0,0,0.22,924,2.8000000000000003,272,1.8
2018,11,16,13,30,-5.9,14,164,17,0.22,925,4.1000000000000005,272,1.9000000000000001
2018,11,16,14,30,-4.5,45,705,193,0.22,925,7.5,272,2.5
2018,11,16,15,30,-5.2,61,883,398,0.22,925,11.200000000000001,271,2.6
2018,11,16,16,30,-5.2,70,960,565,0.22,924,14.600000000000001,262,2
2018,11,16,17,30,-6.2,79,988,675,0.22,924,17.5,242,1.7000000000000002
2018,11,16,18,30,-7,167,718,626,0.22,923,19.400000000000002,228,1.8
2018,11,16,19,30,-7.2,96,943,680,0.22,922,20.400000000000002,231,2
2018,11,16,20,30,-7.1000000000000005,82,944,598,0.22,921,20.8,237,2
2018,11,16,21,30,-6.800000000000001,89,775,418,0.22,921,20.400000000000002,240,1.7000000000000002
2018,11,16,22,30,-3.6,64,638,232,0.22,920,18.6,235,1
2018,11,16,23,30,0.1,29,331,53,0.22,920,17.2,228,0.6000000000000001
2018,11,17,0,30,-3.1,0,0,0,0.22,921,13.9,186,1
2018,11,17,1,30,-2.8000000000000003,0,0,0,0.22,921,12.200000000000001,178,1.3
2018,11,17,2,30,-2.6,0,0,0,0.22,921,10.8,185,1.4000000000000001
2018,11,17,3,30,-2.4000000000000004,0,0,0,0.22,920,9.700000000000001,201,1.5
2018,11,17,4,30,-2.4000000000000004,0,0,0,0.22,920,8.9,218,1.6
2018,11,17,5,30,-2.5,0,0,0,0.22,920,8.200000000000001,233,1.8
2018,11,17,6,30,-2.8000000000000003,0,0,0,0.22,920,7.7,240,2.2
2018,11,17,7,30,-3.2,0,0,0,0.22,920,7.5,243,2.5
2018,11,17,8,30,-3.6,0,0,0,0.22,920,7.300000000000001,245,2.9000000000000004
2018,11,17,9,30,-3.8000000000000003,0,0,0,0.22,920,7,247,3
2018,11,17,10,30,-3.9000000000000004,0,0,0,0.22,920,6.5,251,3
2018,11,17,11,30,-3.9000000000000004,0,0,0,0.22,920,6,256,2.8000000000000003
2018,11,17,12,30,-4,0,0,0,0.22,921,5.4,261,2.7
2018,11,17,13,30,-4,11,111,13,0.22,922,6.300000000000001,268,2.9000000000000004
2018,11,17,14,30,-3.6,50,628,180,0.22,922,9.1,275,3.3000000000000003
2018,11,17,15,30,-3.2,67,823,378,0.22,923,12.5,289,3.2
2018,11,17,16,30,-2.8000000000000003,101,808,515,0.22,922,16,308,3.5
2018,11,17,17,30,-3.8000000000000003,134,777,600,0.22,922,18.6,319,4.1000000000000005
2018,11,17,18,30,-4.2,248,454,537,0.22,921,20,323,4.2
2018,11,17,19,30,-4.1000000000000005,278,196,399,0.22,921,20.5,326,4
2018,11,17,20,30,-3.9000000000000004,173,17,182,0.22,921,20.6,331,3.7
2018,11,17,21,30,-3.7,125,19,133,0.22,921,19.900000000000002,342,3.4000000000000004
2018,11,17,22,30,-2.7,90,293,166,0.22,921,17.400000000000002,181,2.5
2018,11,17,23,30,1.6,26,185,39,0.22,921,15.4,13,1.8
2018,11,18,0,30,1,0,0,0,0.22,923,11,33,2
2018,11,18,1,30,1.1,0,0,0,0.22,923,9.9,44,2.2
2018,11,18,2,30,1.4000000000000001,0,0,0,0.22,924,8.700000000000001,55,2.2
2018,11,18,3,30,1.5,0,0,0,0.22,925,7.4,65,2.2
2018,11,18,4,30,1.6,0,0,0,0.22,926,6.2,71,2.2
2018,11,18,5,30,1.6,0,0,0,0.22,926,5.1000000000000005,73,2.1
2018,11,18,6,30,1.4000000000000001,0,0,0,0.22,926,4,69,2
2018,11,18,7,30,1.2000000000000002,0,0,0,0.22,927,3,62,1.8
2018,11,18,8,30,0.8,0,0,0,0.22,927,2.3000000000000003,57,1.7000000000000002
2018,11,18,9,30,0.30000000000000004,0,0,0,0.22,928,1.7000000000000002,56,1.6
2018,11,18,10,30,-0.30000000000000004,0,0,0,0.22,928,1.4000000000000001,60,1.6
2018,11,18,11,30,-0.9,0,0,0,0.22,928,1.3,67,1.6
2018,11,18,12,30,-1.3,0,0,0,0.22,929,1.3,74,1.8
2018,11,18,13,30,-1.8,4,15,4,0.22,929,1.9000000000000001,77,2.6
2018,11,18,14,30,-2.4000000000000004,54,352,126,0.22,930,3,79,3.3000000000000003
2018,11,18,15,30,-2.8000000000000003,70,0,70,0.22,930,4.4,81,3.2
2018,11,18,16,30,-2.4000000000000004,153,7,157,0.22,929,6.1000000000000005,83,2.7
2018,11,18,17,30,-1.8,208,18,219,0.22,929,7.9,84,2.2
2018,11,18,18,30,-1.3,250,39,275,0.22,927,9.4,87,1.8
2018,11,18,19,30,-0.9,211,449,486,0.22,926,10.4,92,1.4000000000000001
2018,11,18,20,30,-0.8,200,412,423,0.22,925,10.8,95,1.2000000000000002
2018,11,18,21,30,-0.7000000000000001,118,543,346,0.22,925,11,93,1.3
2018,11,18,22,30,-0.6000000000000001,64,632,227,0.22,925,10.3,87,1.3
2018,11,18,23,30,0.5,27,162,38,0.22,925,9.600000000000001,82,1.4000000000000001
2018,11,19,0,30,0.4,0,0,0,0.23,925,6.2,87,1.7000000000000002
2018,11,19,1,30,0,0,0,0,0.23,925,5.4,100,2
2018,11,19,2,30,-0.1,0,0,0,0.23,926,4.7,113,1.9000000000000001
2018,11,19,3,30,-0.1,0,0,0,0.23,926,3.9000000000000004,123,1.8
2018,11,19,4,30,0,0,0,0,0.23,925,3.3000000000000003,129,1.7000000000000002
2018,11,19,5,30,0.1,0,0,0,0.23,925,2.7,134,1.5
2018,11,19,6,30,0.4,0,0,0,0.23,925,2.2,140,1.2000000000000002
2018,11,19,7,30,0.6000000000000001,0,0,0,0.23,925,2.1,147,1.1
2018,11,19,8,30,0.7000000000000001,0,0,0,0.23,925,2.2,155,0.8
2018,11,19,9,30,0.8,0,0,0,0.23,924,2.3000000000000003,199,0.4
2018,11,19,10,30,0.9,0,0,0,0.23,924,2.4000000000000004,286,0.30000000000000004
2018,11,19,11,30,0.9,0,0,0,0.23,924,2.3000000000000003,333,0.5
2018,11,19,12,30,1,0,0,0,0.23,925,2.2,326,0.5
2018,11,19,13,30,0.9,10,80,11,0.23,925,2.9000000000000004,320,0.7000000000000001
2018,11,19,14,30,1.1,53,505,154,0.23,926,5.1000000000000005,316,1.1
2018,11,19,15,30,1.3,136,19,143,0.23,926,8,311,1.2000000000000002
2018,11,19,16,30,1.8,92,841,517,0.23,926,11,317,1.1
2018,11,19,17,30,1.9000000000000001,91,912,632,0.23,925,13.600000000000001,334,1.1
2018,11,19,18,30,1.8,92,927,675,0.23,925,15.700000000000001,346,1.2000000000000002
2018,11,19,19,30,1.7000000000000002,91,918,651,0.23,924,17.3,351,1.3
2018,11,19,20,30,1.3,86,885,562,0.23,923,18.3,177,1.4000000000000001
2018,11,19,21,30,1,76,815,416,0.23,923,18.3,15,1.4000000000000001
2018,11,19,22,30,1.2000000000000002,59,667,230,0.23,924,16.5,47,1.3
2018,11,19,23,30,4,27,291,47,0.23,924,14.9,66,1.1
2018,11,20,0,30,2.6,0,0,0,0.23,925,10.3,102,1.5
2018,11,20,1,30,2.3000000000000003,0,0,0,0.23,925,9,120,1.7000000000000002
2018,11,20,2,30,2.3000000000000003,0,0,0,0.23,926,8,134,1.8
2018,11,20,3,30,2.3000000000000003,0,0,0,0.23,927,7.1000000000000005,141,1.7000000000000002
2018,11,20,4,30,2.3000000000000003,0,0,0,0.23,927,6.300000000000001,140,1.4000000000000001
2018,11,20,5,30,2.4000000000000004,0,0,0,0.23,927,5.7,127,1.3
2018,11,20,6,30,2.5,0,0,0,0.23,928,5,106,1.3
2018,11,20,7,30,2.7,0,0,0,0.23,928,4.2,86,1.3
2018,11,20,8,30,2.7,0,0,0,0.23,928,3.5,75,1.4000000000000001
2018,11,20,9,30,2.7,0,0,0,0.23,928,2.8000000000000003,67,1.4000000000000001
2018,11,20,10,30,2.2,0,0,0,0.23,928,2.2,61,1.4000000000000001
2018,11,20,11,30,1.8,0,0,0,0.23,929,1.8,58,1.3
2018,11,20,12,30,1.8,0,0,0,0.23,930,1.8,58,1.2000000000000002
2018,11,20,13,30,1.6,9,73,10,0.23,930,2.4000000000000004,63,1.5
2018,11,20,14,30,1.3,55,565,166,0.23,931,4,80,2
2018,11,20,15,30,1.8,76,770,359,0.23,931,6.5,106,2.6
2018,11,20,16,30,2.2,86,865,520,0.23,930,9.600000000000001,122,3.4000000000000004
2018,11,20,17,30,2.2,88,916,629,0.23,930,12.200000000000001,123,3.7
2018,11,20,18,30,1.9000000000000001,88,934,673,0.23,928,14.100000000000001,119,3.7
2018,11,20,19,30,1.6,86,926,649,0.23,927,15.5,116,3.7
2018,11,20,20,30,1.4000000000000001,84,885,558,0.23,926,16.2,112,3.8000000000000003
2018,11,20,21,30,1.2000000000000002,77,807,412,0.23,926,16.1,108,3.9000000000000004
2018,11,20,22,30,1.2000000000000002,60,654,227,0.23,926,14.600000000000001,101,3.3000000000000003
2018,11,20,23,30,1.9000000000000001,28,272,46,0.23,926,13.3,97,2.7
2018,11,21,0,30,1.3,0,0,0,0.23,926,9.700000000000001,102,2.6
2018,11,21,1,30,1,0,0,0,0.23,927,9,109,2.8000000000000003
2018,11,21,2,30,1.1,0,0,0,0.23,927,8.3,115,2.8000000000000003
2018,11,21,3,30,1.4000000000000001,0,0,0,0.23,927,7.5,121,2.6
2018,11,21,4,30,1.8,0,0,0,0.23,927,6.7,126,2.4000000000000004
2018,11,21,5,30,2,0,0,0,0.23,927,5.9,131,2.2
2018,11,21,6,30,2.3000000000000003,0,0,0,0.23,927,5.2,137,1.8
2018,11,21,7,30,2.6,0,0,0,0.23,926,4.5,141,1.5
2018,11,21,8,30,2.9000000000000004,0,0,0,0.23,926,4.1000000000000005,142,1.3
2018,11,21,9,30,3.2,0,0,0,0.23,926,3.9000000000000004,135,1
2018,11,21,10,30,3.3000000000000003,0,0,0,0.23,926,3.8000000000000003,107,0.8
2018,11,21,11,30,3.4000000000000004,0,0,0,0.23,927,3.7,77,0.8
2018,11,21,12,30,3.3000000000000003,0,0,0,0.23,927,3.5,65,0.9
2018,11,21,13,30,3.2,8,28,8,0.23,928,4,68,1.1
2018,11,21,14,30,3.3000000000000003,72,390,148,0.23,928,5.7,75,1
2018,11,21,15,30,3.9000000000000004,111,601,330,0.23,928,8.200000000000001,60,0.8
2018,11,21,16,30,4.6000000000000005,131,714,487,0.23,928,10.700000000000001,30,1
2018,11,21,17,30,5.1000000000000005,132,793,597,0.23,928,12.8,14,1.3
2018,11,21,18,30,5.4,121,842,646,0.23,927,14.4,13,1.5
2018,11,21,19,30,5.6000000000000005,116,843,626,0.23,926,15.3,18,1.7000000000000002
2018,11,21,20,30,5.7,106,818,542,0.23,926,15.700000000000001,26,1.8
2018,11,21,21,30,5.7,91,749,400,0.23,925,15.5,35,1.7000000000000002
2018,11,21,22,30,5.6000000000000005,67,603,220,0.23,926,14.3,49,1.3
2018,11,21,23,30,6.2,28,230,43,0.23,926,13.3,58,1
2018,11,22,0,30,5.6000000000000005,0,0,0,0.23,926,9.600000000000001,92,1.2000000000000002
2018,11,22,1,30,5.4,0,0,0,0.23,927,8.6,110,1.3
2018,11,22,2,30,5.300000000000001,0,0,0,0.23,927,7.9,128,1.3
2018,11,22,3,30,5.300000000000001,0,0,0,0.23,927,7.300000000000001,145,1.3
2018,11,22,4,30,5.4,0,0,0,0.23,927,6.800000000000001,160,1.2000000000000002
2018,11,22,5,30,5.5,0,0,0,0.23,927,6.7,174,1.1
2018,11,22,6,30,5.6000000000000005,0,0,0,0.23,927,6.9,187,0.8
2018,11,22,7,30,5.5,0,0,0,0.23,927,7,185,0.5
2018,11,22,8,30,5.5,0,0,0,0.23,926,6.9,245,0.30000000000000004
2018,11,22,9,30,5.4,0,0,0,0.23,926,6.6000000000000005,327,0.30000000000000004
2018,11,22,10,30,5.300000000000001,0,0,0,0.23,926,6.300000000000001,182,0.4
2018,11,22,11,30,5.1000000000000005,0,0,0,0.23,926,5.9,183,0.4
2018,11,22,12,30,5,0,0,0,0.23,926,5.5,338,0.5
2018,11,22,13,30,4.7,7,48,7,0.23,927,5.800000000000001,339,0.6000000000000001
2018,11,22,14,30,4.7,56,537,158,0.23,927,7.7,333,0.7000000000000001
2018,11,22,15,30,5.1000000000000005,129,11,133,0.23,927,10.4,187,0.5
2018,11,22,16,30,5.4,216,94,263,0.23,926,13.3,102,0.30000000000000004
2018,11,22,17,30,5.4,158,668,548,0.23,925,16.2,158,0.5
2018,11,22,18,30,5.300000000000001,90,918,659,0.23,924,18.5,171,1
2018,11,22,19,30,5.1000000000000005,190,587,543,0.23,922,20.1,178,1.2000000000000002
2018,11,22,20,30,4.800000000000001,212,45,236,0.23,921,20.400000000000002,168,1
2018,11,22,21,30,6.4,165,286,283,0.23,920,19.400000000000002,118,0.5
2018,11,22,22,30,7.6000000000000005,92,111,120,0.23,920,17.6,81,0.4
2018,11,22,23,30,6.9,16,0,16,0.23,920,16.7,83,0.5
2018,11,23,0,30,6.5,0,0,0,0.23,920,14.700000000000001,145,0.8
2018,11,23,1,30,6.4,0,0,0,0.23,920,14,193,1.2000000000000002
2018,11,23,2,30,6.2,0,0,0,0.23,920,13.9,228,2.1
2018,11,23,3,30,5.7,0,0,0,0.23,920,13.9,244,2.9000000000000004
2018,11,23,4,30,5.2,0,0,0,0.23,919,13.5,250,3.3000000000000003
2018,11,23,5,30,4.7,0,0,0,0.23,919,12.700000000000001,251,3.5
2018,11,23,6,30,4.3,0,0,0,0.23,919,12,252,3.8000000000000003
2018,11,23,7,30,4,0,0,0,0.23,919,11.4,255,4.1000000000000005
2018,11,23,8,30,3.8000000000000003,0,0,0,0.23,919,10.9,259,4.4
2018,11,23,9,30,3.8000000000000003,0,0,0,0.23,919,10.600000000000001,263,4.6000000000000005
2018,11,23,10,30,3.9000000000000004,0,0,0,0.23,919,10.100000000000001,265,4.4
2018,11,23,11,30,3.8000000000000003,0,0,0,0.23,919,9.600000000000001,267,4.2
2018,11,23,12,30,3.7,0,0,0,0.23,920,9.1,269,4.1000000000000005
2018,11,23,13,30,3.6,4,0,4,0.23,921,9.5,270,4.4
2018,11,23,14,30,3.6,65,279,117,0.23,922,11.5,271,4.7
2018,11,23,15,30,3.8000000000000003,141,88,173,0.23,922,14.5,284,4.9
2018,11,23,16,30,2.2,195,366,375,0.23,922,17.400000000000002,301,5.1000000000000005
2018,11,23,17,30,-0.5,151,712,564,0.23,922,19.3,304,4.9
2018,11,23,18,30,-2.2,73,1002,692,0.23,921,20.5,300,4.6000000000000005
2018,11,23,19,30,-3.3000000000000003,116,848,624,0.23,920,21,296,4.3
2018,11,23,20,30,-4.1000000000000005,143,648,485,0.23,919,21,292,4
2018,11,23,21,30,-4.2,89,724,385,0.23,918,20.3,286,3.1
2018,11,23,22,30,-0.1,78,409,180,0.23,918,17.8,275,1.9000000000000001
2018,11,23,23,30,2.6,25,82,30,0.23,918,16,268,1.4000000000000001
2018,11,24,0,30,1,0,0,0,0.23,918,13.200000000000001,259,2
2018,11,24,1,30,0.5,0,0,0,0.23,919,12.600000000000001,260,2.5
2018,11,24,2,30,0.1,0,0,0,0.23,919,12.100000000000001,263,2.9000000000000004
2018,11,24,3,30,-0.1,0,0,0,0.23,919,11.3,267,2.9000000000000004
2018,11,24,4,30,-0.2,0,0,0,0.23,918,10.600000000000001,271,2.8000000000000003
2018,11,24,5,30,-0.30000000000000004,0,0,0,0.23,918,9.8,275,2.6
2018,11,24,6,30,-0.6000000000000001,0,0,0,0.23,918,9.1,275,2.6
2018,11,24,7,30,-0.7000000000000001,0,0,0,0.23,918,8.700000000000001,273,2.6
2018,11,24,8,30,-0.9,0,0,0,0.23,918,8.3,270,2.5
2018,11,24,9,30,-0.8,0,0,0,0.23,917,8.200000000000001,268,2.4000000000000004
2018,11,24,10,30,-0.6000000000000001,0,0,0,0.23,917,8.4,268,2.3000000000000003
2018,11,24,11,30,-0.4,0,0,0,0.23,917,8.4,266,2.2
2018,11,24,12,30,-0.2,0,0,0,0.23,917,8.5,261,2.3000000000000003
2018,11,24,13,30,-0.1,4,0,4,0.23,917,9.200000000000001,256,2.5
2018,11,24,14,30,0.4,67,84,82,0.23,917,10.9,252,3.1
2018,11,24,15,30,0.6000000000000001,144,189,211,0.23,917,13.100000000000001,246,3.4000000000000004
2018,11,24,16,30,0.9,166,453,388,0.23,916,15.5,242,3.4000000000000004
2018,11,24,17,30,1.1,269,189,378,0.23,915,18.3,247,3.9000000000000004
2018,11,24,18,30,-0.4,273,61,310,0.23,914,20.6,255,4.800000000000001
2018,11,24,19,30,-1.8,277,190,390,0.23,913,21.900000000000002,259,5.4
2018,11,24,20,30,-3.1,235,137,307,0.23,912,22,261,5.4
2018,11,24,21,30,-3.2,162,168,230,0.23,911,20.900000000000002,261,4.5
2018,11,24,22,30,-1.2000000000000002,91,94,114,0.23,911,18.5,258,3.4000000000000004
2018,11,24,23,30,-0.5,23,50,26,0.23,911,17,256,3.1
2018,11,25,0,30,-1,0,0,0,0.23,912,14.8,252,3.3000000000000003
2018,11,25,1,30,-1.1,0,0,0,0.23,912,14,248,3.5
2018,11,25,2,30,-1,0,0,0,0.23,912,13.4,245,3.8000000000000003
2018,11,25,3,30,-1.3,0,0,0,0.23,912,13.100000000000001,244,4.2
2018,11,25,4,30,-1.4000000000000001,0,0,0,0.23,912,13,247,4.4
2018,11,25,5,30,-1.4000000000000001,0,0,0,0.23,913,12.8,250,4.4
2018,11,25,6,30,-1.3,0,0,0,0.23,913,12.5,253,4.4
2018,11,25,7,30,-1,0,0,0,0.23,913,12.200000000000001,258,4.2
2018,11,25,8,30,-0.5,0,0,0,0.23,914,11.9,269,4
2018,11,25,9,30,0,0,0,0,0.23,916,11.4,288,3.8000000000000003
2018,11,25,10,30,0.5,0,0,0,0.23,917,10.700000000000001,308,3.6
2018,11,25,11,30,0.6000000000000001,0,0,0,0.23,919,9.9,322,3.2
2018,11,25,12,30,0,0,0,0,0.23,920,9,327,2.9000000000000004
2018,11,25,13,30,-1.2000000000000002,2,0,2,0.23,921,8.6,331,3.1
2018,11,25,14,30,-2.7,49,0,49,0.23,923,9.4,342,4.2
2018,11,25,15,30,-5.300000000000001,119,105,156,0.23,924,10.600000000000001,181,5.9
2018,11,25,16,30,-7.6000000000000005,64,929,516,0.23,925,11.600000000000001,11,6.9
2018,11,25,17,30,-7.9,70,975,630,0.23,925,12.600000000000001,12,6.9
2018,11,25,18,30,-8.4,84,949,664,0.23,924,13.4,12,6.7
2018,11,25,19,30,-8.8,69,992,659,0.23,924,13.9,13,6.300000000000001
2018,11,25,20,30,-8.9,229,238,354,0.23,923,13.9,15,5.800000000000001
2018,11,25,21,30,-8.700000000000001,164,208,248,0.23,924,13.5,20,5
2018,11,25,22,30,-8.3,75,410,176,0.23,924,12,29,3.6
2018,11,25,23,30,-5.800000000000001,22,35,24,0.23,924,10.9,34,2.5
2018,11,26,0,30,-4.2,0,0,0,0.23,926,7.4,55,1.8
2018,11,26,1,30,-4.3,0,0,0,0.23,927,6.7,68,1.8
2018,11,26,2,30,-4.3,0,0,0,0.23,928,6,80,1.7000000000000002
2018,11,26,3,30,-4.3,0,0,0,0.23,928,5.1000000000000005,89,1.6
2018,11,26,4,30,-4.3,0,0,0,0.23,929,4.5,96,1.6
2018,11,26,5,30,-4.3,0,0,0,0.23,929,4,103,1.5
2018,11,26,6,30,-4.2,0,0,0,0.23,929,3.7,111,1.4000000000000001
2018,11,26,7,30,-4.2,0,0,0,0.23,929,3.1,119,1.3
2018,11,26,8,30,-4.5,0,0,0,0.23,929,2.4000000000000004,127,1.2000000000000002
2018,11,26,9,30,-4.9,0,0,0,0.23,929,1.9000000000000001,135,1.2000000000000002
2018,11,26,10,30,-5.1000000000000005,0,0,0,0.23,929,1.7000000000000002,145,1.2000000000000002
2018,11,26,11,30,-5.2,0,0,0,0.23,929,1.5,154,1.2000000000000002
2018,11,26,12,30,-5.300000000000001,0,0,0,0.23,929,1.3,162,1.2000000000000002
2018,11,26,13,30,-5.300000000000001,7,77,6,0.23,930,2.2,171,1.2000000000000002
2018,11,26,14,30,-4.1000000000000005,40,668,159,0.23,930,5,172,1.7000000000000002
2018,11,26,15,30,-4.9,55,859,355,0.23,930,8.6,160,2.4000000000000004
2018,11,26,16,30,-6.7,64,942,519,0.23,930,11.4,148,2.7
2018,11,26,17,30,-7.5,69,977,628,0.23,929,13.4,138,2.4000000000000004
2018,11,26,18,30,-7.5,72,987,673,0.23,928,14.700000000000001,127,2
2018,11,26,19,30,-7.2,73,978,652,0.23,927,15.5,113,1.5
2018,11,26,20,30,-6.6000000000000005,70,941,561,0.23,926,15.9,85,1.2000000000000002
2018,11,26,21,30,-5.9,62,876,416,0.23,926,15.600000000000001,60,1.3
2018,11,26,22,30,-5,49,737,230,0.23,925,13.700000000000001,61,1.4000000000000001
2018,11,26,23,30,-1,23,328,43,0.23,925,12.200000000000001,68,1.2000000000000002
2018,11,27,0,30,-2.6,0,0,0,0.23,926,8.4,93,1.7000000000000002
2018,11,27,1,30,-3.4000000000000004,0,0,0,0.23,926,7.4,110,1.9000000000000001
2018,11,27,2,30,-3.6,0,0,0,0.23,926,6.7,132,1.9000000000000001
2018,11,27,3,30,-3.2,0,0,0,0.23,926,6.1000000000000005,158,1.8
2018,11,27,4,30,-2.5,0,0,0,0.23,925,5.7,188,1.7000000000000002
2018,11,27,5,30,-1.9000000000000001,0,0,0,0.23,925,5.6000000000000005,220,1.5
2018,11,27,6,30,-1.5,0,0,0,0.23,925,5.5,248,1.5
2018,11,27,7,30,-1.2000000000000002,0,0,0,0.23,925,5.2,266,1.5
2018,11,27,8,30,-1,0,0,0,0.23,925,4.7,273,1.6
2018,11,27,9,30,-1,0,0,0,0.23,925,4.2,275,1.7000000000000002
2018,11,27,10,30,-0.9,0,0,0,0.23,925,3.9000000000000004,272,1.9000000000000001
2018,11,27,11,30,-1,0,0,0,0.23,925,3.7,268,2.2
2018,11,27,12,30,-1.3,0,0,0,0.23,925,3.6,265,2.4000000000000004
2018,11,27,13,30,-1.7000000000000002,7,68,6,0.23,925,4.7,262,2.9000000000000004
2018,11,27,14,30,-1.7000000000000002,41,654,156,0.23,926,7.6000000000000005,262,3.6
2018,11,27,15,30,-1.5,57,851,351,0.23,926,11.200000000000001,264,3.7
2018,11,27,16,30,-0.7000000000000001,66,937,516,0.23,925,14.9,267,3.8000000000000003
2018,11,27,17,30,-0.6000000000000001,71,978,627,0.23,924,17.900000000000002,267,4.2
2018,11,27,18,30,-0.9,71,995,674,0.23,923,19.700000000000003,265,4.2
2018,11,27,19,30,-1.3,69,991,653,0.23,922,20.8,262,4.2
2018,11,27,20,30,-1.5,67,960,566,0.23,921,21.200000000000003,259,4
2018,11,27,21,30,-1.5,60,893,420,0.23,920,20.8,257,3.4000000000000004
2018,11,27,22,30,0.7000000000000001,48,754,233,0.23,920,18.2,254,2.1
2018,11,27,23,30,3.5,24,339,44,0.23,920,16.1,253,1.4000000000000001
2018,11,28,0,30,1.5,0,0,0,0.23,920,12.700000000000001,253,1.6
2018,11,28,1,30,1.4000000000000001,0,0,0,0.23,920,11.5,255,1.7000000000000002
2018,11,28,2,30,1.3,0,0,0,0.23,920,10.4,257,1.8
2018,11,28,3,30,1.2000000000000002,0,0,0,0.23,920,9.5,259,2
2018,11,28,4,30,1,0,0,0,0.23,920,8.8,260,2.2
2018,11,28,5,30,0.8,0,0,0,0.23,920,8.200000000000001,261,2.3000000000000003
2018,11,28,6,30,0.5,0,0,0,0.23,919,7.7,261,2.5
2018,11,28,7,30,0.1,0,0,0,0.23,919,7.1000000000000005,261,2.6
2018,11,28,8,30,-0.1,0,0,0,0.23,918,6.7,260,2.7
2018,11,28,9,30,-0.30000000000000004,0,0,0,0.23,918,6.300000000000001,257,2.9000000000000004
2018,11,28,10,30,-0.30000000000000004,0,0,0,0.23,917,6.1000000000000005,252,3.1
2018,11,28,11,30,-0.2,0,0,0,0.23,918,5.800000000000001,248,3.4000000000000004
2018,11,28,12,30,-0.1,0,0,0,0.23,918,5.5,246,3.6
2018,11,28,13,30,0,4,42,3,0.23,918,6.300000000000001,248,4
2018,11,28,14,30,0.1,39,670,155,0.23,918,8.8,252,4.5
2018,11,28,15,30,0.4,55,867,352,0.23,918,12.600000000000001,254,4.6000000000000005
2018,11,28,16,30,0.8,63,950,516,0.23,918,17.1,260,5.1000000000000005
2018,11,28,17,30,-0.30000000000000004,68,983,625,0.23,917,20.8,268,5.9
2018,11,28,18,30,-1.7000000000000002,70,997,672,0.23,916,22.900000000000002,270,6.1000000000000005
2018,11,28,19,30,-2.9000000000000004,69,989,650,0.23,915,24,272,6.1000000000000005
2018,11,28,20,30,-3.6,65,956,561,0.23,914,24.200000000000003,273,5.9
2018,11,28,21,30,-3.5,59,891,416,0.23,914,23.3,273,5.1000000000000005
2018,11,28,22,30,-1.7000000000000002,47,752,230,0.23,914,20,270,3.3000000000000003
2018,11,28,23,30,1.1,23,337,43,0.23,914,17.5,268,2.3000000000000003
2018,11,29,0,30,0.1,0,0,0,0.23,915,13.3,255,2.2
2018,11,29,1,30,-0.30000000000000004,0,0,0,0.23,915,12.3,249,2.3000000000000003
2018,11,29,2,30,-0.6000000000000001,0,0,0,0.23,916,11.5,246,2.4000000000000004
2018,11,29,3,30,-0.9,0,0,0,0.23,916,10.9,244,2.5
2018,11,29,4,30,-1.2000000000000002,0,0,0,0.23,916,10.600000000000001,240,2.7
2018,11,29,5,30,-1.5,0,0,0,0.23,916,10.4,239,3
2018,11,29,6,30,-1.6,0,0,0,0.23,916,10.3,240,3.3000000000000003
2018,11,29,7,30,-1.7000000000000002,0,0,0,0.23,915,10.100000000000001,244,3.5
2018,11,29,8,30,-1.7000000000000002,0,0,0,0.23,915,9.700000000000001,246,3.8000000000000003
2018,11,29,9,30,-1.6,0,0,0,0.23,915,9.3,249,3.9000000000000004
2018,11,29,10,30,-1.4000000000000001,0,0,0,0.23,915,8.8,250,3.9000000000000004
2018,11,29,11,30,-1.1,0,0,0,0.23,916,8.200000000000001,249,3.9000000000000004
2018,11,29,12,30,-0.8,0,0,0,0.23,916,7.800000000000001,249,3.9000000000000004
2018,11,29,13,30,-0.30000000000000004,4,36,3,0.23,916,8.4,250,4.3
2018,11,29,14,30,0.5,38,637,146,0.23,917,10.8,250,4.7
2018,11,29,15,30,1.3,54,833,337,0.23,917,14.5,249,4.6000000000000005
2018,11,29,16,30,2.2,63,918,498,0.23,917,18.900000000000002,253,4.7
2018,11,29,17,30,0.9,73,936,600,0.23,917,22.700000000000003,261,5.4
2018,11,29,18,30,-0.4,66,976,653,0.23,916,24.8,263,5.6000000000000005
2018,11,29,19,30,-0.8,137,740,570,0.23,915,25.8,262,5.5
2018,11,29,20,30,-0.9,64,939,549,0.23,914,26.1,262,5.300000000000001
2018,11,29,21,30,-0.7000000000000001,59,871,407,0.23,914,25.200000000000003,263,4
2018,11,29,22,30,2.6,47,723,223,0.23,914,22,261,2.3000000000000003
2018,11,29,23,30,5,24,183,35,0.23,914,19.6,261,1.5
2018,11,30,0,30,2.8000000000000003,0,0,0,0.23,914,16.6,249,1.6
2018,11,30,1,30,2.4000000000000004,0,0,0,0.23,915,15.700000000000001,240,1.6
2018,11,30,2,30,2.3000000000000003,0,0,0,0.23,914,14.700000000000001,234,1.6
2018,11,30,3,30,2.4000000000000004,0,0,0,0.23,914,14.200000000000001,231,1.7000000000000002
2018,11,30,4,30,2.6,0,0,0,0.23,914,14.100000000000001,226,1.8
2018,11,30,5,30,2.7,0,0,0,0.23,913,14.200000000000001,222,2.1
2018,11,30,6,30,2.9000000000000004,0,0,0,0.23,912,14,221,2.3000000000000003
2018,11,30,7,30,3,0,0,0,0.23,912,13.5,226,2.4000000000000004
2018,11,30,8,30,3.1,0,0,0,0.23,911,12.9,233,2.5
2018,11,30,9,30,3,0,0,0,0.23,911,11.9,238,2.6
2018,11,30,10,30,2.8000000000000003,0,0,0,0.23,910,10.9,240,2.8000000000000003
2018,11,30,11,30,2.5,0,0,0,0.23,910,10.200000000000001,243,3.2
2018,11,30,12,30,2.2,0,0,0,0.23,910,9.9,247,3.5
2018,11,30,13,30,2,1,0,1,0.23,911,10.8,250,4.1000000000000005
2018,11,30,14,30,2.3000000000000003,53,350,111,0.23,911,13.4,252,5
2018,11,30,15,30,3.2,115,338,229,0.23,911,16.900000000000002,255,6.5
2018,11,30,16,30,4.5,64,906,491,0.23,911,19.5,260,8.4
2018,11,30,17,30,4.800000000000001,70,951,603,0.23,911,20.5,264,9.5
2018,11,30,18,30,4.6000000000000005,72,967,651,0.23,910,20.700000000000003,267,9.9
2018,11,30,19,30,4,72,960,632,0.23,910,20.400000000000002,271,10.3
2018,11,30,20,30,2.9000000000000004,71,928,549,0.23,910,19.700000000000003,274,10.4
2018,11,30,21,30,1.5,64,862,408,0.23,911,18.7,274,10
2018,11,30,22,30,0,50,722,225,0.23,911,17.3,273,8.700000000000001
2018,11,30,23,30,-0.8,24,300,41,0.23,911,16.400000000000002,273,7.9
2006,12,1,0,30,-10.3,0,0,0,0.23,929,1.5,265,1.6
2006,12,1,1,30,-10.600000000000001,0,0,0,0.23,929,1.3,260,2.3000000000000003
2006,12,1,2,30,-10.8,0,0,0,0.23,929,1.2000000000000002,263,3.1
2006,12,1,3,30,-10.9,0,0,0,0.23,929,1,267,3.7
2006,12,1,4,30,-10.700000000000001,0,0,0,0.23,929,0.5,269,3.9000000000000004
2006,12,1,5,30,-10.700000000000001,0,0,0,0.23,929,0,269,3.8000000000000003
2006,12,1,6,30,-10.8,0,0,0,0.23,928,-0.5,269,3.8000000000000003
2006,12,1,7,30,-11,0,0,0,0.23,928,-1,269,3.7
2006,12,1,8,30,-11.3,0,0,0,0.23,927,-1.4000000000000001,266,3.6
2006,12,1,9,30,-11.5,0,0,0,0.23,927,-1.6,260,3.6
2006,12,1,10,30,-11.8,0,0,0,0.23,927,-1.8,255,3.7
2006,12,1,11,30,-12,0,0,0,0.23,927,-1.8,254,3.7
2006,12,1,12,30,-12.100000000000001,0,0,0,0.23,927,-2,255,3.6
2006,12,1,13,30,-12,0,0,0,0.23,927,-1.2000000000000002,258,3.8000000000000003
2006,12,1,14,30,-11.9,54,293,102,0.23,927,1.2000000000000002,261,4.2
2006,12,1,15,30,-11.4,50,897,350,0.23,928,5,268,4.4
2006,12,1,16,30,-11.9,57,969,511,0.23,927,8.9,276,4.5
2006,12,1,17,30,-12.4,62,1008,625,0.23,926,11.8,275,4.2
2006,12,1,18,30,-12.4,65,1021,674,0.23,925,13.700000000000001,268,4
2006,12,1,19,30,-12.100000000000001,66,1013,655,0.23,924,15.100000000000001,265,3.9000000000000004
2006,12,1,20,30,-11.9,64,982,568,0.23,923,15.9,265,3.6
2006,12,1,21,30,-11.5,57,920,423,0.23,922,15.8,266,3
2006,12,1,22,30,-9.700000000000001,45,785,235,0.23,922,13.600000000000001,269,1.8
2006,12,1,23,30,-5.1000000000000005,20,405,43,0.23,922,11.700000000000001,270,1.1
2006,12,2,0,30,-8.1,0,0,0,0.22,923,9.1,255,1.1
2006,12,2,1,30,-8.700000000000001,0,0,0,0.22,923,8.1,242,1.2000000000000002
2006,12,2,2,30,-8.9,0,0,0,0.22,923,7.2,232,1.3
2006,12,2,3,30,-9.1,0,0,0,0.22,923,6.4,225,1.4000000000000001
2006,12,2,4,30,-9.600000000000001,0,0,0,0.22,923,5.800000000000001,229,1.4000000000000001
2006,12,2,5,30,-10,0,0,0,0.22,923,5.300000000000001,242,1.4000000000000001
2006,12,2,6,30,-10.5,0,0,0,0.22,923,4.5,254,1.5
2006,12,2,7,30,-10.700000000000001,0,0,0,0.22,923,3.5,259,1.6
2006,12,2,8,30,-10.8,0,0,0,0.22,923,3,265,1.7000000000000002
2006,12,2,9,30,-10.600000000000001,0,0,0,0.22,923,2.6,276,1.7000000000000002
2006,12,2,10,30,-10.200000000000001,0,0,0,0.22,923,2,289,1.7000000000000002
2006,12,2,11,30,-9.600000000000001,0,0,0,0.22,924,1.3,300,1.6
2006,12,2,12,30,-9.1,0,0,0,0.22,924,0.8,309,1.5
2006,12,2,13,30,-8.8,0,0,0,0.22,925,1.3,316,1.7000000000000002
2006,12,2,14,30,-7.800000000000001,53,302,101,0.22,926,3.8000000000000003,322,2.6
2006,12,2,15,30,-7.7,54,854,337,0.22,927,6.800000000000001,332,3.3000000000000003
2006,12,2,16,30,-7.1000000000000005,63,935,499,0.22,927,9.200000000000001,341,3.2
2006,12,2,17,30,-6.7,68,977,611,0.22,927,11.200000000000001,346,3.1
2006,12,2,18,30,-6.6000000000000005,70,994,661,0.22,926,12.5,349,3
2006,12,2,19,30,-6.6000000000000005,69,981,638,0.22,926,13.4,352,3.1
2006,12,2,20,30,-6.6000000000000005,66,951,553,0.22,926,13.600000000000001,355,3.2
2006,12,2,21,30,-6.5,61,881,410,0.22,926,13.100000000000001,179,3.3000000000000003
2006,12,2,22,30,-6.2,47,742,226,0.22,927,11.200000000000001,7,2.6
2006,12,2,23,30,-4.5,20,359,41,0.22,927,9.700000000000001,13,1.9000000000000001
2006,12,3,0,30,-4.7,0,0,0,0.22,929,6,39,2.1
2006,12,3,1,30,-5.1000000000000005,0,0,0,0.22,930,5.1000000000000005,50,2.7
2006,12,3,2,30,-5.1000000000000005,0,0,0,0.22,930,4,54,3.1
2006,12,3,3,30,-5.1000000000000005,0,0,0,0.22,931,2.8000000000000003,54,3.1
2006,12,3,4,30,-5,0,0,0,0.22,932,1.7000000000000002,52,2.9000000000000004
2006,12,3,5,30,-5,0,0,0,0.22,933,0.7000000000000001,47,2.7
2006,12,3,6,30,-5,0,0,0,0.22,933,-0.2,39,2.4000000000000004
2006,12,3,7,30,-4.9,0,0,0,0.22,934,-0.9,30,2.3000000000000003
2006,12,3,8,30,-4.9,0,0,0,0.22,935,-1.4000000000000001,20,2.4000000000000004
2006,12,3,9,30,-4.800000000000001,0,0,0,0.22,935,-1.7000000000000002,12,2.7
2006,12,3,10,30,-4.800000000000001,0,0,0,0.22,936,-1.9000000000000001,8,2.9000000000000004
2006,12,3,11,30,-4.9,0,0,0,0.22,937,-2.2,8,3
2006,12,3,12,30,-5.1000000000000005,0,0,0,0.22,938,-2.6,10,2.9000000000000004
2006,12,3,13,30,-5.4,0,0,0,0.22,939,-2.3000000000000003,14,3.2
2006,12,3,14,30,-6,20,0,20,0.22,940,-1,26,3.9000000000000004
2006,12,3,15,30,-7,126,27,134,0.22,941,0.8,38,4.1000000000000005
2006,12,3,16,30,-7.1000000000000005,201,76,236,0.22,941,2.5,37,3.8000000000000003
2006,12,3,17,30,-6.800000000000001,104,878,591,0.22,941,4.1000000000000005,31,3.7
2006,12,3,18,30,-6.6000000000000005,114,889,641,0.22,940,5.4,27,3.6
2006,12,3,19,30,-6.6000000000000005,106,901,626,0.22,940,6.4,28,3.1
2006,12,3,20,30,-6.7,93,890,548,0.22,939,6.9,35,2.7
2006,12,3,21,30,-6.9,72,855,410,0.22,938,6.7,42,2.7
2006,12,3,22,30,-7,54,726,229,0.22,938,5.5,52,2
2006,12,3,23,30,-6.1000000000000005,22,341,41,0.22,938,4.5,59,1.4000000000000001
2006,12,4,0,30,-6.7,0,0,0,0.22,939,1.2000000000000002,92,1.2000000000000002
2006,12,4,1,30,-7,0,0,0,0.22,939,0.4,107,1.3
2006,12,4,2,30,-7.300000000000001,0,0,0,0.22,940,-0.30000000000000004,121,1.3
2006,12,4,3,30,-7.4,0,0,0,0.22,940,-0.8,137,1.3
2006,12,4,4,30,-7.4,0,0,0,0.22,940,-1.2000000000000002,150,1.3
2006,12,4,5,30,-7.300000000000001,0,0,0,0.22,939,-1.5,160,1.2000000000000002
2006,12,4,6,30,-7.300000000000001,0,0,0,0.22,939,-1.8,169,1.2000000000000002
2006,12,4,7,30,-7.2,0,0,0,0.22,938,-1.9000000000000001,178,1.1
2006,12,4,8,30,-7.1000000000000005,0,0,0,0.22,938,-2,185,1.1
2006,12,4,9,30,-7,0,0,0,0.22,937,-2.4000000000000004,192,1.2000000000000002
2006,12,4,10,30,-6.9,0,0,0,0.22,937,-2.8000000000000003,199,1.3
2006,12,4,11,30,-6.800000000000001,0,0,0,0.22,937,-2.8000000000000003,204,1.3
2006,12,4,12,30,-6.7,0,0,0,0.22,937,-2.6,211,1.3
2006,12,4,13,30,-6.7,0,0,0,0.22,937,-1.4000000000000001,220,1.3
2006,12,4,14,30,-6.5,56,184,85,0.22,937,0.8,230,1.6
2006,12,4,15,30,-6.4,100,472,254,0.22,937,3.7,239,2.1
2006,12,4,16,30,-6.5,151,516,389,0.22,936,6.6000000000000005,245,2.2
2006,12,4,17,30,-6.7,75,944,596,0.22,935,8.8,253,1.9000000000000001
2006,12,4,18,30,-6.7,82,969,654,0.22,933,10.4,261,1.5
2006,12,4,19,30,-6.6000000000000005,82,954,632,0.22,932,11.3,265,1.3
2006,12,4,20,30,-6.4,80,909,544,0.22,931,11.600000000000001,268,1
2006,12,4,21,30,-6.300000000000001,72,831,400,0.22,931,11.3,273,0.6000000000000001
2006,12,4,22,30,-4.6000000000000005,60,542,190,0.22,931,10,211,0.30000000000000004
2006,12,4,23,30,-3,21,34,23,0.22,931,9,148,0.2
2006,12,5,0,30,-4.2,0,0,0,0.22,931,7.300000000000001,142,0.5
2006,12,5,1,30,-4.3,0,0,0,0.22,931,6.800000000000001,149,0.7000000000000001
2006,12,5,2,30,-4.5,0,0,0,0.22,931,6.5,157,0.9
2006,12,5,3,30,-4.7,0,0,0,0.22,930,6.300000000000001,164,1
2006,12,5,4,30,-4.5,0,0,0,0.22,930,6.2,172,0.9
2006,12,5,5,30,-4.2,0,0,0,0.22,930,6.2,196,0.7000000000000001
2006,12,5,6,30,-3.9000000000000004,0,0,0,0.22,929,6.1000000000000005,239,0.7000000000000001
2006,12,5,7,30,-3.4000000000000004,0,0,0,0.22,929,5.9,269,0.9
2006,12,5,8,30,-3.2,0,0,0,0.22,929,5.4,278,1
2006,12,5,9,30,-3,0,0,0,0.22,929,4.7,278,1.1
2006,12,5,10,30,-3.1,0,0,0,0.22,929,4,276,1.2000000000000002
2006,12,5,11,30,-2.9000000000000004,0,0,0,0.22,929,3.4000000000000004,275,1.3
2006,12,5,12,30,-2.7,0,0,0,0.22,929,3,274,1.3
2006,12,5,13,30,-2.5,0,0,0,0.22,929,3.6,273,1.4000000000000001
2006,12,5,14,30,-2.1,50,0,50,0.22,929,5.9,270,2
2006,12,5,15,30,-1.8,121,311,222,0.22,929,9.3,262,2.6
2006,12,5,16,30,-0.7000000000000001,129,592,400,0.22,928,12.700000000000001,250,2.8000000000000003
2006,12,5,17,30,0.6000000000000001,217,424,449,0.22,927,15.600000000000001,246,3
2006,12,5,18,30,1.7000000000000002,92,902,623,0.22,926,17.900000000000002,250,3.1
2006,12,5,19,30,2.9000000000000004,185,564,510,0.22,924,19.900000000000002,258,3.2
2006,12,5,20,30,3.8000000000000003,170,523,436,0.22,923,21.1,265,3.3000000000000003
2006,12,5,21,30,4.4,64,837,394,0.22,923,21.200000000000003,270,2.9000000000000004
2006,12,5,22,30,5.6000000000000005,49,704,217,0.22,923,19,276,1.8
2006,12,5,23,30,5.800000000000001,20,331,39,0.22,923,17.1,280,1.2000000000000002
2006,12,6,0,30,4.5,0,0,0,0.22,923,13.9,278,1.5
2006,12,6,1,30,4.3,0,0,0,0.22,923,12.600000000000001,275,1.7000000000000002
2006,12,6,2,30,4.2,0,0,0,0.22,924,11.3,271,2.1
2006,12,6,3,30,4,0,0,0,0.22,924,10,270,2.5
2006,12,6,4,30,3.5,0,0,0,0.22,924,8.8,272,2.7
2006,12,6,5,30,2.6,0,0,0,0.22,924,7.7,275,2.8000000000000003
2006,12,6,6,30,1.4000000000000001,0,0,0,0.22,924,6.7,275,2.9000000000000004
2006,12,6,7,30,0.1,0,0,0,0.22,924,5.7,274,3
2006,12,6,8,30,-1.1,0,0,0,0.22,924,5,275,3.1
2006,12,6,9,30,-2.1,0,0,0,0.22,924,4.4,279,3.3000000000000003
2006,12,6,10,30,-3.1,0,0,0,0.22,925,4,281,3.6
2006,12,6,11,30,-4.3,0,0,0,0.22,925,3.7,282,3.5
2006,12,6,12,30,-5.5,0,0,0,0.22,925,3.4000000000000004,284,3.4000000000000004
2006,12,6,13,30,-6.6000000000000005,0,0,0,0.22,926,3.9000000000000004,289,3.6
2006,12,6,14,30,-7.300000000000001,51,245,88,0.22,926,5.9,297,4.2
2006,12,6,15,30,-7.7,93,508,256,0.22,927,8.8,311,4.6000000000000005
2006,12,6,16,30,-7.9,167,431,364,0.22,928,11.4,332,4.5
2006,12,6,17,30,-7.4,68,993,611,0.22,928,13.3,344,4.1000000000000005
2006,12,6,18,30,-6.6000000000000005,83,965,649,0.22,927,14.700000000000001,349,3.6
2006,12,6,19,30,-5.9,72,998,645,0.22,927,15.5,352,3.1
2006,12,6,20,30,-5.4,203,389,400,0.22,926,15.5,180,2.8000000000000003
2006,12,6,21,30,-5,59,904,415,0.22,926,14.700000000000001,14,2.1
2006,12,6,22,30,-2.1,90,229,145,0.22,926,12.700000000000001,32,1.3
2006,12,6,23,30,-1,21,103,27,0.22,927,11.3,43,1.2000000000000002
2006,12,7,0,30,-1.9000000000000001,0,0,0,0.22,927,9,66,1.6
2006,12,7,1,30,-2.2,0,0,0,0.22,928,8,74,1.9000000000000001
2006,12,7,2,30,-2.5,0,0,0,0.22,929,6.9,79,2.1
2006,12,7,3,30,-2.5,0,0,0,0.22,929,5.9,83,2.1
2006,12,7,4,30,-2.5,0,0,0,0.22,930,4.9,88,2
2006,12,7,5,30,-2.4000000000000004,0,0,0,0.22,930,4.1000000000000005,93,1.9000000000000001
2006,12,7,6,30,-2.1,0,0,0,0.22,930,3.4000000000000004,98,1.7000000000000002
2006,12,7,7,30,-1.9000000000000001,0,0,0,0.22,930,2.7,100,1.5
2006,12,7,8,30,-1.8,0,0,0,0.22,931,2,96,1.3
2006,12,7,9,30,-1.7000000000000002,0,0,0,0.22,931,1.5,83,1.2000000000000002
2006,12,7,10,30,-1.8,0,0,0,0.22,932,0.8,66,1.3
2006,12,7,11,30,-2.1,0,0,0,0.22,932,0.2,56,1.3
2006,12,7,12,30,-2.5,0,0,0,0.22,934,-0.30000000000000004,50,1.4000000000000001
2006,12,7,13,30,-3,0,0,0,0.22,935,0,46,1.7000000000000002
2006,12,7,14,30,-3.6,54,131,74,0.22,936,1.7000000000000002,43,2.3000000000000003
2006,12,7,15,30,-4,132,113,168,0.22,937,4.6000000000000005,61,3.8000000000000003
2006,12,7,16,30,-4.800000000000001,175,382,348,0.22,937,7.6000000000000005,83,5.6000000000000005
2006,12,7,17,30,-4.9,204,470,460,0.22,937,9.5,88,6.5
2006,12,7,18,30,-4.800000000000001,263,305,441,0.22,937,10.700000000000001,91,6.6000000000000005
2006,12,7,19,30,-4.9,246,352,447,0.22,936,11.4,93,6.4
2006,12,7,20,30,-4.9,224,267,359,0.22,935,11.4,93,6.1000000000000005
2006,12,7,21,30,-4.9,170,166,235,0.22,935,10.8,91,5.800000000000001
2006,12,7,22,30,-4.9,90,222,143,0.22,935,9.4,89,4.7
2006,12,7,23,30,-4.6000000000000005,21,33,23,0.22,935,8.4,87,3.9000000000000004
2006,12,8,0,30,-4.2,0,0,0,0.23,937,5.800000000000001,79,3.2
2006,12,8,1,30,-4.3,0,0,0,0.23,937,4.9,75,3.6
2006,12,8,2,30,-4.5,0,0,0,0.23,938,4,75,3.7
2006,12,8,3,30,-4.7,0,0,0,0.23,938,3.2,76,3.3000000000000003
2006,12,8,4,30,-5,0,0,0,0.23,938,2.4000000000000004,78,2.8000000000000003
2006,12,8,5,30,-5.300000000000001,0,0,0,0.23,938,1.9000000000000001,80,2.5
2006,12,8,6,30,-5.5,0,0,0,0.23,938,1.5,84,2.3000000000000003
2006,12,8,7,30,-5.800000000000001,0,0,0,0.23,938,1.2000000000000002,86,2.1
2006,12,8,8,30,-5.9,0,0,0,0.23,937,0.9,86,1.9000000000000001
2006,12,8,9,30,-6.1000000000000005,0,0,0,0.23,937,0.7000000000000001,82,1.7000000000000002
2006,12,8,10,30,-6.2,0,0,0,0.23,936,0.5,77,1.6
2006,12,8,11,30,-6.300000000000001,0,0,0,0.23,936,0.2,75,1.5
2006,12,8,12,30,-6.4,0,0,0,0.23,937,0.1,81,1.4000000000000001
2006,12,8,13,30,-6.4,0,0,0,0.23,937,0.4,95,1.7000000000000002
2006,12,8,14,30,-6.4,33,0,33,0.23,937,1.6,113,2.2
2006,12,8,15,30,-5.7,114,9,117,0.23,937,3.4000000000000004,126,2.3000000000000003
2006,12,8,16,30,-4.4,24,0,24,0.23,937,5,127,2.3000000000000003
2006,12,8,17,30,-3,220,33,238,0.23,936,6.4,128,2.4000000000000004
2006,12,8,18,30,-1.7000000000000002,140,0,140,0.23,935,7.800000000000001,133,2.4000000000000004
2006,12,8,19,30,-0.7000000000000001,239,41,263,0.23,934,9.1,139,2.5
2006,12,8,20,30,0.2,180,12,186,0.23,932,10.100000000000001,140,2.7
2006,12,8,21,30,0.8,142,397,299,0.23,931,10.4,138,2.9000000000000004
2006,12,8,22,30,1.2000000000000002,90,233,145,0.23,931,9.4,132,2.5
2006,12,8,23,30,1.4000000000000001,12,0,12,0.23,931,8.5,129,1.9000000000000001
2006,12,9,0,30,1.3,0,0,0,0.23,931,5.5,128,2
2006,12,9,1,30,1.2000000000000002,0,0,0,0.23,931,4.800000000000001,138,2.3000000000000003
2006,12,9,2,30,1.1,0,0,0,0.23,931,4,149,2.2
2006,12,9,3,30,1,0,0,0,0.23,931,3.5,162,2
2006,12,9,4,30,0.9,0,0,0,0.23,931,3.2,176,1.7000000000000002
2006,12,9,5,30,0.9,0,0,0,0.23,931,3,186,1.5
2006,12,9,6,30,0.9,0,0,0,0.23,930,2.7,191,1.4000000000000001
2006,12,9,7,30,0.9,0,0,0,0.23,930,2.4000000000000004,192,1.4000000000000001
2006,12,9,8,30,0.9,0,0,0,0.23,929,1.9000000000000001,195,1.4000000000000001
2006,12,9,9,30,0.8,0,0,0,0.23,928,1.5,203,1.3
2006,12,9,10,30,0.8,0,0,0,0.23,928,1.2000000000000002,211,1.3
2006,12,9,11,30,0.8,0,0,0,0.23,928,1,217,1.2000000000000002
2006,12,9,12,30,0.9,0,0,0,0.23,928,0.9,221,1.2000000000000002
2006,12,9,13,30,0.9,0,0,0,0.23,928,1.6,224,1.4000000000000001
2006,12,9,14,30,0.9,50,15,53,0.23,928,3.9000000000000004,227,1.8
2006,12,9,15,30,1.2000000000000002,61,749,296,0.23,928,7.2,228,2.2
2006,12,9,16,30,2,168,413,353,0.23,927,10.700000000000001,226,2.4000000000000004
2006,12,9,17,30,2.7,97,810,535,0.23,926,13.5,223,2.6
2006,12,9,18,30,3.1,82,921,618,0.23,925,15.600000000000001,225,2.9000000000000004
2006,12,9,19,30,3.4000000000000004,81,916,603,0.23,924,17.1,232,3.2
2006,12,9,20,30,3.6,76,887,524,0.23,923,17.8,240,3.4000000000000004
2006,12,9,21,30,3.6,67,820,389,0.23,923,17.7,247,3.3000000000000003
2006,12,9,22,30,3.8000000000000003,52,673,213,0.23,923,15.8,253,2.3000000000000003
2006,12,9,23,30,4.2,21,295,39,0.23,923,14.200000000000001,257,1.5
2006,12,10,0,30,3.3000000000000003,0,0,0,0.23,923,10.8,259,1.4000000000000001
2006,12,10,1,30,3.2,0,0,0,0.23,924,9.700000000000001,256,1.5
2006,12,10,2,30,3.2,0,0,0,0.23,924,8.8,252,1.8
2006,12,10,3,30,3.1,0,0,0,0.23,924,8,248,2.1
2006,12,10,4,30,3.1,0,0,0,0.23,924,7.300000000000001,245,2.4000000000000004
2006,12,10,5,30,3.1,0,0,0,0.23,924,6.6000000000000005,243,2.6
2006,12,10,6,30,3.2,0,0,0,0.23,924,5.800000000000001,242,2.7
2006,12,10,7,30,3.2,0,0,0,0.23,924,5.2,242,2.8000000000000003
2006,12,10,8,30,3.3000000000000003,0,0,0,0.23,924,4.6000000000000005,242,2.8000000000000003
2006,12,10,9,30,3.2,0,0,0,0.23,923,4.1000000000000005,242,2.8000000000000003
2006,12,10,10,30,3.2,0,0,0,0.23,923,3.8000000000000003,243,2.8000000000000003
2006,12,10,11,30,3.1,0,0,0,0.23,923,3.7,243,2.8000000000000003
2006,12,10,12,30,3,0,0,0,0.23,923,3.7,245,2.8000000000000003
2006,12,10,13,30,2.9000000000000004,0,0,0,0.23,924,4.3,248,3.2
2006,12,10,14,30,2.8000000000000003,42,0,42,0.23,924,6.2,250,3.7
2006,12,10,15,30,2.8000000000000003,125,211,191,0.23,924,9.5,253,3.5
2006,12,10,16,30,2.9000000000000004,68,890,466,0.23,924,13.600000000000001,259,3.7
2006,12,10,17,30,2.9000000000000004,73,940,579,0.23,923,17.1,264,4.3
2006,12,10,18,30,2.5,74,966,635,0.23,922,19.3,264,4.800000000000001
2006,12,10,19,30,1.6,72,964,620,0.23,921,20.400000000000002,260,4.9
2006,12,10,20,30,0.9,67,937,540,0.23,920,20.700000000000003,256,4.800000000000001
2006,12,10,21,30,0.5,58,877,403,0.23,920,20.3,252,4.2
2006,12,10,22,30,1,46,740,224,0.23,920,17.6,251,2.8000000000000003
2006,12,10,23,30,2.5,20,368,42,0.23,920,15.4,250,1.9000000000000001
2006,12,11,0,30,1.6,0,0,0,0.23,921,12,252,2
2006,12,11,1,30,1.4000000000000001,0,0,0,0.23,921,11.200000000000001,252,2.2
2006,12,11,2,30,1.2000000000000002,0,0,0,0.23,921,10.5,251,2.3000000000000003
2006,12,11,3,30,1,0,0,0,0.23,922,9.8,250,2.4000000000000004
2006,12,11,4,30,0.6000000000000001,0,0,0,0.23,922,9.3,250,2.7
2006,12,11,5,30,0.30000000000000004,0,0,0,0.23,922,9,250,3
2006,12,11,6,30,0.1,0,0,0,0.23,922,8.6,251,3.5
2006,12,11,7,30,-0.1,0,0,0,0.23,922,8.1,253,4.1000000000000005
2006,12,11,8,30,-0.1,0,0,0,0.23,922,7.5,256,4.5
2006,12,11,9,30,-0.1,0,0,0,0.23,922,6.800000000000001,259,4.6000000000000005
2006,12,11,10,30,-0.2,0,0,0,0.23,923,6.1000000000000005,259,4.4
2006,12,11,11,30,-0.4,0,0,0,0.23,923,5.300000000000001,257,4
2006,12,11,12,30,-0.7000000000000001,0,0,0,0.23,924,4.7,255,4
2006,12,11,13,30,-1,0,0,0,0.23,925,5.1000000000000005,254,4.5
2006,12,11,14,30,-1.1,48,215,78,0.23,926,7.1000000000000005,252,4.9
2006,12,11,15,30,-0.7000000000000001,53,828,309,0.23,926,10.5,259,5.4
2006,12,11,16,30,-0.1,64,923,474,0.23,926,13.8,271,6.2
2006,12,11,17,30,-1.6,69,968,590,0.23,925,16,275,6.800000000000001
2006,12,11,18,30,-3.3000000000000003,72,985,643,0.23,925,17.2,274,7
2006,12,11,19,30,-4.6000000000000005,72,978,628,0.23,924,17.8,272,7.2
2006,12,11,20,30,-5.4,70,948,548,0.23,923,18,272,7.300000000000001
2006,12,11,21,30,-5.7,62,881,408,0.23,923,17.5,273,7
2006,12,11,22,30,-5.4,49,740,227,0.23,923,15.600000000000001,276,5.800000000000001
2006,12,11,23,30,-4.3,21,351,42,0.23,924,14.200000000000001,277,4.9
2006,12,12,0,30,-3.6,0,0,0,0.23,925,10.700000000000001,276,4
2006,12,12,1,30,-3.2,0,0,0,0.23,926,9.600000000000001,276,3.8000000000000003
2006,12,12,2,30,-3.1,0,0,0,0.23,926,8.6,277,3.6
2006,12,12,3,30,-3,0,0,0,0.23,927,7.6000000000000005,281,3.4000000000000004
2006,12,12,4,30,-3.1,0,0,0,0.23,927,6.7,287,3.1
2006,12,12,5,30,-3.4000000000000004,0,0,0,0.23,927,5.800000000000001,293,2.9000000000000004
2006,12,12,6,30,-3.6,0,0,0,0.23,928,5,294,2.8000000000000003
2006,12,12,7,30,-3.8000000000000003,0,0,0,0.23,928,4.2,294,2.7
2006,12,12,8,30,-4.1000000000000005,0,0,0,0.23,928,3.5,295,2.6
2006,12,12,9,30,-4.5,0,0,0,0.23,929,3.1,297,2.6
2006,12,12,10,30,-4.9,0,0,0,0.23,929,2.7,299,2.6
2006,12,12,11,30,-5.300000000000001,0,0,0,0.23,929,2.3000000000000003,299,2.6
2006,12,12,12,30,-5.7,0,0,0,0.23,930,1.9000000000000001,297,2.6
2006,12,12,13,30,-6.1000000000000005,0,0,0,0.23,930,2.7,294,3.1
2006,12,12,14,30,-6.1000000000000005,48,203,75,0.23,931,5.1000000000000005,290,3.8000000000000003
2006,12,12,15,30,-6,50,859,313,0.23,931,8.5,290,3.9000000000000004
2006,12,12,16,30,-5.7,59,952,481,0.23,930,12,301,3.7
2006,12,12,17,30,-6.5,64,997,598,0.23,930,14.600000000000001,301,3.8000000000000003
2006,12,12,18,30,-7.6000000000000005,68,1011,653,0.23,928,16.2,288,3.9000000000000004
2006,12,12,19,30,-8.5,65,1011,638,0.23,927,17.2,279,4.1000000000000005
2006,12,12,20,30,-9.200000000000001,61,986,558,0.23,927,17.7,277,4.2
2006,12,12,21,30,-9.700000000000001,54,927,418,0.23,926,17.5,277,3.7
2006,12,12,22,30,-8.1,43,798,235,0.23,926,14.700000000000001,276,2.4000000000000004
2006,12,12,23,30,-4.2,20,452,47,0.23,926,12.3,274,1.6
2006,12,13,0,30,-5.800000000000001,0,0,0,0.23,926,9,269,1.9000000000000001
2006,12,13,1,30,-6.2,0,0,0,0.23,926,8,269,2.1
2006,12,13,2,30,-6.4,0,0,0,0.23,927,6.9,269,2.2
2006,12,13,3,30,-6.5,0,0,0,0.23,927,5.9,270,2.2
2006,12,13,4,30,-6.7,0,0,0,0.23,927,5.1000000000000005,274,2.3000000000000003
2006,12,13,5,30,-6.800000000000001,0,0,0,0.23,927,4.3,279,2.3000000000000003
2006,12,13,6,30,-7,0,0,0,0.23,927,3.6,281,2.3000000000000003
2006,12,13,7,30,-7.1000000000000005,0,0,0,0.23,927,3,279,2.2
2006,12,13,8,30,-7.4,0,0,0,0.23,927,2.5,277,2.2
2006,12,13,9,30,-7.7,0,0,0,0.23,927,2.2,276,2.3000000000000003
2006,12,13,10,30,-8,0,0,0,0.23,927,1.9000000000000001,276,2.3000000000000003
2006,12,13,11,30,-8.200000000000001,0,0,0,0.23,927,1.6,277,2.3000000000000003
2006,12,13,12,30,-8.4,0,0,0,0.23,927,1.4000000000000001,277,2.3000000000000003
2006,12,13,13,30,-8.6,0,0,0,0.23,927,2.3000000000000003,277,2.6
2006,12,13,14,30,-8.3,48,158,69,0.23,927,5.300000000000001,278,3.5
2006,12,13,15,30,-8.3,112,320,209,0.23,928,9,283,3.8000000000000003
2006,12,13,16,30,-8.1,65,918,470,0.23,928,12.600000000000001,299,3.2
2006,12,13,17,30,-8.4,71,964,586,0.23,927,15.600000000000001,314,2.9000000000000004
2006,12,13,18,30,-8.5,73,983,640,0.23,926,17.400000000000002,314,2.7
2006,12,13,19,30,-8.700000000000001,70,984,628,0.23,925,18.3,309,2.6
2006,12,13,20,30,-9,65,960,548,0.23,924,18.6,305,2.5
2006,12,13,21,30,-9.200000000000001,57,900,410,0.23,924,18.1,301,2.1
2006,12,13,22,30,-5.7,44,770,230,0.23,924,15.9,290,1.3
2006,12,13,23,30,-3.7,20,414,45,0.23,923,14.100000000000001,281,0.9
2006,12,14,0,30,-6.6000000000000005,0,0,0,0.23,923,11.5,252,1.4000000000000001
2006,12,14,1,30,-6.6000000000000005,0,0,0,0.23,924,9.9,255,1.7000000000000002
2006,12,14,2,30,-6.2,0,0,0,0.23,924,8.5,264,2.1
2006,12,14,3,30,-5.7,0,0,0,0.23,924,7.7,268,2.6
2006,12,14,4,30,-5.1000000000000005,0,0,0,0.23,924,7.1000000000000005,270,3.1
2006,12,14,5,30,-4.5,0,0,0,0.23,923,6.6000000000000005,274,3.3000000000000003
2006,12,14,6,30,-4,0,0,0,0.23,923,6.1000000000000005,281,3.3000000000000003
2006,12,14,7,30,-3.8000000000000003,0,0,0,0.23,923,5.7,286,3.4000000000000004
2006,12,14,8,30,-3.9000000000000004,0,0,0,0.23,923,5.2,285,3.4000000000000004
2006,12,14,9,30,-4.1000000000000005,0,0,0,0.23,923,4.7,280,3.4000000000000004
2006,12,14,10,30,-4.4,0,0,0,0.23,923,4.3,272,3.4000000000000004
2006,12,14,11,30,-4.7,0,0,0,0.23,922,4.1000000000000005,265,3.5
2006,12,14,12,30,-5,0,0,0,0.23,923,3.9000000000000004,260,3.6
2006,12,14,13,30,-5.300000000000001,0,0,0,0.23,923,4.7,260,4.1000000000000005
2006,12,14,14,30,-5.4,47,153,68,0.23,924,7.1000000000000005,262,4.7
2006,12,14,15,30,-5.300000000000001,113,303,205,0.23,924,10.600000000000001,263,4.6000000000000005
2006,12,14,16,30,-4.7,168,388,339,0.23,924,14.600000000000001,270,4.3
2006,12,14,17,30,-4.2,69,956,578,0.23,923,18.2,280,4.3
2006,12,14,18,30,-3.6,72,967,629,0.23,921,20.200000000000003,280,4.2
2006,12,14,19,30,-3.4000000000000004,71,963,617,0.23,920,21.200000000000003,277,4.3
2006,12,14,20,30,-3.2,68,934,539,0.23,920,21.6,278,4.5
2006,12,14,21,30,-2.8000000000000003,60,873,403,0.23,919,21.1,281,3.9000000000000004
2006,12,14,22,30,-1.1,47,731,224,0.23,919,18.2,277,2.6
2006,12,14,23,30,0.9,22,198,34,0.23,919,15.9,272,1.8
2006,12,15,0,30,-0.1,0,0,0,0.23,920,12.8,261,2.4000000000000004
2006,12,15,1,30,-0.4,0,0,0,0.23,920,12.200000000000001,261,3.1
2006,12,15,2,30,-0.6000000000000001,0,0,0,0.23,920,11.700000000000001,265,3.6
2006,12,15,3,30,-0.5,0,0,0,0.23,920,11,271,3.7
2006,12,15,4,30,-0.2,0,0,0,0.23,920,10.200000000000001,276,3.6
2006,12,15,5,30,0.2,0,0,0,0.23,920,9.600000000000001,277,3.6
2006,12,15,6,30,0.4,0,0,0,0.23,920,9,276,3.7
2006,12,15,7,30,0.30000000000000004,0,0,0,0.23,920,8.5,276,3.7
2006,12,15,8,30,0.1,0,0,0,0.23,920,8,277,3.7
2006,12,15,9,30,-0.30000000000000004,0,0,0,0.23,920,7.7,278,3.8000000000000003
2006,12,15,10,30,-0.7000000000000001,0,0,0,0.23,920,7.300000000000001,277,3.9000000000000004
2006,12,15,11,30,-1.1,0,0,0,0.23,920,7,275,4.1000000000000005
2006,12,15,12,30,-1.4000000000000001,0,0,0,0.23,921,6.7,273,4.3
2006,12,15,13,30,-1.7000000000000002,0,0,0,0.23,921,7.1000000000000005,271,4.6000000000000005
2006,12,15,14,30,-1.9000000000000001,33,558,105,0.23,921,9,268,4.9
2006,12,15,15,30,-1.8,52,802,293,0.23,921,12.4,267,4.7
2006,12,15,16,30,-1.2000000000000002,62,903,458,0.23,920,16.5,272,4.3
2006,12,15,17,30,-0.7000000000000001,68,951,574,0.23,920,19.900000000000002,278,4.3
2006,12,15,18,30,-0.8,74,961,628,0.23,918,22.200000000000003,274,4.4
2006,12,15,19,30,-1,74,957,616,0.23,917,23.5,267,4.6000000000000005
2006,12,15,20,30,-1.3,70,890,518,0.23,917,24,262,4.7
2006,12,15,21,30,-1.5,101,612,342,0.23,917,23.3,260,4.1000000000000005
2006,12,15,22,30,-0.1,86,308,160,0.23,917,20,258,2.8000000000000003
2006,12,15,23,30,1.1,22,187,34,0.23,917,17.5,257,2.1
2006,12,16,0,30,-0.2,0,0,0,0.23,917,14,257,2.4000000000000004
2006,12,16,1,30,-0.6000000000000001,0,0,0,0.23,917,13,257,2.7
2006,12,16,2,30,-0.8,0,0,0,0.23,918,12.200000000000001,256,2.9000000000000004
2006,12,16,3,30,-0.7000000000000001,0,0,0,0.23,918,11.5,255,3.1
2006,12,16,4,30,-0.7000000000000001,0,0,0,0.23,917,11,253,3.4000000000000004
2006,12,16,5,30,-0.7000000000000001,0,0,0,0.23,917,10.5,251,3.6
2006,12,16,6,30,-0.7000000000000001,0,0,0,0.23,917,10,249,3.7
2006,12,16,7,30,-0.7000000000000001,0,0,0,0.23,917,9.5,249,3.7
2006,12,16,8,30,-0.9,0,0,0,0.23,916,9,249,3.7
2006,12,16,9,30,-1,0,0,0,0.23,916,8.5,249,3.8000000000000003
2006,12,16,10,30,-1.1,0,0,0,0.23,916,8,249,3.8000000000000003
2006,12,16,11,30,-1.2000000000000002,0,0,0,0.23,916,7.5,249,3.8000000000000003
2006,12,16,12,30,-1.3,0,0,0,0.23,917,7.1000000000000005,249,3.9000000000000004
2006,12,16,13,30,-1.4000000000000001,0,0,0,0.23,917,7.4,249,4.1000000000000005
2006,12,16,14,30,-1.5,33,564,105,0.23,918,9.600000000000001,247,4.4
2006,12,16,15,30,-1.6,53,808,295,0.23,918,13.100000000000001,244,4.3
2006,12,16,16,30,-1.6,64,910,462,0.23,918,17.400000000000002,246,4.3
2006,12,16,17,30,-2.3000000000000003,70,958,579,0.23,917,21.3,254,4.9
2006,12,16,18,30,-3,75,971,634,0.23,916,23.900000000000002,257,5.2
2006,12,16,19,30,-3.9000000000000004,75,966,622,0.23,916,25.200000000000003,255,5.4
2006,12,16,20,30,-4.800000000000001,72,944,548,0.23,915,25.5,252,5.2
2006,12,16,21,30,-5.6000000000000005,64,880,411,0.23,915,24.5,249,3.9000000000000004
2006,12,16,22,30,-2.5,50,743,231,0.23,915,20.8,247,2.3000000000000003
2006,12,16,23,30,-0.9,22,374,46,0.23,915,18.1,246,1.8
2006,12,17,0,30,-2.6,0,0,0,0.22,917,14.5,244,1.8
2006,12,17,1,30,-3.2,0,0,0,0.22,917,13.5,240,1.9000000000000001
2006,12,17,2,30,-3.7,0,0,0,0.22,918,12.600000000000001,235,2
2006,12,17,3,30,-4.1000000000000005,0,0,0,0.22,918,11.8,234,2.3000000000000003
2006,12,17,4,30,-4.2,0,0,0,0.22,918,11.100000000000001,236,2.5
2006,12,17,5,30,-4.2,0,0,0,0.22,918,10.5,241,2.7
2006,12,17,6,30,-4.1000000000000005,0,0,0,0.22,918,9.700000000000001,249,2.9000000000000004
2006,12,17,7,30,-4,0,0,0,0.22,918,9,257,3
2006,12,17,8,30,-3.9000000000000004,0,0,0,0.22,919,8.200000000000001,261,2.9000000000000004
2006,12,17,9,30,-3.9000000000000004,0,0,0,0.22,919,7.5,259,2.8000000000000003
2006,12,17,10,30,-3.8000000000000003,0,0,0,0.22,919,7,255,2.6
2006,12,17,11,30,-3.7,0,0,0,0.22,919,6.7,251,2.5
2006,12,17,12,30,-3.4000000000000004,0,0,0,0.22,920,6.5,246,2.5
2006,12,17,13,30,-3.1,0,0,0,0.22,921,7.300000000000001,242,2.7
2006,12,17,14,30,-2.6,34,555,104,0.22,921,10.200000000000001,240,3.2
2006,12,17,15,30,-2.3000000000000003,102,376,214,0.22,921,13.9,240,3
2006,12,17,16,30,-1.9000000000000001,65,922,466,0.22,921,17.7,236,2.7
2006,12,17,17,30,-2.4000000000000004,70,964,581,0.22,921,21.200000000000003,233,3
2006,12,17,18,30,-3.4000000000000004,72,984,637,0.22,920,23.5,231,3
2006,12,17,19,30,-4.3,72,981,626,0.22,919,24.700000000000003,224,2.9000000000000004
2006,12,17,20,30,-4.800000000000001,68,954,549,0.22,918,25,216,2.8000000000000003
2006,12,17,21,30,-4.800000000000001,62,882,410,0.22,918,24.1,212,2.1
2006,12,17,22,30,1.4000000000000001,49,747,231,0.22,918,21.400000000000002,206,1.3
2006,12,17,23,30,0.30000000000000004,22,384,47,0.22,918,19.6,201,1.1
2006,12,18,0,30,-1.3,0,0,0,0.22,919,16,199,1.2000000000000002
2006,12,18,1,30,-0.9,0,0,0,0.22,920,14.5,203,1.2000000000000002
2006,12,18,2,30,-0.6000000000000001,0,0,0,0.22,920,13.4,213,1.2000000000000002
2006,12,18,3,30,-0.5,0,0,0,0.22,920,12.5,227,1.4000000000000001
2006,12,18,4,30,-0.30000000000000004,0,0,0,0.22,921,11.8,236,1.4000000000000001
2006,12,18,5,30,-0.2,0,0,0,0.22,921,11,239,1.4000000000000001
2006,12,18,6,30,0,0,0,0,0.22,920,10.4,240,1.3
2006,12,18,7,30,0.1,0,0,0,0.22,920,9.8,243,1.4000000000000001
2006,12,18,8,30,0.1,0,0,0,0.22,920,9.5,250,1.4000000000000001
2006,12,18,9,30,0.1,0,0,0,0.22,920,9.3,253,1.5
2006,12,18,10,30,0.2,0,0,0,0.22,920,9.3,254,1.5
2006,12,18,11,30,0.4,0,0,0,0.22,921,9.200000000000001,256,1.4000000000000001
2006,12,18,12,30,0.5,0,0,0,0.22,922,8.8,261,1.4000000000000001
2006,12,18,13,30,0.6000000000000001,0,0,0,0.22,923,8.8,268,1.4000000000000001
2006,12,18,14,30,0.9,34,514,98,0.22,923,10.700000000000001,278,1.6
2006,12,18,15,30,1.2000000000000002,105,4,106,0.22,924,13.600000000000001,308,1.6
2006,12,18,16,30,0.9,193,157,261,0.22,924,16.2,178,1.3
2006,12,18,17,30,0.9,91,822,525,0.22,924,18.5,60,1.3
2006,12,18,18,30,0.8,87,923,616,0.22,923,20.400000000000002,102,1.7000000000000002
2006,12,18,19,30,0.8,194,529,493,0.22,922,21.5,107,2.2
2006,12,18,20,30,0.9,85,876,527,0.22,921,21.900000000000002,100,2.6
2006,12,18,21,30,1.3,172,162,236,0.22,921,21.400000000000002,91,2.9000000000000004
2006,12,18,22,30,2.1,31,0,31,0.22,921,18.900000000000002,80,2.5
2006,12,18,23,30,4,24,80,29,0.22,922,16.900000000000002,75,2
2006,12,19,0,30,4.800000000000001,0,0,0,0.22,923,14.8,80,3.6
2006,12,19,1,30,6.6000000000000005,0,0,0,0.22,924,13.4,74,4.2
2006,12,19,2,30,7.9,0,0,0,0.22,925,11.9,68,4.6000000000000005
2006,12,19,3,30,8.5,0,0,0,0.22,925,11,67,5.1000000000000005
2006,12,19,4,30,8.4,0,0,0,0.22,925,10.4,70,5.4
2006,12,19,5,30,8.1,0,0,0,0.22,925,9.9,71,5.5
2006,12,19,6,30,7.6000000000000005,0,0,0,0.22,925,9.4,70,5.300000000000001
2006,12,19,7,30,6.9,0,0,0,0.22,924,8.9,66,5.1000000000000005
2006,12,19,8,30,6.4,0,0,0,0.22,924,8.5,60,4.800000000000001
2006,12,19,9,30,5.9,0,0,0,0.22,924,8,54,4.6000000000000005
2006,12,19,10,30,5.6000000000000005,0,0,0,0.22,924,7.6000000000000005,51,4.3
2006,12,19,11,30,5.5,0,0,0,0.22,925,7.4,50,4.1000000000000005
2006,12,19,12,30,5.7,0,0,0,0.22,925,7.300000000000001,52,3.9000000000000004
2006,12,19,13,30,5.800000000000001,0,0,0,0.22,925,7.4,55,3.7
2006,12,19,14,30,6.2,10,0,10,0.22,925,7.800000000000001,56,3.5
2006,12,19,15,30,6.7,118,56,134,0.22,925,8.6,55,3.3000000000000003
2006,12,19,16,30,7.2,95,0,95,0.22,925,9.8,61,3
2006,12,19,17,30,7.9,175,7,178,0.22,924,11.4,72,2.7
2006,12,19,18,30,8.4,154,0,154,0.22,922,12.8,79,2.2
2006,12,19,19,30,8.6,86,0,86,0.22,921,13.9,71,1.7000000000000002
2006,12,19,20,30,8.6,37,0,37,0.22,920,14.4,48,1.4000000000000001
2006,12,19,21,30,8.6,69,0,69,0.22,920,14.200000000000001,22,1.6
2006,12,19,22,30,8.5,22,0,22,0.22,920,13,10,2.4000000000000004
2006,12,19,23,30,8.4,28,186,40,0.22,920,12.200000000000001,9,2.9000000000000004
2006,12,20,0,30,7.9,0,0,0,0.22,920,9.8,6,3.2
2006,12,20,1,30,7.4,0,0,0,0.22,920,8.9,173,3.1
2006,12,20,2,30,6.800000000000001,0,0,0,0.22,920,8.1,332,3.5
2006,12,20,3,30,6,0,0,0,0.22,920,7.1000000000000005,316,4.4
2006,12,20,4,30,4.6000000000000005,0,0,0,0.22,921,5.800000000000001,307,4.7
2006,12,20,5,30,3,0,0,0,0.22,921,4.800000000000001,299,3.8000000000000003
2006,12,20,6,30,2.1,0,0,0,0.22,920,4,288,2.5
2006,12,20,7,30,1.7000000000000002,0,0,0,0.22,920,3.3000000000000003,277,1.9000000000000001
2006,12,20,8,30,1.4000000000000001,0,0,0,0.22,920,2.8000000000000003,264,1.9000000000000001
2006,12,20,9,30,0.8,0,0,0,0.22,920,2.7,252,2.8000000000000003
2006,12,20,10,30,-0.30000000000000004,0,0,0,0.22,920,3.2,246,4.1000000000000005
2006,12,20,11,30,-1.7000000000000002,0,0,0,0.22,920,3.5,243,5
2006,12,20,12,30,-2.7,0,0,0,0.22,920,3.2,239,5.300000000000001
2006,12,20,13,30,-3,0,0,0,0.22,920,3.2,239,5.9
2006,12,20,14,30,-3.1,33,544,99,0.22,920,4.5,246,7.6000000000000005
2006,12,20,15,30,-4.3,57,797,290,0.22,920,6.4,256,9.600000000000001
2006,12,20,16,30,-6.300000000000001,71,899,458,0.22,920,8.200000000000001,260,10.200000000000001
2006,12,20,17,30,-7.4,77,962,584,0.22,919,9.700000000000001,261,10
2006,12,20,18,30,-8.3,78,988,643,0.22,918,11,261,9.8
2006,12,20,19,30,-9.5,76,987,634,0.22,917,11.9,262,9.3
2006,12,20,20,30,-10.5,72,951,552,0.22,917,12.3,263,8.8
2006,12,20,21,30,-11,64,889,417,0.22,917,12.100000000000001,263,8
2006,12,20,22,30,-11,50,755,238,0.22,917,10.8,263,6.4
2006,12,20,23,30,-10,23,393,51,0.22,917,9.600000000000001,262,5.2
2006,12,21,0,30,-8.9,0,0,0,0.22,918,6,257,3.5
2006,12,21,1,30,-8.6,0,0,0,0.22,919,5,253,3.3000000000000003
2006,12,21,2,30,-8.700000000000001,0,0,0,0.22,919,4.2,253,3.4000000000000004
2006,12,21,3,30,-8.8,0,0,0,0.22,919,3.9000000000000004,256,3.7
2006,12,21,4,30,-8.8,0,0,0,0.22,919,3.7,261,4
2006,12,21,5,30,-8.4,0,0,0,0.22,919,3.6,265,4.3
2006,12,21,6,30,-8,0,0,0,0.22,919,3.4000000000000004,266,4.3
2006,12,21,7,30,-7.5,0,0,0,0.22,919,3,264,4.2
2006,12,21,8,30,-7,0,0,0,0.22,919,2.5,262,3.9000000000000004
2006,12,21,9,30,-6.800000000000001,0,0,0,0.22,920,2.2,261,3.9000000000000004
2006,12,21,10,30,-6.7,0,0,0,0.22,920,1.8,261,3.8000000000000003
2006,12,21,11,30,-6.800000000000001,0,0,0,0.22,921,1.3,259,3.6
2006,12,21,12,30,-6.9,0,0,0,0.22,921,0.9,257,3.5
2006,12,21,13,30,-7,0,0,0,0.22,922,1.2000000000000002,257,4
2006,12,21,14,30,-7.1000000000000005,31,549,96,0.22,923,3.1,258,4.4
2006,12,21,15,30,-6.800000000000001,51,805,286,0.22,923,6.300000000000001,270,4.4
2006,12,21,16,30,-7.1000000000000005,62,909,453,0.22,923,9.5,288,4.1000000000000005
2006,12,21,17,30,-7.800000000000001,68,959,573,0.22,923,11.600000000000001,292,4
2006,12,21,18,30,-7.800000000000001,72,977,631,0.22,922,12.8,289,4.1000000000000005
2006,12,21,19,30,-7.9,71,975,622,0.22,921,13.600000000000001,285,4.1000000000000005
2006,12,21,20,30,-8,67,951,547,0.22,920,14,284,4
2006,12,21,21,30,-8,59,894,414,0.22,920,13.9,285,3.6
2006,12,21,22,30,-7.6000000000000005,46,766,237,0.22,920,11.8,290,2.3000000000000003
2006,12,21,23,30,-4.2,22,426,52,0.22,921,10,294,1.4000000000000001
2006,12,22,0,30,-5.4,0,0,0,0.22,922,7.6000000000000005,295,1.1
2006,12,22,1,30,-5.7,0,0,0,0.22,922,7.2,291,1.1
2006,12,22,2,30,-6,0,0,0,0.22,922,6.6000000000000005,287,1.1
2006,12,22,3,30,-6.2,0,0,0,0.22,922,5.9,284,1
2006,12,22,4,30,-6.2,0,0,0,0.22,922,5.1000000000000005,279,1
2006,12,22,5,30,-6.300000000000001,0,0,0,0.22,922,4.2,274,1.1
2006,12,22,6,30,-6.5,0,0,0,0.22,922,3.4000000000000004,274,1.2000000000000002
2006,12,22,7,30,-6.6000000000000005,0,0,0,0.22,922,2.7,274,1.4000000000000001
2006,12,22,8,30,-6.7,0,0,0,0.22,921,2.1,271,1.6
2006,12,22,9,30,-6.9,0,0,0,0.22,921,1.6,269,1.9000000000000001
2006,12,22,10,30,-7,0,0,0,0.22,921,1.3,268,2
2006,12,22,11,30,-7,0,0,0,0.22,921,1,267,2.1
2006,12,22,12,30,-7,0,0,0,0.22,921,0.8,265,2.2
2006,12,22,13,30,-7.1000000000000005,0,0,0,0.22,922,1.6,263,2.5
2006,12,22,14,30,-6.800000000000001,30,561,96,0.22,922,4.3,263,3.1
2006,12,22,15,30,-6.6000000000000005,51,812,287,0.22,922,8,268,3.1
2006,12,22,16,30,-6.300000000000001,63,914,455,0.22,922,11.5,268,2.8000000000000003
2006,12,22,17,30,-6,70,961,576,0.22,921,14.3,262,2.8000000000000003
2006,12,22,18,30,-5.9,173,605,519,0.22,920,16,258,2.6
2006,12,22,19,30,-5.9,131,733,545,0.22,919,17,256,2.2
2006,12,22,20,30,-6.1000000000000005,73,945,552,0.22,918,17.400000000000002,254,1.7000000000000002
2006,12,22,21,30,-6.4,66,881,417,0.22,917,17,256,0.9
2006,12,22,22,30,-3.9000000000000004,53,628,210,0.22,917,14.8,157,0.6000000000000001
2006,12,22,23,30,-2.5,25,393,53,0.22,917,13.100000000000001,54,0.7000000000000001
2006,12,23,0,30,-4,0,0,0,0.22,918,10.100000000000001,71,1.4000000000000001
2006,12,23,1,30,-3.9000000000000004,0,0,0,0.22,919,9.1,80,1.7000000000000002
2006,12,23,2,30,-3.9000000000000004,0,0,0,0.22,919,8,87,1.9000000000000001
2006,12,23,3,30,-3.9000000000000004,0,0,0,0.22,919,6.6000000000000005,93,1.9000000000000001
2006,12,23,4,30,-4.1000000000000005,0,0,0,0.22,920,5.4,99,1.8
2006,12,23,5,30,-4.2,0,0,0,0.22,920,4.4,104,1.7000000000000002
2006,12,23,6,30,-4,0,0,0,0.22,920,3.6,106,1.5
2006,12,23,7,30,-3.7,0,0,0,0.22,920,3,98,1.4000000000000001
2006,12,23,8,30,-3.3000000000000003,0,0,0,0.22,920,2.4000000000000004,82,1.3
2006,12,23,9,30,-2.8000000000000003,0,0,0,0.22,920,1.7000000000000002,67,1.5
2006,12,23,10,30,-2.4000000000000004,0,0,0,0.22,921,1.4000000000000001,60,1.7000000000000002
2006,12,23,11,30,-2,0,0,0,0.22,922,1.9000000000000001,56,2.3000000000000003
2006,12,23,12,30,-1.7000000000000002,0,0,0,0.22,923,2.3000000000000003,53,2.7
2006,12,23,13,30,-1.5,0,0,0,0.22,924,2.5,49,3.1
2006,12,23,14,30,-1.3,17,0,17,0.22,925,3,46,3.4000000000000004
2006,12,23,15,30,-0.8,11,0,11,0.22,926,4.2,54,3.6
2006,12,23,16,30,-0.30000000000000004,18,0,18,0.22,926,5.4,70,3.8000000000000003
2006,12,23,17,30,0.4,42,0,42,0.22,926,6.4,80,3.9000000000000004
2006,12,23,18,30,0.9,19,0,19,0.22,926,6.9,79,3.7
2006,12,23,19,30,1.3,133,0,133,0.22,926,7,71,3.5
2006,12,23,20,30,1.5,55,0,55,0.22,926,6.7,60,3.3000000000000003
2006,12,23,21,30,1.6,62,0,62,0.22,927,6.2,52,3.2
2006,12,23,22,30,1.7000000000000002,12,0,12,0.22,928,5.6000000000000005,47,2.5
2006,12,23,23,30,1.9000000000000001,16,0,16,0.22,928,5.2,44,2.1
2006,12,24,0,30,1.9000000000000001,0,0,0,0.22,928,4.1000000000000005,198,0.8
2006,12,24,1,30,1.9000000000000001,0,0,0,0.22,929,3.4000000000000004,344,0.7000000000000001
2006,12,24,2,30,1.8,0,0,0,0.22,929,3,324,0.7000000000000001
2006,12,24,3,30,1.7000000000000002,0,0,0,0.22,929,2.8000000000000003,304,0.7000000000000001
2006,12,24,4,30,1.6,0,0,0,0.22,929,2.2,283,0.9
2006,12,24,5,30,1.5,0,0,0,0.22,928,1.5,277,1.5
2006,12,24,6,30,1.3,0,0,0,0.22,928,1.3,279,2.3000000000000003
2006,12,24,7,30,1.1,0,0,0,0.22,928,1.1,275,2.2
2006,12,24,8,30,0.8,0,0,0,0.22,928,0.8,264,1.7000000000000002
2006,12,24,9,30,0.6000000000000001,0,0,0,0.22,927,0.6000000000000001,257,1.5
2006,12,24,10,30,0.4,0,0,0,0.22,927,0.5,263,1.9000000000000001
2006,12,24,11,30,0.1,0,0,0,0.22,926,0.6000000000000001,273,2.9000000000000004
2006,12,24,12,30,-0.30000000000000004,0,0,0,0.22,926,0.6000000000000001,277,3.7
2006,12,24,13,30,-0.7000000000000001,0,0,0,0.22,926,0.7000000000000001,272,3.9000000000000004
2006,12,24,14,30,-0.9,35,465,88,0.22,926,2.2,265,4.1000000000000005
2006,12,24,15,30,-0.6000000000000001,57,764,277,0.22,925,5.300000000000001,265,4.4
2006,12,24,16,30,-0.1,69,883,446,0.22,924,9.1,270,5.1000000000000005
2006,12,24,17,30,-0.4,75,937,567,0.22,923,12.200000000000001,276,5.9
2006,12,24,18,30,-1.1,80,954,626,0.22,922,14.100000000000001,279,6.5
2006,12,24,19,30,-1.8,81,955,621,0.22,920,15.200000000000001,281,6.800000000000001
2006,12,24,20,30,-2.6,76,930,549,0.22,919,15.700000000000001,283,6.9
2006,12,24,21,30,-3.3000000000000003,66,879,419,0.22,918,15.4,286,6.800000000000001
2006,12,24,22,30,-3.6,52,753,242,0.22,918,13.8,287,6.1000000000000005
2006,12,24,23,30,-3.3000000000000003,24,418,56,0.22,918,12.5,286,5.4
2006,12,25,0,30,-3.5,0,0,0,0.22,919,10.3,300,6.7
2006,12,25,1,30,-4.2,0,0,0,0.22,921,9.600000000000001,312,7.6000000000000005
2006,12,25,2,30,-5.1000000000000005,0,0,0,0.22,922,8.700000000000001,328,8.1
2006,12,25,3,30,-4.6000000000000005,0,0,0,0.22,924,7.6000000000000005,339,8.4
2006,12,25,4,30,-2.8000000000000003,0,0,0,0.22,925,6.6000000000000005,344,8.3
2006,12,25,5,30,-1.8,0,0,0,0.22,926,5.7,346,8.200000000000001
2006,12,25,6,30,-1.7000000000000002,0,0,0,0.22,927,4.9,346,7.7
2006,12,25,7,30,-1.5,0,0,0,0.22,928,4.3,345,7
2006,12,25,8,30,-1.4000000000000001,0,0,0,0.22,929,3.7,342,6.300000000000001
2006,12,25,9,30,-1.7000000000000002,0,0,0,0.22,930,3.1,339,5.800000000000001
2006,12,25,10,30,-2.2,0,0,0,0.22,930,2.4000000000000004,336,5
2006,12,25,11,30,-2.7,0,0,0,0.22,931,1.6,331,4.4
2006,12,25,12,30,-3.2,0,0,0,0.22,932,0.7000000000000001,324,3.9000000000000004
2006,12,25,13,30,-3.6,0,0,0,0.22,932,0.6000000000000001,317,3.9000000000000004
2006,12,25,14,30,-3.8000000000000003,28,579,94,0.22,933,2.2,319,4.4
2006,12,25,15,30,-4.4,47,846,289,0.22,933,4.6000000000000005,336,4.7
2006,12,25,16,30,-6.4,56,949,461,0.22,933,6.800000000000001,347,4.6000000000000005
2006,12,25,17,30,-8.200000000000001,61,997,584,0.22,932,8.4,339,4.4
2006,12,25,18,30,-9,64,1015,645,0.22,931,9.600000000000001,327,4.3
2006,12,25,19,30,-9.3,62,1006,633,0.22,930,10.4,316,4.2
2006,12,25,20,30,-9.600000000000001,58,984,559,0.22,929,10.9,305,4
2006,12,25,21,30,-9.8,53,928,427,0.22,929,11,294,3.7
2006,12,25,22,30,-9.700000000000001,43,810,250,0.22,928,9.200000000000001,281,2.6
2006,12,25,23,30,-6.6000000000000005,22,496,60,0.22,928,7.6000000000000005,273,1.6
2006,12,26,0,30,-7.1000000000000005,0,0,0,0.2,928,4.800000000000001,258,1.9000000000000001
2006,12,26,1,30,-7.4,0,0,0,0.2,928,4.4,260,2.3000000000000003
2006,12,26,2,30,-7.5,0,0,0,0.2,928,3.9000000000000004,263,2.8000000000000003
2006,12,26,3,30,-7.4,0,0,0,0.2,927,3.5,265,3.3000000000000003
2006,12,26,4,30,-7.2,0,0,0,0.2,927,3.2,268,3.8000000000000003
2006,12,26,5,30,-7.1000000000000005,0,0,0,0.2,927,2.8000000000000003,269,4.1000000000000005
2006,12,26,6,30,-6.9,0,0,0,0.2,926,2.3000000000000003,269,4.1000000000000005
2006,12,26,7,30,-6.9,0,0,0,0.2,926,1.8,270,3.9000000000000004
2006,12,26,8,30,-6.9,0,0,0,0.2,926,1.4000000000000001,270,3.7
2006,12,26,9,30,-6.9,0,0,0,0.2,926,1.2000000000000002,270,3.7
2006,12,26,10,30,-6.9,0,0,0,0.2,926,1.1,270,3.8000000000000003
2006,12,26,11,30,-6.9,0,0,0,0.2,926,1.1,270,3.8000000000000003
2006,12,26,12,30,-6.9,0,0,0,0.2,927,1.1,271,3.9000000000000004
2006,12,26,13,30,-6.9,0,0,0,0.2,927,1.9000000000000001,271,4.2
2006,12,26,14,30,-6.9,28,540,89,0.2,927,4.2,271,4.7
2006,12,26,15,30,-6.7,48,802,277,0.2,927,7.800000000000001,273,4.5
2006,12,26,16,30,-6.9,57,908,445,0.2,927,11.600000000000001,279,4
2006,12,26,17,30,-7.1000000000000005,63,958,565,0.2,926,14.600000000000001,279,3.8000000000000003
2006,12,26,18,30,-6.800000000000001,66,978,626,0.2,924,16.8,277,3.9000000000000004
2006,12,26,19,30,-6.2,64,979,620,0.2,923,18.400000000000002,280,4
2006,12,26,20,30,-5.800000000000001,73,879,522,0.2,922,19.200000000000003,283,3.8000000000000003
2006,12,26,21,30,-5.4,54,902,418,0.2,922,18.900000000000002,285,2.9000000000000004
2006,12,26,22,30,-1.8,43,782,244,0.2,922,16.6,281,1.7000000000000002
2006,12,26,23,30,-1.3,22,469,60,0.2,922,14.9,276,1.2000000000000002
2006,12,27,0,30,-3.3000000000000003,0,0,0,0.2,922,12,254,1.6
2006,12,27,1,30,-3.4000000000000004,0,0,0,0.2,923,10.4,254,2.2
2006,12,27,2,30,-3.6,0,0,0,0.2,922,8.9,258,2.8000000000000003
2006,12,27,3,30,-3.8000000000000003,0,0,0,0.2,922,7.9,261,3.1
2006,12,27,4,30,-4.1000000000000005,0,0,0,0.2,922,7.1000000000000005,263,3.3000000000000003
2006,12,27,5,30,-4.3,0,0,0,0.2,922,6.5,265,3.2
2006,12,27,6,30,-4.6000000000000005,0,0,0,0.2,921,6,266,3.1
2006,12,27,7,30,-4.800000000000001,0,0,0,0.2,921,5.6000000000000005,266,3
2006,12,27,8,30,-5.1000000000000005,0,0,0,0.2,921,5.300000000000001,263,3.1
2006,12,27,9,30,-5.300000000000001,0,0,0,0.2,920,5,259,3.3000000000000003
2006,12,27,10,30,-5.5,0,0,0,0.2,920,4.800000000000001,255,3.5
2006,12,27,11,30,-5.6000000000000005,0,0,0,0.2,920,4.5,252,3.6
2006,12,27,12,30,-5.7,0,0,0,0.2,920,4.3,248,3.7
2006,12,27,13,30,-5.9,0,0,0,0.2,919,5.1000000000000005,246,4
2006,12,27,14,30,-5.6000000000000005,40,72,48,0.2,919,7.7,244,4.5
2006,12,27,15,30,-5.300000000000001,105,304,192,0.2,919,11.5,240,4.4
2006,12,27,16,30,-4.4,61,890,440,0.2,918,15.8,240,4.1000000000000005
2006,12,27,17,30,-4,67,942,561,0.2,917,20.1,245,4.7
2006,12,27,18,30,-4.5,68,967,622,0.2,915,23.1,248,5
2006,12,27,19,30,-5.2,67,966,617,0.2,914,24.6,248,4.9
2006,12,27,20,30,-5.7,65,938,546,0.2,913,25,245,4.5
2006,12,27,21,30,-5.7,58,884,417,0.2,912,23.900000000000002,239,3
2006,12,27,22,30,1,46,769,245,0.2,912,20.700000000000003,224,1.7000000000000002
2006,12,27,23,30,0,24,450,60,0.2,912,18.6,213,1.5
2006,12,28,0,30,-2,0,0,0,0.2,912,14.600000000000001,181,2
2006,12,28,1,30,-2.5,0,0,0,0.2,912,13.8,176,2.9000000000000004
2006,12,28,2,30,-3.1,0,0,0,0.2,912,13.700000000000001,178,4.2
2006,12,28,3,30,-3.5,0,0,0,0.2,911,12.700000000000001,178,4.7
2006,12,28,4,30,-3.4000000000000004,0,0,0,0.2,910,11.200000000000001,178,4.2
2006,12,28,5,30,-3.1,0,0,0,0.2,910,10.200000000000001,179,3.6
2006,12,28,6,30,-2.6,0,0,0,0.2,909,9.600000000000001,185,3.1
2006,12,28,7,30,-2.2,0,0,0,0.2,908,8.700000000000001,201,2.7
2006,12,28,8,30,-2,0,0,0,0.2,908,7.9,217,2.6
2006,12,28,9,30,-1.8,0,0,0,0.2,908,7,226,2.8000000000000003
2006,12,28,10,30,-1.7000000000000002,0,0,0,0.2,908,6.2,228,3
2006,12,28,11,30,-1.8,0,0,0,0.2,909,5.6000000000000005,224,2.9000000000000004
2006,12,28,12,30,-2.1,0,0,0,0.2,909,5,216,2.7
2006,12,28,13,30,-2.4000000000000004,0,0,0,0.2,910,5.6000000000000005,205,3
2006,12,28,14,30,-2.7,28,547,88,0.2,910,8.3,193,3.8000000000000003
2006,12,28,15,30,-2.8000000000000003,104,315,193,0.2,910,12,202,4.800000000000001
2006,12,28,16,30,-1.7000000000000002,169,349,317,0.2,911,14.9,234,5.7
2006,12,28,17,30,-0.1,194,18,204,0.2,911,16.1,255,6
2006,12,28,18,30,0.7000000000000001,174,608,523,0.2,910,16.2,264,5.6000000000000005
2006,12,28,19,30,1.1,264,267,416,0.2,910,15.9,267,5.2
2006,12,28,20,30,1.2000000000000002,200,423,418,0.2,910,15.100000000000001,267,4.7
2006,12,28,21,30,1.3,179,107,222,0.2,911,13.9,268,4
2006,12,28,22,30,1.2000000000000002,104,169,148,0.2,912,12.3,270,2.6
2006,12,28,23,30,1.7000000000000002,21,0,21,0.2,912,11.4,272,1.7000000000000002
2006,12,29,0,30,0.7000000000000001,0,0,0,0.2,913,10,187,1.1
2006,12,29,1,30,0.6000000000000001,0,0,0,0.2,914,8.9,49,1.3
2006,12,29,2,30,0.8,0,0,0,0.2,914,8,66,1.6
2006,12,29,3,30,1.2000000000000002,0,0,0,0.2,915,7.2,81,1.9000000000000001
2006,12,29,4,30,1.9000000000000001,0,0,0,0.2,915,6.4,94,1.8
2006,12,29,5,30,2.5,0,0,0,0.2,915,5.6000000000000005,102,1.4000000000000001
2006,12,29,6,30,2.9000000000000004,0,0,0,0.2,915,5.1000000000000005,99,1
2006,12,29,7,30,3,0,0,0,0.2,915,4.800000000000001,63,0.8
2006,12,29,8,30,2.9000000000000004,0,0,0,0.2,916,4.800000000000001,192,0.8
2006,12,29,9,30,2.8000000000000003,0,0,0,0.2,916,4.800000000000001,342,1
2006,12,29,10,30,2.7,0,0,0,0.2,917,4.5,342,1.3
2006,12,29,11,30,2.1,0,0,0,0.2,917,4.2,178,1.5
2006,12,29,12,30,1.7000000000000002,0,0,0,0.2,918,3.9000000000000004,2,1.3
2006,12,29,13,30,1.4000000000000001,0,0,0,0.2,918,3.9000000000000004,178,1.2000000000000002
2006,12,29,14,30,1.5,37,4,38,0.2,919,4.4,357,1.4000000000000001
2006,12,29,15,30,1.2000000000000002,96,0,96,0.2,919,5.6000000000000005,346,1.5
2006,12,29,16,30,1,188,114,237,0.2,919,7.7,320,1.5
2006,12,29,17,30,0.5,216,379,415,0.2,919,9.600000000000001,299,1.9000000000000001
2006,12,29,18,30,-0.1,187,566,511,0.2,918,10.600000000000001,291,2.4000000000000004
2006,12,29,19,30,-0.1,269,225,398,0.2,918,11,285,2.8000000000000003
2006,12,29,20,30,0,78,905,544,0.2,917,10.700000000000001,286,3.1
2006,12,29,21,30,0.2,150,13,155,0.2,918,10.100000000000001,293,3.2
2006,12,29,22,30,0.5,56,703,241,0.2,918,9,297,2.6
2006,12,29,23,30,1.5,24,0,24,0.2,918,8.1,297,1.9000000000000001
2006,12,30,0,30,1.3,0,0,0,0.2,919,6.2,300,1.7000000000000002
2006,12,30,1,30,0.8,0,0,0,0.2,919,5.7,306,2
2006,12,30,2,30,0.4,0,0,0,0.2,919,5.4,314,2.5
2006,12,30,3,30,0.2,0,0,0,0.2,919,4.800000000000001,317,2.8000000000000003
2006,12,30,4,30,-0.1,0,0,0,0.2,920,4,318,2.9000000000000004
2006,12,30,5,30,-0.30000000000000004,0,0,0,0.2,920,3.1,318,3.1
2006,12,30,6,30,-0.6000000000000001,0,0,0,0.2,920,2.2,316,3.1
2006,12,30,7,30,-1.1,0,0,0,0.2,920,1.3,312,3
2006,12,30,8,30,-1.6,0,0,0,0.2,920,0.5,306,2.9000000000000004
2006,12,30,9,30,-2.2,0,0,0,0.2,920,-0.1,300,2.7
2006,12,30,10,30,-2.8000000000000003,0,0,0,0.2,920,-0.6000000000000001,296,2.6
2006,12,30,11,30,-3.3000000000000003,0,0,0,0.2,920,-0.8,292,2.5
2006,12,30,12,30,-3.7,0,0,0,0.2,920,-0.9,287,2.4000000000000004
2006,12,30,13,30,-3.8000000000000003,0,0,0,0.2,921,-0.1,282,2.7
2006,12,30,14,30,-3.7,35,416,80,0.2,921,2.2,280,3.4000000000000004
2006,12,30,15,30,-3.5,6,0,6,0.2,921,4.9,289,3.9000000000000004
2006,12,30,16,30,-3.8000000000000003,140,1,141,0.2,921,6.800000000000001,295,4.1000000000000005
2006,12,30,17,30,-3.5,229,59,259,0.2,921,7.800000000000001,293,4.1000000000000005
2006,12,30,18,30,-3.1,226,26,241,0.2,920,8,286,4.2
2006,12,30,19,30,-2.6,259,71,299,0.2,920,7.9,280,4.3
2006,12,30,20,30,-2.2,235,96,285,0.2,920,8.1,279,4.4
2006,12,30,21,30,-2.1,160,352,305,0.2,920,8.3,283,4.4
2006,12,30,22,30,-1.9000000000000001,105,194,156,0.2,921,7.6000000000000005,288,3.5
2006,12,30,23,30,-1.2000000000000002,23,0,23,0.2,921,7,290,2.8000000000000003
2006,12,31,0,30,-1,0,0,0,0.21,922,5.1000000000000005,281,1.9000000000000001
2006,12,31,1,30,-0.9,0,0,0,0.21,922,4.2,274,1.9000000000000001
2006,12,31,2,30,-0.9,0,0,0,0.21,923,3.3000000000000003,269,2
2006,12,31,3,30,-0.8,0,0,0,0.21,923,2.7,269,2.2
2006,12,31,4,30,-0.8,0,0,0,0.21,924,2.2,270,2.4000000000000004
2006,12,31,5,30,-0.8,0,0,0,0.21,924,1.8,273,2.6
2006,12,31,6,30,-0.9,0,0,0,0.21,924,1.6,274,2.8000000000000003
2006,12,31,7,30,-1.1,0,0,0,0.21,924,1.3,274,2.8000000000000003
2006,12,31,8,30,-1.3,0,0,0,0.21,924,1,272,2.8000000000000003
2006,12,31,9,30,-1.5,0,0,0,0.21,924,0.8,271,2.8000000000000003
2006,12,31,10,30,-1.7000000000000002,0,0,0,0.21,924,0.6000000000000001,270,2.9000000000000004
2006,12,31,11,30,-1.8,0,0,0,0.21,925,0.30000000000000004,269,2.9000000000000004
2006,12,31,12,30,-1.8,0,0,0,0.21,925,-0.1,269,2.9000000000000004
2006,12,31,13,30,-1.9000000000000001,0,0,0,0.21,926,0.5,271,3.3000000000000003
2006,12,31,14,30,-1.8,32,475,83,0.21,927,2.7,274,3.8000000000000003
2006,12,31,15,30,-1.5,56,760,271,0.21,928,6,287,3.8000000000000003
2006,12,31,16,30,-1.2000000000000002,68,879,442,0.21,928,9.4,305,3.7
2006,12,31,17,30,-1.3,75,937,567,0.21,928,11.8,317,3.6
2006,12,31,18,30,-1.6,75,971,635,0.21,927,13.200000000000001,324,3.3000000000000003
2006,12,31,19,30,-1.9000000000000001,74,973,632,0.21,926,13.9,333,2.9000000000000004
2006,12,31,20,30,-2.4000000000000004,70,951,562,0.21,926,14.100000000000001,343,2.4000000000000004
2006,12,31,21,30,-2.8000000000000003,62,896,433,0.21,926,13.700000000000001,178,2
2006,12,31,22,30,-3,50,778,258,0.21,926,11.700000000000001,26,1.4000000000000001
2006,12,31,23,30,-1.4000000000000001,26,473,69,0.21,926,10,46,1
