hours,price
1.0,34.22147
2.0,32.26191
3.0,33.39441
4.0,32.70187
5.0,33.96189
6.0,36.60771
7.0,40.06033
8.0,37.55153
9.0,27.98286
10.0,20.95176
11.0,15.7947
12.0,13.80429
13.0,12.19598
14.0,11.58819
15.0,17.0563
16.0,28.93115
17.0,40.49592
18.0,58.70327
19.0,49.86694
20.0,47.27372
21.0,45.27282
22.0,41.94474
23.0,37.87762
24.0,35.75638
25.0,33.56598
26.0,32.02251
27.0,32.54694
28.0,32.2526
29.0,32.64157
30.0,35.22948
31.0,38.99294
32.0,34.72796
33.0,26.79211
34.0,20.75417
35.0,17.49423
36.0,15.07187
37.0,12.44651
38.0,13.29257
39.0,16.1502
40.0,28.47091
41.0,40.62429
42.0,54.24637
43.0,48.2606
44.0,44.44338
45.0,43.50385
46.0,40.13147
47.0,37.14695
48.0,34.86712
49.0,30.75963
50.0,30.74429
51.0,30.58425
52.0,30.45637
53.0,30.8682
54.0,33.52072
55.0,36.97502
56.0,33.07655
57.0,26.25132
58.0,20.63039
59.0,16.52707
60.0,15.26782
61.0,15.06703
62.0,14.37581
63.0,18.18305
64.0,30.07761
65.0,40.78187
66.0,60.04967
67.0,52.45453
68.0,46.27485
69.0,43.48505
70.0,39.45623
71.0,37.28554
72.0,34.30529
73.0,30.70259
74.0,30.4777
75.0,29.99916
76.0,30.13885
77.0,31.44588
78.0,37.33969
79.0,48.55893
80.0,55.45604
81.0,36.83715
82.0,30.36307
83.0,30.34289
84.0,28.56792
85.0,25.98143
86.0,25.33021
87.0,27.60095
88.0,31.99234
89.0,40.46596
90.0,63.15313
91.0,65.31415
92.0,50.84154
93.0,46.78316
94.0,39.45016
95.0,34.26508
96.0,32.19755
97.0,28.53191
98.0,27.64524
99.0,26.58356
100.0,26.75825
101.0,27.69095
102.0,31.26426
103.0,41.20024
104.0,51.86319
105.0,32.84425
106.0,27.13413
107.0,24.18492
108.0,23.08388
109.0,21.9387
110.0,22.47766
111.0,25.68953
112.0,39.59145
113.0,47.26173
114.0,70.0743
115.0,63.16849
116.0,53.76491
117.0,45.12619
118.0,38.35907
119.0,34.47
120.0,32.59713
121.0,28.893
122.0,28.12535
123.0,27.86848
124.0,28.29792
125.0,29.64789
126.0,35.10788
127.0,42.17913
128.0,50.05215
129.0,33.34683
130.0,28.9728
131.0,26.89178
132.0,25.28616
133.0,23.85649
134.0,24.28748
135.0,27.15282
136.0,31.98059
137.0,45.25201
138.0,61.60361
139.0,53.00884
140.0,46.6207
141.0,40.42977
142.0,37.20687
143.0,33.89944
144.0,31.51334
145.0,28.56611
146.0,27.86367
147.0,27.00419
148.0,27.53313
149.0,29.76391
150.0,34.86723
151.0,45.34871
152.0,46.71284
153.0,34.22233
154.0,30.73775
155.0,28.52217
156.0,26.58667
157.0,24.79544
158.0,25.19708
159.0,28.09601
160.0,31.61462
161.0,43.45019
162.0,59.40569
163.0,53.62062
164.0,46.5228
165.0,41.07293
166.0,37.25606
167.0,35.01818
168.0,31.88242
169.0,31.22468
170.0,30.12815
171.0,29.80438
172.0,29.93217
173.0,30.50957
174.0,35.94803
175.0,44.98347
176.0,45.39627
177.0,34.1907
178.0,30.76602
179.0,24.37793
180.0,20.3337
181.0,18.95618
182.0,16.75901
183.0,19.80295
184.0,27.39806
185.0,38.26894
186.0,47.25314
187.0,42.59857
188.0,38.65855
189.0,36.43836
190.0,34.83487
191.0,32.00179
192.0,30.90903
193.0,31.45325
194.0,30.1709
195.0,28.97947
196.0,29.06534
197.0,30.2549
198.0,34.51664
199.0,39.07863
200.0,37.73854
201.0,29.93559
202.0,26.85139
203.0,20.80854
204.0,17.51306
205.0,13.15466
206.0,12.16748
207.0,17.54019
208.0,27.5068
209.0,35.75598
210.0,53.50711
211.0,48.44677
212.0,41.40587
213.0,38.88916
214.0,37.09378
215.0,33.38901
216.0,32.15508
217.0,32.12225
218.0,30.88291
219.0,31.62818
220.0,31.04701
221.0,30.98142
222.0,33.9874
223.0,38.68953
224.0,34.52447
225.0,28.65184
226.0,22.07305
227.0,14.5136
228.0,12.19855
229.0,9.28663
230.0,7.42887
231.0,13.19252
232.0,25.6625
233.0,35.38235
234.0,49.91114
235.0,48.27743
236.0,41.042
237.0,39.3446
238.0,37.19306
239.0,33.32967
240.0,31.63964
241.0,30.61313
242.0,29.76415
243.0,29.66719
244.0,29.60629
245.0,30.62382
246.0,36.70107
247.0,45.17161
248.0,45.49761
249.0,35.14076
250.0,31.35303
251.0,23.63282
252.0,21.81453
253.0,21.50357
254.0,20.5538
255.0,24.29093
256.0,31.5228
257.0,42.1562
258.0,59.10691
259.0,55.70716
260.0,55.67701
261.0,47.24629
262.0,43.88228
263.0,38.01537
264.0,33.40305
265.0,31.58433
266.0,31.02819
267.0,30.54835
268.0,30.55777
269.0,31.85707
270.0,36.0455
271.0,47.46719
272.0,49.04602
273.0,36.3011
274.0,30.61683
275.0,29.6269
276.0,27.06365
277.0,24.24476
278.0,24.47887
279.0,26.42953
280.0,31.2089
281.0,44.82753
282.0,63.83947
283.0,56.57321
284.0,51.28567
285.0,42.17931
286.0,38.20108
287.0,34.79281
288.0,33.09318
289.0,29.93338
290.0,29.07603
291.0,28.38214
292.0,28.46767
293.0,29.62356
294.0,34.96058
295.0,45.4044
296.0,48.22145
297.0,35.63652
298.0,28.58383
299.0,24.36837
300.0,23.14795
301.0,20.52796
302.0,20.63721
303.0,21.82388
304.0,28.05649
305.0,41.61769
306.0,60.2102
307.0,51.7822
308.0,42.17717
309.0,40.65205
310.0,39.29688
311.0,33.28822
312.0,31.75354
313.0,30.01097
314.0,30.05561
315.0,28.81733
316.0,28.95784
317.0,28.81325
318.0,33.75649
319.0,44.52697
320.0,45.23365
321.0,33.41907
322.0,28.47609
323.0,25.22204
324.0,23.4674
325.0,21.48279
326.0,23.06503
327.0,26.06416
328.0,32.98979
329.0,43.75994
330.0,58.93198
331.0,49.05125
332.0,44.6934
333.0,40.1753
334.0,37.17849
335.0,33.37882
336.0,30.80225
337.0,27.83134
338.0,28.0891
339.0,27.01216
340.0,27.68669
341.0,28.55194
342.0,31.88474
343.0,42.06999
344.0,41.54256
345.0,31.63282
346.0,24.79744
347.0,24.58297
348.0,24.23178
349.0,24.82537
350.0,25.31295
351.0,26.76939
352.0,33.43258
353.0,44.40815
354.0,50.18572
355.0,46.72344
356.0,39.90038
357.0,37.82509
358.0,35.05945
359.0,33.21769
360.0,29.51524
361.0,29.97808
362.0,29.49397
363.0,29.45762
364.0,29.46074
365.0,29.94962
366.0,32.16062
367.0,37.03404
368.0,34.98139
369.0,28.26336
370.0,24.42334
371.0,20.41921
372.0,18.39648
373.0,16.83821
374.0,16.52888
375.0,21.83643
376.0,29.89803
377.0,39.05863
378.0,47.01793
379.0,45.77202
380.0,41.7935
381.0,39.13247
382.0,37.08756
383.0,32.41846
384.0,32.36987
385.0,30.21199
386.0,29.56062
387.0,29.89881
388.0,29.98462
389.0,30.09864
390.0,31.97969
391.0,33.53473
392.0,30.60499
393.0,20.88666
394.0,13.15959
395.0,8.98852
396.0,7.66683
397.0,6.46325
398.0,7.0102
399.0,14.23702
400.0,24.80676
401.0,39.20776
402.0,49.39567
403.0,47.89754
404.0,40.28429
405.0,38.67527
406.0,37.23026
407.0,32.45922
408.0,30.01634
409.0,29.0536
410.0,28.65295
411.0,28.27644
412.0,28.26771
413.0,29.16934
414.0,32.16902
415.0,39.5432
416.0,37.01481
417.0,29.79515
418.0,25.71075
419.0,20.02023
420.0,18.62302
421.0,16.8962
422.0,16.2212
423.0,21.23181
424.0,29.29187
425.0,37.96639
426.0,47.86117
427.0,42.82869
428.0,38.98513
429.0,37.34345
430.0,34.05803
431.0,32.84411
432.0,30.14689
433.0,29.58571
434.0,29.42532
435.0,28.02562
436.0,27.97941
437.0,29.48174
438.0,32.864
439.0,38.38673
440.0,38.63595
441.0,30.95286
442.0,28.29795
443.0,23.47502
444.0,21.32045
445.0,20.53185
446.0,20.42097
447.0,22.43806
448.0,26.8074
449.0,36.96706
450.0,45.37815
451.0,41.72659
452.0,39.19283
453.0,38.05904
454.0,35.72074
455.0,33.22061
456.0,31.58567
457.0,28.65497
458.0,27.81359
459.0,28.0
460.0,28.7782
461.0,29.2
462.0,32.16002
463.0,41.04086
464.0,42.50777
465.0,30.96847
466.0,19.9125
467.0,16.84318
468.0,15.24956
469.0,13.99523
470.0,15.36018
471.0,20.15293
472.0,28.59385
473.0,39.45416
474.0,47.76366
475.0,43.41415
476.0,41.26711
477.0,40.45733
478.0,37.82306
479.0,33.24623
480.0,31.69
481.0,30.10697
482.0,29.60389
483.0,29.2
484.0,28.69019
485.0,30.31387
486.0,36.71959
487.0,41.53962
488.0,41.97913
489.0,30.01443
490.0,17.90078
491.0,18.01218
492.0,14.41937
493.0,11.036
494.0,10.64424
495.0,13.02727
496.0,25.71395
497.0,37.61395
498.0,44.6439
499.0,43.05527
500.0,39.14929
501.0,37.56974
502.0,37.18003
503.0,31.74882
504.0,31.27197
505.0,28.7119
506.0,28.07012
507.0,27.49038
508.0,27.99777
509.0,27.7889
510.0,29.97299
511.0,38.45735
512.0,38.9989
513.0,31.36286
514.0,26.03709
515.0,23.25824
516.0,20.59423
517.0,18.9096
518.0,18.22916
519.0,21.657
520.0,28.98824
521.0,37.29222
522.0,42.62663
523.0,41.89318
524.0,38.31291
525.0,37.04403
526.0,36.00466
527.0,31.15174
528.0,29.88812
529.0,29.76201
530.0,29.71929
531.0,28.135
532.0,28.82605
533.0,28.90939
534.0,30.41517
535.0,37.90942
536.0,38.02789
537.0,29.58612
538.0,27.09169
539.0,25.03561
540.0,22.73499
541.0,20.45984
542.0,19.95796
543.0,22.2617
544.0,27.54266
545.0,36.93736
546.0,45.3194
547.0,42.93947
548.0,41.65209
549.0,38.31399
550.0,38.2974
551.0,34.68456
552.0,29.95372
553.0,30.52993
554.0,29.43435
555.0,29.40728
556.0,29.44702
557.0,30.90449
558.0,32.50085
559.0,37.09003
560.0,33.08078
561.0,25.30504
562.0,17.40849
563.0,11.16494
564.0,9.31849
565.0,6.34265
566.0,5.61147
567.0,12.33098
568.0,24.59014
569.0,38.04176
570.0,46.33086
571.0,45.56291
572.0,40.52566
573.0,37.60341
574.0,36.03934
575.0,31.67252
576.0,30.20308
577.0,28.42374
578.0,27.412
579.0,26.47472
580.0,25.48448
581.0,26.50647
582.0,31.91782
583.0,39.98211
584.0,42.7281
585.0,33.36515
586.0,30.63218
587.0,26.91971
588.0,24.88111
589.0,22.66973
590.0,20.62841
591.0,24.13291
592.0,30.20201
593.0,39.89151
594.0,46.24384
595.0,49.16553
596.0,45.45864
597.0,41.41119
598.0,38.69621
599.0,35.15554
600.0,32.68089
601.0,31.51928
602.0,29.59688
603.0,29.55636
604.0,29.54707
605.0,29.72464
606.0,38.21887
607.0,49.33034
608.0,49.15473
609.0,31.91898
610.0,19.14194
611.0,19.15298
612.0,18.5594
613.0,16.90614
614.0,18.08758
615.0,20.98708
616.0,25.45174
617.0,39.33698
618.0,52.74919
619.0,53.55613
620.0,49.75986
621.0,44.56857
622.0,41.01129
623.0,35.52993
624.0,31.12122
625.0,29.4292
626.0,29.34469
627.0,29.08371
628.0,29.13403
629.0,31.67824
630.0,37.08716
631.0,48.11217
632.0,50.30127
633.0,43.36274
634.0,36.70715
635.0,32.09226
636.0,29.73262
637.0,29.03428
638.0,27.45274
639.0,28.2664
640.0,34.40596
641.0,46.06764
642.0,53.13333
643.0,55.17637
644.0,49.93003
645.0,46.25307
646.0,41.95256
647.0,35.62867
648.0,34.21667
649.0,30.4946
650.0,29.71745
651.0,29.37296
652.0,29.3115
653.0,31.26992
654.0,35.72123
655.0,43.08914
656.0,51.30617
657.0,36.55318
658.0,31.48109
659.0,29.57194
660.0,29.0474
661.0,28.23783
662.0,28.67938
663.0,28.93886
664.0,32.64816
665.0,42.66063
666.0,50.35561
667.0,53.90097
668.0,48.19496
669.0,43.26483
670.0,39.36642
671.0,34.10773
672.0,33.81953
673.0,29.70215
674.0,29.23075
675.0,28.61486
676.0,28.05275
677.0,29.07976
678.0,31.64485
679.0,40.43063
680.0,46.7763
681.0,37.5049
682.0,32.1577
683.0,29.05484
684.0,26.69393
685.0,24.59921
686.0,22.21498
687.0,23.06619
688.0,26.18454
689.0,33.93607
690.0,42.34094
691.0,44.81293
692.0,40.17726
693.0,38.18641
694.0,36.02598
695.0,32.79215
696.0,30.98547
697.0,31.15961
698.0,31.99504
699.0,31.03554
700.0,30.15344
701.0,30.84184
702.0,33.46832
703.0,38.07643
704.0,36.0552
705.0,27.59357
706.0,20.44689
707.0,16.09028
708.0,11.63304
709.0,7.64689
710.0,5.84209
711.0,9.81384
712.0,22.17869
713.0,33.95449
714.0,46.81295
715.0,47.87485
716.0,42.29747
717.0,39.07041
718.0,37.13758
719.0,33.20399
720.0,31.50057
721.0,31.84435
722.0,30.34146
723.0,32.00604
724.0,32.02539
725.0,32.03505
726.0,33.73028
727.0,38.46349
728.0,34.51879
729.0,24.30264
730.0,19.63921
731.0,17.80275
732.0,17.41098
733.0,16.61944
734.0,16.27127
735.0,22.45693
736.0,29.00741
737.0,38.02531
738.0,47.52283
739.0,50.99152
740.0,44.43093
741.0,39.25108
742.0,35.93541
743.0,32.42172
744.0,31.49661
745.0,31.09188
746.0,30.16196
747.0,29.91885
748.0,30.07552
749.0,30.83137
750.0,35.03551
751.0,43.70086
752.0,45.77963
753.0,37.82374
754.0,32.38722
755.0,29.87985
756.0,27.5499
757.0,25.94798
758.0,25.3056
759.0,25.6546
760.0,29.58628
761.0,39.31001
762.0,53.71202
763.0,55.67199
764.0,47.91367
765.0,44.04176
766.0,38.40926
767.0,33.63228
768.0,32.17308
769.0,30.43728
770.0,30.37215
771.0,29.6073
772.0,29.0147
773.0,30.24401
774.0,32.32708
775.0,43.51639
776.0,40.65057
777.0,31.4682
778.0,26.51074
779.0,24.05972
780.0,23.23316
781.0,21.44077
782.0,20.94569
783.0,21.09284
784.0,26.76637
785.0,36.92027
786.0,45.96925
787.0,49.06286
788.0,41.85561
789.0,38.8525
790.0,33.9932
791.0,32.78726
792.0,30.06878
793.0,28.7304
794.0,28.73809
795.0,26.97565
796.0,27.65336
797.0,28.80013
798.0,33.07366
799.0,50.1234
800.0,43.99379
801.0,34.58155
802.0,25.59113
803.0,20.03486
804.0,10.69927
805.0,7.80509
806.0,7.81261
807.0,13.11277
808.0,23.96391
809.0,35.65148
810.0,49.93391
811.0,54.74872
812.0,46.08035
813.0,44.68652
814.0,43.49845
815.0,36.98586
816.0,33.03583
817.0,28.23666
818.0,29.64106
819.0,29.56941
820.0,29.10617
821.0,30.74526
822.0,34.3594
823.0,46.45635
824.0,42.67007
825.0,29.43888
826.0,24.66797
827.0,18.7127
828.0,16.59556
829.0,15.09569
830.0,13.2264
831.0,14.89398
832.0,22.29072
833.0,33.8854
834.0,48.44622
835.0,54.27924
836.0,45.39125
837.0,42.61509
838.0,39.29758
839.0,34.70543
840.0,31.86725
841.0,30.89869
842.0,30.39787
843.0,29.87516
844.0,29.75369
845.0,30.98364
846.0,36.07866
847.0,46.55878
848.0,40.12306
849.0,29.82117
850.0,21.39628
851.0,15.99917
852.0,13.82278
853.0,11.59776
854.0,9.51874
855.0,11.34196
856.0,19.51095
857.0,30.52346
858.0,43.78538
859.0,44.02081
860.0,39.65986
861.0,38.43604
862.0,36.87369
863.0,35.26945
864.0,32.89171
865.0,33.21227
866.0,32.79994
867.0,33.32577
868.0,31.75879
869.0,33.93189
870.0,38.55797
871.0,45.19085
872.0,34.7284
873.0,23.3137
874.0,11.0599
875.0,3.69329
876.0,2.59379
877.0,3.53879
878.0,0.29415
879.0,3.75904
880.0,19.16818
881.0,33.505
882.0,49.2335
883.0,49.76089
884.0,44.60591
885.0,42.29666
886.0,39.0886
887.0,34.07106
888.0,32.85476
889.0,32.85199
890.0,31.86348
891.0,33.59953
892.0,32.56161
893.0,32.62582
894.0,37.86538
895.0,43.44521
896.0,33.60141
897.0,23.08953
898.0,12.2537
899.0,8.22349
900.0,5.19006
901.0,2.34861
902.0,1.11714
903.0,2.45586
904.0,15.15581
905.0,31.58166
906.0,45.1225
907.0,47.26556
908.0,43.95549
909.0,43.34931
910.0,39.83949
911.0,35.30157
912.0,35.16212
913.0,32.60322
914.0,31.70212
915.0,31.21026
916.0,30.81778
917.0,32.17847
918.0,39.3051
919.0,50.6949
920.0,48.98739
921.0,40.11578
922.0,38.24705
923.0,28.68313
924.0,30.36066
925.0,28.10021
926.0,25.98149
927.0,32.84757
928.0,34.78354
929.0,41.00042
930.0,54.7922
931.0,56.79598
932.0,50.86581
933.0,44.23605
934.0,40.32374
935.0,38.48647
936.0,34.4504
937.0,33.75227
938.0,32.30304
939.0,31.84779
940.0,31.55015
941.0,33.58732
942.0,38.49189
943.0,51.91707
944.0,52.63295
945.0,41.95909
946.0,36.20636
947.0,30.95531
948.0,29.59844
949.0,27.94989
950.0,26.37089
951.0,28.38489
952.0,34.96884
953.0,43.66502
954.0,52.99084
955.0,57.1641
956.0,49.69337
957.0,47.9502
958.0,43.55909
959.0,37.62571
960.0,34.47751
961.0,34.43486
962.0,32.80137
963.0,31.96198
964.0,32.01988
965.0,33.12408
966.0,41.30667
967.0,53.86087
968.0,51.94119
969.0,41.92069
970.0,34.76424
971.0,30.05077
972.0,25.2001
973.0,21.32638
974.0,19.35017
975.0,20.84674
976.0,27.43077
977.0,39.27074
978.0,49.78578
979.0,52.69
980.0,47.88
981.0,46.08901
982.0,44.60754
983.0,40.18403
984.0,35.94684
985.0,41.03506
986.0,40.19838
987.0,40.50961
988.0,40.7553
989.0,42.34339
990.0,52.36198
991.0,65.79933
992.0,54.17915
993.0,45.71736
994.0,37.4509
995.0,33.32408
996.0,31.12579
997.0,28.11949
998.0,34.34197
999.0,35.90903
1000.0,48.00446
1001.0,48.11351
1002.0,63.16497
1003.0,63.21706
1004.0,54.65869
1005.0,46.87402
1006.0,44.40096
1007.0,42.38547
1008.0,41.43014
1009.0,56.88235
1010.0,57.19831
1011.0,55.96566
1012.0,58.06658
1013.0,62.40589
1014.0,79.56166
1015.0,106.74167
1016.0,93.58263
1017.0,68.38704
1018.0,55.64058
1019.0,56.2485
1020.0,49.29246
1021.0,32.83459
1022.0,33.93317
1023.0,37.98965
1024.0,57.62688
1025.0,77.89012
1026.0,111.00317
1027.0,115.616
1028.0,103.0632
1029.0,90.01405
1030.0,82.57465
1031.0,81.66322
1032.0,87.64617
1033.0,97.8392
1034.0,90.88029
1035.0,83.58884
1036.0,83.38098
1037.0,87.56347
1038.0,91.57044
1039.0,101.52256
1040.0,85.94057
1041.0,50.93168
1042.0,45.80386
1043.0,44.92567
1044.0,36.17448
1045.0,29.11541
1046.0,27.05803
1047.0,35.26297
1048.0,49.01
1049.0,82.66502
1050.0,146.01236
1051.0,256.9693
1052.0,156.74667
1053.0,145.79688
1054.0,145.82678
1055.0,118.56464
1056.0,98.7921
1057.0,79.06307
1058.0,76.70522
1059.0,67.46907
1060.0,67.61358
1061.0,69.06941
1062.0,81.55166
1063.0,87.49871
1064.0,71.95621
1065.0,45.71977
1066.0,20.19404
1067.0,13.78099
1068.0,11.28572
1069.0,7.65685
1070.0,0.0999
1071.0,15.02
1072.0,42.79195
1073.0,75.55328
1074.0,150.86401
1075.0,287.11212
1076.0,199.0774
1077.0,147.22115
1078.0,146.52515
1079.0,117.46632
1080.0,95.2027
1081.0,78.25211
1082.0,71.4026
1083.0,67.32129
1084.0,67.93038
1085.0,77.32426
1086.0,101.5364
1087.0,141.81055
1088.0,124.52467
1089.0,70.76243
1090.0,60.16424
1091.0,53.45527
1092.0,48.15892
1093.0,47.21003
1094.0,46.20876
1095.0,49.06044
1096.0,66.89068
1097.0,130.28163
1098.0,360.78278
1099.0,490.3724
1100.0,422.0913
1101.0,264.3196
1102.0,161.57309
1103.0,104.18183
1104.0,86.01353
1105.0,104.10091
1106.0,93.59386
1107.0,89.20741
1108.0,93.12998
1109.0,101.84047
1110.0,115.95678
1111.0,167.57542
1112.0,160.49086
1113.0,98.43729
1114.0,73.53319
1115.0,53.82679
1116.0,44.76405
1117.0,43.90386
1118.0,40.95602
1119.0,44.10952
1120.0,55.54134
1121.0,113.51031
1122.0,484.527
1123.0,729.35333
1124.0,665.5152
1125.0,432.369
1126.0,211.46008
1127.0,131.2016
1128.0,126.02308
1129.0,144.97652
1130.0,122.39987
1131.0,121.66694
1132.0,123.67399
1133.0,128.4588
1134.0,136.9889
1135.0,227.31761
1136.0,369.59448
1137.0,128.56378
1138.0,86.08518
1139.0,69.76647
1140.0,68.68956
1141.0,61.61504
1142.0,64.63347
1143.0,61.18776
1144.0,86.63521
1145.0,174.05807
1146.0,938.3395
1147.0,975.9937
1148.0,974.32886
1149.0,948.7463
1150.0,841.86646
1151.0,168.59955
1152.0,108.16724
1153.0,142.1697
1154.0,94.58802
1155.0,116.77688
1156.0,117.32126
1157.0,139.19025
1158.0,145.23769
1159.0,269.71964
1160.0,175.99281
1161.0,101.52605
1162.0,62.53758
1163.0,55.8122
1164.0,47.42063
1165.0,48.47
1166.0,48.83969
1167.0,47.82911
1168.0,61.02003
1169.0,135.04852
1170.0,263.18976
1171.0,334.41913
1172.0,291.25726
1173.0,202.11118
1174.0,179.24254
1175.0,155.01228
1176.0,128.00043
1177.0,67.32558
1178.0,53.92961
1179.0,51.19653
1180.0,49.92649
1181.0,58.42324
1182.0,74.25845
1183.0,92.44855
1184.0,60.61379
1185.0,39.44017
1186.0,29.94175
1187.0,24.41483
1188.0,20.30282
1189.0,18.7178
1190.0,14.81359
1191.0,19.84525
1192.0,26.54257
1193.0,47.35488
1194.0,76.26307
1195.0,92.49093
1196.0,80.93271
1197.0,73.5213
1198.0,68.415
1199.0,64.05577
1200.0,55.6433
1201.0,39.34238
1202.0,37.1148
1203.0,35.71893
1204.0,35.74422
1205.0,35.97918
1206.0,41.00977
1207.0,40.69084
1208.0,35.78366
1209.0,19.51137
1210.0,8.47173
1211.0,0.93522
1212.0,0.0079
1213.0,-0.02002
1214.0,-0.0107
1215.0,-0.00887
1216.0,1.00121
1217.0,28.2013
1218.0,51.21801
1219.0,68.97107
1220.0,52.08276
1221.0,49.32908
1222.0,46.40052
1223.0,43.38703
1224.0,40.13913
1225.0,37.66892
1226.0,35.78985
1227.0,35.85501
1228.0,36.21684
1229.0,36.53753
1230.0,39.22263
1231.0,44.52132
1232.0,35.55298
1233.0,18.38677
1234.0,3.09546
1235.0,0.00322
1236.0,-0.00887
1237.0,-0.00856
1238.0,-0.00857
1239.0,-0.00172
1240.0,4.78094
1241.0,31.38447
1242.0,58.08197
1243.0,63.06149
1244.0,54.63919
1245.0,50.15017
1246.0,46.34807
1247.0,40.21544
1248.0,37.8891
1249.0,35.82962
1250.0,34.84984
1251.0,34.91837
1252.0,34.81452
1253.0,40.30966
1254.0,53.35508
1255.0,68.05968
1256.0,46.02232
1257.0,34.47429
1258.0,28.08177
1259.0,16.9306
1260.0,15.3016
1261.0,12.98637
1262.0,11.3805
1263.0,14.88191
1264.0,28.43874
1265.0,42.61028
1266.0,65.94651
1267.0,73.42612
1268.0,63.0085
1269.0,59.83877
1270.0,51.86408
1271.0,45.21249
1272.0,45.28145
1273.0,36.24403
1274.0,34.43958
1275.0,34.51868
1276.0,33.32825
1277.0,35.04227
1278.0,44.05099
1279.0,53.17742
1280.0,37.16891
1281.0,27.28902
1282.0,19.19422
1283.0,12.89813
1284.0,8.63172
1285.0,5.95054
1286.0,8.65202
1287.0,14.79654
1288.0,26.62676
1289.0,39.51631
1290.0,55.0375
1291.0,66.1444
1292.0,55.75677
1293.0,50.39976
1294.0,42.81319
1295.0,39.24541
1296.0,35.81374
1297.0,31.43544
1298.0,30.42112
1299.0,29.84381
1300.0,30.16188
1301.0,30.94467
1302.0,39.70941
1303.0,47.37271
1304.0,33.12432
1305.0,24.02053
1306.0,14.65378
1307.0,8.99235
1308.0,6.0724
1309.0,3.42818
1310.0,1.73225
1311.0,3.3003
1312.0,12.90346
1313.0,29.48909
1314.0,44.12496
1315.0,50.06234
1316.0,43.45935
1317.0,41.82894
1318.0,39.75037
1319.0,37.22699
1320.0,35.19647
1321.0,32.742
1322.0,31.14241
1323.0,30.4811
1324.0,30.40554
1325.0,31.60642
1326.0,41.20477
1327.0,48.70437
1328.0,34.94464
1329.0,24.89239
1330.0,17.66228
1331.0,12.8685
1332.0,10.52197
1333.0,5.90882
1334.0,5.9345
1335.0,8.63788
1336.0,19.08734
1337.0,34.14869
1338.0,49.11191
1339.0,55.77377
1340.0,49.54535
1341.0,45.98598
1342.0,41.50048
1343.0,37.96731
1344.0,34.59541
1345.0,32.86468
1346.0,31.02154
1347.0,29.2863
1348.0,29.8759
1349.0,31.96477
1350.0,40.37631
1351.0,46.25206
1352.0,32.77037
1353.0,23.98152
1354.0,11.72499
1355.0,10.28772
1356.0,6.31097
1357.0,1.46171
1358.0,0.96488
1359.0,1.98699
1360.0,6.71359
1361.0,28.21207
1362.0,45.43276
1363.0,47.67337
1364.0,44.07153
1365.0,40.83922
1366.0,36.27084
1367.0,33.62281
1368.0,33.45686
1369.0,36.31719
1370.0,35.28807
1371.0,33.27307
1372.0,32.30928
1373.0,33.22172
1374.0,38.63184
1375.0,40.69769
1376.0,30.47713
1377.0,10.38844
1378.0,1.54299
1379.0,0.02259
1380.0,0.0064
1381.0,0.00097
1382.0,0.00595
1383.0,0.01454
1384.0,1.24765
1385.0,25.40404
1386.0,44.71447
1387.0,49.14102
1388.0,48.94795
1389.0,45.9127
1390.0,42.51287
1391.0,37.97521
1392.0,36.32996
1393.0,35.58624
1394.0,34.3716
1395.0,33.71641
1396.0,32.81797
1397.0,35.55522
1398.0,40.09203
1399.0,41.26712
1400.0,30.41167
1401.0,15.3323
1402.0,5.34667
1403.0,0.74984
1404.0,0.47783
1405.0,0.29414
1406.0,0.1226
1407.0,0.28875
1408.0,6.91649
1409.0,28.31552
1410.0,49.05911
1411.0,55.38948
1412.0,49.08421
1413.0,45.3909
1414.0,41.74572
1415.0,38.84795
1416.0,36.16731
1417.0,37.00897
1418.0,35.36633
1419.0,35.45859
1420.0,35.88593
1421.0,39.44664
1422.0,45.50499
1423.0,54.28671
1424.0,38.41205
1425.0,28.52629
1426.0,21.17853
1427.0,19.28894
1428.0,15.17698
1429.0,11.07731
1430.0,11.233
1431.0,13.07103
1432.0,20.26484
1433.0,35.70378
1434.0,53.91986
1435.0,64.12888
1436.0,54.6649
1437.0,48.72167
1438.0,45.09575
1439.0,40.27487
1440.0,35.55153
1441.0,34.13907
1442.0,32.53286
1443.0,31.87342
1444.0,31.75863
1445.0,35.13586
1446.0,42.02307
1447.0,48.04723
1448.0,35.50032
1449.0,27.94019
1450.0,21.09015
1451.0,17.30808
1452.0,15.03256
1453.0,11.19862
1454.0,12.65057
1455.0,14.40017
1456.0,24.51286
1457.0,34.27839
1458.0,50.81534
1459.0,59.69764
1460.0,54.50127
1461.0,45.96649
1462.0,42.17883
1463.0,37.1153
1464.0,35.63041
1465.0,34.1992
1466.0,32.30744
1467.0,32.25147
1468.0,32.40629
1469.0,35.64855
1470.0,42.22962
1471.0,47.85352
1472.0,35.106
1473.0,30.11223
1474.0,27.99303
1475.0,26.25689
1476.0,24.9463
1477.0,22.89508
1478.0,25.70133
1479.0,28.65315
1480.0,30.46957
1481.0,36.75557
1482.0,48.32454
1483.0,57.49519
1484.0,50.94222
1485.0,44.2377
1486.0,40.35915
1487.0,34.80548
1488.0,32.29835
1489.0,31.27578
1490.0,31.09106
1491.0,30.8861
1492.0,32.14331
1493.0,36.89139
1494.0,42.89395
1495.0,54.59389
1496.0,35.16096
1497.0,27.69789
1498.0,24.39923
1499.0,18.77237
1500.0,14.55752
1501.0,8.49235
1502.0,6.01498
1503.0,8.79525
1504.0,17.27289
1505.0,33.60162
1506.0,52.27664
1507.0,63.12327
1508.0,58.08103
1509.0,52.1448
1510.0,46.62675
1511.0,41.07178
1512.0,38.10491
1513.0,32.60671
1514.0,31.22842
1515.0,31.18364
1516.0,31.29544
1517.0,34.08868
1518.0,42.38723
1519.0,49.40699
1520.0,34.13288
1521.0,28.45292
1522.0,27.02575
1523.0,24.8847
1524.0,20.96199
1525.0,17.78702
1526.0,17.76106
1527.0,21.87718
1528.0,26.0179
1529.0,33.80335
1530.0,49.88998
1531.0,61.20916
1532.0,52.09471
1533.0,46.23238
1534.0,44.20904
1535.0,37.31179
1536.0,35.94741
1537.0,33.63148
1538.0,32.94224
1539.0,30.2416
1540.0,30.29635
1541.0,31.3207
1542.0,36.97707
1543.0,36.37886
1544.0,30.98745
1545.0,22.19121
1546.0,18.05445
1547.0,26.63179
1548.0,4.48169
1549.0,1.34242
1550.0,1.17244
1551.0,2.00098
1552.0,5.60956
1553.0,22.9715
1554.0,44.72617
1555.0,55.36781
1556.0,49.83802
1557.0,44.07401
1558.0,42.62336
1559.0,37.07805
1560.0,32.59939
1561.0,33.71928
1562.0,31.46427
1563.0,31.73116
1564.0,31.43006
1565.0,33.03053
1566.0,38.00093
1567.0,39.7404
1568.0,32.78591
1569.0,30.67763
1570.0,27.72452
1571.0,25.99477
1572.0,21.40818
1573.0,18.74017
1574.0,19.32538
1575.0,17.60323
1576.0,21.16452
1577.0,31.11338
1578.0,44.32332
1579.0,57.91144
1580.0,46.60174
1581.0,42.05544
1582.0,40.16198
1583.0,34.25894
1584.0,32.32003
1585.0,29.90816
1586.0,29.5246
1587.0,29.1114
1588.0,29.35614
1589.0,31.31948
1590.0,36.03339
1591.0,50.46297
1592.0,36.38029
1593.0,30.45527
1594.0,28.3631
1595.0,24.09316
1596.0,21.68384
1597.0,14.90523
1598.0,13.90114
1599.0,16.35022
1600.0,22.21144
1601.0,33.77028
1602.0,48.18861
1603.0,65.73227
1604.0,54.13637
1605.0,48.18094
1606.0,43.14356
1607.0,35.96064
1608.0,32.99823
1609.0,35.12669
1610.0,32.81587
1611.0,30.99706
1612.0,30.87707
1613.0,31.77932
1614.0,39.7646
1615.0,48.79999
1616.0,40.75585
1617.0,32.31527
1618.0,29.03153
1619.0,22.97956
1620.0,24.16211
1621.0,18.51935
1622.0,23.51253
1623.0,20.61199
1624.0,25.51329
1625.0,34.72945
1626.0,46.26054
1627.0,62.73048
1628.0,54.75394
1629.0,46.71194
1630.0,43.25233
1631.0,40.95631
1632.0,36.38418
1633.0,30.87727
1634.0,30.65073
1635.0,30.58947
1636.0,31.19862
1637.0,34.62709
1638.0,40.3438
1639.0,45.744
1640.0,43.29465
1641.0,42.52697
1642.0,40.09679
1643.0,33.57211
1644.0,32.69216
1645.0,31.48743
1646.0,31.2343
1647.0,31.53893
1648.0,34.86016
1649.0,39.35794
1650.0,50.47163
1651.0,63.83564
1652.0,56.24092
1653.0,49.89057
1654.0,44.6319
1655.0,39.68879
1656.0,36.73776
1657.0,42.10782
1658.0,41.00738
1659.0,41.36376
1660.0,39.90719
1661.0,42.1234
1662.0,45.582
1663.0,51.19658
1664.0,41.98374
1665.0,37.98119
1666.0,34.19388
1667.0,31.83329
1668.0,31.02141
1669.0,27.44549
1670.0,28.35562
1671.0,29.26945
1672.0,31.39154
1673.0,34.24067
1674.0,47.66646
1675.0,59.80878
1676.0,54.51256
1677.0,46.65292
1678.0,45.31084
1679.0,39.70204
1680.0,37.84868
1681.0,41.73826
1682.0,38.5496
1683.0,38.21498
1684.0,38.51614
1685.0,40.91215
1686.0,43.96043
1687.0,50.29034
1688.0,39.89852
1689.0,37.12722
1690.0,33.31239
1691.0,31.36039
1692.0,29.82251
1693.0,24.85475
1694.0,24.20331
1695.0,24.83098
1696.0,27.96618
1697.0,33.64432
1698.0,45.71364
1699.0,57.41544
1700.0,50.07854
1701.0,44.73904
1702.0,43.35508
1703.0,40.79545
1704.0,37.40872
1705.0,34.02213
1706.0,32.01318
1707.0,31.72109
1708.0,32.05273
1709.0,34.25765
1710.0,36.73534
1711.0,36.41991
1712.0,30.741
1713.0,17.58407
1714.0,8.71846
1715.0,4.79139
1716.0,1.26157
1717.0,0.2675
1718.0,0.09426
1719.0,0.10287
1720.0,0.2817
1721.0,13.06568
1722.0,39.02019
1723.0,46.5206
1724.0,43.21434
1725.0,40.51557
1726.0,39.14106
1727.0,34.69413
1728.0,33.02376
1729.0,31.19769
1730.0,30.33774
1731.0,30.88881
1732.0,31.47001
1733.0,35.68196
1734.0,38.48085
1735.0,34.93753
1736.0,28.24144
1737.0,24.03503
1738.0,12.76205
1739.0,23.90076
1740.0,17.64262
1741.0,14.99005
1742.0,13.58349
1743.0,17.28299
1744.0,17.87721
1745.0,29.55016
1746.0,44.97261
1747.0,54.12522
1748.0,44.77884
1749.0,39.88023
1750.0,36.52369
1751.0,33.80594
1752.0,28.9653
1753.0,29.15355
1754.0,28.4242
1755.0,29.56176
1756.0,30.8168
1757.0,38.49614
1758.0,43.98778
1759.0,51.90931
1760.0,38.46665
1761.0,36.50402
1762.0,34.04243
1763.0,29.31755
1764.0,26.77852
1765.0,25.10078
1766.0,21.35067
1767.0,21.50612
1768.0,19.28813
1769.0,30.01945
1770.0,44.6615
1771.0,65.07346
1772.0,50.72427
1773.0,44.56594
1774.0,38.52687
1775.0,36.63205
1776.0,31.68215
1777.0,29.56756
1778.0,28.52651
1779.0,29.49194
1780.0,32.81803
1781.0,42.02623
1782.0,52.88983
1783.0,54.66888
1784.0,38.51909
1785.0,28.22817
1786.0,24.58211
1787.0,22.24121
1788.0,16.2564
1789.0,15.1433
1790.0,9.51326
1791.0,15.36291
1792.0,13.39493
1793.0,28.48337
1794.0,49.59031
1795.0,70.6481
1796.0,53.37016
1797.0,48.07744
1798.0,43.55278
1799.0,40.93263
1800.0,40.31385
1801.0,37.63914
1802.0,34.51798
1803.0,34.41423
1804.0,37.25273
1805.0,43.68649
1806.0,61.24748
1807.0,58.09367
1808.0,37.17441
1809.0,33.72565
1810.0,29.61537
1811.0,27.61767
1812.0,26.0371
1813.0,26.71683
1814.0,26.60873
1815.0,28.90058
1816.0,30.42934
1817.0,32.23
1818.0,50.67227
1819.0,66.38896
1820.0,57.33823
1821.0,50.01023
1822.0,41.71356
1823.0,38.55071
1824.0,36.03058
1825.0,33.05766
1826.0,31.71396
1827.0,31.74623
1828.0,34.48025
1829.0,40.58192
1830.0,52.53754
1831.0,55.25403
1832.0,39.54238
1833.0,32.24822
1834.0,30.12277
1835.0,24.88601
1836.0,24.04569
1837.0,23.87583
1838.0,23.87619
1839.0,25.31822
1840.0,23.88331
1841.0,27.38177
1842.0,44.17848
1843.0,58.88387
1844.0,46.49939
1845.0,43.7319
1846.0,38.68338
1847.0,35.48192
1848.0,32.38462
1849.0,30.68972
1850.0,30.05935
1851.0,30.06251
1852.0,31.5125
1853.0,39.05233
1854.0,47.3081
1855.0,44.75843
1856.0,35.49237
1857.0,30.08335
1858.0,30.09862
1859.0,26.76739
1860.0,23.47599
1861.0,23.18636
1862.0,21.58897
1863.0,23.81129
1864.0,24.49279
1865.0,28.38293
1866.0,39.41392
1867.0,49.32025
1868.0,43.10542
1869.0,42.14592
1870.0,37.40338
1871.0,33.7034
1872.0,30.97635
1873.0,30.74367
1874.0,29.31505
1875.0,29.14592
1876.0,29.40712
1877.0,31.2265
1878.0,36.84432
1879.0,49.09361
1880.0,32.57776
1881.0,15.21987
1882.0,17.24229
1883.0,12.72561
1884.0,7.12386
1885.0,5.33551
1886.0,3.24553
1887.0,8.02818
1888.0,9.22414
1889.0,15.5434
1890.0,42.37775
1891.0,48.15148
1892.0,42.58181
1893.0,38.25442
1894.0,34.00269
1895.0,31.12166
1896.0,29.32941
1897.0,29.96522
1898.0,28.91389
1899.0,29.60644
1900.0,31.59338
1901.0,34.11162
1902.0,38.50334
1903.0,46.72076
1904.0,31.25127
1905.0,15.28422
1906.0,8.02556
1907.0,1.41594
1908.0,0.18805
1909.0,0.14359
1910.0,0.19736
1911.0,0.15966
1912.0,1.83582
1913.0,12.95315
1914.0,44.28222
1915.0,47.63012
1916.0,42.13679
1917.0,36.22287
1918.0,33.9771
1919.0,30.48113
1920.0,26.78712
1921.0,26.98031
1922.0,26.69932
1923.0,26.9984
1924.0,28.66211
1925.0,35.7445
1926.0,46.51153
1927.0,42.45441
1928.0,29.45896
1929.0,24.91482
1930.0,18.24811
1931.0,16.74398
1932.0,16.00957
1933.0,11.04051
1934.0,9.25575
1935.0,8.74004
1936.0,4.41164
1937.0,15.95914
1938.0,42.47989
1939.0,50.01123
1940.0,44.14167
1941.0,38.73448
1942.0,32.25695
1943.0,29.67864
1944.0,29.39666
1945.0,28.27167
1946.0,28.55218
1947.0,28.24135
1948.0,29.4051
1949.0,34.86688
1950.0,43.22021
1951.0,38.33183
1952.0,32.85524
1953.0,24.09046
1954.0,13.4343
1955.0,9.10233
1956.0,5.10197
1957.0,3.86935
1958.0,5.06099
1959.0,5.44184
1960.0,4.901
1961.0,20.30129
1962.0,40.03911
1963.0,56.27673
1964.0,51.65769
1965.0,42.63336
1966.0,38.35014
1967.0,35.20988
1968.0,30.13897
1969.0,30.15451
1970.0,28.97195
1971.0,29.07476
1972.0,30.91776
1973.0,36.80768
1974.0,47.71009
1975.0,44.79451
1976.0,32.02229
1977.0,25.89117
1978.0,19.78044
1979.0,16.55009
1980.0,15.19012
1981.0,14.2973
1982.0,16.38377
1983.0,16.47009
1984.0,14.79894
1985.0,26.68533
1986.0,40.51812
1987.0,50.72229
1988.0,46.59564
1989.0,40.0726
1990.0,36.43236
1991.0,31.53823
1992.0,32.42303
1993.0,30.868
1994.0,30.15183
1995.0,30.18587
1996.0,31.01827
1997.0,36.5908
1998.0,44.4838
1999.0,42.88668
2000.0,32.89919
2001.0,28.92662
2002.0,28.11375
2003.0,25.65455
2004.0,23.16764
2005.0,23.85483
2006.0,23.11067
2007.0,23.25751
2008.0,22.18068
2009.0,29.75456
2010.0,38.32547
2011.0,44.69694
2012.0,44.7837
2013.0,39.96783
2014.0,35.91848
2015.0,31.94407
2016.0,29.99073
2017.0,28.34255
2018.0,28.34492
2019.0,28.34916
2020.0,29.28468
2021.0,36.54038
2022.0,44.70249
2023.0,44.15396
2024.0,32.42848
2025.0,28.8408
2026.0,26.84418
2027.0,18.35874
2028.0,12.66836
2029.0,10.30381
2030.0,9.03897
2031.0,12.71089
2032.0,11.79739
2033.0,26.02225
2034.0,40.69252
2035.0,56.74459
2036.0,50.5112
2037.0,45.69484
2038.0,40.15702
2039.0,38.00637
2040.0,34.73007
2041.0,32.60313
2042.0,31.46971
2043.0,31.00929
2044.0,32.17713
2045.0,36.04444
2046.0,44.24709
2047.0,35.64458
2048.0,26.91627
2049.0,12.53284
2050.0,6.12851
2051.0,0.38619
2052.0,0.12044
2053.0,0.99837
2054.0,2.62565
2055.0,5.47123
2056.0,8.71701
2057.0,22.08573
2058.0,41.0624
2059.0,53.73889
2060.0,48.48529
2061.0,42.48881
2062.0,37.87535
2063.0,36.07
2064.0,40.50759
2065.0,35.86192
2066.0,35.51556
2067.0,35.54492
2068.0,36.47707
2069.0,37.95877
2070.0,41.96023
2071.0,35.3333
2072.0,23.9244
2073.0,1.27195
2074.0,0.01081
2075.0,1.25376
2076.0,1.11157
2077.0,1.20388
2078.0,1.23944
2079.0,3.3396
2080.0,8.34351
2081.0,23.97011
2082.0,50.75159
2083.0,60.44438
2084.0,51.8158
2085.0,40.84174
2086.0,35.33903
2087.0,32.02551
2088.0,29.26868
2089.0,28.11587
2090.0,27.83636
2091.0,27.89741
2092.0,28.88846
2093.0,35.86348
2094.0,44.91655
2095.0,40.37742
2096.0,27.01066
2097.0,23.97549
2098.0,13.77039
2099.0,9.65126
2100.0,7.45256
2101.0,7.45896
2102.0,7.65608
2103.0,10.79466
2104.0,10.15202
2105.0,21.35953
2106.0,41.59063
2107.0,52.07818
2108.0,47.08575
2109.0,41.22038
2110.0,38.07147
2111.0,31.80679
2112.0,31.55762
2113.0,29.91393
2114.0,29.16306
2115.0,29.12125
2116.0,33.68606
2117.0,38.35329
2118.0,49.37449
2119.0,44.06301
2120.0,28.31091
2121.0,15.36849
2122.0,9.75044
2123.0,7.45406
2124.0,4.97252
2125.0,4.87551
2126.0,9.13776
2127.0,12.44644
2128.0,15.23091
2129.0,29.97586
2130.0,49.05918
2131.0,71.87238
2132.0,57.60983
2133.0,44.45249
2134.0,39.23023
2135.0,36.58108
2136.0,36.79269
2137.0,34.79241
2138.0,33.1767
2139.0,32.47736
2140.0,35.74024
2141.0,39.19275
2142.0,46.19062
2143.0,41.51727
2144.0,30.65148
2145.0,18.77321
2146.0,14.95583
2147.0,10.99244
2148.0,10.11647
2149.0,12.20112
2150.0,14.97558
2151.0,18.6839
2152.0,23.25931
2153.0,35.87727
2154.0,56.74874
2155.0,84.66388
2156.0,62.68557
2157.0,50.02193
2158.0,42.04933
2159.0,39.88783
2160.0,37.80673
2161.0,35.59932
2162.0,33.33075
2163.0,32.42866
2164.0,34.50768
2165.0,38.29854
2166.0,43.90551
2167.0,40.52368
2168.0,29.35835
2169.0,19.92545
2170.0,15.58286
2171.0,16.08429
2172.0,16.67161
2173.0,20.09247
2174.0,24.36329
2175.0,27.87934
2176.0,30.69362
2177.0,39.66605
2178.0,63.35256
2179.0,84.26386
2180.0,61.96825
2181.0,47.19318
2182.0,40.92964
2183.0,37.90603
2184.0,37.55184
2185.0,36.03938
2186.0,32.84662
2187.0,31.80378
2188.0,32.92819
2189.0,38.20312
2190.0,41.77105
2191.0,38.72235
2192.0,29.25456
2193.0,17.60876
2194.0,17.58264
2195.0,18.15059
2196.0,13.78492
2197.0,15.01532
2198.0,14.57505
2199.0,17.8349
2200.0,25.1627
2201.0,31.1834
2202.0,45.3096
2203.0,61.51331
2204.0,48.41191
2205.0,45.12998
2206.0,39.98837
2207.0,37.58871
2208.0,39.24092
2209.0,38.01572
2210.0,37.38129
2211.0,34.50622
2212.0,36.19962
2213.0,38.46835
2214.0,41.68287
2215.0,34.14827
2216.0,24.99083
2217.0,15.80841
2218.0,18.45562
2219.0,5.70197
2220.0,3.06402
2221.0,1.94339
2222.0,1.59419
2223.0,4.88833
2224.0,7.80101
2225.0,26.45723
2226.0,45.04642
2227.0,54.9991
2228.0,45.17633
2229.0,40.19968
2230.0,38.98302
2231.0,37.3805
2232.0,34.63055
2233.0,33.46898
2234.0,31.69994
2235.0,30.56955
2236.0,33.02097
2237.0,36.25006
2238.0,37.70462
2239.0,32.10306
2240.0,6.78492
2241.0,-4.25077
2242.0,-5.38053
2243.0,-2.35533
2244.0,-1.34063
2245.0,-1.00704
2246.0,-0.66261
2247.0,-1.31455
2248.0,3.63082
2249.0,22.29414
2250.0,42.22341
2251.0,49.58967
2252.0,43.97295
2253.0,41.46852
2254.0,38.69029
2255.0,33.8666
2256.0,27.60731
2257.0,28.31242
2258.0,28.20805
2259.0,28.51177
2260.0,31.19299
2261.0,38.42471
2262.0,44.54269
2263.0,36.61912
2264.0,20.79603
2265.0,9.84489
2266.0,3.91675
2267.0,-0.17606
2268.0,0.25989
2269.0,0.19967
2270.0,0.40816
2271.0,9.02983
2272.0,15.97542
2273.0,30.76533
2274.0,44.80717
2275.0,59.21677
2276.0,48.15897
2277.0,42.19499
2278.0,38.94786
2279.0,35.10196
2280.0,33.31756
2281.0,30.37515
2282.0,29.01488
2283.0,29.1762
2284.0,31.07145
2285.0,38.76975
2286.0,45.24164
2287.0,42.12438
2288.0,26.13639
2289.0,17.09415
2290.0,12.74598
2291.0,11.02485
2292.0,5.85275
2293.0,4.09931
2294.0,8.95608
2295.0,12.85784
2296.0,15.89299
2297.0,29.5164
2298.0,45.19202
2299.0,56.61458
2300.0,48.26631
2301.0,42.48162
2302.0,40.38603
2303.0,37.44911
2304.0,33.9955
2305.0,31.37798
2306.0,30.68741
2307.0,31.15516
2308.0,33.96797
2309.0,40.65704
2310.0,45.63902
2311.0,43.50445
2312.0,26.35079
2313.0,5.20306
2314.0,4.17721
2315.0,3.89694
2316.0,3.20362
2317.0,3.43075
2318.0,2.73716
2319.0,3.06423
2320.0,6.85797
2321.0,30.31943
2322.0,41.88447
2323.0,54.9427
2324.0,46.41041
2325.0,40.70572
2326.0,39.51526
2327.0,36.74298
2328.0,34.84993
2329.0,31.66087
2330.0,30.75262
2331.0,30.64517
2332.0,33.79504
2333.0,40.46694
2334.0,43.79702
2335.0,36.31533
2336.0,24.4825
2337.0,7.89307
2338.0,0.04223
2339.0,-0.06307
2340.0,0.00149
2341.0,-3.81892
2342.0,-0.11404
2343.0,3.17385
2344.0,13.50243
2345.0,27.41218
2346.0,42.37463
2347.0,56.51923
2348.0,49.98689
2349.0,42.5119
2350.0,41.35804
2351.0,36.59461
2352.0,34.9917
2353.0,32.85794
2354.0,32.09251
2355.0,33.37284
2356.0,37.95829
2357.0,40.00753
2358.0,44.72615
2359.0,45.52969
2360.0,40.5528
2361.0,21.19003
2362.0,5.17584
2363.0,4.43629
2364.0,3.54811
2365.0,1.34045
2366.0,5.73751
2367.0,12.1981
2368.0,12.3432
2369.0,26.7984
2370.0,41.01273
2371.0,54.77783
2372.0,48.67186
2373.0,41.15254
2374.0,37.5504
2375.0,34.73606
2376.0,36.16848
2377.0,37.42939
2378.0,32.46829
2379.0,34.16702
2380.0,37.00745
2381.0,38.52144
2382.0,39.9272
2383.0,36.88091
2384.0,8.92598
2385.0,2.61988
2386.0,2.19133
2387.0,-0.13163
2388.0,-0.44393
2389.0,-0.06833
2390.0,-0.05952
2391.0,-0.10648
2392.0,7.05406
2393.0,24.49465
2394.0,44.84892
2395.0,51.88026
2396.0,48.38301
2397.0,43.33675
2398.0,40.35682
2399.0,37.78882
2400.0,38.54366
2401.0,38.48383
2402.0,35.58504
2403.0,34.31438
2404.0,40.27755
2405.0,44.42521
2406.0,48.83554
2407.0,47.30569
2408.0,29.53551
2409.0,22.3641
2410.0,19.19184
2411.0,16.90029
2412.0,16.33987
2413.0,19.77616
2414.0,20.33865
2415.0,22.32308
2416.0,21.6732
2417.0,31.18656
2418.0,53.47713
2419.0,62.60563
2420.0,57.78779
2421.0,48.91523
2422.0,43.08023
2423.0,39.72975
2424.0,36.79556
2425.0,34.51301
2426.0,32.91991
2427.0,33.56586
2428.0,37.97782
2429.0,43.70327
2430.0,55.38636
2431.0,43.16859
2432.0,29.41554
2433.0,22.77612
2434.0,17.87837
2435.0,16.3476
2436.0,15.20485
2437.0,16.43483
2438.0,18.36905
2439.0,18.86541
2440.0,25.97813
2441.0,33.36779
2442.0,55.99947
2443.0,73.89571
2444.0,65.5691
2445.0,50.06888
2446.0,41.94231
2447.0,38.8424
2448.0,36.40046
2449.0,32.48016
2450.0,31.17833
2451.0,31.21538
2452.0,33.86482
2453.0,40.85729
2454.0,52.57084
2455.0,39.71925
2456.0,29.60442
2457.0,14.68623
2458.0,6.16806
2459.0,3.56723
2460.0,3.40254
2461.0,3.34201
2462.0,5.01575
2463.0,7.39895
2464.0,13.87666
2465.0,27.05864
2466.0,49.66583
2467.0,69.1862
2468.0,63.5582
2469.0,50.73826
2470.0,42.77883
2471.0,39.00619
2472.0,36.81927
2473.0,33.75855
2474.0,33.32706
2475.0,33.46138
2476.0,36.92715
2477.0,42.59088
2478.0,49.13589
2479.0,39.04958
2480.0,27.74848
2481.0,24.39128
2482.0,8.8031
2483.0,0.70836
2484.0,-2.30574
2485.0,-3.76855
2486.0,0.10008
2487.0,2.04748
2488.0,20.26375
2489.0,30.03833
2490.0,46.72858
2491.0,62.09806
2492.0,62.79809
2493.0,49.76996
2494.0,46.06437
2495.0,42.03506
2496.0,41.65731
2497.0,38.37105
2498.0,37.67261
2499.0,37.93467
2500.0,42.07725
2501.0,49.65113
2502.0,55.58349
2503.0,48.20064
2504.0,32.53786
2505.0,18.96023
2506.0,11.41976
2507.0,5.19551
2508.0,6.23407
2509.0,6.19247
2510.0,9.05672
2511.0,13.62415
2512.0,21.03704
2513.0,29.17689
2514.0,49.33139
2515.0,62.94983
2516.0,62.32057
2517.0,51.01996
2518.0,48.73942
2519.0,44.74299
2520.0,46.56882
2521.0,41.73901
2522.0,40.26675
2523.0,41.0679
2524.0,44.3786
2525.0,49.49889
2526.0,60.31159
2527.0,47.70664
2528.0,30.86945
2529.0,28.77964
2530.0,24.61889
2531.0,24.17961
2532.0,22.31325
2533.0,22.94612
2534.0,23.37676
2535.0,22.68532
2536.0,24.36777
2537.0,31.99369
2538.0,49.07744
2539.0,61.9822
2540.0,59.27303
2541.0,54.536
2542.0,47.31918
2543.0,42.18671
2544.0,41.4377
2545.0,38.2892
2546.0,38.10352
2547.0,38.78379
2548.0,41.80129
2549.0,42.2369
2550.0,44.81473
2551.0,38.94453
2552.0,26.89227
2553.0,17.26941
2554.0,8.58965
2555.0,0.18784
2556.0,0.20882
2557.0,4.54337
2558.0,18.64526
2559.0,23.94829
2560.0,28.31149
2561.0,31.73791
2562.0,49.62377
2563.0,65.31357
2564.0,64.30225
2565.0,55.90045
2566.0,47.4179
2567.0,44.34897
2568.0,41.1743
2569.0,38.66889
2570.0,36.82387
2571.0,35.42863
2572.0,37.03479
2573.0,37.02698
2574.0,37.82351
2575.0,31.39703
2576.0,14.41374
2577.0,0.16558
2578.0,-0.78077
2579.0,0.145
2580.0,-0.01885
2581.0,0.06135
2582.0,4.01234
2583.0,20.27786
2584.0,28.31873
2585.0,34.5346
2586.0,48.73321
2587.0,60.27195
2588.0,64.06264
2589.0,50.75529
2590.0,44.268
2591.0,41.47877
2592.0,37.66433
2593.0,34.92132
2594.0,31.88482
2595.0,31.81317
2596.0,34.60992
2597.0,37.87069
2598.0,44.01824
2599.0,36.74221
2600.0,26.64709
2601.0,26.48534
2602.0,20.92167
2603.0,18.75708
2604.0,21.33617
2605.0,17.34531
2606.0,20.57131
2607.0,26.39441
2608.0,33.34258
2609.0,37.94935
2610.0,50.55031
2611.0,67.99051
2612.0,64.27136
2613.0,51.27889
2614.0,43.96041
2615.0,39.91668
2616.0,33.97992
2617.0,32.81837
2618.0,31.48938
2619.0,31.96881
2620.0,34.81002
2621.0,37.92238
2622.0,42.03418
2623.0,34.1853
2624.0,22.1707
2625.0,15.30364
2626.0,0.55743
2627.0,2.12236
2628.0,6.96153
2629.0,12.53565
2630.0,17.91923
2631.0,22.31744
2632.0,24.20246
2633.0,32.1703
2634.0,44.66973
2635.0,60.11984
2636.0,56.03354
2637.0,45.968
2638.0,38.96684
2639.0,35.32201
2640.0,43.5221
2641.0,40.59266
2642.0,38.3974
2643.0,37.93824
2644.0,41.16706
2645.0,44.75494
2646.0,49.14519
2647.0,42.02569
2648.0,29.11145
2649.0,20.6339
2650.0,-0.12348
2651.0,-1.95021
2652.0,-2.81752
2653.0,-2.03488
2654.0,-0.56155
2655.0,0.16336
2656.0,21.54663
2657.0,32.94787
2658.0,45.41131
2659.0,57.75373
2660.0,59.61652
2661.0,50.82724
2662.0,45.20283
2663.0,39.44378
2664.0,33.74495
2665.0,32.81051
2666.0,32.52824
2667.0,33.08111
2668.0,33.8906
2669.0,38.89661
2670.0,49.04885
2671.0,38.64158
2672.0,25.80893
2673.0,22.65048
2674.0,6.3909
2675.0,2.9891
2676.0,0.57532
2677.0,0.2574
2678.0,1.8137
2679.0,3.06867
2680.0,8.79983
2681.0,26.96616
2682.0,43.11568
2683.0,53.16487
2684.0,56.97904
2685.0,47.2603
2686.0,42.40987
2687.0,36.60937
2688.0,33.24335
2689.0,31.1261
2690.0,30.81538
2691.0,31.92075
2692.0,34.14229
2693.0,40.80261
2694.0,45.74949
2695.0,46.35057
2696.0,25.52067
2697.0,8.85147
2698.0,2.35677
2699.0,-0.15106
2700.0,-1.9219
2701.0,-3.28518
2702.0,-1.98915
2703.0,0.10243
2704.0,3.65057
2705.0,26.47764
2706.0,41.25268
2707.0,49.79437
2708.0,52.38721
2709.0,46.34186
2710.0,40.92225
2711.0,38.013
2712.0,37.80279
2713.0,34.81102
2714.0,33.42356
2715.0,32.87294
2716.0,34.84722
2717.0,38.07109
2718.0,35.81468
2719.0,34.22785
2720.0,10.12372
2721.0,4.2111
2722.0,-0.36192
2723.0,-9.88888
2724.0,-9.69069
2725.0,-9.60393
2726.0,-5.08385
2727.0,-9.55297
2728.0,0.16663
2729.0,18.33269
2730.0,41.27297
2731.0,46.42397
2732.0,46.55309
2733.0,44.94762
2734.0,40.58587
2735.0,39.1969
2736.0,36.88111
2737.0,34.92596
2738.0,34.6946
2739.0,34.77
2740.0,34.87337
2741.0,38.57964
2742.0,39.26711
2743.0,36.18729
2744.0,25.7241
2745.0,17.81132
2746.0,10.55123
2747.0,7.12853
2748.0,5.57222
2749.0,4.54828
2750.0,5.29381
2751.0,12.6112
2752.0,14.80533
2753.0,31.38457
2754.0,46.68996
2755.0,46.64933
2756.0,44.99328
2757.0,43.35763
2758.0,40.71555
2759.0,35.41889
2760.0,36.90581
2761.0,32.75262
2762.0,32.35052
2763.0,32.79744
2764.0,36.31126
2765.0,42.60276
2766.0,45.45703
2767.0,44.71992
2768.0,41.6782
2769.0,33.24604
2770.0,29.06374
2771.0,28.52901
2772.0,24.04817
2773.0,24.1278
2774.0,23.08219
2775.0,21.30178
2776.0,23.26461
2777.0,33.30761
2778.0,43.34886
2779.0,54.1635
2780.0,59.81799
2781.0,49.5461
2782.0,43.59173
2783.0,39.13415
2784.0,36.75861
2785.0,34.52797
2786.0,33.69151
2787.0,34.83536
2788.0,38.09044
2789.0,45.5856
2790.0,49.09026
2791.0,39.84046
2792.0,30.81647
2793.0,22.67622
2794.0,17.49733
2795.0,10.30263
2796.0,11.11598
2797.0,10.8227
2798.0,14.18459
2799.0,17.31639
2800.0,15.84832
2801.0,24.16828
2802.0,43.27316
2803.0,50.97895
2804.0,53.651
2805.0,49.04672
2806.0,44.47216
2807.0,41.37642
2808.0,33.36639
2809.0,32.27105
2810.0,31.29938
2811.0,33.18412
2812.0,34.91454
2813.0,41.6388
2814.0,47.62534
2815.0,37.33726
2816.0,24.6282
2817.0,17.63374
2818.0,11.10816
2819.0,3.1285
2820.0,4.96324
2821.0,0.71771
2822.0,15.11363
2823.0,20.35302
2824.0,20.19736
2825.0,27.12944
2826.0,46.29617
2827.0,53.15748
2828.0,54.05294
2829.0,48.13701
2830.0,40.87327
2831.0,37.89085
2832.0,33.23626
2833.0,32.28791
2834.0,31.35378
2835.0,31.76138
2836.0,36.02626
2837.0,40.77545
2838.0,43.70361
2839.0,35.27535
2840.0,22.55793
2841.0,15.96721
2842.0,0.37327
2843.0,5.01256
2844.0,12.31347
2845.0,18.51553
2846.0,26.79801
2847.0,30.86132
2848.0,32.87427
2849.0,35.79215
2850.0,50.48401
2851.0,69.04993
2852.0,61.87753
2853.0,47.82495
2854.0,39.88328
2855.0,34.05695
2856.0,30.64789
2857.0,31.34923
2858.0,30.39003
2859.0,30.71145
2860.0,32.40622
2861.0,36.97946
2862.0,40.88295
2863.0,30.96229
2864.0,14.21351
2865.0,4.86231
2866.0,8.92392
2867.0,9.35262
2868.0,13.60534
2869.0,24.73206
2870.0,28.7835
2871.0,28.95809
2872.0,31.31951
2873.0,34.02496
2874.0,47.88305
2875.0,62.05254
2876.0,53.66831
2877.0,43.55166
2878.0,34.08381
2879.0,33.04114
2880.0,32.1341
2881.0,31.92608
2882.0,31.1727
2883.0,31.28454
2884.0,31.81439
2885.0,32.59216
2886.0,33.78608
2887.0,26.98459
2888.0,19.12825
2889.0,13.86309
2890.0,8.61365
2891.0,5.22005
2892.0,2.49346
2893.0,4.38833
2894.0,7.05181
2895.0,7.29845
2896.0,8.51333
2897.0,13.75799
2898.0,37.5973
2899.0,45.24957
2900.0,44.3421
2901.0,39.782
2902.0,31.81267
2903.0,32.17299
2904.0,35.17706
2905.0,30.85946
2906.0,29.70164
2907.0,30.69184
2908.0,31.32399
2909.0,30.47866
2910.0,29.67923
2911.0,6.05779
2912.0,-0.85733
2913.0,-1.11158
2914.0,-2.10772
2915.0,-2.58538
2916.0,-4.6879
2917.0,-3.72289
2918.0,-3.45473
2919.0,-2.25615
2920.0,-1.57994
2921.0,9.41101
2922.0,36.94727
2923.0,45.68164
2924.0,54.405
2925.0,42.84017
2926.0,38.00924
2927.0,34.8297
2928.0,33.51872
2929.0,31.59004
2930.0,31.1977
2931.0,32.1923
2932.0,38.8558
2933.0,45.13255
2934.0,45.00828
2935.0,32.87207
2936.0,19.48017
2937.0,18.43987
2938.0,13.21442
2939.0,13.48651
2940.0,15.63514
2941.0,15.94102
2942.0,21.52321
2943.0,22.08084
2944.0,19.04221
2945.0,30.39511
2946.0,44.0041
2947.0,62.58309
2948.0,60.07452
2949.0,48.03488
2950.0,44.43927
2951.0,37.061
2952.0,34.40501
2953.0,32.92195
2954.0,31.53297
2955.0,32.04864
2956.0,34.85759
2957.0,38.87344
2958.0,46.44425
2959.0,33.05085
2960.0,28.21929
2961.0,22.55837
2962.0,22.67122
2963.0,20.99694
2964.0,24.30622
2965.0,27.37277
2966.0,30.24096
2967.0,32.71754
2968.0,33.10023
2969.0,38.1744
2970.0,60.99125
2971.0,86.94638
2972.0,69.41951
2973.0,55.26607
2974.0,42.82231
2975.0,38.18932
2976.0,39.93272
2977.0,36.20985
2978.0,33.8032
2979.0,33.38847
2980.0,35.82128
2981.0,39.96286
2982.0,43.78241
2983.0,34.48887
2984.0,23.63455
2985.0,17.20595
2986.0,17.49752
2987.0,17.18108
2988.0,21.69327
2989.0,23.85715
2990.0,31.23297
2991.0,34.75428
2992.0,37.51253
2993.0,43.31706
2994.0,66.80802
2995.0,107.70187
2996.0,81.90201
2997.0,52.53909
2998.0,43.59798
2999.0,38.74928
3000.0,36.72326
3001.0,34.37506
3002.0,32.50112
3003.0,32.60707
3004.0,34.78347
3005.0,38.457
3006.0,42.05083
3007.0,35.06442
3008.0,29.78937
3009.0,23.09713
3010.0,18.43617
3011.0,16.81285
3012.0,16.71054
3013.0,18.44465
3014.0,23.25002
3015.0,27.57856
3016.0,29.72734
3017.0,35.22627
3018.0,49.59992
3019.0,79.76206
3020.0,59.90226
3021.0,50.59924
3022.0,38.64172
3023.0,34.74382
3024.0,31.16864
3025.0,30.06745
3026.0,30.16595
3027.0,30.0277
3028.0,30.85931
3029.0,33.639
3030.0,38.37183
3031.0,29.61305
3032.0,19.72986
3033.0,14.01901
3034.0,12.63819
3035.0,8.76125
3036.0,8.80284
3037.0,11.24175
3038.0,10.99238
3039.0,13.99903
3040.0,11.88304
3041.0,25.04039
3042.0,39.41426
3043.0,60.00022
3044.0,52.65169
3045.0,45.98829
3046.0,37.52533
3047.0,35.10938
3048.0,31.91149
3049.0,30.69354
3050.0,28.52969
3051.0,27.21888
3052.0,27.75003
3053.0,29.86084
3054.0,29.94099
3055.0,18.81843
3056.0,9.3848
3057.0,3.074
3058.0,1.16489
3059.0,0.2519
3060.0,0.31093
3061.0,2.80563
3062.0,6.20025
3063.0,12.08396
3064.0,9.975
3065.0,24.5135
3066.0,38.81212
3067.0,49.52314
3068.0,49.62987
3069.0,41.73016
3070.0,39.62251
3071.0,35.13811
3072.0,30.22369
3073.0,29.02394
3074.0,29.30066
3075.0,28.11453
3076.0,29.46065
3077.0,30.97497
3078.0,28.02717
3079.0,14.08778
3080.0,0.29292
3081.0,-0.009
3082.0,-0.01074
3083.0,-0.01097
3084.0,-0.04454
3085.0,-0.0992
3086.0,-0.19055
3087.0,0.07239
3088.0,0.50776
3089.0,20.01174
3090.0,36.40218
3091.0,50.50585
3092.0,54.12955
3093.0,46.02548
3094.0,38.87032
3095.0,35.81804
3096.0,29.94339
3097.0,28.30879
3098.0,27.75553
3099.0,28.30658
3100.0,30.67074
3101.0,38.44482
3102.0,44.6424
3103.0,34.07078
3104.0,22.65861
3105.0,17.88428
3106.0,14.45021
3107.0,12.64377
3108.0,14.5306
3109.0,15.54435
3110.0,18.49402
3111.0,21.34211
3112.0,17.7347
3113.0,28.253
3114.0,43.60741
3115.0,67.53033
3116.0,66.29792
3117.0,53.03711
3118.0,41.29667
3119.0,38.34357
3120.0,38.84168
3121.0,33.53712
3122.0,32.40643
3123.0,34.255
3124.0,35.62543
3125.0,41.85129
3126.0,46.27214
3127.0,31.35281
3128.0,18.4762
3129.0,9.35551
3130.0,7.23526
3131.0,7.16206
3132.0,7.2202
3133.0,9.86098
3134.0,13.38873
3135.0,26.37033
3136.0,24.78434
3137.0,30.58637
3138.0,52.98706
3139.0,88.48899
3140.0,83.57698
3141.0,52.13455
3142.0,41.82858
3143.0,38.39786
3144.0,34.34127
3145.0,32.77608
3146.0,33.41733
3147.0,33.74017
3148.0,35.0554
3149.0,40.92371
3150.0,42.74112
3151.0,30.25237
3152.0,18.2237
3153.0,15.70848
3154.0,12.24451
3155.0,13.17705
3156.0,16.26645
3157.0,18.86442
3158.0,29.73314
3159.0,29.83567
3160.0,26.75831
3161.0,32.7581
3162.0,52.40573
3163.0,86.86618
3164.0,68.43135
3165.0,49.33603
3166.0,40.80586
3167.0,37.72305
3168.0,38.27955
3169.0,33.92908
3170.0,32.71352
3171.0,32.58521
3172.0,33.90343
3173.0,38.35977
3174.0,41.01213
3175.0,31.6282
3176.0,23.60863
3177.0,17.96909
3178.0,11.56433
3179.0,11.47489
3180.0,17.57377
3181.0,15.91538
3182.0,15.20408
3183.0,25.90542
3184.0,25.10171
3185.0,33.79019
3186.0,48.06618
3187.0,66.17647
3188.0,58.10876
3189.0,48.51465
3190.0,41.67829
3191.0,37.06185
3192.0,36.16807
3193.0,33.27996
3194.0,32.38524
3195.0,32.31603
3196.0,33.4547
3197.0,39.71708
3198.0,39.94879
3199.0,31.5684
3200.0,18.59158
3201.0,17.14664
3202.0,15.62432
3203.0,14.4404
3204.0,13.21887
3205.0,13.55808
3206.0,16.00069
3207.0,21.24539
3208.0,22.96458
3209.0,27.12621
3210.0,43.18769
3211.0,56.26968
3212.0,55.02373
3213.0,49.90304
3214.0,43.31964
3215.0,38.29949
3216.0,32.22161
3217.0,30.21337
3218.0,34.08334
3219.0,31.87488
3220.0,33.155
3221.0,35.89487
3222.0,32.46882
3223.0,21.68396
3224.0,5.61693
3225.0,-0.23966
3226.0,-0.17032
3227.0,-0.30218
3228.0,-0.47695
3229.0,-0.70424
3230.0,-1.95715
3231.0,-0.27319
3232.0,-0.03584
3233.0,15.35396
3234.0,36.68691
3235.0,47.1812
3236.0,54.1027
3237.0,52.27182
3238.0,43.31915
3239.0,39.65071
3240.0,38.09765
3241.0,36.04661
3242.0,33.96974
3243.0,31.3293
3244.0,33.61169
3245.0,35.61896
3246.0,34.52148
3247.0,18.85435
3248.0,-0.01656
3249.0,-3.51049
3250.0,-4.44216
3251.0,-4.28804
3252.0,-3.28105
3253.0,-3.20185
3254.0,-4.36638
3255.0,-3.77454
3256.0,-0.3722
3257.0,13.85829
3258.0,37.81725
3259.0,45.10666
3260.0,46.75997
3261.0,45.79869
3262.0,39.43176
3263.0,36.435
3264.0,33.42162
3265.0,30.82572
3266.0,29.50994
3267.0,29.54814
3268.0,31.91189
3269.0,37.21152
3270.0,37.49226
3271.0,27.81111
3272.0,14.00995
3273.0,4.87009
3274.0,-0.36423
3275.0,-2.06926
3276.0,-2.29416
3277.0,-2.41831
3278.0,-2.56745
3279.0,0.16988
3280.0,-0.65477
3281.0,18.20123
3282.0,41.75443
3283.0,49.33128
3284.0,58.39503
3285.0,48.14011
3286.0,42.5726
3287.0,37.27834
3288.0,29.51592
3289.0,27.70407
3290.0,26.55812
3291.0,26.72674
3292.0,29.26236
3293.0,34.07746
3294.0,35.54518
3295.0,22.32426
3296.0,-0.03061
3297.0,-3.64456
3298.0,-4.43093
3299.0,-3.93278
3300.0,-3.34468
3301.0,-2.66876
3302.0,-4.40419
3303.0,-3.54197
3304.0,0.32167
3305.0,18.61687
3306.0,38.12782
3307.0,51.02115
3308.0,56.57388
3309.0,47.56049
3310.0,38.50465
3311.0,35.75243
3312.0,37.84208
3313.0,33.57609
3314.0,30.6609
3315.0,30.0138
3316.0,31.64808
3317.0,35.94968
3318.0,36.33404
3319.0,22.64342
3320.0,6.60773
3321.0,-1.08863
3322.0,-1.25344
3323.0,-1.87454
3324.0,-1.8192
3325.0,-2.93685
3326.0,-0.1806
3327.0,7.2836
3328.0,10.61234
3329.0,21.70625
3330.0,42.2372
3331.0,49.42699
3332.0,52.9391
3333.0,45.81791
3334.0,36.55758
3335.0,34.84768
3336.0,34.10762
3337.0,32.74255
3338.0,29.82635
3339.0,29.96526
3340.0,31.43854
3341.0,38.53486
3342.0,37.14309
3343.0,26.02847
3344.0,9.233
3345.0,0.63696
3346.0,-0.85523
3347.0,-1.20227
3348.0,-0.74302
3349.0,-0.8507
3350.0,-0.28374
3351.0,1.71634
3352.0,6.01747
3353.0,21.75854
3354.0,38.62927
3355.0,45.80481
3356.0,50.20673
3357.0,44.69024
3358.0,39.4005
3359.0,34.65746
3360.0,32.98322
3361.0,33.33961
3362.0,31.79303
3363.0,32.66972
3364.0,34.24183
3365.0,38.12591
3366.0,34.25137
3367.0,16.97221
3368.0,2.01534
3369.0,-1.16331
3370.0,-1.29793
3371.0,-1.65919
3372.0,-2.37296
3373.0,-3.35867
3374.0,-2.92125
3375.0,-2.15856
3376.0,2.73322
3377.0,15.8971
3378.0,35.40583
3379.0,44.35613
3380.0,49.75083
3381.0,48.8193
3382.0,41.6137
3383.0,37.9903
3384.0,36.67603
3385.0,36.22659
3386.0,35.82217
3387.0,34.59012
3388.0,34.73454
3389.0,34.95465
3390.0,30.48662
3391.0,16.13074
3392.0,-2.53887
3393.0,-4.19786
3394.0,-3.86034
3395.0,-3.7733
3396.0,-3.81148
3397.0,-2.71671
3398.0,-2.13922
3399.0,-2.33374
3400.0,-1.4659
3401.0,1.45831
3402.0,30.99301
3403.0,39.79412
3404.0,42.42991
3405.0,43.61596
3406.0,38.46341
3407.0,37.06389
3408.0,34.47458
3409.0,34.86474
3410.0,33.83859
3411.0,32.58863
3412.0,33.71998
3413.0,34.23092
3414.0,29.39529
3415.0,13.5183
3416.0,-1.44989
3417.0,-3.62327
3418.0,-7.04577
3419.0,-4.71562
3420.0,-2.94938
3421.0,-3.42745
3422.0,-3.29759
3423.0,-1.2481
3424.0,-1.44676
3425.0,8.1457
3426.0,32.75666
3427.0,42.63831
3428.0,46.73491
3429.0,42.78972
3430.0,37.91291
3431.0,34.90491
3432.0,31.44189
3433.0,30.36797
3434.0,29.62507
3435.0,29.99628
3436.0,33.35284
3437.0,37.92029
3438.0,33.99147
3439.0,23.52265
3440.0,15.85394
3441.0,8.09328
3442.0,2.75018
3443.0,4.23775
3444.0,11.87691
3445.0,19.80273
3446.0,23.76519
3447.0,24.76746
3448.0,23.49805
3449.0,29.53846
3450.0,43.01427
3451.0,61.17483
3452.0,53.85999
3453.0,44.38839
3454.0,38.27904
3455.0,34.18364
3456.0,33.0569
3457.0,34.83471
3458.0,33.091
3459.0,34.06891
3460.0,35.09948
3461.0,36.46076
3462.0,32.07517
3463.0,20.59247
3464.0,9.00703
3465.0,10.22724
3466.0,8.26814
3467.0,8.05396
3468.0,10.23747
3469.0,13.70263
3470.0,19.40361
3471.0,26.46689
3472.0,24.30251
3473.0,30.90804
3474.0,41.12056
3475.0,55.96644
3476.0,55.64226
3477.0,46.80032
3478.0,40.08239
3479.0,36.64976
3480.0,30.82206
3481.0,31.12339
3482.0,30.21972
3483.0,30.93131
3484.0,33.06034
3485.0,37.21269
3486.0,34.78348
3487.0,25.98556
3488.0,19.50071
3489.0,19.88071
3490.0,19.4496
3491.0,18.73202
3492.0,21.72799
3493.0,21.88658
3494.0,24.5373
3495.0,29.63104
3496.0,26.77746
3497.0,32.18038
3498.0,45.2288
3499.0,59.6255
3500.0,60.08824
3501.0,51.13365
3502.0,39.35061
3503.0,37.34398
3504.0,33.59981
3505.0,30.44297
3506.0,29.0353
3507.0,29.15077
3508.0,29.93072
3509.0,33.88234
3510.0,30.76506
3511.0,17.92215
3512.0,7.50312
3513.0,8.73415
3514.0,2.1577
3515.0,7.82243
3516.0,15.14596
3517.0,13.21466
3518.0,14.51264
3519.0,19.85826
3520.0,22.82558
3521.0,27.20106
3522.0,40.21266
3523.0,58.28071
3524.0,57.44412
3525.0,48.81826
3526.0,36.30735
3527.0,34.40584
3528.0,33.33662
3529.0,30.25693
3530.0,29.97174
3531.0,29.34297
3532.0,31.07173
3533.0,34.99529
3534.0,36.29912
3535.0,26.63692
3536.0,17.0696
3537.0,14.12429
3538.0,8.40165
3539.0,13.07407
3540.0,12.78961
3541.0,18.76577
3542.0,21.5535
3543.0,27.88864
3544.0,28.17444
3545.0,30.81376
3546.0,44.67487
3547.0,55.56688
3548.0,58.15424
3549.0,49.02565
3550.0,38.1909
3551.0,35.80951
3552.0,37.24084
3553.0,33.00989
3554.0,33.65515
3555.0,34.35103
3556.0,34.40006
3557.0,35.63374
3558.0,32.03237
3559.0,22.55374
3560.0,15.43609
3561.0,8.33823
3562.0,4.11464
3563.0,2.43785
3564.0,3.86288
3565.0,4.4271
3566.0,6.49136
3567.0,13.30373
3568.0,13.34291
3569.0,18.24415
3570.0,43.42185
3571.0,55.81625
3572.0,61.43378
3573.0,49.76541
3574.0,41.89567
3575.0,37.16408
3576.0,35.19452
3577.0,32.64948
3578.0,32.03334
3579.0,32.4156
3580.0,33.14212
3581.0,34.13091
3582.0,30.90863
3583.0,20.87335
3584.0,7.94801
3585.0,4.90741
3586.0,1.69855
3587.0,1.69381
3588.0,5.70269
3589.0,12.9247
3590.0,21.40898
3591.0,21.08333
3592.0,23.15674
3593.0,27.19213
3594.0,51.12497
3595.0,65.47164
3596.0,59.80222
3597.0,50.07773
3598.0,45.1437
3599.0,40.14151
3600.0,35.82972
3601.0,34.58243
3602.0,32.75282
3603.0,32.81789
3604.0,33.49074
3605.0,35.01619
3606.0,33.01
3607.0,28.53935
3608.0,17.01698
3609.0,14.29441
3610.0,13.61484
3611.0,14.4948
3612.0,19.0214
3613.0,21.70146
3614.0,29.47774
3615.0,32.22949
3616.0,32.35784
3617.0,43.02828
3618.0,53.95589
3619.0,83.42432
3620.0,85.98893
3621.0,55.34334
3622.0,40.66419
3623.0,40.34436
3624.0,44.50168
3625.0,39.61852
3626.0,39.28062
3627.0,38.99512
3628.0,39.47242
3629.0,43.06464
3630.0,50.98204
3631.0,39.22155
3632.0,37.4595
3633.0,36.10921
3634.0,35.23428
3635.0,28.94934
3636.0,38.68605
3637.0,43.48741
3638.0,44.97834
3639.0,50.73166
3640.0,49.53799
3641.0,63.82939
3642.0,110.55744
3643.0,161.43163
3644.0,137.937
3645.0,79.56015
3646.0,48.4742
3647.0,47.18822
3648.0,40.45411
3649.0,36.32612
3650.0,34.39744
3651.0,33.34144
3652.0,33.3818
3653.0,36.0
3654.0,47.22187
3655.0,36.19946
3656.0,30.76912
3657.0,26.70007
3658.0,25.14792
3659.0,28.14762
3660.0,33.71543
3661.0,41.6815
3662.0,42.35153
3663.0,41.41542
3664.0,46.79367
3665.0,59.07393
3666.0,91.47686
3667.0,144.5135
3668.0,107.27547
3669.0,69.93361
3670.0,47.36974
3671.0,43.49836
3672.0,37.42016
3673.0,36.22044
3674.0,33.79196
3675.0,32.55929
3676.0,33.67282
3677.0,37.87118
3678.0,44.18931
3679.0,32.1133
3680.0,29.09983
3681.0,26.83444
3682.0,27.06755
3683.0,27.66215
3684.0,28.88198
3685.0,33.32776
3686.0,34.92321
3687.0,41.95722
3688.0,41.27861
3689.0,47.61376
3690.0,63.94144
3691.0,91.13764
3692.0,74.38673
3693.0,60.26102
3694.0,43.74313
3695.0,41.95416
3696.0,38.52113
3697.0,36.25951
3698.0,32.30532
3699.0,32.88215
3700.0,33.43927
3701.0,35.9789
3702.0,36.3683
3703.0,24.90697
3704.0,20.90369
3705.0,19.09056
3706.0,16.87101
3707.0,16.54021
3708.0,25.86294
3709.0,26.87151
3710.0,31.43876
3711.0,33.95594
3712.0,34.39198
3713.0,36.6599
3714.0,49.82717
3715.0,68.6767
3716.0,60.85111
3717.0,53.09605
3718.0,43.69478
3719.0,41.87736
3720.0,34.13856
3721.0,30.92861
3722.0,31.02186
3723.0,30.92162
3724.0,31.17339
3725.0,31.73472
3726.0,28.47127
3727.0,8.24994
3728.0,4.12285
3729.0,0.13625
3730.0,-0.03772
3731.0,-0.66726
3732.0,4.51084
3733.0,8.52755
3734.0,11.71437
3735.0,18.61732
3736.0,22.21155
3737.0,29.03496
3738.0,42.25493
3739.0,56.0344
3740.0,52.66104
3741.0,47.71488
3742.0,40.79577
3743.0,36.67788
3744.0,31.19835
3745.0,30.21553
3746.0,31.68214
3747.0,31.29792
3748.0,31.23892
3749.0,31.88556
3750.0,25.33199
3751.0,2.32156
3752.0,0.27015
3753.0,-0.05892
3754.0,-0.06818
3755.0,-0.13522
3756.0,-0.04675
3757.0,0.04552
3758.0,3.85508
3759.0,13.53818
3760.0,15.09104
3761.0,24.66338
3762.0,42.62496
3763.0,53.416
3764.0,56.34934
3765.0,48.02773
3766.0,41.14788
3767.0,35.8521
3768.0,36.97772
3769.0,32.55235
3770.0,31.21759
3771.0,30.62415
3772.0,32.70799
3773.0,37.04069
3774.0,40.24695
3775.0,29.1547
3776.0,29.132
3777.0,26.39649
3778.0,24.01646
3779.0,24.30336
3780.0,23.82277
3781.0,23.04841
3782.0,22.44673
3783.0,27.14132
3784.0,23.83795
3785.0,29.6102
3786.0,41.6821
3787.0,56.67123
3788.0,57.75353
3789.0,47.76711
3790.0,43.5833
3791.0,37.12995
3792.0,31.12128
3793.0,28.42721
3794.0,28.59296
3795.0,29.06611
3796.0,30.67237
3797.0,35.26505
3798.0,34.96538
3799.0,23.28308
3800.0,17.86404
3801.0,13.29952
3802.0,12.36996
3803.0,11.09923
3804.0,11.88259
3805.0,13.21862
3806.0,14.95218
3807.0,20.36128
3808.0,19.10255
3809.0,30.14231
3810.0,39.44745
3811.0,54.23843
3812.0,60.55732
3813.0,48.30458
3814.0,38.7772
3815.0,35.74902
3816.0,31.61708
3817.0,30.45594
3818.0,29.85402
3819.0,29.4779
3820.0,31.18815
3821.0,35.05316
3822.0,36.42052
3823.0,27.62691
3824.0,24.91702
3825.0,20.37706
3826.0,17.29518
3827.0,16.11124
3828.0,14.71126
3829.0,17.10787
3830.0,18.57672
3831.0,23.04514
3832.0,22.76145
3833.0,26.73189
3834.0,37.5767
3835.0,47.85596
3836.0,48.28848
3837.0,43.30509
3838.0,32.17771
3839.0,30.49238
3840.0,27.64006
3841.0,27.9314
3842.0,27.08318
3843.0,26.30604
3844.0,28.93804
3845.0,32.93392
3846.0,31.92296
3847.0,14.80314
3848.0,3.13181
3849.0,-0.10629
3850.0,-0.71754
3851.0,-0.43703
3852.0,2.29754
3853.0,7.03233
3854.0,8.99631
3855.0,13.72295
3856.0,14.05801
3857.0,22.94068
3858.0,34.66378
3859.0,48.97441
3860.0,52.40732
3861.0,45.2818
3862.0,37.07317
3863.0,34.37053
3864.0,38.92098
3865.0,35.20891
3866.0,32.54365
3867.0,32.08014
3868.0,34.24744
3869.0,39.15372
3870.0,35.44474
3871.0,23.11895
3872.0,17.03789
3873.0,13.94519
3874.0,13.70509
3875.0,16.19527
3876.0,19.50169
3877.0,21.33484
3878.0,22.80806
3879.0,28.14126
3880.0,23.95854
3881.0,30.28104
3882.0,42.19243
3883.0,55.21177
3884.0,56.26874
3885.0,49.27953
3886.0,41.81198
3887.0,38.95744
3888.0,36.87389
3889.0,37.07294
3890.0,35.31309
3891.0,32.89462
3892.0,33.04526
3893.0,35.45447
3894.0,35.02635
3895.0,12.62778
3896.0,8.98523
3897.0,9.40203
3898.0,11.18253
3899.0,13.95884
3900.0,19.86359
3901.0,26.72104
3902.0,29.79239
3903.0,32.44335
3904.0,30.66717
3905.0,34.73034
3906.0,46.35883
3907.0,60.52925
3908.0,54.96309
3909.0,47.93348
3910.0,39.60575
3911.0,36.70199
3912.0,44.3576
3913.0,40.66051
3914.0,39.36383
3915.0,37.50664
3916.0,39.26609
3917.0,39.45526
3918.0,38.05128
3919.0,21.27813
3920.0,11.69473
3921.0,14.46687
3922.0,13.7395
3923.0,19.40754
3924.0,27.95581
3925.0,31.86675
3926.0,34.61179
3927.0,37.70692
3928.0,42.34998
3929.0,48.89442
3930.0,63.60035
3931.0,84.67642
3932.0,73.40099
3933.0,60.74141
3934.0,48.34205
3935.0,44.69625
3936.0,44.32115
3937.0,43.65552
3938.0,40.27075
3939.0,39.53255
3940.0,41.85467
3941.0,51.0369
3942.0,53.59642
3943.0,39.56854
3944.0,36.66514
3945.0,38.65241
3946.0,38.5122
3947.0,44.87595
3948.0,46.16494
3949.0,52.20531
3950.0,57.80591
3951.0,62.66984
3952.0,61.00668
3953.0,65.11785
3954.0,89.55429
3955.0,141.159
3956.0,100.75276
3957.0,75.33784
3958.0,58.26602
3959.0,51.70477
3960.0,53.66539
3961.0,50.66082
3962.0,49.47376
3963.0,46.59937
3964.0,50.28049
3965.0,60.09075
3966.0,61.785
3967.0,50.17652
3968.0,45.69787
3969.0,47.67779
3970.0,45.89944
3971.0,44.94894
3972.0,45.03566
3973.0,52.61315
3974.0,53.91261
3975.0,53.70179
3976.0,58.62704
3977.0,66.40367
3978.0,85.29699
3979.0,240.83427
3980.0,152.94937
3981.0,90.9849
3982.0,75.00566
3983.0,66.15804
3984.0,54.24795
3985.0,51.89359
3986.0,48.40329
3987.0,46.80786
3988.0,48.04422
3989.0,52.6295
3990.0,64.89657
3991.0,47.70109
3992.0,43.9
3993.0,47.29536
3994.0,48.92795
3995.0,53.33785
3996.0,57.81141
3997.0,65.66447
3998.0,69.03561
3999.0,75.2718
4000.0,98.12397
4001.0,118.49761
4002.0,192.03018
4003.0,298.85086
4004.0,148.97595
4005.0,108.85369
4006.0,67.61356
4007.0,62.79677
4008.0,50.04055
4009.0,47.39258
4010.0,45.15273
4011.0,45.14135
4012.0,45.4992
4013.0,48.22591
4014.0,57.30087
4015.0,45.84173
4016.0,42.67847
4017.0,45.85704
4018.0,51.08043
4019.0,57.47257
4020.0,65.91281
4021.0,70.5276
4022.0,78.62044
4023.0,93.16815
4024.0,111.20599
4025.0,144.74173
4026.0,303.33133
4027.0,489.9131
4028.0,251.45973
4029.0,146.07185
4030.0,74.94805
4031.0,63.93917
4032.0,49.69395
4033.0,48.79996
4034.0,45.73069
4035.0,44.85091
4036.0,45.07796
4037.0,47.09077
4038.0,65.47321
4039.0,43.69243
4040.0,42.13614
4041.0,45.11618
4042.0,46.14111
4043.0,48.92729
4044.0,56.76765
4045.0,63.67979
4046.0,68.80471
4047.0,72.61837
4048.0,75.95814
4049.0,90.15304
4050.0,125.2813
4051.0,243.04774
4052.0,109.36568
4053.0,87.78662
4054.0,66.67782
4055.0,57.59833
4056.0,44.92795
4057.0,42.54558
4058.0,40.78624
4059.0,40.77889
4060.0,41.49312
4061.0,40.68437
4062.0,45.50609
4063.0,29.80529
4064.0,29.71589
4065.0,31.36313
4066.0,34.55293
4067.0,39.46049
4068.0,41.28555
4069.0,45.79431
4070.0,49.14293
4071.0,55.25482
4072.0,57.78399
4073.0,60.29032
4074.0,71.4254
4075.0,94.81254
4076.0,85.13977
4077.0,67.06102
4078.0,51.96412
4079.0,48.63383
4080.0,41.75223
4081.0,42.42156
4082.0,40.52437
4083.0,40.02258
4084.0,39.88286
4085.0,39.00323
4086.0,36.98524
4087.0,25.6244
4088.0,23.98285
4089.0,24.0001
4090.0,23.62481
4091.0,30.04168
4092.0,33.58597
4093.0,39.48009
4094.0,41.78936
4095.0,43.74218
4096.0,44.74335
4097.0,53.03217
4098.0,63.63397
4099.0,85.08203
4100.0,74.11936
4101.0,62.47756
4102.0,50.74577
4103.0,48.49712
4104.0,39.79892
4105.0,39.13017
4106.0,38.17684
4107.0,38.04824
4108.0,38.06187
4109.0,41.18473
4110.0,47.61431
4111.0,34.49654
4112.0,33.68945
4113.0,34.3934
4114.0,32.54699
4115.0,39.67926
4116.0,42.28676
4117.0,46.1665
4118.0,49.52736
4119.0,52.67095
4120.0,53.7618
4121.0,62.12851
4122.0,69.72092
4123.0,130.52602
4124.0,86.3929
4125.0,74.61344
4126.0,52.74084
4127.0,49.60375
4128.0,40.13753
4129.0,41.14843
4130.0,39.32978
4131.0,39.33119
4132.0,40.06595
4133.0,41.39788
4134.0,47.85609
4135.0,37.27372
4136.0,35.64755
4137.0,34.70026
4138.0,31.93452
4139.0,34.29616
4140.0,36.87685
4141.0,40.93231
4142.0,42.24567
4143.0,44.2104
4144.0,46.29473
4145.0,52.54227
4146.0,52.71952
4147.0,81.69897
4148.0,74.89714
4149.0,65.69493
4150.0,48.86584
4151.0,44.44379
4152.0,40.44428
4153.0,40.22818
4154.0,38.35207
4155.0,38.09822
4156.0,38.59141
4157.0,41.13136
4158.0,43.60389
4159.0,37.5876
4160.0,36.47045
4161.0,33.3922
4162.0,31.49622
4163.0,33.29193
4164.0,36.82137
4165.0,38.74409
4166.0,41.09958
4167.0,43.0512
4168.0,45.15263
4169.0,47.13508
4170.0,59.86795
4171.0,75.3814
4172.0,70.74809
4173.0,61.27952
4174.0,49.12608
4175.0,43.56117
4176.0,40.6045
4177.0,38.31669
4178.0,36.30359
4179.0,35.73397
4180.0,34.44329
4181.0,38.99403
4182.0,42.65023
4183.0,34.7284
4184.0,31.59489
4185.0,29.93916
4186.0,26.87144
4187.0,28.47775
4188.0,31.91541
4189.0,33.95932
4190.0,37.98157
4191.0,39.06407
4192.0,39.1114
4193.0,43.55806
4194.0,53.75673
4195.0,66.49169
4196.0,61.85365
4197.0,55.10298
4198.0,44.27798
4199.0,39.62176
4200.0,37.98045
4201.0,37.36484
4202.0,35.80369
4203.0,35.70398
4204.0,35.17632
4205.0,36.84086
4206.0,45.36202
4207.0,35.23377
4208.0,33.83547
4209.0,33.54224
4210.0,33.01137
4211.0,30.53784
4212.0,34.77043
4213.0,39.52334
4214.0,38.61197
4215.0,40.66275
4216.0,43.20101
4217.0,45.7497
4218.0,60.07893
4219.0,77.94249
4220.0,70.54864
4221.0,62.42098
4222.0,43.9287
4223.0,40.58531
4224.0,42.17259
4225.0,39.47926
4226.0,38.47199
4227.0,38.32074
4228.0,38.34859
4229.0,38.36446
4230.0,41.24113
4231.0,27.61937
4232.0,28.92792
4233.0,28.14576
4234.0,31.99742
4235.0,34.70145
4236.0,38.17866
4237.0,45.62763
4238.0,46.85382
4239.0,53.15003
4240.0,57.29274
4241.0,64.00118
4242.0,75.29818
4243.0,110.2539
4244.0,86.71519
4245.0,67.42524
4246.0,50.64209
4247.0,49.67046
4248.0,48.83687
4249.0,44.37606
4250.0,42.90362
4251.0,43.26657
4252.0,44.55489
4253.0,42.24221
4254.0,44.75765
4255.0,29.40587
4256.0,27.73117
4257.0,28.8318
4258.0,30.73068
4259.0,37.77971
4260.0,42.22165
4261.0,44.36498
4262.0,51.46957
4263.0,61.81981
4264.0,64.64633
4265.0,75.34231
4266.0,95.23496
4267.0,111.7208
4268.0,96.28128
4269.0,81.90676
4270.0,58.63611
4271.0,53.33784
4272.0,40.73051
4273.0,40.6242
4274.0,39.78369
4275.0,39.61574
4276.0,40.95678
4277.0,42.74587
4278.0,55.26497
4279.0,44.3183
4280.0,41.29532
4281.0,40.30409
4282.0,42.3953
4283.0,49.50762
4284.0,55.32716
4285.0,59.07625
4286.0,57.2986
4287.0,60.38442
4288.0,76.02174
4289.0,93.47
4290.0,140.42795
4291.0,161.442
4292.0,133.63129
4293.0,90.96928
4294.0,66.80817
4295.0,57.12022
4296.0,45.99329
4297.0,44.33496
4298.0,44.02105
4299.0,41.33604
4300.0,41.3447
4301.0,44.3943
4302.0,56.52923
4303.0,47.87358
4304.0,44.85034
4305.0,44.33278
4306.0,43.16547
4307.0,44.22862
4308.0,52.58634
4309.0,61.12051
4310.0,69.55783
4311.0,76.28894
4312.0,81.58875
4313.0,92.67281
4314.0,142.7718
4315.0,144.60223
4316.0,107.7625
4317.0,95.73953
4318.0,61.2034
4319.0,55.63606
4320.0,49.87165
4321.0,46.60076
4322.0,46.56286
4323.0,44.06303
4324.0,44.85535
4325.0,47.25541
4326.0,50.55374
4327.0,43.22956
4328.0,40.4423
4329.0,39.73303
4330.0,39.95491
4331.0,42.20767
4332.0,43.81522
4333.0,47.94733
4334.0,49.34466
4335.0,51.09889
4336.0,55.9443
4337.0,61.82072
4338.0,78.31263
4339.0,96.23587
4340.0,81.00086
4341.0,72.86252
4342.0,55.09876
4343.0,51.08003
4344.0,49.93636
4345.0,45.98
4346.0,44.10717
4347.0,42.14995
4348.0,43.78983
4349.0,46.07087
4350.0,47.48373
4351.0,35.82909
4352.0,33.54593
4353.0,34.80126
4354.0,35.30786
4355.0,36.95695
4356.0,41.15729
4357.0,45.87742
4358.0,46.20609
4359.0,46.24804
4360.0,48.5095
4361.0,56.76254
4362.0,69.52075
4363.0,85.0
4364.0,77.09836
4365.0,71.32917
4366.0,52.98447
4367.0,48.51186
4368.0,45.4571
4369.0,43.74896
4370.0,40.38289
4371.0,38.94656
4372.0,38.95207
4373.0,41.2096
4374.0,43.77653
4375.0,32.69272
4376.0,30.08511
4377.0,31.93931
4378.0,32.03593
4379.0,35.0907
4380.0,38.9008
4381.0,41.58568
4382.0,43.33339
4383.0,47.62824
4384.0,46.06818
4385.0,53.84696
4386.0,65.79869
4387.0,79.208
4388.0,68.37842
4389.0,62.05445
4390.0,49.59284
4391.0,46.41985
4392.0,44.15989
4393.0,42.00588
4394.0,39.57232
4395.0,39.93125
4396.0,40.0968
4397.0,40.695
4398.0,39.0207
4399.0,30.79802
4400.0,27.84157
4401.0,29.17595
4402.0,29.6791
4403.0,33.40353
4404.0,34.13923
4405.0,40.23105
4406.0,38.9101
4407.0,41.75644
4408.0,40.67674
4409.0,45.01572
4410.0,57.04175
4411.0,70.75426
4412.0,58.90023
4413.0,54.51298
4414.0,45.99109
4415.0,42.43238
4416.0,42.87799
4417.0,40.97836
4418.0,38.2773
4419.0,37.92913
4420.0,37.22391
4421.0,39.93968
4422.0,36.71196
4423.0,23.74955
4424.0,21.21753
4425.0,22.20287
4426.0,23.47788
4427.0,26.68067
4428.0,30.04745
4429.0,33.71858
4430.0,37.26536
4431.0,39.16434
4432.0,37.48761
4433.0,41.74088
4434.0,49.4111
4435.0,63.83311
4436.0,59.43864
4437.0,53.03392
4438.0,45.42109
4439.0,42.42184
4440.0,41.15862
4441.0,38.07417
4442.0,37.19653
4443.0,36.46685
4444.0,37.33174
4445.0,38.36059
4446.0,35.1927
4447.0,25.21825
4448.0,19.19419
4449.0,19.82571
4450.0,23.01338
4451.0,25.51282
4452.0,32.80923
4453.0,37.92086
4454.0,36.7567
4455.0,39.70367
4456.0,45.61356
4457.0,47.77815
4458.0,57.8546
4459.0,72.08832
4460.0,58.97556
4461.0,55.4437
4462.0,46.59781
4463.0,41.4852
4464.0,38.32039
4465.0,37.30355
4466.0,34.75199
4467.0,33.83914
4468.0,35.22112
4469.0,38.10174
4470.0,47.71893
4471.0,35.41741
4472.0,32.47963
4473.0,33.3386
4474.0,34.01705
4475.0,37.17131
4476.0,39.57968
4477.0,41.3904
4478.0,46.35895
4479.0,54.51234
4480.0,52.92537
4481.0,57.67816
4482.0,65.59973
4483.0,94.97948
4484.0,77.6409
4485.0,67.43202
4486.0,46.05029
4487.0,43.21856
4488.0,38.95114
4489.0,36.61792
4490.0,34.99398
4491.0,34.76254
4492.0,35.02662
4493.0,37.52507
4494.0,47.41828
4495.0,35.38657
4496.0,32.89633
4497.0,32.68917
4498.0,35.13206
4499.0,36.78072
4500.0,39.58239
4501.0,42.70121
4502.0,46.26337
4503.0,44.74316
4504.0,50.22443
4505.0,62.92436
4506.0,65.7917
4507.0,80.29372
4508.0,72.98241
4509.0,67.87779
4510.0,53.56595
4511.0,45.39266
4512.0,46.39677
4513.0,41.86122
4514.0,40.42588
4515.0,39.68774
4516.0,39.9817
4517.0,42.47545
4518.0,46.99543
4519.0,40.07963
4520.0,37.21391
4521.0,37.4189
4522.0,39.22642
4523.0,42.55918
4524.0,47.28692
4525.0,50.17266
4526.0,59.65422
4527.0,62.49878
4528.0,65.45123
4529.0,76.34441
4530.0,94.262
4531.0,142.03752
4532.0,108.0758
4533.0,81.69481
4534.0,64.22424
4535.0,56.21574
4536.0,53.81907
4537.0,50.33299
4538.0,47.60512
4539.0,46.72526
4540.0,46.4727
4541.0,48.52618
4542.0,52.29634
4543.0,46.10419
4544.0,44.76769
4545.0,46.26361
4546.0,50.15668
4547.0,53.52923
4548.0,66.61901
4549.0,71.36451
4550.0,72.80559
4551.0,79.18533
4552.0,83.43005
4553.0,110.82502
4554.0,190.12358
4555.0,277.9636
4556.0,140.87997
4557.0,95.61769
4558.0,69.47989
4559.0,63.93421
4560.0,57.36656
4561.0,53.92062
4562.0,53.7814
4563.0,50.35169
4564.0,50.18862
4565.0,49.40343
4566.0,55.71747
4567.0,42.99907
4568.0,41.11358
4569.0,48.52408
4570.0,52.02242
4571.0,56.78873
4572.0,64.32354
4573.0,65.30802
4574.0,71.27207
4575.0,78.17951
4576.0,80.91831
4577.0,89.58472
4578.0,127.67329
4579.0,220.8887
4580.0,112.65912
4581.0,85.35659
4582.0,69.80088
4583.0,60.59221
4584.0,81.1059
4585.0,69.60425
4586.0,58.34807
4587.0,56.87669
4588.0,54.65238
4589.0,53.97033
4590.0,53.40852
4591.0,43.33623
4592.0,37.48213
4593.0,40.30277
4594.0,44.13828
4595.0,51.20701
4596.0,54.3294
4597.0,60.55195
4598.0,72.3324
4599.0,75.64032
4600.0,82.65046
4601.0,94.51292
4602.0,150.41652
4603.0,291.18738
4604.0,169.04556
4605.0,100.80518
4606.0,79.37492
4607.0,70.58514
4608.0,61.70633
4609.0,53.21357
4610.0,52.93178
4611.0,52.6249
4612.0,52.86374
4613.0,55.00767
4614.0,65.52327
4615.0,53.38557
4616.0,48.33037
4617.0,52.10835
4618.0,54.16281
4619.0,57.85173
4620.0,66.59748
4621.0,75.30136
4622.0,80.67662
4623.0,83.66228
4624.0,90.93526
4625.0,114.51701
4626.0,263.91647
4627.0,495.2197
4628.0,212.5214
4629.0,111.52672
4630.0,81.92937
4631.0,68.24335
4632.0,63.56913
4633.0,57.56921
4634.0,57.49324
4635.0,56.67716
4636.0,56.81992
4637.0,60.31058
4638.0,82.44858
4639.0,56.73482
4640.0,49.50542
4641.0,50.87042
4642.0,51.2016
4643.0,55.38725
4644.0,59.78291
4645.0,67.97098
4646.0,70.87344
4647.0,80.31363
4648.0,87.77089
4649.0,101.00292
4650.0,168.9116
4651.0,314.37234
4652.0,167.21196
4653.0,113.69172
4654.0,82.69892
4655.0,70.55725
4656.0,62.66755
4657.0,56.81669
4658.0,54.24539
4659.0,53.05003
4660.0,53.78021
4661.0,58.86565
4662.0,67.64409
4663.0,53.93554
4664.0,49.13707
4665.0,48.16692
4666.0,48.15437
4667.0,50.05076
4668.0,52.73062
4669.0,54.26427
4670.0,59.84253
4671.0,67.39434
4672.0,73.66793
4673.0,80.64868
4674.0,103.96307
4675.0,159.44836
4676.0,107.94083
4677.0,87.51717
4678.0,74.30492
4679.0,62.67498
4680.0,48.5985
4681.0,46.86228
4682.0,46.21809
4683.0,45.90721
4684.0,47.22213
4685.0,50.26091
4686.0,55.77452
4687.0,42.90341
4688.0,40.89538
4689.0,40.30168
4690.0,40.79711
4691.0,42.41096
4692.0,43.62784
4693.0,49.68895
4694.0,51.22117
4695.0,52.12815
4696.0,56.11518
4697.0,64.36
4698.0,78.10367
4699.0,100.73075
4700.0,85.78505
4701.0,78.92219
4702.0,59.15925
4703.0,52.7013
4704.0,49.3159
4705.0,46.40075
4706.0,48.6724
4707.0,46.65589
4708.0,47.12026
4709.0,49.1205
4710.0,53.91883
4711.0,43.58819
4712.0,39.17008
4713.0,38.09245
4714.0,38.36672
4715.0,39.72663
4716.0,43.50388
4717.0,48.34484
4718.0,49.68332
4719.0,53.03483
4720.0,56.57332
4721.0,62.62155
4722.0,80.25489
4723.0,101.7844
4724.0,94.76606
4725.0,79.93436
4726.0,64.49035
4727.0,56.9095
4728.0,49.71367
4729.0,48.82253
4730.0,46.10359
4731.0,46.77236
4732.0,45.54209
4733.0,47.19577
4734.0,47.15259
4735.0,39.26196
4736.0,33.20061
4737.0,34.43834
4738.0,35.92988
4739.0,40.10596
4740.0,42.71983
4741.0,45.06462
4742.0,48.41807
4743.0,52.59598
4744.0,58.02977
4745.0,72.8964
4746.0,77.54259
4747.0,95.95847
4748.0,84.3372
4749.0,74.30052
4750.0,58.90342
4751.0,51.03846
4752.0,49.61769
4753.0,47.57347
4754.0,46.48096
4755.0,47.36201
4756.0,47.60396
4757.0,47.69329
4758.0,45.52621
4759.0,40.31721
4760.0,35.57843
4761.0,36.77288
4762.0,39.09556
4763.0,43.92251
4764.0,44.25128
4765.0,48.42737
4766.0,55.50012
4767.0,56.01075
4768.0,67.03445
4769.0,76.26828
4770.0,85.08316
4771.0,98.24037
4772.0,84.01309
4773.0,76.85163
4774.0,61.88752
4775.0,54.62905
4776.0,56.34967
4777.0,51.35887
4778.0,47.05484
4779.0,46.54719
4780.0,49.78403
4781.0,52.8483
4782.0,70.7718
4783.0,59.11011
4784.0,55.1285
4785.0,55.89748
4786.0,53.84269
4787.0,61.59427
4788.0,60.64488
4789.0,69.36414
4790.0,70.52054
4791.0,81.10857
4792.0,84.74263
4793.0,104.60883
4794.0,188.62634
4795.0,273.23782
4796.0,134.43478
4797.0,92.97868
4798.0,72.89314
4799.0,64.77281
4800.0,51.55211
4801.0,51.65959
4802.0,50.02009
4803.0,48.76523
4804.0,49.73791
4805.0,54.87327
4806.0,61.31222
4807.0,48.56183
4808.0,46.54931
4809.0,46.46444
4810.0,46.68491
4811.0,48.80653
4812.0,54.31155
4813.0,57.20425
4814.0,63.01777
4815.0,71.35198
4816.0,77.05117
4817.0,84.04246
4818.0,118.4924
4819.0,161.55826
4820.0,109.7272
4821.0,87.22828
4822.0,65.2244
4823.0,59.29239
4824.0,52.63584
4825.0,51.21203
4826.0,49.70151
4827.0,49.14983
4828.0,49.63661
4829.0,52.5883
4830.0,61.91524
4831.0,52.04467
4832.0,49.52834
4833.0,49.48634
4834.0,49.80037
4835.0,52.68035
4836.0,55.99855
4837.0,55.31963
4838.0,60.61031
4839.0,64.66973
4840.0,65.37779
4841.0,79.75194
4842.0,94.53499
4843.0,142.74915
4844.0,109.79936
4845.0,93.01976
4846.0,69.05172
4847.0,61.70568
4848.0,53.92585
4849.0,52.23692
4850.0,50.31588
4851.0,49.81807
4852.0,50.33966
4853.0,56.20142
4854.0,62.43908
4855.0,49.64304
4856.0,47.0946
4857.0,46.57338
4858.0,47.0382
4859.0,47.75286
4860.0,47.28024
4861.0,49.45074
4862.0,53.59109
4863.0,59.58555
4864.0,64.55999
4865.0,77.67844
4866.0,92.67715
4867.0,131.86829
4868.0,95.16734
4869.0,86.72105
4870.0,69.41553
4871.0,61.61004
4872.0,52.56571
4873.0,51.32201
4874.0,49.54694
4875.0,48.54444
4876.0,48.67147
4877.0,52.10327
4878.0,60.35634
4879.0,47.6059
4880.0,44.20094
4881.0,43.82394
4882.0,46.23402
4883.0,47.78477
4884.0,51.77838
4885.0,58.92
4886.0,66.14702
4887.0,70.99726
4888.0,78.85346
4889.0,86.26961
4890.0,107.26784
4891.0,123.02768
4892.0,88.58055
4893.0,82.9322
4894.0,66.15286
4895.0,62.02103
4896.0,53.2368
4897.0,51.20165
4898.0,49.62288
4899.0,48.90307
4900.0,48.45512
4901.0,50.68317
4902.0,49.29472
4903.0,43.91402
4904.0,39.27584
4905.0,40.15704
4906.0,40.63315
4907.0,44.36016
4908.0,50.22539
4909.0,51.49444
4910.0,55.77337
4911.0,55.29513
4912.0,63.0407
4913.0,69.73921
4914.0,84.99
4915.0,98.36556
4916.0,84.6468
4917.0,75.20223
4918.0,63.29629
4919.0,54.06196
4920.0,54.02929
4921.0,50.92646
4922.0,49.32193
4923.0,48.64962
4924.0,48.61703
4925.0,49.40017
4926.0,47.99505
4927.0,43.20608
4928.0,38.38729
4929.0,40.0153
4930.0,40.9113
4931.0,42.47998
4932.0,45.80492
4933.0,47.14636
4934.0,50.55533
4935.0,52.0302
4936.0,57.79516
4937.0,67.89709
4938.0,81.52722
4939.0,92.23855
4940.0,84.06127
4941.0,76.10684
4942.0,64.0599
4943.0,54.4078
4944.0,55.16651
4945.0,52.15482
4946.0,51.2501
4947.0,50.17803
4948.0,51.46806
4949.0,55.51804
4950.0,62.17727
4951.0,61.34907
4952.0,51.67701
4953.0,49.61156
4954.0,49.05161
4955.0,50.6418
4956.0,57.2827
4957.0,65.07764
4958.0,67.56298
4959.0,73.19213
4960.0,79.75589
4961.0,86.52447
4962.0,91.22029
4963.0,109.24459
4964.0,93.91121
4965.0,90.12918
4966.0,79.59031
4967.0,66.66256
4968.0,51.5267
4969.0,50.9569
4970.0,49.0228
4971.0,47.95809
4972.0,49.02045
4973.0,51.71931
4974.0,57.33198
4975.0,47.32551
4976.0,42.31859
4977.0,40.66152
4978.0,40.55956
4979.0,43.58211
4980.0,48.06379
4981.0,60.67206
4982.0,62.63174
4983.0,69.35654
4984.0,77.98021
4985.0,88.48776
4986.0,121.34552
4987.0,142.81563
4988.0,112.14922
4989.0,94.70314
4990.0,76.51882
4991.0,64.61333
4992.0,61.98978
4993.0,55.93968
4994.0,52.35504
4995.0,51.5976
4996.0,51.34474
4997.0,53.94845
4998.0,72.93103
4999.0,60.33927
5000.0,52.56201
5001.0,52.18
5002.0,53.64947
5003.0,59.88265
5004.0,69.6
5005.0,76.36
5006.0,80.61076
5007.0,85.23493
5008.0,93.89047
5009.0,120.49408
5010.0,199.58496
5011.0,292.1803
5012.0,150.0
5013.0,109.49
5014.0,78.18
5015.0,66.18457
5016.0,71.04675
5017.0,65.53133
5018.0,59.62329
5019.0,56.4751
5020.0,55.9274
5021.0,60.62516
5022.0,82.86083
5023.0,67.42935
5024.0,59.88214
5025.0,61.16432
5026.0,64.18355
5027.0,70.88634
5028.0,82.84918
5029.0,94.05833
5030.0,96.76068
5031.0,102.64104
5032.0,126.3756
5033.0,141.51714
5034.0,305.32373
5035.0,382.15244
5036.0,167.3261
5037.0,127.00603
5038.0,88.26363
5039.0,74.86751
5040.0,67.38006
5041.0,61.07547
5042.0,59.29129
5043.0,57.65971
5044.0,57.70841
5045.0,60.02719
5046.0,76.96201
5047.0,62.0412
5048.0,58.28337
5049.0,60.63858
5050.0,65.69891
5051.0,74.82017
5052.0,83.75686
5053.0,90.93285
5054.0,96.34941
5055.0,107.80216
5056.0,124.28268
5057.0,143.37012
5058.0,281.19745
5059.0,289.94556
5060.0,144.40013
5061.0,116.31487
5062.0,84.64055
5063.0,77.17999
5064.0,65.83261
5065.0,60.24066
5066.0,58.43943
5067.0,57.50912
5068.0,58.72153
5069.0,63.68548
5070.0,71.14124
5071.0,57.40337
5072.0,49.24421
5073.0,49.60102
5074.0,54.35798
5075.0,58.0254
5076.0,64.0807
5077.0,67.45625
5078.0,71.95397
5079.0,85.69969
5080.0,90.33666
5081.0,97.55117
5082.0,133.14023
5083.0,142.19464
5084.0,105.71134
5085.0,94.56711
5086.0,74.90652
5087.0,64.24534
5088.0,57.19928
5089.0,54.768
5090.0,54.22632
5091.0,54.30408
5092.0,56.35266
5093.0,56.66661
5094.0,54.80665
5095.0,44.37514
5096.0,37.55993
5097.0,37.16174
5098.0,38.90824
5099.0,43.21144
5100.0,48.61656
5101.0,50.80386
5102.0,53.91528
5103.0,55.47365
5104.0,58.49226
5105.0,77.5074
5106.0,84.1434
5107.0,107.75023
5108.0,88.41922
5109.0,79.31261
5110.0,66.25543
5111.0,56.35205
5112.0,54.46217
5113.0,54.91599
5114.0,54.86337
5115.0,54.83368
5116.0,57.14043
5117.0,70.33494
5118.0,76.7959
5119.0,58.70465
5120.0,52.25688
5121.0,53.3718
5122.0,52.97396
5123.0,55.93261
5124.0,62.14214
5125.0,65.0228
5126.0,71.46488
5127.0,71.67192
5128.0,81.8513
5129.0,94.26969
5130.0,131.34267
5131.0,145.2878
5132.0,111.17402
5133.0,96.54158
5134.0,73.35311
5135.0,66.76962
5136.0,54.19561
5137.0,54.66807
5138.0,55.69019
5139.0,53.93499
5140.0,54.93963
5141.0,62.21728
5142.0,77.88911
5143.0,59.86716
5144.0,53.90697
5145.0,53.42619
5146.0,58.23608
5147.0,60.48
5148.0,66.18845
5149.0,73.51808
5150.0,78.69145
5151.0,78.11676
5152.0,86.15881
5153.0,116.67736
5154.0,181.25475
5155.0,182.50307
5156.0,127.24026
5157.0,102.42739
5158.0,71.15149
5159.0,65.89281
5160.0,63.20142
5161.0,56.7725
5162.0,56.76839
5163.0,56.3676
5164.0,57.14105
5165.0,60.37257
5166.0,79.79518
5167.0,62.62271
5168.0,52.90588
5169.0,53.23181
5170.0,55.85056
5171.0,58.41581
5172.0,65.58343
5173.0,74.64789
5174.0,78.55729
5175.0,77.393
5176.0,84.13232
5177.0,97.9196
5178.0,176.9846
5179.0,187.76414
5180.0,126.84474
5181.0,105.64032
5182.0,73.61286
5183.0,66.04425
5184.0,57.96967
5185.0,56.24789
5186.0,56.71234
5187.0,57.06064
5188.0,56.83582
5189.0,61.26559
5190.0,69.2795
5191.0,56.50942
5192.0,48.13038
5193.0,47.97859
5194.0,50.2322
5195.0,53.62171
5196.0,58.62482
5197.0,61.99347
5198.0,66.62194
5199.0,74.96104
5200.0,75.62837
5201.0,84.52932
5202.0,108.25514
5203.0,128.84393
5204.0,99.09254
5205.0,88.4842
5206.0,63.16268
5207.0,64.2315
5208.0,49.29828
5209.0,47.58453
5210.0,50.42928
5211.0,49.74258
5212.0,49.63622
5213.0,52.5495
5214.0,54.07258
5215.0,44.84066
5216.0,38.36936
5217.0,41.04171
5218.0,43.20224
5219.0,47.56323
5220.0,51.51564
5221.0,56.38466
5222.0,60.65823
5223.0,62.63671
5224.0,71.19
5225.0,77.0234
5226.0,96.4611
5227.0,105.77622
5228.0,86.30551
5229.0,71.71312
5230.0,60.13173
5231.0,56.1416
5232.0,43.88391
5233.0,43.82969
5234.0,44.23222
5235.0,44.48898
5236.0,46.66024
5237.0,46.91158
5238.0,43.67145
5239.0,38.7507
5240.0,27.34106
5241.0,27.4569
5242.0,29.9643
5243.0,38.41325
5244.0,41.13368
5245.0,41.86606
5246.0,45.60789
5247.0,47.19849
5248.0,48.45687
5249.0,53.69237
5250.0,68.10724
5251.0,78.16297
5252.0,64.66161
5253.0,60.05954
5254.0,48.27981
5255.0,46.15812
5256.0,47.73138
5257.0,45.92462
5258.0,45.87817
5259.0,45.26529
5260.0,46.2067
5261.0,48.2225
5262.0,47.2295
5263.0,39.85963
5264.0,26.9832
5265.0,26.30658
5266.0,26.65538
5267.0,32.02981
5268.0,35.3637
5269.0,39.0573
5270.0,42.88857
5271.0,44.46388
5272.0,44.36945
5273.0,48.80236
5274.0,62.49834
5275.0,73.81192
5276.0,67.94158
5277.0,60.42559
5278.0,54.42318
5279.0,49.40286
5280.0,46.99268
5281.0,44.99842
5282.0,44.51187
5283.0,44.78834
5284.0,44.32531
5285.0,48.62631
5286.0,55.27281
5287.0,46.197
5288.0,40.96319
5289.0,40.83707
5290.0,42.6394
5291.0,45.12896
5292.0,46.7169
5293.0,47.86168
5294.0,52.00351
5295.0,59.39003
5296.0,67.18788
5297.0,72.68138
5298.0,87.24489
5299.0,99.35437
5300.0,87.75559
5301.0,73.73683
5302.0,59.07237
5303.0,52.53022
5304.0,51.28396
5305.0,50.30495
5306.0,49.36193
5307.0,49.2879
5308.0,48.85267
5309.0,52.36254
5310.0,62.15674
5311.0,50.07598
5312.0,45.09837
5313.0,44.39238
5314.0,45.90398
5315.0,47.8629
5316.0,52.64457
5317.0,58.44222
5318.0,65.13348
5319.0,76.7644
5320.0,82.40474
5321.0,94.28356
5322.0,125.77489
5323.0,130.40834
5324.0,98.29732
5325.0,84.97678
5326.0,66.56524
5327.0,57.3705
5328.0,53.72921
5329.0,52.21969
5330.0,49.82567
5331.0,49.03154
5332.0,49.23227
5333.0,52.61601
5334.0,66.76542
5335.0,55.66448
5336.0,49.21614
5337.0,50.77598
5338.0,53.60545
5339.0,59.14693
5340.0,66.9319
5341.0,78.474
5342.0,84.07672
5343.0,101.31848
5344.0,110.47867
5345.0,137.01387
5346.0,201.58798
5347.0,169.78954
5348.0,120.20631
5349.0,106.30498
5350.0,75.52613
5351.0,62.30736
5352.0,51.88221
5353.0,50.88273
5354.0,49.40603
5355.0,47.27493
5356.0,48.13351
5357.0,51.6634
5358.0,68.08968
5359.0,52.42286
5360.0,48.43538
5361.0,48.03285
5362.0,50.5971
5363.0,57.35488
5364.0,66.01269
5365.0,71.96722
5366.0,80.54977
5367.0,88.28145
5368.0,92.59921
5369.0,107.55063
5370.0,154.833
5371.0,154.36575
5372.0,115.1323
5373.0,95.30136
5374.0,72.50047
5375.0,63.6898
5376.0,51.19306
5377.0,51.1564
5378.0,51.58352
5379.0,48.86316
5380.0,49.44775
5381.0,51.96917
5382.0,62.30494
5383.0,50.03295
5384.0,45.02099
5385.0,44.1959
5386.0,45.36749
5387.0,47.52658
5388.0,55.89067
5389.0,60.90937
5390.0,67.06975
5391.0,76.38016
5392.0,76.49091
5393.0,86.6436
5394.0,107.66413
5395.0,134.80672
5396.0,92.85422
5397.0,82.73153
5398.0,65.29013
5399.0,53.78165
5400.0,44.86815
5401.0,43.66343
5402.0,42.53776
5403.0,45.7974
5404.0,45.58894
5405.0,48.26539
5406.0,44.29741
5407.0,37.19041
5408.0,35.2601
5409.0,34.42735
5410.0,33.5196
5411.0,35.1796
5412.0,35.40986
5413.0,42.21658
5414.0,49.61715
5415.0,48.88785
5416.0,56.44644
5417.0,59.55384
5418.0,76.9028
5419.0,87.33188
5420.0,74.34604
5421.0,63.04221
5422.0,50.64667
5423.0,44.33127
5424.0,52.4509
5425.0,48.21982
5426.0,45.49141
5427.0,45.33868
5428.0,44.38954
5429.0,45.96861
5430.0,44.16505
5431.0,38.47225
5432.0,33.4339
5433.0,33.39454
5434.0,36.72305
5435.0,39.12562
5436.0,42.88849
5437.0,46.44938
5438.0,53.9964
5439.0,56.11085
5440.0,60.5809
5441.0,67.39488
5442.0,87.02175
5443.0,96.08357
5444.0,76.93236
5445.0,65.77153
5446.0,55.13388
5447.0,49.0798
5448.0,48.76058
5449.0,48.41742
5450.0,47.07304
5451.0,45.97317
5452.0,47.01418
5453.0,53.45313
5454.0,54.05164
5455.0,48.34364
5456.0,41.26721
5457.0,42.51402
5458.0,44.3618
5459.0,47.41348
5460.0,54.88952
5461.0,59.8529
5462.0,64.23768
5463.0,69.21531
5464.0,73.71
5465.0,77.85455
5466.0,99.96449
5467.0,109.63365
5468.0,83.91188
5469.0,74.73183
5470.0,64.11676
5471.0,55.33553
5472.0,58.34167
5473.0,55.33359
5474.0,52.47984
5475.0,51.93447
5476.0,58.27337
5477.0,63.78963
5478.0,63.03616
5479.0,56.06019
5480.0,46.43865
5481.0,44.05017
5482.0,44.96523
5483.0,48.4835
5484.0,53.64257
5485.0,57.34235
5486.0,58.22526
5487.0,59.92375
5488.0,61.42186
5489.0,66.14867
5490.0,82.06411
5491.0,98.41564
5492.0,82.64414
5493.0,73.68845
5494.0,67.70634
5495.0,60.89937
5496.0,47.96514
5497.0,45.92991
5498.0,44.58436
5499.0,44.10895
5500.0,46.60867
5501.0,48.8452
5502.0,52.47533
5503.0,46.46094
5504.0,39.82729
5505.0,38.35419
5506.0,37.62757
5507.0,37.13471
5508.0,40.02855
5509.0,41.43906
5510.0,43.08879
5511.0,44.96797
5512.0,45.20294
5513.0,49.48937
5514.0,60.30957
5515.0,71.33527
5516.0,61.56444
5517.0,58.73106
5518.0,50.84181
5519.0,48.71808
5520.0,44.76188
5521.0,43.71399
5522.0,42.42881
5523.0,42.0821
5524.0,44.74485
5525.0,48.4129
5526.0,49.65214
5527.0,44.4925
5528.0,36.9092
5529.0,36.19927
5530.0,35.32206
5531.0,34.24835
5532.0,35.2267
5533.0,35.92565
5534.0,39.16754
5535.0,42.36117
5536.0,41.56048
5537.0,47.63435
5538.0,58.16036
5539.0,67.34199
5540.0,59.53054
5541.0,57.47747
5542.0,50.69067
5543.0,47.39322
5544.0,41.90889
5545.0,41.65594
5546.0,40.65161
5547.0,40.61873
5548.0,43.20544
5549.0,46.2584
5550.0,47.91929
5551.0,41.89892
5552.0,35.43871
5553.0,33.02346
5554.0,26.67245
5555.0,29.94947
5556.0,32.40182
5557.0,34.74534
5558.0,38.7499
5559.0,41.43043
5560.0,42.35671
5561.0,49.31006
5562.0,59.20174
5563.0,65.17676
5564.0,55.74747
5565.0,54.24651
5566.0,48.57309
5567.0,45.12802
5568.0,42.58133
5569.0,41.86304
5570.0,40.59193
5571.0,39.21737
5572.0,40.61956
5573.0,44.5628
5574.0,42.42064
5575.0,38.11473
5576.0,31.19644
5577.0,26.26261
5578.0,22.20757
5579.0,20.48358
5580.0,24.31115
5581.0,26.16535
5582.0,25.73271
5583.0,29.75853
5584.0,35.37671
5585.0,38.35895
5586.0,49.99538
5587.0,55.87011
5588.0,50.71358
5589.0,49.87022
5590.0,46.32698
5591.0,44.02539
5592.0,38.7585
5593.0,39.19983
5594.0,38.13213
5595.0,36.81724
5596.0,36.90154
5597.0,37.26322
5598.0,39.48309
5599.0,35.94585
5600.0,26.73305
5601.0,23.65097
5602.0,22.83719
5603.0,22.76786
5604.0,23.37422
5605.0,26.23411
5606.0,32.61784
5607.0,33.76461
5608.0,34.40745
5609.0,41.63728
5610.0,50.37641
5611.0,58.82288
5612.0,53.93109
5613.0,50.42284
5614.0,45.50919
5615.0,41.05206
5616.0,43.84846
5617.0,40.72562
5618.0,39.8603
5619.0,39.80386
5620.0,41.76837
5621.0,46.12247
5622.0,48.04468
5623.0,44.56799
5624.0,36.90838
5625.0,35.27853
5626.0,32.06801
5627.0,32.45505
5628.0,34.47183
5629.0,36.24058
5630.0,39.78738
5631.0,42.18682
5632.0,43.58756
5633.0,48.65891
5634.0,60.14592
5635.0,70.93896
5636.0,59.15255
5637.0,54.02019
5638.0,49.33632
5639.0,45.27451
5640.0,44.51517
5641.0,42.93343
5642.0,41.76409
5643.0,41.50572
5644.0,42.36581
5645.0,46.85494
5646.0,48.35518
5647.0,44.33579
5648.0,37.81552
5649.0,36.30213
5650.0,32.85145
5651.0,31.10736
5652.0,34.75878
5653.0,37.38058
5654.0,41.08795
5655.0,43.04092
5656.0,44.77965
5657.0,51.56899
5658.0,63.14492
5659.0,70.14264
5660.0,59.99005
5661.0,56.50989
5662.0,50.03098
5663.0,47.25047
5664.0,45.45521
5665.0,44.5579
5666.0,44.52235
5667.0,43.16027
5668.0,43.32231
5669.0,47.08511
5670.0,50.49233
5671.0,47.42068
5672.0,40.41623
5673.0,40.11919
5674.0,38.56896
5675.0,38.3294
5676.0,40.91258
5677.0,44.00191
5678.0,46.51085
5679.0,48.76486
5680.0,51.60168
5681.0,56.28481
5682.0,73.28737
5683.0,73.88115
5684.0,61.62122
5685.0,58.56396
5686.0,49.21089
5687.0,47.42697
5688.0,46.3907
5689.0,45.08825
5690.0,45.69296
5691.0,46.14749
5692.0,46.49897
5693.0,49.95869
5694.0,53.00353
5695.0,50.07187
5696.0,42.71612
5697.0,41.47872
5698.0,42.10086
5699.0,44.495
5700.0,46.54064
5701.0,50.43289
5702.0,53.82479
5703.0,56.05925
5704.0,56.25854
5705.0,66.98783
5706.0,86.91407
5707.0,97.3085
5708.0,78.68218
5709.0,69.12791
5710.0,55.51331
5711.0,55.21639
5712.0,52.69491
5713.0,49.78241
5714.0,48.75275
5715.0,48.44939
5716.0,48.62208
5717.0,51.87794
5718.0,55.64014
5719.0,52.30594
5720.0,43.99534
5721.0,42.62313
5722.0,43.81977
5723.0,45.66768
5724.0,51.51746
5725.0,56.23759
5726.0,60.52963
5727.0,58.53998
5728.0,64.80609
5729.0,77.71199
5730.0,125.60722
5731.0,116.11658
5732.0,93.3
5733.0,81.79
5734.0,61.35317
5735.0,58.97778
5736.0,52.03775
5737.0,50.01112
5738.0,49.31516
5739.0,49.49149
5740.0,49.64062
5741.0,50.66197
5742.0,51.33995
5743.0,47.33158
5744.0,37.94093
5745.0,37.62055
5746.0,40.51274
5747.0,44.76061
5748.0,48.15837
5749.0,52.35146
5750.0,59.98665
5751.0,72.77358
5752.0,73.85443
5753.0,89.6316
5754.0,130.99106
5755.0,110.4593
5756.0,87.0
5757.0,76.02682
5758.0,62.36165
5759.0,59.06175
5760.0,56.42697
5761.0,53.4362
5762.0,51.58797
5763.0,50.44865
5764.0,51.6452
5765.0,51.44623
5766.0,51.0676
5767.0,47.47118
5768.0,38.79585
5769.0,39.4981
5770.0,41.81495
5771.0,46.99636
5772.0,47.45575
5773.0,50.78033
5774.0,60.49005
5775.0,67.05856
5776.0,73.44065
5777.0,83.80059
5778.0,132.24454
5779.0,110.49319
5780.0,83.07851
5781.0,73.41059
5782.0,61.31783
5783.0,57.41367
5784.0,49.0566
5785.0,49.14993
5786.0,47.51266
5787.0,47.37177
5788.0,47.70573
5789.0,50.19301
5790.0,56.4537
5791.0,52.69621
5792.0,46.87724
5793.0,46.60629
5794.0,46.9301
5795.0,48.61947
5796.0,50.88441
5797.0,58.46294
5798.0,62.02824
5799.0,68.44773
5800.0,73.63936
5801.0,87.76122
5802.0,125.0
5803.0,105.84817
5804.0,86.90786
5805.0,73.0
5806.0,62.87235
5807.0,57.57754
5808.0,51.56542
5809.0,49.88426
5810.0,49.73639
5811.0,49.76652
5812.0,49.63183
5813.0,50.99978
5814.0,54.33649
5815.0,50.26583
5816.0,45.83323
5817.0,45.98037
5818.0,45.34723
5819.0,45.96792
5820.0,48.56017
5821.0,50.32744
5822.0,52.04675
5823.0,56.12577
5824.0,58.80186
5825.0,68.1979
5826.0,88.95721
5827.0,82.8628
5828.0,70.78729
5829.0,64.84835
5830.0,58.6767
5831.0,53.07814
5832.0,51.06415
5833.0,49.06447
5834.0,47.6006
5835.0,46.99643
5836.0,48.83138
5837.0,53.09146
5838.0,58.66209
5839.0,53.50032
5840.0,44.05543
5841.0,43.36059
5842.0,41.12349
5843.0,36.45602
5844.0,38.83006
5845.0,40.80968
5846.0,42.86158
5847.0,45.11116
5848.0,47.44385
5849.0,55.88653
5850.0,72.80727
5851.0,80.97574
5852.0,65.52237
5853.0,59.06708
5854.0,53.6675
5855.0,51.06473
5856.0,50.22814
5857.0,49.67394
5858.0,49.20712
5859.0,49.17242
5860.0,50.90079
5861.0,53.50047
5862.0,62.33951
5863.0,52.74495
5864.0,42.60944
5865.0,40.36877
5866.0,39.39165
5867.0,38.78356
5868.0,39.03217
5869.0,40.58875
5870.0,45.05421
5871.0,47.69005
5872.0,48.4232
5873.0,55.81386
5874.0,71.79415
5875.0,75.49724
5876.0,64.12555
5877.0,60.02791
5878.0,55.1998
5879.0,50.99708
5880.0,51.73974
5881.0,51.59115
5882.0,49.12057
5883.0,48.01701
5884.0,49.09011
5885.0,52.32753
5886.0,57.91805
5887.0,48.91842
5888.0,41.15784
5889.0,39.69673
5890.0,39.73708
5891.0,40.50644
5892.0,40.89217
5893.0,43.98146
5894.0,45.81427
5895.0,49.55032
5896.0,50.84271
5897.0,61.41277
5898.0,81.94353
5899.0,83.05044
5900.0,67.84047
5901.0,61.54779
5902.0,56.4114
5903.0,52.69515
5904.0,50.70761
5905.0,50.4472
5906.0,49.6751
5907.0,49.17062
5908.0,49.31176
5909.0,51.35038
5910.0,51.38106
5911.0,46.21176
5912.0,36.44312
5913.0,29.06599
5914.0,31.02918
5915.0,37.68663
5916.0,38.67207
5917.0,42.77692
5918.0,47.225
5919.0,50.45688
5920.0,55.50647
5921.0,71.53516
5922.0,99.65803
5923.0,96.19249
5924.0,76.61971
5925.0,68.44693
5926.0,61.67243
5927.0,52.82008
5928.0,51.94363
5929.0,51.1705
5930.0,52.02348
5931.0,50.27962
5932.0,50.55511
5933.0,51.54963
5934.0,51.74721
5935.0,47.1022
5936.0,36.0935
5937.0,30.88691
5938.0,29.4132
5939.0,37.70786
5940.0,43.74486
5941.0,47.25872
5942.0,49.54749
5943.0,53.86873
5944.0,62.99447
5945.0,73.50883
5946.0,119.44174
5947.0,96.75742
5948.0,81.85075
5949.0,72.26869
5950.0,61.59285
5951.0,55.43144
5952.0,52.73186
5953.0,51.86276
5954.0,51.1844
5955.0,49.95096
5956.0,51.00247
5957.0,52.5077
5958.0,53.23786
5959.0,48.70325
5960.0,38.52686
5961.0,35.09954
5962.0,40.36093
5963.0,44.26749
5964.0,49.12236
5965.0,51.90379
5966.0,58.02019
5967.0,62.15601
5968.0,76.35955
5969.0,91.90286
5970.0,132.42012
5971.0,98.90543
5972.0,84.2666
5973.0,77.17769
5974.0,60.23648
5975.0,55.8662
5976.0,54.16855
5977.0,50.68085
5978.0,51.22837
5979.0,50.79265
5980.0,51.55024
5981.0,55.46835
5982.0,72.39772
5983.0,62.87084
5984.0,49.08776
5985.0,48.17007
5986.0,46.7178
5987.0,50.25316
5988.0,57.59724
5989.0,66.73944
5990.0,76.04314
5991.0,83.50079
5992.0,85.80392
5993.0,110.10715
5994.0,153.62791
5995.0,130.35017
5996.0,91.39264
5997.0,83.86701
5998.0,72.59534
5999.0,63.15819
6000.0,79.28671
6001.0,76.65219
6002.0,70.93824
6003.0,69.10622
6004.0,76.5708
6005.0,91.7046
6006.0,92.57199
6007.0,93.51314
6008.0,72.06016
6009.0,70.92969
6010.0,77.09117
6011.0,81.464
6012.0,83.17951
6013.0,87.92322
6014.0,112.91822
6015.0,110.94622
6016.0,121.48106
6017.0,164.56627
6018.0,270.69913
6019.0,201.88036
6020.0,144.95985
6021.0,123.17007
6022.0,103.8979
6023.0,98.20035
6024.0,102.16342
6025.0,95.23481
6026.0,88.3539
6027.0,82.45014
6028.0,96.02645
6029.0,111.17707
6030.0,112.50527
6031.0,120.32251
6032.0,93.27485
6033.0,80.41145
6034.0,87.47043
6035.0,90.78279
6036.0,91.27427
6037.0,95.36206
6038.0,101.95443
6039.0,105.16892
6040.0,108.57153
6041.0,205.50365
6042.0,481.7906
6043.0,290.89523
6044.0,148.51291
6045.0,113.43424
6046.0,108.18701
6047.0,111.14056
6048.0,75.95616
6049.0,71.8686
6050.0,67.33939
6051.0,67.17455
6052.0,69.84046
6053.0,74.91196
6054.0,93.4019
6055.0,71.05266
6056.0,55.85748
6057.0,54.07563
6058.0,54.54916
6059.0,58.1697
6060.0,61.59225
6061.0,65.01302
6062.0,66.78936
6063.0,64.87685
6064.0,69.88078
6065.0,79.3914
6066.0,136.18288
6067.0,134.41035
6068.0,107.13432
6069.0,91.13141
6070.0,82.52547
6071.0,77.62358
6072.0,63.26305
6073.0,60.73467
6074.0,59.58053
6075.0,58.79339
6076.0,58.51184
6077.0,60.57053
6078.0,68.79077
6079.0,57.99764
6080.0,48.34341
6081.0,42.72985
6082.0,45.628
6083.0,50.20467
6084.0,54.21654
6085.0,54.99097
6086.0,59.24705
6087.0,61.95628
6088.0,66.30655
6089.0,83.70044
6090.0,112.44196
6091.0,100.78025
6092.0,88.75841
6093.0,83.77371
6094.0,71.12073
6095.0,67.70137
6096.0,59.76598
6097.0,59.28872
6098.0,58.65769
6099.0,58.68245
6100.0,59.23207
6101.0,59.53652
6102.0,61.55209
6103.0,58.22037
6104.0,42.37241
6105.0,37.70214
6106.0,39.63304
6107.0,47.60418
6108.0,52.09005
6109.0,54.58153
6110.0,57.32435
6111.0,59.34751
6112.0,64.12111
6113.0,81.7522
6114.0,109.71656
6115.0,100.42298
6116.0,83.58312
6117.0,77.23768
6118.0,60.38778
6119.0,60.40701
6120.0,60.82959
6121.0,56.48514
6122.0,54.63767
6123.0,54.48217
6124.0,56.39657
6125.0,59.38355
6126.0,75.08873
6127.0,63.08564
6128.0,51.28334
6129.0,49.10865
6130.0,49.01334
6131.0,53.26072
6132.0,58.25195
6133.0,62.05273
6134.0,67.83912
6135.0,70.74102
6136.0,80.09191
6137.0,95.49683
6138.0,145.49101
6139.0,109.31937
6140.0,94.34917
6141.0,82.33668
6142.0,71.05166
6143.0,65.21921
6144.0,59.19168
6145.0,58.79736
6146.0,57.36723
6147.0,56.25695
6148.0,57.46694
6149.0,61.10743
6150.0,72.70408
6151.0,63.92502
6152.0,49.47747
6153.0,43.29413
6154.0,47.27163
6155.0,50.56809
6156.0,55.65868
6157.0,59.7347
6158.0,61.64681
6159.0,67.69794
6160.0,73.86342
6161.0,91.61891
6162.0,115.7012
6163.0,97.31888
6164.0,87.85101
6165.0,75.83468
6166.0,68.77063
6167.0,63.88686
6168.0,58.72084
6169.0,57.28376
6170.0,57.25528
6171.0,57.2017
6172.0,58.17738
6173.0,62.58994
6174.0,71.29807
6175.0,62.29862
6176.0,47.16698
6177.0,43.30972
6178.0,42.78759
6179.0,44.02821
6180.0,50.14716
6181.0,55.7631
6182.0,59.11711
6183.0,59.79687
6184.0,59.56777
6185.0,70.62615
6186.0,105.604
6187.0,93.44879
6188.0,76.85929
6189.0,69.19413
6190.0,63.60386
6191.0,59.71235
6192.0,60.9222
6193.0,56.74241
6194.0,56.0235
6195.0,55.56156
6196.0,59.46511
6197.0,63.10583
6198.0,71.10457
6199.0,60.78039
6200.0,48.622
6201.0,45.01171
6202.0,39.6754
6203.0,39.87503
6204.0,49.40971
6205.0,51.77519
6206.0,56.51788
6207.0,59.86409
6208.0,61.78217
6209.0,71.52567
6210.0,97.75602
6211.0,94.1193
6212.0,80.97615
6213.0,72.77272
6214.0,65.44784
6215.0,60.95141
6216.0,60.67331
6217.0,57.59018
6218.0,59.20929
6219.0,57.5427
6220.0,60.82138
6221.0,64.01137
6222.0,67.43141
6223.0,63.28518
6224.0,50.0148
6225.0,47.4789
6226.0,43.6238
6227.0,40.33975
6228.0,41.74766
6229.0,48.60123
6230.0,54.24363
6231.0,57.53609
6232.0,61.56922
6233.0,73.69174
6234.0,100.33021
6235.0,92.64876
6236.0,77.51008
6237.0,74.0318
6238.0,71.43168
6239.0,65.39133
6240.0,60.20826
6241.0,59.30694
6242.0,57.64952
6243.0,56.74972
6244.0,56.89
6245.0,57.98154
6246.0,60.27004
6247.0,55.26202
6248.0,40.28958
6249.0,33.34243
6250.0,31.51725
6251.0,28.32966
6252.0,29.78805
6253.0,31.74176
6254.0,31.36806
6255.0,41.46813
6256.0,47.04756
6257.0,65.52546
6258.0,81.06773
6259.0,82.52907
6260.0,67.37038
6261.0,65.75225
6262.0,63.60821
6263.0,59.48552
6264.0,55.17945
6265.0,53.38197
6266.0,52.09817
6267.0,52.00128
6268.0,51.55273
6269.0,54.01392
6270.0,54.31742
6271.0,50.36095
6272.0,27.86047
6273.0,13.88921
6274.0,-0.12793
6275.0,-3.82538
6276.0,-3.53061
6277.0,1.52613
6278.0,8.52336
6279.0,26.82126
6280.0,42.22071
6281.0,61.95339
6282.0,78.09152
6283.0,79.91492
6284.0,69.32585
6285.0,66.15832
6286.0,61.83351
6287.0,58.04987
6288.0,55.80959
6289.0,54.72717
6290.0,54.70701
6291.0,55.87452
6292.0,57.13101
6293.0,63.15118
6294.0,71.21393
6295.0,64.13729
6296.0,48.64281
6297.0,41.99101
6298.0,37.10568
6299.0,37.02325
6300.0,45.84305
6301.0,54.47054
6302.0,59.22236
6303.0,64.81609
6304.0,68.73225
6305.0,96.57257
6306.0,123.11656
6307.0,106.71962
6308.0,91.54964
6309.0,79.9672
6310.0,72.77746
6311.0,68.16207
6312.0,63.25134
6313.0,60.05251
6314.0,57.34413
6315.0,57.52784
6316.0,60.31855
6317.0,64.07148
6318.0,72.85794
6319.0,65.86116
6320.0,51.23109
6321.0,43.88569
6322.0,43.95033
6323.0,49.45996
6324.0,57.80283
6325.0,64.5896
6326.0,71.74906
6327.0,77.26325
6328.0,87.9422
6329.0,119.50217
6330.0,174.72153
6331.0,130.47563
6332.0,100.30718
6333.0,89.82904
6334.0,73.715
6335.0,68.87768
6336.0,60.84502
6337.0,58.55382
6338.0,57.10586
6339.0,55.6735
6340.0,56.99063
6341.0,61.62756
6342.0,66.828
6343.0,57.87227
6344.0,44.38999
6345.0,35.45639
6346.0,36.48418
6347.0,41.27868
6348.0,46.01896
6349.0,54.93043
6350.0,59.37223
6351.0,69.44972
6352.0,70.83423
6353.0,88.03693
6354.0,131.06927
6355.0,96.26683
6356.0,80.93794
6357.0,71.36412
6358.0,64.54338
6359.0,61.41982
6360.0,57.05635
6361.0,54.87561
6362.0,51.91729
6363.0,51.36961
6364.0,52.17728
6365.0,55.26283
6366.0,64.61183
6367.0,58.05715
6368.0,45.21872
6369.0,36.95807
6370.0,37.46383
6371.0,41.36635
6372.0,48.62949
6373.0,50.75073
6374.0,56.91507
6375.0,61.52973
6376.0,68.09579
6377.0,89.88148
6378.0,120.24762
6379.0,90.81331
6380.0,77.87774
6381.0,70.73199
6382.0,63.90461
6383.0,58.87397
6384.0,55.8872
6385.0,53.37341
6386.0,51.18325
6387.0,50.97915
6388.0,52.8347
6389.0,58.30035
6390.0,63.10424
6391.0,59.37222
6392.0,48.38513
6393.0,40.2901
6394.0,34.55548
6395.0,38.17043
6396.0,43.13054
6397.0,47.76318
6398.0,51.56332
6399.0,58.97845
6400.0,67.27206
6401.0,79.38857
6402.0,106.35018
6403.0,81.43279
6404.0,75.18942
6405.0,69.55082
6406.0,64.32366
6407.0,61.57932
6408.0,59.19757
6409.0,56.12585
6410.0,57.50449
6411.0,55.67202
6412.0,55.2212
6413.0,57.59778
6414.0,59.25344
6415.0,54.52535
6416.0,46.48034
6417.0,38.11779
6418.0,28.82426
6419.0,30.43836
6420.0,37.39655
6421.0,44.27069
6422.0,48.0077
6423.0,52.64089
6424.0,55.39763
6425.0,66.66493
6426.0,83.86859
6427.0,70.53546
6428.0,66.58166
6429.0,61.70849
6430.0,60.52573
6431.0,56.84502
6432.0,51.30174
6433.0,50.60737
6434.0,51.22905
6435.0,50.7366
6436.0,51.60143
6437.0,53.25238
6438.0,54.68978
6439.0,48.84981
6440.0,37.84403
6441.0,24.21841
6442.0,20.43457
6443.0,19.87658
6444.0,34.12605
6445.0,33.34402
6446.0,40.52134
6447.0,47.79506
6448.0,48.40381
6449.0,61.5067
6450.0,72.64273
6451.0,70.40142
6452.0,65.59258
6453.0,62.92959
6454.0,58.36669
6455.0,53.12572
6456.0,52.31153
6457.0,49.83085
6458.0,48.59858
6459.0,48.63339
6460.0,49.84636
6461.0,56.15598
6462.0,62.26121
6463.0,57.14746
6464.0,48.96096
6465.0,44.33938
6466.0,36.25446
6467.0,30.49375
6468.0,32.65034
6469.0,37.94118
6470.0,41.06272
6471.0,48.03606
6472.0,52.24093
6473.0,63.70759
6474.0,80.72022
6475.0,74.88598
6476.0,65.45363
6477.0,63.50567
6478.0,61.00267
6479.0,54.49004
6480.0,50.76018
6481.0,50.10877
6482.0,48.85715
6483.0,48.2041
6484.0,49.84772
6485.0,56.05874
6486.0,67.36795
6487.0,61.34595
6488.0,49.23512
6489.0,41.15997
6490.0,34.03591
6491.0,30.50637
6492.0,28.72908
6493.0,28.81159
6494.0,33.908
6495.0,43.33463
6496.0,51.05753
6497.0,65.22801
6498.0,84.36115
6499.0,80.26206
6500.0,68.36448
6501.0,65.07717
6502.0,61.58317
6503.0,59.44478
6504.0,55.54607
6505.0,53.60563
6506.0,51.91058
6507.0,51.37492
6508.0,52.52632
6509.0,62.29731
6510.0,79.04502
6511.0,77.85907
6512.0,58.53128
6513.0,50.01047
6514.0,43.05751
6515.0,42.09994
6516.0,38.97735
6517.0,44.16021
6518.0,50.02534
6519.0,54.03726
6520.0,60.98556
6521.0,72.86787
6522.0,82.89952
6523.0,78.9755
6524.0,74.02485
6525.0,70.10926
6526.0,65.46321
6527.0,62.1216
6528.0,58.79944
6529.0,57.86836
6530.0,55.14834
6531.0,52.82472
6532.0,55.58425
6533.0,61.13856
6534.0,67.94213
6535.0,63.41744
6536.0,51.24319
6537.0,38.27957
6538.0,32.31927
6539.0,30.81316
6540.0,37.00365
6541.0,42.83304
6542.0,50.24404
6543.0,53.82825
6544.0,61.91612
6545.0,83.16583
6546.0,109.18798
6547.0,90.29719
6548.0,76.48426
6549.0,73.13831
6550.0,66.49431
6551.0,63.28762
6552.0,58.85052
6553.0,55.55664
6554.0,54.80496
6555.0,53.60489
6556.0,55.31727
6557.0,58.34246
6558.0,65.20338
6559.0,62.88685
6560.0,52.84894
6561.0,46.94624
6562.0,41.60319
6563.0,42.16221
6564.0,49.96332
6565.0,50.60729
6566.0,56.49513
6567.0,57.81938
6568.0,64.08856
6569.0,83.72607
6570.0,106.07078
6571.0,87.67968
6572.0,75.92668
6573.0,74.24368
6574.0,65.44762
6575.0,60.71393
6576.0,60.37433
6577.0,59.64044
6578.0,59.45802
6579.0,56.03952
6580.0,56.81971
6581.0,59.54986
6582.0,63.63668
6583.0,58.18886
6584.0,47.77236
6585.0,39.4347
6586.0,34.76971
6587.0,38.89896
6588.0,43.97928
6589.0,47.67708
6590.0,51.47501
6591.0,56.37084
6592.0,63.06998
6593.0,74.54794
6594.0,94.81652
6595.0,82.62565
6596.0,73.44637
6597.0,71.49012
6598.0,67.04618
6599.0,60.6752
6600.0,60.34778
6601.0,59.99746
6602.0,56.48892
6603.0,55.71866
6604.0,57.03737
6605.0,59.4321
6606.0,61.06138
6607.0,55.78617
6608.0,45.12552
6609.0,27.55038
6610.0,25.04972
6611.0,29.91045
6612.0,41.88101
6613.0,48.26321
6614.0,52.05116
6615.0,58.8658
6616.0,64.21382
6617.0,83.8531
6618.0,114.73627
6619.0,95.92046
6620.0,77.49208
6621.0,75.26716
6622.0,65.46972
6623.0,61.15339
6624.0,63.61854
6625.0,58.66381
6626.0,56.28035
6627.0,54.9655
6628.0,56.77089
6629.0,61.74604
6630.0,70.61123
6631.0,70.53187
6632.0,60.4451
6633.0,55.08897
6634.0,47.60604
6635.0,49.66457
6636.0,55.5844
6637.0,61.27829
6638.0,68.80882
6639.0,73.38627
6640.0,83.14859
6641.0,102.57666
6642.0,127.38677
6643.0,98.33771
6644.0,88.0346
6645.0,82.6498
6646.0,74.8822
6647.0,70.40159
6648.0,67.81675
6649.0,64.57905
6650.0,61.65433
6651.0,60.99027
6652.0,62.85645
6653.0,66.21312
6654.0,76.76891
6655.0,76.09293
6656.0,57.41276
6657.0,49.26332
6658.0,46.39497
6659.0,44.42638
6660.0,46.66905
6661.0,48.58024
6662.0,49.01181
6663.0,51.62114
6664.0,60.60781
6665.0,79.10927
6666.0,93.75344
6667.0,85.367
6668.0,78.85122
6669.0,71.51186
6670.0,68.53443
6671.0,63.43931
6672.0,58.62299
6673.0,53.0803
6674.0,53.31494
6675.0,54.07285
6676.0,55.84913
6677.0,59.64622
6678.0,69.64409
6679.0,72.51292
6680.0,57.10637
6681.0,49.3495
6682.0,47.72862
6683.0,48.534
6684.0,51.77831
6685.0,51.72386
6686.0,53.95487
6687.0,58.0417
6688.0,65.50635
6689.0,81.15085
6690.0,92.19847
6691.0,87.06688
6692.0,81.03896
6693.0,75.8043
6694.0,67.33584
6695.0,61.781
6696.0,60.72689
6697.0,55.60068
6698.0,54.42974
6699.0,54.74032
6700.0,55.72732
6701.0,61.48451
6702.0,73.58291
6703.0,83.84493
6704.0,64.51152
6705.0,56.68117
6706.0,52.37369
6707.0,51.46986
6708.0,50.01948
6709.0,49.25383
6710.0,52.43439
6711.0,56.69631
6712.0,61.82415
6713.0,78.82806
6714.0,88.47527
6715.0,83.05871
6716.0,80.04203
6717.0,76.18148
6718.0,66.79592
6719.0,62.04144
6720.0,57.84371
6721.0,54.31878
6722.0,53.18474
6723.0,53.50923
6724.0,54.68527
6725.0,61.59982
6726.0,71.17444
6727.0,79.09122
6728.0,64.17276
6729.0,56.66565
6730.0,50.62937
6731.0,46.87453
6732.0,40.29412
6733.0,36.21929
6734.0,37.23523
6735.0,40.90449
6736.0,49.32223
6737.0,61.25192
6738.0,75.43428
6739.0,74.86445
6740.0,70.34712
6741.0,69.66722
6742.0,62.22633
6743.0,58.52929
6744.0,50.73829
6745.0,48.64783
6746.0,45.91387
6747.0,45.35357
6748.0,46.66945
6749.0,49.95423
6750.0,54.20464
6751.0,52.72511
6752.0,31.72038
6753.0,3.18914
6754.0,-1.36219
6755.0,-2.97842
6756.0,-2.95436
6757.0,-2.05458
6758.0,0.28906
6759.0,6.47347
6760.0,20.86652
6761.0,57.09498
6762.0,70.5692
6763.0,69.15346
6764.0,65.65574
6765.0,61.45471
6766.0,57.17295
6767.0,54.18407
6768.0,55.76741
6769.0,53.74473
6770.0,52.19357
6771.0,52.05123
6772.0,52.32856
6773.0,55.7826
6774.0,59.47478
6775.0,55.57785
6776.0,26.17625
6777.0,2.96603
6778.0,-2.62264
6779.0,-3.71119
6780.0,-2.72314
6781.0,-2.90438
6782.0,2.46974
6783.0,10.00426
6784.0,21.7959
6785.0,57.30275
6786.0,71.2862
6787.0,69.89682
6788.0,66.16258
6789.0,61.08238
6790.0,53.83918
6791.0,49.80795
6792.0,53.27389
6793.0,50.44365
6794.0,49.37211
6795.0,49.00985
6796.0,49.41429
6797.0,54.73394
6798.0,68.20531
6799.0,65.41377
6800.0,36.17371
6801.0,10.47524
6802.0,6.12183
6803.0,1.71234
6804.0,1.22519
6805.0,2.63309
6806.0,6.67978
6807.0,12.10711
6808.0,32.44591
6809.0,65.23772
6810.0,77.1776
6811.0,76.36294
6812.0,74.19636
6813.0,65.96788
6814.0,58.09312
6815.0,53.96522
6816.0,50.52221
6817.0,51.44527
6818.0,50.63516
6819.0,50.28037
6820.0,51.99736
6821.0,60.31894
6822.0,72.07629
6823.0,58.94434
6824.0,37.76359
6825.0,10.50161
6826.0,1.30735
6827.0,0.94751
6828.0,-0.05775
6829.0,1.3676
6830.0,6.73752
6831.0,11.96925
6832.0,30.97617
6833.0,71.91053
6834.0,83.51398
6835.0,80.76145
6836.0,75.13656
6837.0,72.73284
6838.0,63.8931
6839.0,57.52833
6840.0,43.06175
6841.0,49.95995
6842.0,48.50775
6843.0,48.17026
6844.0,49.11869
6845.0,61.46124
6846.0,74.26841
6847.0,75.03498
6848.0,49.90262
6849.0,29.27113
6850.0,13.4709
6851.0,10.63033
6852.0,9.79043
6853.0,10.23015
6854.0,12.87285
6855.0,15.63
6856.0,30.39675
6857.0,70.85087
6858.0,84.8142
6859.0,79.07392
6860.0,74.05399
6861.0,70.34964
6862.0,60.8768
6863.0,55.56725
6864.0,41.34128
6865.0,45.72082
6866.0,44.4234
6867.0,46.6163
6868.0,47.34681
6869.0,57.50964
6870.0,77.77047
6871.0,71.6597
6872.0,49.24413
6873.0,23.32676
6874.0,12.1401
6875.0,8.32994
6876.0,7.86189
6877.0,10.29419
6878.0,15.1089
6879.0,22.64825
6880.0,39.05413
6881.0,73.6659
6882.0,94.28511
6883.0,88.42441
6884.0,77.45023
6885.0,74.20175
6886.0,61.13934
6887.0,54.13138
6888.0,48.26578
6889.0,52.76122
6890.0,51.78379
6891.0,52.1954
6892.0,52.26036
6893.0,56.73026
6894.0,76.42953
6895.0,67.21829
6896.0,48.67537
6897.0,24.26359
6898.0,16.57556
6899.0,14.24681
6900.0,14.80881
6901.0,23.31598
6902.0,28.96482
6903.0,46.02533
6904.0,53.06493
6905.0,84.38571
6906.0,105.03282
6907.0,94.42116
6908.0,80.64319
6909.0,76.62158
6910.0,65.25525
6911.0,60.96276
6912.0,60.21322
6913.0,54.65339
6914.0,52.15914
6915.0,50.29297
6916.0,55.05929
6917.0,59.40295
6918.0,65.41617
6919.0,61.72549
6920.0,34.1551
6921.0,14.40891
6922.0,7.52864
6923.0,8.31916
6924.0,10.59519
6925.0,22.3519
6926.0,27.04175
6927.0,41.2366
6928.0,53.8298
6929.0,81.05916
6930.0,99.96101
6931.0,81.81557
6932.0,76.05195
6933.0,73.79058
6934.0,67.80731
6935.0,62.51803
6936.0,66.28571
6937.0,64.59899
6938.0,57.33295
6939.0,56.38712
6940.0,55.96333
6941.0,57.53417
6942.0,63.66307
6943.0,51.75601
6944.0,36.44857
6945.0,24.11845
6946.0,14.4098
6947.0,8.21453
6948.0,5.95057
6949.0,6.05557
6950.0,9.00373
6951.0,20.40432
6952.0,36.24159
6953.0,68.83788
6954.0,81.6362
6955.0,77.23499
6956.0,70.05283
6957.0,67.52
6958.0,62.25
6959.0,56.5419
6960.0,54.12432
6961.0,51.97839
6962.0,50.24445
6963.0,50.47655
6964.0,52.0053
6965.0,58.91525
6966.0,75.14579
6967.0,76.30068
6968.0,53.47342
6969.0,34.58391
6970.0,16.87763
6971.0,17.6151
6972.0,9.70869
6973.0,3.70652
6974.0,13.76047
6975.0,23.69586
6976.0,46.16116
6977.0,77.86727
6978.0,92.14419
6979.0,86.6347
6980.0,80.90647
6981.0,78.41219
6982.0,70.45701
6983.0,64.97585
6984.0,59.83
6985.0,58.93193
6986.0,58.17683
6987.0,58.096
6988.0,64.98
6989.0,69.53
6990.0,86.76399
6991.0,87.14
6992.0,61.81392
6993.0,43.75657
6994.0,32.71606
6995.0,31.15657
6996.0,24.7525
6997.0,24.15745
6998.0,28.38279
6999.0,37.57164
7000.0,56.6
7001.0,81.94988
7002.0,107.86914
7003.0,95.93
7004.0,87.33
7005.0,81.61
7006.0,71.71013
7007.0,66.77949
7008.0,57.0
7009.0,55.13331
7010.0,54.13848
7011.0,54.0
7012.0,55.93
7013.0,63.99
7014.0,82.1
7015.0,84.25593
7016.0,57.89711
7017.0,40.68655
7018.0,40.35944
7019.0,32.23825
7020.0,34.00576
7021.0,34.42519
7022.0,35.67641
7023.0,42.36277
7024.0,57.02974
7025.0,81.58749
7026.0,99.37051
7027.0,87.24
7028.0,80.26
7029.0,76.8
7030.0,68.11788
7031.0,63.98
7032.0,55.10836
7033.0,54.02834
7034.0,53.36
7035.0,53.55644
7036.0,55.13
7037.0,64.76193
7038.0,77.27102
7039.0,87.80747
7040.0,51.85424
7041.0,42.90763
7042.0,36.48202
7043.0,34.14089
7044.0,34.30401
7045.0,38.74067
7046.0,41.30352
7047.0,50.14086
7048.0,55.62543
7049.0,85.94125
7050.0,103.33869
7051.0,86.1107
7052.0,80.83
7053.0,70.73901
7054.0,64.03767
7055.0,60.60169
7056.0,59.6
7057.0,55.13
7058.0,52.5885
7059.0,52.28552
7060.0,54.47672
7061.0,63.66
7062.0,72.23112
7063.0,79.93
7064.0,48.99448
7065.0,43.04643
7066.0,34.60123
7067.0,35.12453
7068.0,29.39513
7069.0,27.73238
7070.0,28.16409
7071.0,30.42421
7072.0,45.22049
7073.0,72.18939
7074.0,83.53406
7075.0,74.18179
7076.0,70.63759
7077.0,66.47117
7078.0,62.11
7079.0,53.27231
7080.0,55.53409
7081.0,51.17432
7082.0,47.19783
7083.0,48.23966
7084.0,47.37049
7085.0,49.13662
7086.0,57.91712
7087.0,46.91727
7088.0,46.64537
7089.0,28.21747
7090.0,15.56141
7091.0,10.14021
7092.0,12.71757
7093.0,7.23335
7094.0,6.08169
7095.0,14.46795
7096.0,35.90964
7097.0,68.0
7098.0,78.71963
7099.0,71.0
7100.0,70.0
7101.0,67.64
7102.0,63.0
7103.0,56.48549
7104.0,49.41828
7105.0,47.31968
7106.0,46.12104
7107.0,48.28685
7108.0,48.45509
7109.0,55.26762
7110.0,59.87138
7111.0,52.50403
7112.0,47.73885
7113.0,33.66555
7114.0,25.25689
7115.0,25.93486
7116.0,22.32287
7117.0,22.5135
7118.0,24.26777
7119.0,37.02722
7120.0,48.781
7121.0,70.57262
7122.0,81.86683
7123.0,77.84597
7124.0,72.15068
7125.0,68.32608
7126.0,62.13309
7127.0,56.73276
7128.0,56.09575
7129.0,52.69242
7130.0,51.29846
7131.0,51.20085
7132.0,53.15885
7133.0,57.93552
7134.0,66.45466
7135.0,76.58104
7136.0,56.50747
7137.0,59.59655
7138.0,56.74458
7139.0,48.12108
7140.0,47.49311
7141.0,47.08196
7142.0,46.89066
7143.0,49.02271
7144.0,52.97081
7145.0,75.10033
7146.0,84.95196
7147.0,79.45241
7148.0,69.06204
7149.0,65.79256
7150.0,60.91235
7151.0,56.10899
7152.0,55.51927
7153.0,54.42759
7154.0,53.36237
7155.0,53.41197
7156.0,54.90417
7157.0,63.44816
7158.0,76.35422
7159.0,80.39196
7160.0,55.03837
7161.0,32.04139
7162.0,19.01492
7163.0,16.95801
7164.0,18.41484
7165.0,17.24135
7166.0,19.68876
7167.0,27.75049
7168.0,51.68991
7169.0,80.16254
7170.0,94.33109
7171.0,85.95977
7172.0,77.96613
7173.0,73.78898
7174.0,69.92935
7175.0,63.55216
7176.0,62.19509
7177.0,58.53591
7178.0,56.98344
7179.0,56.1667
7180.0,57.02975
7181.0,67.95345
7182.0,78.39536
7183.0,83.70691
7184.0,58.01972
7185.0,40.96158
7186.0,34.59827
7187.0,32.06827
7188.0,34.08265
7189.0,36.62566
7190.0,40.06732
7191.0,49.93024
7192.0,61.2172
7193.0,91.04842
7194.0,114.51292
7195.0,95.67665
7196.0,83.47081
7197.0,80.84081
7198.0,72.09953
7199.0,63.91435
7200.0,64.09248
7201.0,61.27344
7202.0,59.25078
7203.0,59.00903
7204.0,60.77627
7205.0,69.06471
7206.0,85.13147
7207.0,90.88398
7208.0,58.55682
7209.0,44.78079
7210.0,42.90917
7211.0,43.86666
7212.0,47.96481
7213.0,51.30269
7214.0,54.78955
7215.0,58.95855
7216.0,69.45674
7217.0,104.67917
7218.0,142.76262
7219.0,108.91268
7220.0,91.29418
7221.0,85.32186
7222.0,74.91324
7223.0,68.18158
7224.0,66.99362
7225.0,65.41382
7226.0,58.65818
7227.0,58.64118
7228.0,62.85701
7229.0,66.07546
7230.0,89.65321
7231.0,92.33325
7232.0,63.03101
7233.0,52.58094
7234.0,45.91141
7235.0,46.47674
7236.0,46.4791
7237.0,48.04469
7238.0,53.76755
7239.0,57.07618
7240.0,70.40913
7241.0,106.90517
7242.0,117.21154
7243.0,95.68194
7244.0,82.47865
7245.0,80.56559
7246.0,70.17918
7247.0,66.17777
7248.0,63.79326
7249.0,61.46
7250.0,59.1
7251.0,56.93344
7252.0,56.93344
7253.0,62.05257
7254.0,66.01354
7255.0,67.52949
7256.0,55.07206
7257.0,45.3823
7258.0,30.36851
7259.0,35.31124
7260.0,39.00428
7261.0,40.80513
7262.0,40.66825
7263.0,47.20435
7264.0,62.1061
7265.0,78.40853
7266.0,90.42778
7267.0,76.98576
7268.0,74.41466
7269.0,73.06
7270.0,65.9327
7271.0,59.55827
7272.0,58.02227
7273.0,42.5244
7274.0,53.92296
7275.0,53.97
7276.0,54.58271
7277.0,57.78525
7278.0,64.67172
7279.0,58.58872
7280.0,55.91201
7281.0,43.79255
7282.0,30.94447
7283.0,33.00702
7284.0,32.91669
7285.0,34.80327
7286.0,42.43938
7287.0,49.54575
7288.0,54.3256
7289.0,75.56266
7290.0,82.36222
7291.0,77.27308
7292.0,73.27552
7293.0,70.76364
7294.0,66.85182
7295.0,61.62847
7296.0,55.97703
7297.0,55.6955
7298.0,55.82019
7299.0,55.83742
7300.0,60.30561
7301.0,66.46414
7302.0,81.64312
7303.0,93.85902
7304.0,75.94315
7305.0,65.68919
7306.0,59.57083
7307.0,56.72987
7308.0,55.58328
7309.0,55.77917
7310.0,60.88
7311.0,66.88
7312.0,78.58172
7313.0,100.9841
7314.0,105.3291
7315.0,92.40408
7316.0,80.45608
7317.0,78.4106
7318.0,67.6334
7319.0,62.95513
7320.0,56.10638
7321.0,55.43934
7322.0,54.0963
7323.0,54.38622
7324.0,55.21703
7325.0,62.44
7326.0,74.36
7327.0,85.39526
7328.0,57.82577
7329.0,52.64091
7330.0,47.34595
7331.0,44.49219
7332.0,42.14782
7333.0,38.87324
7334.0,30.2325
7335.0,51.7274
7336.0,67.19527
7337.0,101.61924
7338.0,110.29893
7339.0,94.26763
7340.0,86.52107
7341.0,79.08619
7342.0,67.45026
7343.0,65.66075
7344.0,60.78202
7345.0,56.6156
7346.0,54.51
7347.0,54.02654
7348.0,55.42181
7349.0,65.39986
7350.0,76.38202
7351.0,83.51184
7352.0,63.48468
7353.0,48.78393
7354.0,40.51883
7355.0,33.69101
7356.0,36.67568
7357.0,37.55787
7358.0,44.66225
7359.0,50.45477
7360.0,65.64628
7361.0,100.09214
7362.0,117.84757
7363.0,92.52317
7364.0,81.25738
7365.0,76.13478
7366.0,67.76305
7367.0,62.20084
7368.0,54.48177
7369.0,52.22749
7370.0,50.41223
7371.0,49.95985
7372.0,51.29856
7373.0,54.79345
7374.0,69.66783
7375.0,76.37229
7376.0,55.79853
7377.0,43.16152
7378.0,31.36643
7379.0,33.5875
7380.0,32.43578
7381.0,33.53903
7382.0,38.95622
7383.0,45.71242
7384.0,54.24405
7385.0,77.86667
7386.0,90.76847
7387.0,76.71233
7388.0,69.82639
7389.0,67.30388
7390.0,60.4786
7391.0,57.13398
7392.0,51.59854
7393.0,50.25436
7394.0,49.96907
7395.0,50.15522
7396.0,51.74624
7397.0,62.76292
7398.0,74.82679
7399.0,85.86209
7400.0,60.96497
7401.0,45.48029
7402.0,36.84107
7403.0,33.37006
7404.0,38.36479
7405.0,31.48552
7406.0,41.24085
7407.0,50.49582
7408.0,63.10723
7409.0,93.95559
7410.0,107.31297
7411.0,86.50478
7412.0,74.33272
7413.0,73.17854
7414.0,67.33897
7415.0,60.33274
7416.0,59.48986
7417.0,56.52042
7418.0,52.51555
7419.0,52.59918
7420.0,52.57154
7421.0,57.61948
7422.0,65.65478
7423.0,66.17817
7424.0,53.82586
7425.0,37.85487
7426.0,32.29223
7427.0,29.31074
7428.0,28.87195
7429.0,27.62179
7430.0,31.28944
7431.0,37.16558
7432.0,55.21277
7433.0,75.1585
7434.0,84.57465
7435.0,68.008
7436.0,65.80746
7437.0,60.53342
7438.0,55.1218
7439.0,55.09684
7440.0,52.47125
7441.0,52.27374
7442.0,52.15102
7443.0,51.71277
7444.0,55.0514
7445.0,59.31664
7446.0,59.69415
7447.0,51.01793
7448.0,25.88115
7449.0,13.64234
7450.0,9.7799
7451.0,10.18655
7452.0,9.75631
7453.0,13.76063
7454.0,22.33965
7455.0,47.51296
7456.0,67.68334
7457.0,85.7137
7458.0,71.56932
7459.0,67.30424
7460.0,65.4926
7461.0,58.78348
7462.0,57.10247
7463.0,55.0
7464.0,50.66546
7465.0,51.07328
7466.0,50.53134
7467.0,50.00517
7468.0,50.28586
7469.0,55.38811
7470.0,66.09558
7471.0,76.81184
7472.0,65.55269
7473.0,50.92625
7474.0,46.18995
7475.0,39.24281
7476.0,15.48576
7477.0,35.55
7478.0,25.92696
7479.0,43.33495
7480.0,63.1259
7481.0,82.9191
7482.0,115.25031
7483.0,92.9108
7484.0,84.57503
7485.0,73.15861
7486.0,70.14497
7487.0,63.60127
7488.0,58.71507
7489.0,55.27117
7490.0,53.8484
7491.0,53.74695
7492.0,53.93037
7493.0,57.71493
7494.0,68.07901
7495.0,79.11691
7496.0,63.95467
7497.0,55.21262
7498.0,45.97048
7499.0,45.16781
7500.0,41.86129
7501.0,44.21286
7502.0,45.83912
7503.0,51.96391
7504.0,65.41267
7505.0,85.10436
7506.0,113.36493
7507.0,88.12441
7508.0,81.46996
7509.0,71.50236
7510.0,64.80116
7511.0,60.33133
7512.0,59.29675
7513.0,51.34524
7514.0,51.10654
7515.0,50.72495
7516.0,50.594
7517.0,52.61436
7518.0,66.47562
7519.0,77.6633
7520.0,61.89412
7521.0,50.76702
7522.0,44.48066
7523.0,40.60489
7524.0,38.25695
7525.0,38.86008
7526.0,41.2569
7527.0,48.07352
7528.0,61.59021
7529.0,77.62342
7530.0,114.4893
7531.0,82.19292
7532.0,75.29456
7533.0,71.40567
7534.0,68.93489
7535.0,62.22241
7536.0,58.0173
7537.0,50.21325
7538.0,50.83585
7539.0,50.28169
7540.0,49.78492
7541.0,50.90837
7542.0,63.16759
7543.0,71.29598
7544.0,58.897
7545.0,42.23467
7546.0,39.19249
7547.0,35.68929
7548.0,37.08157
7549.0,38.37401
7550.0,44.52168
7551.0,48.72141
7552.0,64.80219
7553.0,75.63269
7554.0,114.79563
7555.0,77.36971
7556.0,73.17848
7557.0,74.03248
7558.0,64.78002
7559.0,59.30162
7560.0,54.433
7561.0,51.25973
7562.0,51.37222
7563.0,50.49191
7564.0,50.60924
7565.0,51.46683
7566.0,61.33675
7567.0,70.06873
7568.0,55.81554
7569.0,44.98925
7570.0,40.46585
7571.0,36.76589
7572.0,38.29477
7573.0,43.28627
7574.0,46.33603
7575.0,48.61488
7576.0,66.60965
7577.0,57.65173
7578.0,75.74413
7579.0,74.61574
7580.0,74.62907
7581.0,66.34521
7582.0,61.62195
7583.0,57.39477
7584.0,52.70057
7585.0,49.56593
7586.0,48.7639
7587.0,47.71634
7588.0,47.20511
7589.0,49.01607
7590.0,57.10494
7591.0,59.33637
7592.0,46.30534
7593.0,28.74048
7594.0,26.80867
7595.0,11.39694
7596.0,32.47678
7597.0,34.39744
7598.0,37.19356
7599.0,41.06149
7600.0,55.93559
7601.0,71.42204
7602.0,84.18978
7603.0,67.1495
7604.0,64.44774
7605.0,60.74542
7606.0,56.52043
7607.0,53.04535
7608.0,51.05509
7609.0,50.02876
7610.0,49.10443
7611.0,50.36898
7612.0,49.38231
7613.0,52.55487
7614.0,55.94449
7615.0,55.93
7616.0,41.71556
7617.0,19.94692
7618.0,21.61508
7619.0,21.64402
7620.0,27.19202
7621.0,28.97906
7622.0,31.20707
7623.0,35.81158
7624.0,57.32089
7625.0,75.70248
7626.0,90.21685
7627.0,66.87733
7628.0,63.99519
7629.0,60.34551
7630.0,55.30391
7631.0,51.76635
7632.0,49.91225
7633.0,48.42296
7634.0,48.44078
7635.0,47.94622
7636.0,47.78668
7637.0,50.14777
7638.0,59.26879
7639.0,69.10517
7640.0,55.08547
7641.0,49.41415
7642.0,46.77385
7643.0,44.43223
7644.0,46.65447
7645.0,48.01576
7646.0,49.33537
7647.0,50.02902
7648.0,63.68625
7649.0,94.06998
7650.0,104.2305
7651.0,80.23129
7652.0,68.54382
7653.0,65.64081
7654.0,59.4946
7655.0,55.75876
7656.0,54.10451
7657.0,49.64664
7658.0,48.43558
7659.0,46.76922
7660.0,47.97911
7661.0,50.30822
7662.0,59.09145
7663.0,66.32807
7664.0,65.60554
7665.0,54.98878
7666.0,51.36314
7667.0,48.29769
7668.0,46.32846
7669.0,44.69703
7670.0,42.18506
7671.0,48.8919
7672.0,58.65195
7673.0,78.38788
7674.0,88.21257
7675.0,74.21222
7676.0,69.01102
7677.0,66.54887
7678.0,62.34409
7679.0,58.6427
7680.0,55.3187
7681.0,57.34271
7682.0,54.42578
7683.0,53.63234
7684.0,53.83849
7685.0,58.7407
7686.0,68.43245
7687.0,80.47765
7688.0,69.90397
7689.0,57.5
7690.0,58.51587
7691.0,53.11221
7692.0,49.04841
7693.0,49.5684
7694.0,50.91492
7695.0,54.03918
7696.0,63.28157
7697.0,86.47
7698.0,95.55487
7699.0,86.47
7700.0,80.34359
7701.0,78.61
7702.0,66.91407
7703.0,60.91044
7704.0,58.63591
7705.0,57.85578
7706.0,57.0
7707.0,55.56641
7708.0,55.82445
7709.0,60.0
7710.0,73.62709
7711.0,81.80472
7712.0,70.04594
7713.0,58.88
7714.0,57.30374
7715.0,56.38554
7716.0,52.47243
7717.0,52.79407
7718.0,54.54183
7719.0,56.56584
7720.0,67.79981
7721.0,89.49106
7722.0,101.98809
7723.0,83.89492
7724.0,81.13
7725.0,76.71
7726.0,70.52665
7727.0,63.89913
7728.0,60.47906
7729.0,57.45531
7730.0,56.61203
7731.0,56.36537
7732.0,56.19417
7733.0,57.57246
7734.0,66.81
7735.0,75.54198
7736.0,67.02175
7737.0,59.55458
7738.0,55.0
7739.0,50.23877
7740.0,48.15603
7741.0,46.29582
7742.0,46.39428
7743.0,50.58473
7744.0,62.0
7745.0,80.0
7746.0,90.154
7747.0,77.30614
7748.0,73.85425
7749.0,69.00568
7750.0,65.82959
7751.0,61.52393
7752.0,59.84142
7753.0,50.85198
7754.0,50.41321
7755.0,49.70823
7756.0,50.74069
7757.0,54.23899
7758.0,57.18138
7759.0,58.6904
7760.0,52.85987
7761.0,48.39343
7762.0,43.72463
7763.0,43.74252
7764.0,37.53777
7765.0,37.51487
7766.0,37.54008
7767.0,42.01692
7768.0,55.55383
7769.0,68.99207
7770.0,80.827
7771.0,73.79504
7772.0,70.10136
7773.0,68.45209
7774.0,60.58482
7775.0,58.17306
7776.0,54.87326
7777.0,51.23572
7778.0,51.07352
7779.0,51.97604
7780.0,54.87097
7781.0,55.2824
7782.0,57.89635
7783.0,60.89737
7784.0,52.26724
7785.0,25.36366
7786.0,18.83066
7787.0,12.60842
7788.0,14.7131
7789.0,16.14609
7790.0,24.27127
7791.0,33.69853
7792.0,53.90112
7793.0,74.95977
7794.0,82.15293
7795.0,75.37314
7796.0,68.86333
7797.0,66.22431
7798.0,61.40005
7799.0,57.78166
7800.0,55.88991
7801.0,55.65564
7802.0,54.77025
7803.0,54.44705
7804.0,54.48723
7805.0,56.62505
7806.0,64.62525
7807.0,72.50709
7808.0,62.96726
7809.0,47.54619
7810.0,42.46903
7811.0,41.24428
7812.0,43.49485
7813.0,44.98114
7814.0,47.3793
7815.0,53.65757
7816.0,64.0
7817.0,90.76987
7818.0,105.99
7819.0,89.97054
7820.0,76.63043
7821.0,74.71355
7822.0,68.39741
7823.0,67.10084
7824.0,58.07155
7825.0,54.64739
7826.0,51.19769
7827.0,50.33451
7828.0,50.75834
7829.0,51.39911
7830.0,57.95848
7831.0,61.73623
7832.0,56.48779
7833.0,49.1402
7834.0,41.79381
7835.0,37.5518
7836.0,34.89052
7837.0,32.93921
7838.0,34.32691
7839.0,38.52022
7840.0,51.93693
7841.0,68.1041
7842.0,82.23221
7843.0,68.45281
7844.0,64.99
7845.0,60.0
7846.0,58.27864
7847.0,54.91468
7848.0,53.67162
7849.0,52.17898
7850.0,50.8331
7851.0,49.5823
7852.0,50.43959
7853.0,53.32211
7854.0,58.82
7855.0,74.72058
7856.0,57.31093
7857.0,50.69834
7858.0,36.00485
7859.0,29.77838
7860.0,26.93286
7861.0,25.33975
7862.0,29.52983
7863.0,39.33533
7864.0,53.86093
7865.0,70.41732
7866.0,82.52312
7867.0,75.4742
7868.0,71.64828
7869.0,68.95425
7870.0,63.37
7871.0,56.15958
7872.0,54.24785
7873.0,49.81867
7874.0,49.63599
7875.0,48.69242
7876.0,48.32547
7877.0,49.34187
7878.0,54.37513
7879.0,55.09847
7880.0,50.0828
7881.0,13.67787
7882.0,0.03223
7883.0,-2.80141
7884.0,-1.46645
7885.0,-0.27308
7886.0,2.03092
7887.0,16.3361
7888.0,49.11099
7889.0,64.24398
7890.0,73.79638
7891.0,66.95931
7892.0,63.89778
7893.0,62.66648
7894.0,58.77618
7895.0,55.32886
7896.0,51.1896
7897.0,52.0
7898.0,50.0
7899.0,48.45492
7900.0,48.11002
7901.0,49.10817
7902.0,52.78072
7903.0,57.01003
7904.0,50.21125
7905.0,21.57083
7906.0,7.25603
7907.0,4.77945
7908.0,6.25122
7909.0,8.83973
7910.0,14.88746
7911.0,35.64714
7912.0,50.181
7913.0,65.39287
7914.0,76.71053
7915.0,65.82268
7916.0,65.17346
7917.0,62.4683
7918.0,60.0
7919.0,54.71706
7920.0,51.32576
7921.0,50.02688
7922.0,49.61035
7923.0,49.62133
7924.0,49.57941
7925.0,49.75388
7926.0,54.78681
7927.0,54.83726
7928.0,51.16998
7929.0,25.0086
7930.0,3.89278
7931.0,1.82889
7932.0,2.59277
7933.0,2.52653
7934.0,7.83533
7935.0,18.95863
7936.0,49.21569
7937.0,63.46574
7938.0,71.32351
7939.0,62.71131
7940.0,60.54329
7941.0,59.72888
7942.0,56.46967
7943.0,54.47742
7944.0,51.93813
7945.0,49.45797
7946.0,48.75473
7947.0,50.06228
7948.0,49.84646
7949.0,49.97059
7950.0,52.69721
7951.0,52.56535
7952.0,47.91447
7953.0,20.31287
7954.0,3.69441
7955.0,-0.46564
7956.0,0.69037
7957.0,2.90874
7958.0,8.0249
7959.0,23.37168
7960.0,52.08053
7961.0,63.12088
7962.0,80.38144
7963.0,65.82095
7964.0,62.02592
7965.0,59.87425
7966.0,54.87469
7967.0,54.74598
7968.0,50.98945
7969.0,50.33927
7970.0,48.99358
7971.0,48.64942
7972.0,49.34346
7973.0,51.06851
7974.0,57.91185
7975.0,71.66351
7976.0,58.81893
7977.0,46.52264
7978.0,30.00018
7979.0,30.62714
7980.0,27.74842
7981.0,33.42247
7982.0,34.8039
7983.0,46.97093
7984.0,56.59789
7985.0,80.36
7986.0,89.74516
7987.0,78.75545
7988.0,74.42764
7989.0,67.68556
7990.0,60.51098
7991.0,55.57723
7992.0,52.85235
7993.0,46.33335
7994.0,45.94326
7995.0,45.20954
7996.0,45.02863
7997.0,46.02869
7998.0,49.99319
7999.0,66.30431
8000.0,57.3888
8001.0,43.07227
8002.0,32.98288
8003.0,27.46651
8004.0,29.11173
8005.0,29.28506
8006.0,33.20081
8007.0,41.69402
8008.0,51.664
8009.0,75.0
8010.0,84.58849
8011.0,70.77778
8012.0,66.43056
8013.0,61.63994
8014.0,54.0824
8015.0,48.63845
8016.0,46.36145
8017.0,45.21354
8018.0,43.21404
8019.0,41.15725
8020.0,42.09153
8021.0,42.7562
8022.0,49.33955
8023.0,65.25098
8024.0,53.7925
8025.0,41.25326
8026.0,32.69432
8027.0,30.68865
8028.0,31.9526
8029.0,34.66242
8030.0,35.70111
8031.0,44.43131
8032.0,54.30864
8033.0,75.66533
8034.0,85.39933
8035.0,72.73
8036.0,69.50303
8037.0,62.26655
8038.0,53.70939
8039.0,50.91295
8040.0,46.21089
8041.0,44.97505
8042.0,42.96193
8043.0,41.09728
8044.0,41.15953
8045.0,42.67653
8046.0,48.39827
8047.0,64.28012
8048.0,50.77539
8049.0,39.24769
8050.0,28.42336
8051.0,31.44495
8052.0,28.92599
8053.0,30.26007
8054.0,32.09232
8055.0,36.31833
8056.0,53.46266
8057.0,69.87784
8058.0,74.09478
8059.0,69.04361
8060.0,65.6833
8061.0,62.98122
8062.0,53.60474
8063.0,48.10067
8064.0,44.1526
8065.0,44.36839
8066.0,42.85163
8067.0,42.23622
8068.0,41.82405
8069.0,42.61546
8070.0,46.12524
8071.0,65.16986
8072.0,56.48252
8073.0,41.51753
8074.0,31.54225
8075.0,24.75667
8076.0,30.99212
8077.0,28.73293
8078.0,32.59396
8079.0,36.75553
8080.0,50.75797
8081.0,71.6632
8082.0,82.5076
8083.0,70.29989
8084.0,64.78126
8085.0,62.54346
8086.0,55.68378
8087.0,48.65983
8088.0,44.76885
8089.0,45.69255
8090.0,42.47796
8091.0,42.31606
8092.0,41.81078
8093.0,42.62793
8094.0,47.16529
8095.0,51.83649
8096.0,49.1166
8097.0,30.14139
8098.0,18.29724
8099.0,14.04005
8100.0,11.61494
8101.0,8.68046
8102.0,8.05627
8103.0,18.45685
8104.0,48.15846
8105.0,60.45585
8106.0,70.88483
8107.0,60.33289
8108.0,54.60914
8109.0,50.81676
8110.0,50.09874
8111.0,46.66513
8112.0,43.92844
8113.0,47.2705
8114.0,46.88689
8115.0,44.52736
8116.0,45.80432
8117.0,46.48691
8118.0,48.8435
8119.0,51.62704
8120.0,45.64091
8121.0,10.53572
8122.0,-0.93658
8123.0,-4.41401
8124.0,-3.29969
8125.0,-4.95728
8126.0,-2.45122
8127.0,11.16552
8128.0,45.93752
8129.0,59.93041
8130.0,74.81723
8131.0,61.97258
8132.0,60.28544
8133.0,58.94646
8134.0,53.3927
8135.0,49.9351
8136.0,47.35163
8137.0,44.9895
8138.0,44.68277
8139.0,44.24498
8140.0,44.66911
8141.0,45.8887
8142.0,50.4177
8143.0,72.53854
8144.0,67.89055
8145.0,53.9028
8146.0,39.77037
8147.0,37.07171
8148.0,37.30668
8149.0,37.76118
8150.0,40.67893
8151.0,49.06493
8152.0,56.95858
8153.0,74.49468
8154.0,88.57259
8155.0,77.16667
8156.0,67.59016
8157.0,64.67874
8158.0,56.88326
8159.0,52.19087
8160.0,45.76971
8161.0,43.35873
8162.0,41.02708
8163.0,39.65117
8164.0,41.10228
8165.0,43.16232
8166.0,48.19969
8167.0,60.72668
8168.0,69.98377
8169.0,60.80517
8170.0,54.36512
8171.0,51.15071
8172.0,45.79511
8173.0,43.30428
8174.0,43.06189
8175.0,48.21052
8176.0,56.27933
8177.0,80.56
8178.0,96.08403
8179.0,82.0
8180.0,74.31297
8181.0,67.63
8182.0,58.8754
8183.0,55.34501
8184.0,49.74858
8185.0,56.08688
8186.0,46.30916
8187.0,45.89067
8188.0,46.23127
8189.0,49.44559
8190.0,56.38499
8191.0,72.48044
8192.0,70.09004
8193.0,56.2607
8194.0,53.8826
8195.0,48.10282
8196.0,44.62291
8197.0,41.40191
8198.0,41.37057
8199.0,47.98298
8200.0,54.39796
8201.0,73.86533
8202.0,93.58043
8203.0,76.79414
8204.0,71.43
8205.0,66.76
8206.0,61.67952
8207.0,56.62191
8208.0,52.18494
8209.0,48.02541
8210.0,45.99258
8211.0,44.0166
8212.0,44.88563
8213.0,45.44725
8214.0,51.89948
8215.0,66.81459
8216.0,69.23532
8217.0,64.37838
8218.0,63.21478
8219.0,59.89405
8220.0,55.02492
8221.0,54.57818
8222.0,52.98073
8223.0,54.8469
8224.0,58.49663
8225.0,73.38135
8226.0,85.11333
8227.0,75.01595
8228.0,69.68745
8229.0,66.93965
8230.0,62.44268
8231.0,54.16437
8232.0,53.9141
8233.0,45.48219
8234.0,44.67767
8235.0,43.30411
8236.0,44.44519
8237.0,45.69767
8238.0,53.17113
8239.0,72.54533
8240.0,69.22303
8241.0,55.29869
8242.0,47.10681
8243.0,43.15431
8244.0,41.61365
8245.0,38.21585
8246.0,38.2219
8247.0,42.93448
8248.0,53.30003
8249.0,76.08725
8250.0,97.58352
8251.0,79.11662
8252.0,74.08286
8253.0,72.00275
8254.0,68.83143
8255.0,61.22745
8256.0,56.93962
8257.0,65.46427
8258.0,56.84928
8259.0,53.35395
8260.0,52.05306
8261.0,51.30947
8262.0,58.56329
8263.0,68.53402
8264.0,57.34673
8265.0,43.39442
8266.0,31.44098
8267.0,24.44938
8268.0,19.56973
8269.0,17.42351
8270.0,17.03753
8271.0,28.44542
8272.0,51.08736
8273.0,75.16211
8274.0,92.4399
8275.0,78.47465
8276.0,75.11623
8277.0,71.29269
8278.0,67.12351
8279.0,62.83671
8280.0,55.92102
8281.0,53.62549
8282.0,51.26036
8283.0,48.97582
8284.0,48.12732
8285.0,50.11673
8286.0,55.37267
8287.0,64.24571
8288.0,50.44143
8289.0,41.69235
8290.0,31.7797
8291.0,19.52617
8292.0,18.75574
8293.0,17.22514
8294.0,19.70055
8295.0,37.57828
8296.0,51.35165
8297.0,77.77171
8298.0,93.52419
8299.0,78.73
8300.0,78.72298
8301.0,77.03603
8302.0,64.55129
8303.0,58.84614
8304.0,53.41857
8305.0,49.61305
8306.0,47.17052
8307.0,45.92846
8308.0,47.04681
8309.0,50.22297
8310.0,64.96763
8311.0,79.33087
8312.0,92.95762
8313.0,85.87984
8314.0,82.07737
8315.0,80.05646
8316.0,70.9912
8317.0,70.65698
8318.0,66.56316
8319.0,69.86133
8320.0,80.28536
8321.0,92.72508
8322.0,128.25871
8323.0,105.68647
8324.0,88.90295
8325.0,85.66217
8326.0,75.68433
8327.0,73.41836
8328.0,59.18713
8329.0,50.0675
8330.0,47.34094
8331.0,46.17596
8332.0,47.56844
8333.0,50.14567
8334.0,60.8407
8335.0,74.24874
8336.0,79.9
8337.0,72.83194
8338.0,70.05902
8339.0,70.16476
8340.0,66.50619
8341.0,57.70026
8342.0,59.02492
8343.0,60.35958
8344.0,74.91697
8345.0,85.56
8346.0,106.99514
8347.0,92.51
8348.0,80.96
8349.0,77.58
8350.0,72.48527
8351.0,66.54383
8352.0,56.86199
8353.0,51.10372
8354.0,46.83295
8355.0,45.50894
8356.0,46.09253
8357.0,47.38546
8358.0,55.75461
8359.0,77.62685
8360.0,75.16439
8361.0,53.29198
8362.0,43.55226
8363.0,37.20725
8364.0,43.52747
8365.0,42.45199
8366.0,41.65487
8367.0,44.73098
8368.0,57.85915
8369.0,81.63906
8370.0,109.65182
8371.0,87.96312
8372.0,80.12
8373.0,75.0
8374.0,70.00209
8375.0,60.76844
8376.0,56.13255
8377.0,50.94278
8378.0,48.94769
8379.0,47.36139
8380.0,47.86521
8381.0,49.01166
8382.0,57.12397
8383.0,79.7881
8384.0,80.57507
8385.0,59.74981
8386.0,50.89085
8387.0,48.72902
8388.0,42.71655
8389.0,42.5356
8390.0,42.9545
8391.0,46.05934
8392.0,56.1471
8393.0,77.78228
8394.0,95.62827
8395.0,83.5249
8396.0,79.26
8397.0,75.23
8398.0,70.036
8399.0,62.27212
8400.0,54.47169
8401.0,50.30498
8402.0,47.10693
8403.0,46.04282
8404.0,47.35789
8405.0,53.04623
8406.0,59.39989
8407.0,84.8906
8408.0,83.37128
8409.0,58.44932
8410.0,51.66361
8411.0,43.82768
8412.0,41.39699
8413.0,37.87129
8414.0,35.05967
8415.0,45.81464
8416.0,54.32931
8417.0,80.70058
8418.0,99.5364
8419.0,90.1558
8420.0,83.52406
8421.0,77.26752
8422.0,72.06316
8423.0,62.6282
8424.0,56.32321
8425.0,52.50096
8426.0,51.32634
8427.0,51.05558
8428.0,51.43354
8429.0,53.02895
8430.0,59.03782
8431.0,72.5823
8432.0,62.33991
8433.0,54.0597
8434.0,37.66715
8435.0,29.64886
8436.0,26.21096
8437.0,20.58467
8438.0,18.4863
8439.0,31.13875
8440.0,50.47479
8441.0,74.75244
8442.0,95.74107
8443.0,85.06478
8444.0,78.72653
8445.0,74.84279
8446.0,69.86829
8447.0,62.23806
8448.0,58.29005
8449.0,60.13242
8450.0,56.48066
8451.0,53.86669
8452.0,52.9987
8453.0,56.63635
8454.0,62.02926
8455.0,70.32657
8456.0,61.71304
8457.0,50.01207
8458.0,31.55114
8459.0,20.70541
8460.0,15.08792
8461.0,12.98676
8462.0,12.53558
8463.0,26.02231
8464.0,52.2034
8465.0,75.20118
8466.0,97.55893
8467.0,81.3788
8468.0,78.8946
8469.0,75.46768
8470.0,70.5218
8471.0,62.05524
8472.0,59.34094
8473.0,56.92908
8474.0,54.50626
8475.0,55.5262
8476.0,55.97637
8477.0,57.85469
8478.0,67.98534
8479.0,87.35422
8480.0,96.01528
8481.0,62.50328
8482.0,54.37678
8483.0,51.85155
8484.0,50.63917
8485.0,50.82385
8486.0,50.76062
8487.0,57.83645
8488.0,71.04961
8489.0,86.55336
8490.0,112.8182
8491.0,97.98
8492.0,88.23185
8493.0,86.30723
8494.0,79.94748
8495.0,71.08103
8496.0,60.84201
8497.0,68.91551
8498.0,62.54754
8499.0,59.92174
8500.0,60.38696
8501.0,64.09641
8502.0,67.86724
8503.0,78.95745
8504.0,92.67974
8505.0,73.22278
8506.0,61.58568
8507.0,55.22401
8508.0,54.33077
8509.0,51.99444
8510.0,52.82334
8511.0,55.29069
8512.0,65.57139
8513.0,87.45472
8514.0,109.0
8515.0,94.97
8516.0,88.83187
8517.0,86.66036
8518.0,73.95076
8519.0,69.77732
8520.0,64.85698
8521.0,62.27061
8522.0,56.00964
8523.0,55.40202
8524.0,55.5286
8525.0,57.40597
8526.0,67.00252
8527.0,73.66722
8528.0,80.23389
8529.0,68.64614
8530.0,62.49335
8531.0,56.88315
8532.0,55.60506
8533.0,54.76462
8534.0,56.06416
8535.0,63.08593
8536.0,67.71543
8537.0,82.03432
8538.0,101.46765
8539.0,90.31918
8540.0,81.86296
8541.0,78.23138
8542.0,67.85887
8543.0,66.39004
8544.0,63.33081
8545.0,66.18
8546.0,63.01823
8547.0,59.73715
8548.0,58.5307
8549.0,61.89422
8550.0,72.15189
8551.0,79.43873
8552.0,82.74142
8553.0,74.8254
8554.0,70.23
8555.0,64.17157
8556.0,63.00842
8557.0,62.85366
8558.0,63.96289
8559.0,68.55404
8560.0,74.37195
8561.0,83.70086
8562.0,97.15124
8563.0,86.10667
8564.0,80.78092
8565.0,77.55479
8566.0,72.79021
8567.0,68.94087
8568.0,65.88881
8569.0,55.0068
8570.0,54.71783
8571.0,53.89862
8572.0,52.2624
8573.0,53.83237
8574.0,55.35968
8575.0,64.83641
8576.0,63.47935
8577.0,62.27619
8578.0,59.11338
8579.0,52.73129
8580.0,50.29303
8581.0,45.47331
8582.0,46.55005
8583.0,49.13808
8584.0,54.20572
8585.0,71.60986
8586.0,86.30396
8587.0,76.10224
8588.0,71.79412
8589.0,68.15491
8590.0,65.8329
8591.0,60.57807
8592.0,58.49081
8593.0,52.44486
8594.0,52.05815
8595.0,51.74409
8596.0,50.54283
8597.0,50.68838
8598.0,55.21211
8599.0,66.86134
8600.0,63.85956
8601.0,56.73438
8602.0,52.5824
8603.0,49.52617
8604.0,48.34086
8605.0,45.96144
8606.0,48.59797
8607.0,51.76497
8608.0,61.66053
8609.0,69.81047
8610.0,83.91772
8611.0,74.27412
8612.0,70.04816
8613.0,67.65192
8614.0,65.37022
8615.0,60.02565
8616.0,56.96111
8617.0,48.92182
8618.0,45.52481
8619.0,45.44173
8620.0,45.06488
8621.0,46.6495
8622.0,51.46521
8623.0,63.44833
8624.0,58.43027
8625.0,46.81638
8626.0,35.28554
8627.0,25.52353
8628.0,19.96887
8629.0,20.94528
8630.0,22.3659
8631.0,29.00696
8632.0,51.85165
8633.0,74.89774
8634.0,88.05057
8635.0,81.35454
8636.0,74.10918
8637.0,71.7913
8638.0,66.96355
8639.0,61.41927
8640.0,56.03096
8641.0,61.70448
8642.0,61.2209
8643.0,60.96203
8644.0,61.62635
8645.0,64.34146
8646.0,69.24887
8647.0,95.49846
8648.0,96.77563
8649.0,84.96174
8650.0,79.33857
8651.0,71.42796
8652.0,66.54936
8653.0,65.18839
8654.0,63.76416
8655.0,65.25832
8656.0,77.2531
8657.0,97.34139
8658.0,110.05714
8659.0,97.87695
8660.0,96.67937
8661.0,93.98128
8662.0,90.38921
8663.0,75.89249
8664.0,69.15266
8665.0,59.54591
8666.0,57.59502
8667.0,57.12406
8668.0,57.54425
8669.0,59.05539
8670.0,66.62733
8671.0,84.66457
8672.0,89.02812
8673.0,77.9
8674.0,69.25974
8675.0,62.71711
8676.0,61.31708
8677.0,60.08
8678.0,60.01459
8679.0,61.31708
8680.0,69.79759
8681.0,94.82
8682.0,117.44518
8683.0,100.0
8684.0,97.84915
8685.0,92.16
8686.0,84.88
8687.0,71.49992
8688.0,68.41208
8689.0,62.15704
8690.0,60.99743
8691.0,60.27063
8692.0,60.49046
8693.0,61.35183
8694.0,70.94471
8695.0,86.05716
8696.0,85.5
8697.0,80.54136
8698.0,73.10187
8699.0,69.79759
8700.0,67.59
8701.0,66.78256
8702.0,66.89641
8703.0,73.5841
8704.0,77.41102
8705.0,95.36552
8706.0,119.87
8707.0,105.71
8708.0,99.24217
8709.0,98.37154
8710.0,90.99778
8711.0,75.70125
8712.0,72.21603
8713.0,61.12658
8714.0,58.91478
8715.0,57.24302
8716.0,57.3821
8717.0,58.7874
8718.0,66.93451
8719.0,75.9998
8720.0,80.0
8721.0,75.23
8722.0,70.25169
8723.0,66.65037
8724.0,63.21335
8725.0,60.79948
8726.0,60.80948
8727.0,64.48226
8728.0,70.86871
8729.0,84.0
8730.0,100.0
8731.0,91.25539
8732.0,85.89539
8733.0,81.23
8734.0,77.56024
8735.0,69.70298
8736.0,64.53892
8737.0,59.89472
8738.0,57.5981
8739.0,56.64748
8740.0,56.67413
8741.0,57.38945
8742.0,61.98441
8743.0,73.06298
8744.0,79.53105
8745.0,66.35703
8746.0,58.98525
8747.0,52.25665
8748.0,46.34541
8749.0,45.69902
8750.0,45.91062
8751.0,50.04235
8752.0,59.815
8753.0,77.32308
8754.0,88.34151
8755.0,81.09226
8756.0,79.08
8757.0,74.0
8758.0,69.22793
8759.0,64.33045
8760.0,62.38822
