hours,price
1.0,58.00838
2.0,60.41054
3.0,57.17267
4.0,58.03505
5.0,60.1266
6.0,74.5603
7.0,82.03649
8.0,74.88901
9.0,52.66963
10.0,38.63923
11.0,33.88713
12.0,26.84893
13.0,26.1001
14.0,28.17873
15.0,31.21966
16.0,53.25441
17.0,80.64292
18.0,90.06798
19.0,90.02976
20.0,86.40224
21.0,80.87137
22.0,77.52744
23.0,74.16818
24.0,64.39541
25.0,64.65477
26.0,62.35476
27.0,61.96658
28.0,61.60719
29.0,63.68342
30.0,72.30702
31.0,74.44228
32.0,70.24627
33.0,51.6332
34.0,38.61378
35.0,26.83242
36.0,24.31595
37.0,20.74205
38.0,22.76449
39.0,29.96123
40.0,51.28301
41.0,75.15284
42.0,89.74649
43.0,87.05
44.0,85.79846
45.0,81.85623
46.0,75.02434
47.0,69.65678
48.0,67.00691
49.0,65.33131
50.0,64.68311
51.0,64.27854
52.0,63.69638
53.0,65.70876
54.0,76.461
55.0,101.7658
56.0,97.96235
57.0,72.35949
58.0,58.52853
59.0,49.02282
60.0,47.87747
61.0,47.63198
62.0,46.47333
63.0,48.6585
64.0,58.95503
65.0,88.10105
66.0,117.78892
67.0,105.12653
68.0,95.83381
69.0,86.79203
70.0,76.08964
71.0,73.09923
72.0,65.34649
73.0,53.23577
74.0,51.00529
75.0,50.40105
76.0,50.03886
77.0,50.75907
78.0,59.05826
79.0,81.9359
80.0,77.78812
81.0,58.13118
82.0,47.85583
83.0,37.2609
84.0,31.46299
85.0,30.8703
86.0,32.03073
87.0,37.49328
88.0,55.63941
89.0,77.81303
90.0,91.67832
91.0,85.8563
92.0,79.43512
93.0,77.49588
94.0,68.93529
95.0,60.45724
96.0,57.77398
97.0,51.4745
98.0,48.94019
99.0,48.00316
100.0,47.36229
101.0,47.74325
102.0,55.48551
103.0,76.53858
104.0,76.97274
105.0,56.04763
106.0,44.13635
107.0,37.24601
108.0,35.02396
109.0,32.36373
110.0,33.27453
111.0,37.86882
112.0,56.48325
113.0,79.43776
114.0,90.56648
115.0,84.0912
116.0,78.53261
117.0,75.35196
118.0,69.91833
119.0,61.67225
120.0,54.91229
121.0,47.13674
122.0,45.88957
123.0,45.77979
124.0,45.89066
125.0,47.28375
126.0,55.72358
127.0,71.81868
128.0,73.35721
129.0,54.1677
130.0,47.74529
131.0,40.48626
132.0,35.44934
133.0,34.51011
134.0,33.86427
135.0,36.28051
136.0,51.37037
137.0,69.21241
138.0,82.75275
139.0,73.83438
140.0,69.58945
141.0,64.91947
142.0,60.26651
143.0,56.95254
144.0,52.75426
145.0,49.27082
146.0,47.52949
147.0,45.27956
148.0,44.61907
149.0,44.4299
150.0,52.05089
151.0,65.0
152.0,60.49943
153.0,50.74659
154.0,45.47371
155.0,39.42368
156.0,33.54746
157.0,33.40608
158.0,31.85882
159.0,38.08979
160.0,46.83168
161.0,58.62389
162.0,68.9251
163.0,64.58879
164.0,59.92708
165.0,57.96322
166.0,55.18431
167.0,52.32794
168.0,51.27309
169.0,43.49194
170.0,41.84672
171.0,42.10486
172.0,41.79877
173.0,41.77653
174.0,44.14065
175.0,58.69681
176.0,60.16448
177.0,46.97194
178.0,39.63992
179.0,36.43027
180.0,29.79273
181.0,26.16161
182.0,23.51429
183.0,25.68893
184.0,40.07533
185.0,60.35444
186.0,73.34236
187.0,73.84204
188.0,64.89326
189.0,62.49383
190.0,57.77614
191.0,52.84934
192.0,46.74756
193.0,45.06518
194.0,45.78549
195.0,44.68664
196.0,45.50419
197.0,45.81637
198.0,49.40718
199.0,56.5456
200.0,51.68193
201.0,36.39662
202.0,17.53718
203.0,13.56993
204.0,10.05454
205.0,9.57872
206.0,10.88393
207.0,13.2532
208.0,37.74657
209.0,59.84683
210.0,73.44902
211.0,71.2703
212.0,62.04159
213.0,60.6603
214.0,56.54
215.0,50.77871
216.0,48.97468
217.0,47.60701
218.0,46.88
219.0,46.56681
220.0,46.28435
221.0,48.92442
222.0,54.43699
223.0,75.48842
224.0,80.23347
225.0,57.21546
226.0,50.87384
227.0,46.74977
228.0,44.27726
229.0,43.25438
230.0,41.82342
231.0,45.48916
232.0,55.67391
233.0,72.7314
234.0,91.0
235.0,83.32507
236.0,75.41
237.0,69.2
238.0,61.58569
239.0,57.58371
240.0,52.1083
241.0,45.54472
242.0,45.06224
243.0,44.22394
244.0,44.24565
245.0,45.3231
246.0,51.59144
247.0,64.62999
248.0,72.14675
249.0,50.81678
250.0,37.73012
251.0,33.84104
252.0,29.18024
253.0,26.97987
254.0,29.16661
255.0,32.7054
256.0,44.9277
257.0,66.64897
258.0,81.33296
259.0,72.68931
260.0,68.08989
261.0,63.3702
262.0,59.29653
263.0,53.21162
264.0,49.65824
265.0,45.78245
266.0,45.1343
267.0,44.46046
268.0,44.36078
269.0,45.92639
270.0,55.25397
271.0,67.00318
272.0,70.30186
273.0,50.36708
274.0,38.51988
275.0,35.91454
276.0,30.55879
277.0,30.34406
278.0,32.53077
279.0,39.09674
280.0,48.26975
281.0,65.25477
282.0,80.02261
283.0,74.05716
284.0,68.74337
285.0,63.70186
286.0,58.30584
287.0,53.88908
288.0,49.98271
289.0,47.0929
290.0,46.74906
291.0,45.48026
292.0,45.9761
293.0,47.20049
294.0,55.4856
295.0,66.77058
296.0,75.04608
297.0,58.9377
298.0,51.11934
299.0,47.68086
300.0,44.96203
301.0,44.54605
302.0,44.64872
303.0,46.49858
304.0,52.44168
305.0,65.28326
306.0,78.27218
307.0,71.66931
308.0,65.92033
309.0,60.91526
310.0,55.68837
311.0,51.25492
312.0,49.47454
313.0,46.14161
314.0,45.76918
315.0,44.52249
316.0,45.58648
317.0,46.7325
318.0,52.86966
319.0,62.11305
320.0,68.138
321.0,51.66918
322.0,46.06783
323.0,42.1853
324.0,38.50041
325.0,36.26797
326.0,36.28074
327.0,38.97704
328.0,46.99607
329.0,60.14856
330.0,72.22486
331.0,67.466
332.0,60.83464
333.0,57.13051
334.0,53.18916
335.0,51.11165
336.0,49.68549
337.0,45.23819
338.0,44.60844
339.0,43.37211
340.0,44.25464
341.0,46.16565
342.0,49.36123
343.0,57.3815
344.0,57.74844
345.0,50.38882
346.0,45.85383
347.0,42.41269
348.0,41.46293
349.0,39.68322
350.0,39.10461
351.0,40.96396
352.0,49.70825
353.0,58.05912
354.0,70.73792
355.0,70.56353
356.0,61.75699
357.0,58.0
358.0,54.45379
359.0,52.38357
360.0,50.482
361.0,50.35013
362.0,47.30299
363.0,46.30116
364.0,46.53589
365.0,46.65669
366.0,49.29736
367.0,54.4496
368.0,51.6636
369.0,41.78559
370.0,23.85886
371.0,12.58174
372.0,20.10666
373.0,20.99089
374.0,21.63137
375.0,27.3585
376.0,41.29107
377.0,59.91512
378.0,71.13482
379.0,71.70218
380.0,62.54925
381.0,60.96475
382.0,55.48292
383.0,53.34413
384.0,49.38672
385.0,50.04662
386.0,47.40231
387.0,46.61186
388.0,46.43627
389.0,47.7446
390.0,51.10375
391.0,59.58972
392.0,59.14771
393.0,51.21389
394.0,45.68773
395.0,43.33105
396.0,41.40429
397.0,41.31055
398.0,41.48213
399.0,43.16403
400.0,48.73309
401.0,61.33578
402.0,75.86197
403.0,70.58071
404.0,64.12619
405.0,59.8599
406.0,54.63338
407.0,51.92894
408.0,49.21808
409.0,48.0055
410.0,46.52674
411.0,45.27405
412.0,44.87533
413.0,45.15938
414.0,51.27169
415.0,66.09521
416.0,67.66189
417.0,51.69813
418.0,44.92957
419.0,39.85643
420.0,35.97478
421.0,33.86041
422.0,31.7183
423.0,33.59131
424.0,43.26554
425.0,59.05858
426.0,73.09754
427.0,71.77811
428.0,64.79351
429.0,61.23409
430.0,56.1216
431.0,53.6727
432.0,51.11987
433.0,45.39046
434.0,45.44049
435.0,44.77954
436.0,44.30308
437.0,45.76314
438.0,50.15689
439.0,68.92745
440.0,70.67476
441.0,48.51788
442.0,42.70952
443.0,38.55882
444.0,33.96956
445.0,31.40078
446.0,32.1159
447.0,37.99312
448.0,45.8302
449.0,64.55302
450.0,80.3657
451.0,78.66222
452.0,69.4281
453.0,62.44361
454.0,56.21801
455.0,52.73507
456.0,51.1522
457.0,44.88106
458.0,43.94369
459.0,43.44653
460.0,43.12547
461.0,45.84414
462.0,51.88675
463.0,68.83512
464.0,68.05329
465.0,46.70765
466.0,36.73354
467.0,28.31882
468.0,24.00758
469.0,22.44335
470.0,22.16546
471.0,25.09864
472.0,40.23799
473.0,61.31329
474.0,75.915
475.0,71.47525
476.0,65.56489
477.0,58.7507
478.0,54.4443
479.0,51.71636
480.0,50.56187
481.0,45.33123
482.0,42.79441
483.0,41.62526
484.0,40.39806
485.0,41.97657
486.0,47.61242
487.0,65.02561
488.0,61.79089
489.0,45.47695
490.0,32.84216
491.0,28.53108
492.0,23.98909
493.0,22.02798
494.0,19.63233
495.0,21.55835
496.0,37.17051
497.0,53.33268
498.0,65.73345
499.0,60.79956
500.0,55.63037
501.0,52.305
502.0,50.52254
503.0,47.06619
504.0,45.94691
505.0,45.57742
506.0,42.74659
507.0,41.66787
508.0,41.96354
509.0,44.72382
510.0,45.80758
511.0,52.99893
512.0,47.80425
513.0,34.18884
514.0,18.7322
515.0,12.76348
516.0,7.46851
517.0,5.43954
518.0,3.80036
519.0,7.68214
520.0,29.6811
521.0,50.11243
522.0,62.93845
523.0,64.21416
524.0,57.41744
525.0,54.50142
526.0,51.65358
527.0,48.07761
528.0,45.48631
529.0,45.88559
530.0,44.58724
531.0,44.56918
532.0,43.63801
533.0,44.83197
534.0,47.78057
535.0,52.91787
536.0,46.64346
537.0,35.1892
538.0,13.59483
539.0,9.46054
540.0,6.0666
541.0,4.70808
542.0,4.85422
543.0,8.21584
544.0,31.41451
545.0,53.63855
546.0,66.64591
547.0,68.13365
548.0,59.15586
549.0,55.17898
550.0,50.85195
551.0,45.87773
552.0,43.86704
553.0,44.67041
554.0,43.25886
555.0,43.13363
556.0,42.50096
557.0,44.81399
558.0,49.47715
559.0,67.98109
560.0,63.96885
561.0,45.74767
562.0,38.40442
563.0,33.17704
564.0,25.395
565.0,22.19905
566.0,20.96909
567.0,24.03258
568.0,39.69754
569.0,57.92747
570.0,79.35987
571.0,71.69237
572.0,64.51811
573.0,58.26683
574.0,52.91399
575.0,51.24991
576.0,47.86254
577.0,42.1869
578.0,41.58511
579.0,40.30363
580.0,40.35643
581.0,41.54204
582.0,47.67868
583.0,63.58456
584.0,61.47
585.0,43.38052
586.0,38.56434
587.0,31.34949
588.0,23.11261
589.0,19.89798
590.0,18.98361
591.0,21.43593
592.0,35.58547
593.0,53.33936
594.0,72.11844
595.0,67.95516
596.0,61.96323
597.0,55.82953
598.0,50.81227
599.0,48.9007
600.0,45.18898
601.0,44.6574
602.0,43.77737
603.0,43.48747
604.0,43.30134
605.0,45.67955
606.0,52.0
607.0,69.52473
608.0,63.08
609.0,45.2397
610.0,40.99938
611.0,31.13062
612.0,27.18135
613.0,23.45754
614.0,22.35122
615.0,25.4218
616.0,39.49533
617.0,54.5753
618.0,70.43
619.0,66.9136
620.0,61.60987
621.0,56.18223
622.0,51.83207
623.0,49.26591
624.0,45.91525
625.0,47.88934
626.0,46.21678
627.0,45.98615
628.0,44.83157
629.0,48.0105
630.0,53.93454
631.0,73.4839
632.0,66.49872
633.0,45.35796
634.0,36.83751
635.0,29.35945
636.0,24.41639
637.0,21.56193
638.0,19.1565
639.0,22.64849
640.0,36.17038
641.0,54.89211
642.0,70.75201
643.0,69.3289
644.0,63.64931
645.0,62.18564
646.0,54.92099
647.0,51.33754
648.0,46.78857
649.0,59.95067
650.0,44.51818
651.0,44.50224
652.0,44.65885
653.0,46.11376
654.0,55.60665
655.0,72.39244
656.0,65.8149
657.0,45.8949
658.0,39.12906
659.0,34.81948
660.0,29.02662
661.0,28.00605
662.0,25.49672
663.0,28.3463
664.0,40.83458
665.0,53.00042
666.0,62.80246
667.0,65.76627
668.0,59.77324
669.0,58.31078
670.0,54.3566
671.0,50.03704
672.0,47.7933
673.0,52.36152
674.0,48.57869
675.0,47.56431
676.0,48.04487
677.0,49.89378
678.0,55.56099
679.0,65.29626
680.0,59.54819
681.0,50.43924
682.0,46.31104
683.0,43.1243
684.0,38.32611
685.0,34.91481
686.0,35.25543
687.0,37.47216
688.0,45.10764
689.0,57.63036
690.0,67.98187
691.0,72.20528
692.0,67.41065
693.0,59.68983
694.0,56.04645
695.0,53.33084
696.0,50.32546
697.0,47.63028
698.0,47.08417
699.0,46.80871
700.0,47.38895
701.0,50.48797
702.0,53.34222
703.0,60.13461
704.0,52.33908
705.0,34.80223
706.0,13.06956
707.0,6.50121
708.0,5.0717
709.0,5.62981
710.0,6.24411
711.0,9.59133
712.0,27.88896
713.0,56.66638
714.0,71.02918
715.0,75.25737
716.0,66.72513
717.0,59.18696
718.0,54.52559
719.0,51.82511
720.0,49.14896
721.0,46.21411
722.0,45.73152
723.0,45.49234
724.0,45.63218
725.0,47.53604
726.0,56.57889
727.0,72.10719
728.0,67.25016
729.0,51.622
730.0,46.12601
731.0,42.91875
732.0,40.50101
733.0,37.81564
734.0,35.66057
735.0,37.20524
736.0,45.25844
737.0,56.20562
738.0,76.49154
739.0,73.19034
740.0,64.27691
741.0,59.56614
742.0,54.69903
743.0,51.94804
744.0,49.07877
745.0,47.8267
746.0,47.12256
747.0,46.45324
748.0,46.70743
749.0,47.12748
750.0,51.75939
751.0,72.0
752.0,74.63
753.0,55.86951
754.0,43.80596
755.0,39.6977
756.0,34.20478
757.0,30.77759
758.0,28.56047
759.0,31.0509
760.0,41.58733
761.0,57.7094
762.0,78.49907
763.0,77.70601
764.0,69.45037
765.0,68.13688
766.0,63.04474
767.0,52.13885
768.0,51.40558
769.0,57.43532
770.0,56.73671
771.0,56.24342
772.0,56.48105
773.0,58.05606
774.0,65.58768
775.0,83.82683
776.0,86.04394
777.0,55.86
778.0,44.65921
779.0,36.11595
780.0,30.46073
781.0,23.34708
782.0,23.44106
783.0,25.90516
784.0,40.15191
785.0,66.63692
786.0,83.36059
787.0,95.84
788.0,82.83929
789.0,76.93749
790.0,71.51393
791.0,59.84511
792.0,56.68189
793.0,63.52621
794.0,62.99009
795.0,62.05559
796.0,62.12952
797.0,64.61025
798.0,72.02435
799.0,104.41988
800.0,86.80299
801.0,63.43491
802.0,47.30458
803.0,43.69044
804.0,34.54052
805.0,34.6124
806.0,33.64602
807.0,35.65618
808.0,50.72261
809.0,74.69995
810.0,99.82161
811.0,113.37
812.0,96.92642
813.0,93.68765
814.0,86.07788
815.0,74.56163
816.0,70.40013
817.0,56.39031
818.0,55.03256
819.0,53.65755
820.0,52.62207
821.0,56.32403
822.0,69.844
823.0,89.49434
824.0,71.55264
825.0,52.89063
826.0,39.07327
827.0,31.85645
828.0,25.29194
829.0,23.10796
830.0,20.88596
831.0,24.42677
832.0,37.82307
833.0,61.60137
834.0,83.83997
835.0,87.39609
836.0,78.78081
837.0,75.9598
838.0,72.23775
839.0,63.3214
840.0,57.84121
841.0,52.86182
842.0,51.17403
843.0,49.29548
844.0,49.39906
845.0,51.86508
846.0,55.28124
847.0,70.00103
848.0,51.39218
849.0,39.93601
850.0,17.01152
851.0,12.61363
852.0,9.27913
853.0,9.38498
854.0,9.37263
855.0,14.74881
856.0,30.45615
857.0,53.2998
858.0,71.07502
859.0,75.25663
860.0,71.4053
861.0,65.83373
862.0,64.30886
863.0,57.64082
864.0,53.62134
865.0,49.88864
866.0,49.87907
867.0,48.61831
868.0,48.41549
869.0,49.91114
870.0,51.33131
871.0,56.05515
872.0,50.19468
873.0,31.56747
874.0,12.40224
875.0,4.20904
876.0,3.50582
877.0,2.771
878.0,2.92102
879.0,4.70313
880.0,22.58288
881.0,49.92126
882.0,70.24516
883.0,74.38224
884.0,66.75807
885.0,64.81626
886.0,61.714
887.0,54.99826
888.0,50.98674
889.0,49.78159
890.0,47.941
891.0,47.71854
892.0,47.36139
893.0,49.72998
894.0,58.55893
895.0,78.49443
896.0,60.65117
897.0,39.48825
898.0,25.34757
899.0,21.23143
900.0,16.13096
901.0,15.86266
902.0,14.84308
903.0,18.21715
904.0,34.16757
905.0,56.31569
906.0,74.19436
907.0,79.98336
908.0,68.62319
909.0,67.35346
910.0,59.38002
911.0,56.31425
912.0,51.64679
913.0,45.40978
914.0,43.93585
915.0,43.61742
916.0,43.2377
917.0,45.30539
918.0,52.59798
919.0,66.66162
920.0,52.5735
921.0,38.53821
922.0,22.17772
923.0,13.61887
924.0,12.20942
925.0,12.32236
926.0,12.9385
927.0,17.96218
928.0,34.44197
929.0,48.09637
930.0,63.81262
931.0,68.97826
932.0,61.97475
933.0,57.47264
934.0,53.43577
935.0,49.86829
936.0,45.18276
937.0,40.42875
938.0,40.09434
939.0,40.34573
940.0,40.46394
941.0,41.94403
942.0,50.11425
943.0,62.76087
944.0,47.62506
945.0,35.39949
946.0,23.12586
947.0,18.35647
948.0,18.07997
949.0,16.82063
950.0,19.05107
951.0,24.78246
952.0,36.78093
953.0,51.50014
954.0,65.0445
955.0,68.41043
956.0,58.63678
957.0,53.53965
958.0,48.72028
959.0,45.10615
960.0,42.06868
961.0,40.00416
962.0,39.94538
963.0,38.90111
964.0,39.50974
965.0,40.86815
966.0,43.42765
967.0,55.70289
968.0,43.44297
969.0,31.52646
970.0,18.41611
971.0,16.75196
972.0,16.34381
973.0,17.56745
974.0,18.37979
975.0,22.42511
976.0,34.53471
977.0,48.05179
978.0,63.76621
979.0,65.72665
980.0,56.84596
981.0,53.15642
982.0,48.2086
983.0,44.77432
984.0,42.01523
985.0,40.67437
986.0,40.08012
987.0,39.10089
988.0,39.08673
989.0,41.69872
990.0,45.28261
991.0,59.6483
992.0,43.33163
993.0,30.53087
994.0,15.93605
995.0,15.93165
996.0,16.86447
997.0,16.39463
998.0,17.37812
999.0,25.70696
1000.0,36.32238
1001.0,48.91493
1002.0,65.28356
1003.0,65.45414
1004.0,54.29401
1005.0,51.22526
1006.0,47.59607
1007.0,43.29897
1008.0,42.60973
1009.0,39.7031
1010.0,39.45757
1011.0,39.46702
1012.0,38.04768
1013.0,40.16223
1014.0,43.287
1015.0,46.45112
1016.0,40.43622
1017.0,25.17898
1018.0,14.51723
1019.0,11.35308
1020.0,10.08074
1021.0,10.15909
1022.0,9.84004
1023.0,14.68612
1024.0,28.76621
1025.0,43.63775
1026.0,59.70163
1027.0,61.09538
1028.0,56.05201
1029.0,50.54777
1030.0,48.85234
1031.0,44.24284
1032.0,42.6522
1033.0,42.87742
1034.0,42.34912
1035.0,40.45333
1036.0,40.41495
1037.0,41.3414
1038.0,42.92549
1039.0,43.53238
1040.0,37.97834
1041.0,10.47669
1042.0,2.46983
1043.0,2.01415
1044.0,2.01747
1045.0,3.02411
1046.0,4.7025
1047.0,5.05816
1048.0,23.21663
1049.0,43.56379
1050.0,56.31984
1051.0,57.11268
1052.0,52.53237
1053.0,48.53058
1054.0,46.67852
1055.0,44.19982
1056.0,42.50988
1057.0,39.1666
1058.0,38.54168
1059.0,37.35166
1060.0,37.25069
1061.0,40.40201
1062.0,45.72837
1063.0,53.41839
1064.0,43.9814
1065.0,30.87801
1066.0,24.19464
1067.0,22.46645
1068.0,22.02513
1069.0,20.4011
1070.0,18.77116
1071.0,20.68447
1072.0,30.36307
1073.0,42.71814
1074.0,53.50483
1075.0,56.04308
1076.0,51.04295
1077.0,45.13309
1078.0,43.69689
1079.0,41.2997
1080.0,40.14722
1081.0,39.04856
1082.0,37.66713
1083.0,35.00241
1084.0,35.73076
1085.0,39.20614
1086.0,43.48508
1087.0,47.57195
1088.0,41.98903
1089.0,25.47998
1090.0,12.88275
1091.0,11.14255
1092.0,6.40547
1093.0,8.31922
1094.0,6.54164
1095.0,7.10205
1096.0,15.72233
1097.0,35.0009
1098.0,48.8374
1099.0,52.82615
1100.0,49.71118
1101.0,47.30818
1102.0,44.82598
1103.0,41.6228
1104.0,39.08809
1105.0,35.48104
1106.0,34.96486
1107.0,33.6188
1108.0,35.14936
1109.0,42.54788
1110.0,51.03427
1111.0,63.33047
1112.0,45.89725
1113.0,27.02716
1114.0,11.80911
1115.0,7.29065
1116.0,5.3605
1117.0,5.56324
1118.0,2.29513
1119.0,3.07878
1120.0,12.94448
1121.0,37.84256
1122.0,53.82701
1123.0,57.46646
1124.0,55.30827
1125.0,53.64345
1126.0,51.2833
1127.0,46.22416
1128.0,42.9633
1129.0,38.57105
1130.0,38.65601
1131.0,37.41017
1132.0,38.0274
1133.0,43.91154
1134.0,53.21787
1135.0,63.88033
1136.0,47.31883
1137.0,25.01883
1138.0,6.12731
1139.0,1.33104
1140.0,0.51035
1141.0,1.76693
1142.0,2.39293
1143.0,4.36233
1144.0,19.26066
1145.0,44.9374
1146.0,61.33741
1147.0,66.32423
1148.0,59.97214
1149.0,57.79091
1150.0,55.16182
1151.0,50.41344
1152.0,45.08203
1153.0,43.19958
1154.0,42.76986
1155.0,42.69233
1156.0,43.72591
1157.0,47.34078
1158.0,57.47988
1159.0,67.79438
1160.0,49.65826
1161.0,28.99588
1162.0,3.43328
1163.0,0.43816
1164.0,-0.08731
1165.0,0.43484
1166.0,-0.2608
1167.0,5.12752
1168.0,21.0242
1169.0,45.3328
1170.0,61.23714
1171.0,66.49849
1172.0,60.75381
1173.0,58.42452
1174.0,57.46661
1175.0,51.08278
1176.0,46.64391
1177.0,44.92171
1178.0,43.95738
1179.0,43.48465
1180.0,43.44754
1181.0,45.29163
1182.0,47.95761
1183.0,53.20085
1184.0,41.78834
1185.0,4.18163
1186.0,-3.30107
1187.0,-3.12417
1188.0,-2.81194
1189.0,-2.35711
1190.0,-2.21039
1191.0,-2.29763
1192.0,0.53438
1193.0,40.33258
1194.0,59.76648
1195.0,67.56318
1196.0,60.13571
1197.0,56.91392
1198.0,53.83537
1199.0,47.44917
1200.0,45.49185
1201.0,43.5249
1202.0,43.63687
1203.0,43.56787
1204.0,42.82969
1205.0,43.27351
1206.0,46.1885
1207.0,47.475
1208.0,30.30962
1209.0,-3.29066
1210.0,-6.52441
1211.0,-6.87783
1212.0,-7.03206
1213.0,-7.10291
1214.0,-7.31178
1215.0,-6.82458
1216.0,-3.73292
1217.0,27.89294
1218.0,54.07187
1219.0,60.8263
1220.0,55.70356
1221.0,51.64927
1222.0,49.17314
1223.0,45.05093
1224.0,42.91342
1225.0,42.06755
1226.0,40.53312
1227.0,40.66033
1228.0,41.12166
1229.0,43.02274
1230.0,48.21681
1231.0,56.39015
1232.0,37.19033
1233.0,0.67192
1234.0,-3.17296
1235.0,-4.30935
1236.0,-3.72263
1237.0,-3.7373
1238.0,-3.81539
1239.0,-3.95856
1240.0,-1.59729
1241.0,39.00578
1242.0,61.77702
1243.0,71.68369
1244.0,63.50892
1245.0,60.60578
1246.0,52.43054
1247.0,46.81103
1248.0,45.03768
1249.0,42.09369
1250.0,41.05546
1251.0,40.90275
1252.0,41.0254
1253.0,43.02251
1254.0,51.51292
1255.0,71.41999
1256.0,57.77217
1257.0,30.40842
1258.0,26.03434
1259.0,15.13419
1260.0,11.89805
1261.0,11.88097
1262.0,10.89058
1263.0,19.14256
1264.0,30.76039
1265.0,50.91755
1266.0,71.61493
1267.0,81.30049
1268.0,76.47024
1269.0,66.24513
1270.0,58.96951
1271.0,51.47783
1272.0,47.00202
1273.0,47.97915
1274.0,47.91466
1275.0,47.4339
1276.0,47.68825
1277.0,49.49365
1278.0,59.52968
1279.0,90.54
1280.0,71.61989
1281.0,54.72195
1282.0,40.6825
1283.0,24.38204
1284.0,12.24593
1285.0,6.78917
1286.0,6.14716
1287.0,8.54017
1288.0,24.7393
1289.0,50.65678
1290.0,74.81461
1291.0,87.32698
1292.0,84.1735
1293.0,75.4313
1294.0,72.28341
1295.0,58.09939
1296.0,54.01968
1297.0,73.32362
1298.0,70.33437
1299.0,70.00597
1300.0,68.38859
1301.0,73.04977
1302.0,82.78195
1303.0,104.83
1304.0,79.98618
1305.0,53.487
1306.0,42.10606
1307.0,30.72313
1308.0,24.06562
1309.0,12.4814
1310.0,11.78801
1311.0,13.65852
1312.0,36.14727
1313.0,59.34657
1314.0,83.39717
1315.0,96.70996
1316.0,85.71228
1317.0,80.05488
1318.0,77.0066
1319.0,71.96587
1320.0,66.97294
1321.0,60.05028
1322.0,57.29494
1323.0,55.41605
1324.0,55.80195
1325.0,60.06767
1326.0,71.88121
1327.0,98.88482
1328.0,71.56
1329.0,50.66753
1330.0,27.33361
1331.0,11.84514
1332.0,4.52789
1333.0,2.17072
1334.0,3.23996
1335.0,5.5126
1336.0,28.21951
1337.0,52.76067
1338.0,76.52839
1339.0,86.01035
1340.0,79.82058
1341.0,76.40389
1342.0,74.46272
1343.0,66.88031
1344.0,61.17428
1345.0,51.15475
1346.0,48.81188
1347.0,47.12114
1348.0,46.57523
1349.0,49.82543
1350.0,55.76741
1351.0,61.48815
1352.0,45.89491
1353.0,10.41189
1354.0,-5.47067
1355.0,-5.19803
1356.0,-5.69474
1357.0,-5.15862
1358.0,-4.47137
1359.0,-3.78074
1360.0,1.43392
1361.0,45.00973
1362.0,64.28237
1363.0,75.04098
1364.0,64.6003
1365.0,65.04237
1366.0,60.54483
1367.0,55.69164
1368.0,52.81576
1369.0,46.09699
1370.0,46.0508
1371.0,46.01355
1372.0,45.89693
1373.0,46.19353
1374.0,48.1158
1375.0,53.06011
1376.0,42.56725
1377.0,12.83567
1378.0,-0.96849
1379.0,-2.56886
1380.0,-2.35436
1381.0,-2.373
1382.0,-0.37389
1383.0,2.05793
1384.0,20.22036
1385.0,44.05299
1386.0,60.67651
1387.0,71.45287
1388.0,60.50326
1389.0,59.99202
1390.0,55.74417
1391.0,50.0152
1392.0,46.10436
1393.0,46.12154
1394.0,45.07873
1395.0,45.14763
1396.0,44.73909
1397.0,46.42154
1398.0,55.02091
1399.0,71.94692
1400.0,47.78542
1401.0,21.04036
1402.0,9.14531
1403.0,1.53404
1404.0,1.13381
1405.0,1.10541
1406.0,2.36618
1407.0,7.91622
1408.0,21.07527
1409.0,46.19846
1410.0,71.47925
1411.0,79.01229
1412.0,67.45496
1413.0,62.92622
1414.0,58.34699
1415.0,52.48882
1416.0,48.79659
1417.0,48.19539
1418.0,44.73608
1419.0,44.27098
1420.0,44.65964
1421.0,46.84736
1422.0,54.98538
1423.0,65.19068
1424.0,41.01083
1425.0,20.78114
1426.0,7.75236
1427.0,3.35198
1428.0,3.49796
1429.0,4.41804
1430.0,7.68717
1431.0,13.30759
1432.0,39.19036
1433.0,47.24491
1434.0,75.78759
1435.0,81.73606
1436.0,63.62007
1437.0,58.9756
1438.0,58.1409
1439.0,50.70817
1440.0,46.50251
1441.0,43.47754
1442.0,42.89076
1443.0,42.80635
1444.0,42.78913
1445.0,45.20508
1446.0,52.83804
1447.0,65.84976
1448.0,44.45366
1449.0,31.83196
1450.0,17.38965
1451.0,16.72099
1452.0,17.38925
1453.0,19.26101
1454.0,17.89816
1455.0,25.16379
1456.0,42.06997
1457.0,48.07989
1458.0,71.86903
1459.0,84.21671
1460.0,65.84163
1461.0,59.76156
1462.0,55.47043
1463.0,48.04788
1464.0,45.23204
1465.0,50.07766
1466.0,45.43749
1467.0,44.41446
1468.0,44.26988
1469.0,46.97
1470.0,53.28845
1471.0,62.28761
1472.0,46.84181
1473.0,41.52027
1474.0,31.77093
1475.0,27.0117
1476.0,27.82258
1477.0,27.53033
1478.0,26.56151
1479.0,33.0688
1480.0,42.27827
1481.0,50.96186
1482.0,63.86444
1483.0,75.82655
1484.0,62.3317
1485.0,60.33849
1486.0,56.21173
1487.0,50.45924
1488.0,49.35712
1489.0,45.28988
1490.0,42.73398
1491.0,41.48176
1492.0,42.11636
1493.0,43.99408
1494.0,48.73348
1495.0,59.39374
1496.0,48.78563
1497.0,43.86559
1498.0,42.48424
1499.0,39.10863
1500.0,34.28516
1501.0,28.51797
1502.0,23.13879
1503.0,26.72486
1504.0,30.12536
1505.0,43.01192
1506.0,54.41979
1507.0,66.56385
1508.0,58.92839
1509.0,55.08137
1510.0,53.51926
1511.0,47.41421
1512.0,45.46943
1513.0,43.46752
1514.0,40.58287
1515.0,39.52414
1516.0,39.92892
1517.0,42.25692
1518.0,44.81182
1519.0,47.54187
1520.0,36.14533
1521.0,20.74795
1522.0,11.52767
1523.0,6.10944
1524.0,1.59058
1525.0,0.65242
1526.0,0.08014
1527.0,0.08579
1528.0,5.67725
1529.0,34.10795
1530.0,54.24364
1531.0,67.96768
1532.0,61.65091
1533.0,56.62283
1534.0,54.84897
1535.0,48.82975
1536.0,44.99762
1537.0,43.80387
1538.0,40.55794
1539.0,41.16186
1540.0,42.56414
1541.0,44.256
1542.0,46.12803
1543.0,45.8878
1544.0,29.49763
1545.0,0.37083
1546.0,-0.06302
1547.0,-0.01
1548.0,-0.01
1549.0,-0.30378
1550.0,-1.02479
1551.0,-2.67908
1552.0,-0.00993
1553.0,19.58508
1554.0,53.23429
1555.0,64.80709
1556.0,61.63113
1557.0,58.15731
1558.0,55.63836
1559.0,50.17942
1560.0,47.33777
1561.0,48.4492
1562.0,48.53478
1563.0,48.55436
1564.0,49.34842
1565.0,51.64923
1566.0,66.05143
1567.0,79.94414
1568.0,48.82972
1569.0,14.58653
1570.0,4.03787
1571.0,-0.03236
1572.0,-0.30087
1573.0,-0.61205
1574.0,-0.93674
1575.0,0.06352
1576.0,6.70761
1577.0,43.58399
1578.0,71.94686
1579.0,84.55029
1580.0,76.55848
1581.0,69.22247
1582.0,66.90629
1583.0,62.10832
1584.0,52.27818
1585.0,49.1568
1586.0,47.60822
1587.0,47.88838
1588.0,48.02316
1589.0,53.74447
1590.0,64.23369
1591.0,79.26687
1592.0,49.73168
1593.0,21.82349
1594.0,7.6502
1595.0,4.85289
1596.0,3.40498
1597.0,3.69542
1598.0,2.24757
1599.0,4.54139
1600.0,14.50229
1601.0,41.82216
1602.0,67.54775
1603.0,83.67141
1604.0,73.57565
1605.0,65.36769
1606.0,63.29711
1607.0,53.98517
1608.0,47.72921
1609.0,44.38624
1610.0,42.31407
1611.0,42.01797
1612.0,42.08712
1613.0,45.50874
1614.0,57.33505
1615.0,63.35833
1616.0,44.71138
1617.0,11.84504
1618.0,0.61307
1619.0,-2.90996
1620.0,-2.23217
1621.0,-2.03386
1622.0,-1.82765
1623.0,-1.53755
1624.0,1.73014
1625.0,30.42819
1626.0,58.37568
1627.0,72.27096
1628.0,68.31897
1629.0,63.05399
1630.0,59.82118
1631.0,50.54565
1632.0,45.74121
1633.0,45.44376
1634.0,43.7875
1635.0,42.43501
1636.0,41.48398
1637.0,43.98979
1638.0,55.06231
1639.0,68.41622
1640.0,48.94686
1641.0,18.58739
1642.0,11.13297
1643.0,8.28685
1644.0,6.85157
1645.0,8.08615
1646.0,5.70865
1647.0,8.13621
1648.0,15.44972
1649.0,43.3937
1650.0,66.18998
1651.0,81.42379
1652.0,71.0995
1653.0,65.34484
1654.0,64.28905
1655.0,56.79064
1656.0,50.5024
1657.0,47.60295
1658.0,45.31387
1659.0,45.12257
1660.0,45.78548
1661.0,51.56771
1662.0,62.38988
1663.0,75.10913
1664.0,50.66099
1665.0,25.16345
1666.0,5.06999
1667.0,1.26374
1668.0,2.89607
1669.0,3.001
1670.0,2.34137
1671.0,5.73069
1672.0,26.27615
1673.0,44.65307
1674.0,69.94731
1675.0,83.4526
1676.0,72.58108
1677.0,66.12175
1678.0,63.33153
1679.0,57.59383
1680.0,50.37832
1681.0,46.22293
1682.0,45.66101
1683.0,44.6258
1684.0,44.8753
1685.0,45.63437
1686.0,51.40485
1687.0,54.38248
1688.0,25.73049
1689.0,-1.53682
1690.0,-2.93919
1691.0,-3.3032
1692.0,-3.24457
1693.0,-1.78791
1694.0,-1.7552
1695.0,-1.40603
1696.0,1.31962
1697.0,31.76302
1698.0,59.84334
1699.0,70.2132
1700.0,60.89241
1701.0,56.23881
1702.0,52.62552
1703.0,48.99884
1704.0,44.04635
1705.0,43.70762
1706.0,42.10243
1707.0,41.12028
1708.0,41.60847
1709.0,44.13825
1710.0,46.99339
1711.0,49.73775
1712.0,35.05847
1713.0,2.57282
1714.0,-0.12534
1715.0,-4.0021
1716.0,-4.66212
1717.0,-4.45686
1718.0,-4.02777
1719.0,-0.8278
1720.0,-0.07531
1721.0,20.79047
1722.0,50.6918
1723.0,58.72469
1724.0,55.92004
1725.0,48.89811
1726.0,43.30366
1727.0,42.24431
1728.0,41.50369
1729.0,39.98585
1730.0,40.18999
1731.0,41.79898
1732.0,44.82678
1733.0,54.46126
1734.0,79.40444
1735.0,80.47915
1736.0,53.13108
1737.0,27.62295
1738.0,6.65643
1739.0,5.49896
1740.0,5.65194
1741.0,6.61469
1742.0,7.72606
1743.0,12.79315
1744.0,20.90266
1745.0,47.13831
1746.0,73.26938
1747.0,87.36213
1748.0,75.89723
1749.0,69.4902
1750.0,55.7326
1751.0,50.34751
1752.0,44.81176
1753.0,42.77416
1754.0,41.04433
1755.0,41.01759
1756.0,42.76744
1757.0,48.34403
1758.0,65.05418
1759.0,68.19355
1760.0,45.29379
1761.0,22.68359
1762.0,11.4765
1763.0,7.50475
1764.0,8.19713
1765.0,9.01312
1766.0,9.40116
1767.0,17.77099
1768.0,22.94506
1769.0,41.3614
1770.0,57.39403
1771.0,68.84016
1772.0,59.29587
1773.0,52.56844
1774.0,46.65473
1775.0,44.14472
1776.0,39.41387
1777.0,37.39302
1778.0,36.27624
1779.0,36.54123
1780.0,39.86929
1781.0,45.83203
1782.0,58.79949
1783.0,59.10912
1784.0,34.60644
1785.0,10.64127
1786.0,0.78003
1787.0,-2.6482
1788.0,-3.25933
1789.0,-1.25767
1790.0,5.84373
1791.0,5.32695
1792.0,12.83291
1793.0,34.27351
1794.0,56.94967
1795.0,68.33299
1796.0,62.77033
1797.0,58.61998
1798.0,50.77094
1799.0,45.84913
1800.0,41.50976
1801.0,42.00603
1802.0,42.34215
1803.0,42.34247
1804.0,44.52556
1805.0,50.65031
1806.0,68.11985
1807.0,68.00347
1808.0,47.75938
1809.0,41.9468
1810.0,43.40525
1811.0,36.82403
1812.0,33.72276
1813.0,32.50731
1814.0,33.6
1815.0,35.72517
1816.0,37.20585
1817.0,42.83424
1818.0,60.71149
1819.0,70.40178
1820.0,61.17417
1821.0,56.17328
1822.0,49.61477
1823.0,44.6672
1824.0,42.22871
1825.0,41.39106
1826.0,41.01872
1827.0,41.24369
1828.0,42.65265
1829.0,50.0719
1830.0,67.64247
1831.0,64.73313
1832.0,42.61612
1833.0,23.82403
1834.0,13.05398
1835.0,9.53928
1836.0,8.5735
1837.0,8.96776
1838.0,11.43009
1839.0,15.8915
1840.0,31.60333
1841.0,42.93362
1842.0,66.70619
1843.0,79.6132
1844.0,72.04067
1845.0,62.97275
1846.0,54.97121
1847.0,50.13533
1848.0,49.34561
1849.0,47.48764
1850.0,44.67398
1851.0,43.00618
1852.0,44.45804
1853.0,48.71555
1854.0,54.74595
1855.0,64.35817
1856.0,49.9621
1857.0,42.75756
1858.0,28.944
1859.0,20.34609
1860.0,11.51355
1861.0,2.92382
1862.0,0.23434
1863.0,0.56115
1864.0,12.96491
1865.0,43.28573
1866.0,64.49696
1867.0,79.14535
1868.0,71.50934
1869.0,60.74283
1870.0,57.00298
1871.0,48.39719
1872.0,49.90287
1873.0,48.2915
1874.0,45.70744
1875.0,45.41706
1876.0,49.77025
1877.0,54.56324
1878.0,50.28046
1879.0,39.77066
1880.0,5.38667
1881.0,-4.10314
1882.0,-7.30328
1883.0,-8.37689
1884.0,-9.03787
1885.0,-9.07561
1886.0,-7.62648
1887.0,-6.06147
1888.0,-1.2372
1889.0,9.96964
1890.0,52.72924
1891.0,76.68751
1892.0,70.32782
1893.0,57.59963
1894.0,51.83211
1895.0,48.96821
1896.0,43.07857
1897.0,41.60686
1898.0,41.45337
1899.0,41.53056
1900.0,44.46296
1901.0,53.5659
1902.0,74.43416
1903.0,73.44066
1904.0,47.28717
1905.0,24.45514
1906.0,11.13834
1907.0,7.43958
1908.0,7.47297
1909.0,9.37931
1910.0,8.77005
1911.0,13.13211
1912.0,22.0528
1913.0,42.35552
1914.0,68.56423
1915.0,85.2608
1916.0,77.44849
1917.0,68.1901
1918.0,57.45288
1919.0,52.9907
1920.0,48.09992
1921.0,46.02106
1922.0,43.75206
1923.0,43.76165
1924.0,46.14896
1925.0,53.38618
1926.0,67.18669
1927.0,64.5108
1928.0,44.06053
1929.0,18.26548
1930.0,12.14375
1931.0,9.61635
1932.0,10.94119
1933.0,10.58857
1934.0,14.79508
1935.0,21.80537
1936.0,34.1313
1937.0,50.77863
1938.0,87.08808
1939.0,105.21621
1940.0,84.25854
1941.0,67.94667
1942.0,56.85098
1943.0,53.03853
1944.0,48.74725
1945.0,45.27488
1946.0,43.72516
1947.0,43.62558
1948.0,44.35776
1949.0,54.18215
1950.0,68.80166
1951.0,62.43023
1952.0,40.62359
1953.0,13.43868
1954.0,11.31224
1955.0,10.82724
1956.0,17.15221
1957.0,19.1896
1958.0,21.57904
1959.0,29.30877
1960.0,34.65636
1961.0,48.28148
1962.0,78.61705
1963.0,94.5128
1964.0,74.60612
1965.0,64.173
1966.0,57.45603
1967.0,50.64849
1968.0,47.32235
1969.0,45.60589
1970.0,45.29903
1971.0,45.2378
1972.0,45.54088
1973.0,50.77107
1974.0,67.57656
1975.0,63.11163
1976.0,41.14235
1977.0,21.43315
1978.0,13.42292
1979.0,8.7622
1980.0,13.07067
1981.0,21.63749
1982.0,24.77556
1983.0,33.83154
1984.0,40.32046
1985.0,49.09558
1986.0,75.90922
1987.0,93.00159
1988.0,73.93805
1989.0,65.25076
1990.0,57.91294
1991.0,50.51509
1992.0,50.38949
1993.0,48.72255
1994.0,47.66667
1995.0,46.22042
1996.0,48.58604
1997.0,50.89686
1998.0,71.17018
1999.0,64.70417
2000.0,44.57411
2001.0,37.29706
2002.0,27.56645
2003.0,33.69701
2004.0,35.65463
2005.0,39.38202
2006.0,39.41438
2007.0,44.86562
2008.0,46.64815
2009.0,57.43636
2010.0,84.07243
2011.0,99.84655
2012.0,80.19665
2013.0,68.67281
2014.0,59.13473
2015.0,51.42757
2016.0,49.70644
2017.0,49.00059
2018.0,48.30843
2019.0,47.00482
2020.0,47.11287
2021.0,48.2944
2022.0,57.5627
2023.0,62.8879
2024.0,50.58383
2025.0,43.19244
2026.0,35.56222
2027.0,28.65029
2028.0,23.02741
2029.0,22.20336
2030.0,26.2533
2031.0,35.11638
2032.0,44.26
2033.0,49.0
2034.0,76.10935
2035.0,101.69591
2036.0,90.23272
2037.0,75.81031
2038.0,68.67786
2039.0,64.77276
2040.0,52.07996
2041.0,50.02411
2042.0,48.55275
2043.0,49.15
2044.0,49.19036
2045.0,52.29877
2046.0,56.95183
2047.0,59.00405
2048.0,44.92
2049.0,34.81645
2050.0,20.79028
2051.0,16.2683
2052.0,10.51241
2053.0,7.8185
2054.0,3.48775
2055.0,11.22424
2056.0,17.54028
2057.0,38.485
2058.0,63.41479
2059.0,89.88109
2060.0,87.39494
2061.0,71.50415
2062.0,62.86436
2063.0,59.29408
2064.0,49.85344
2065.0,49.09552
2066.0,48.58796
2067.0,49.08039
2068.0,49.79661
2069.0,53.16498
2070.0,66.02524
2071.0,72.20979
2072.0,56.14158
2073.0,58.40925
2074.0,54.76108
2075.0,52.76798
2076.0,48.42448
2077.0,48.5177
2078.0,48.54349
2079.0,49.77892
2080.0,50.79372
2081.0,59.87173
2082.0,77.96369
2083.0,95.47809
2084.0,79.53878
2085.0,72.15373
2086.0,64.6365
2087.0,58.54347
2088.0,50.88398
2089.0,47.25551
2090.0,45.67347
2091.0,46.53876
2092.0,47.97714
2093.0,53.56151
2094.0,73.63436
2095.0,68.21275
2096.0,48.38053
2097.0,43.57151
2098.0,29.29855
2099.0,22.0837
2100.0,16.12257
2101.0,13.66058
2102.0,11.33627
2103.0,14.57538
2104.0,19.09987
2105.0,39.71568
2106.0,63.82047
2107.0,83.605
2108.0,72.55452
2109.0,64.18239
2110.0,55.59076
2111.0,51.53094
2112.0,41.04733
2113.0,40.59151
2114.0,39.93233
2115.0,39.9284
2116.0,42.18622
2117.0,53.61734
2118.0,76.19171
2119.0,63.19916
2120.0,37.08439
2121.0,27.22965
2122.0,7.56745
2123.0,10.33618
2124.0,8.47129
2125.0,7.44027
2126.0,6.23877
2127.0,9.09358
2128.0,14.71063
2129.0,34.45374
2130.0,63.34666
2131.0,83.22477
2132.0,68.75899
2133.0,61.0438
2134.0,51.26938
2135.0,48.77762
2136.0,44.94754
2137.0,43.09181
2138.0,42.45092
2139.0,42.69968
2140.0,47.28092
2141.0,55.66063
2142.0,78.24017
2143.0,63.65634
2144.0,45.68031
2145.0,39.9985
2146.0,34.21837
2147.0,29.10622
2148.0,22.63846
2149.0,20.31571
2150.0,18.85571
2151.0,19.60849
2152.0,23.82282
2153.0,43.98039
2154.0,61.63899
2155.0,82.79734
2156.0,71.03198
2157.0,65.39167
2158.0,59.15869
2159.0,54.57474
2160.0,54.2301
2161.0,51.48112
2162.0,51.93531
2163.0,53.86668
2164.0,60.22526
2165.0,69.50058
2166.0,83.3224
2167.0,69.50375
2168.0,46.88519
2169.0,32.15796
2170.0,25.25703
2171.0,24.04628
2172.0,20.55334
2173.0,20.38041
2174.0,20.88353
2175.0,24.86327
2176.0,29.16513
2177.0,47.57845
2178.0,74.15836
2179.0,98.08086
2180.0,86.13294
2181.0,73.75391
2182.0,70.54792
2183.0,66.24508
2184.0,60.7567
2185.0,54.99745
2186.0,52.2809
2187.0,52.88529
2188.0,55.07336
2189.0,61.86475
2190.0,62.19782
2191.0,52.39492
2192.0,33.2299
2193.0,9.12209
2194.0,2.02708
2195.0,1.13063
2196.0,0.46097
2197.0,0.29388
2198.0,0.27276
2199.0,0.46522
2200.0,5.85207
2201.0,34.25581
2202.0,61.24562
2203.0,80.44399
2204.0,72.88473
2205.0,66.11233
2206.0,59.68964
2207.0,55.60882
2208.0,52.10168
2209.0,50.02571
2210.0,48.32113
2211.0,47.8483
2212.0,48.09875
2213.0,49.81557
2214.0,51.14121
2215.0,44.85842
2216.0,25.6376
2217.0,5.71051
2218.0,-0.29619
2219.0,-2.85193
2220.0,-0.95246
2221.0,-1.01942
2222.0,-2.90769
2223.0,-0.1929
2224.0,-0.05319
2225.0,19.83895
2226.0,51.85645
2227.0,68.0179
2228.0,62.62299
2229.0,55.92038
2230.0,50.98226
2231.0,48.74639
2232.0,47.12151
2233.0,45.6652
2234.0,43.99245
2235.0,45.3925
2236.0,49.14178
2237.0,59.67048
2238.0,68.00693
2239.0,56.44169
2240.0,25.52497
2241.0,6.4304
2242.0,-0.05201
2243.0,0.60782
2244.0,-2.40424
2245.0,-1.50104
2246.0,0.42253
2247.0,3.08611
2248.0,8.54381
2249.0,38.97868
2250.0,64.55124
2251.0,81.42753
2252.0,74.31192
2253.0,63.1
2254.0,57.8537
2255.0,54.62857
2256.0,48.73001
2257.0,47.30823
2258.0,45.4016
2259.0,45.12125
2260.0,48.52633
2261.0,57.28396
2262.0,73.15818
2263.0,59.88591
2264.0,28.60862
2265.0,7.74503
2266.0,0.46192
2267.0,0.26278
2268.0,-0.5628
2269.0,0.99213
2270.0,4.77702
2271.0,8.10134
2272.0,17.87147
2273.0,44.19231
2274.0,73.55062
2275.0,93.15974
2276.0,82.88041
2277.0,73.38152
2278.0,64.41829
2279.0,56.48589
2280.0,58.5801
2281.0,54.08148
2282.0,53.28701
2283.0,55.92113
2284.0,60.78827
2285.0,69.32077
2286.0,96.28536
2287.0,74.32023
2288.0,48.8749
2289.0,31.42013
2290.0,27.31085
2291.0,30.57436
2292.0,28.8647
2293.0,40.7616
2294.0,46.41475
2295.0,53.7219
2296.0,57.85845
2297.0,67.75109
2298.0,111.63719
2299.0,146.4338
2300.0,121.29106
2301.0,94.61506
2302.0,76.44204
2303.0,69.32794
2304.0,60.14339
2305.0,58.00079
2306.0,55.87493
2307.0,55.59827
2308.0,57.42731
2309.0,65.10414
2310.0,85.42801
2311.0,69.26055
2312.0,49.20923
2313.0,34.01113
2314.0,31.00334
2315.0,38.46663
2316.0,43.30269
2317.0,48.98701
2318.0,56.37312
2319.0,57.237
2320.0,60.40498
2321.0,75.27543
2322.0,154.67131
2323.0,204.0438
2324.0,147.95686
2325.0,94.32
2326.0,79.44683
2327.0,71.19554
2328.0,65.34235
2329.0,61.72805
2330.0,59.52105
2331.0,57.98637
2332.0,62.15787
2333.0,67.85794
2334.0,82.46633
2335.0,62.83953
2336.0,44.93644
2337.0,30.05128
2338.0,30.82563
2339.0,40.56973
2340.0,44.83133
2341.0,49.48753
2342.0,56.15033
2343.0,60.62271
2344.0,63.28054
2345.0,69.075
2346.0,105.29139
2347.0,135.26077
2348.0,93.52159
2349.0,76.45375
2350.0,68.50955
2351.0,61.77725
2352.0,61.89625
2353.0,61.34585
2354.0,57.41581
2355.0,56.29638
2356.0,56.39621
2357.0,56.98826
2358.0,60.49886
2359.0,42.92951
2360.0,7.86488
2361.0,-1.55208
2362.0,-1.14289
2363.0,-0.96362
2364.0,-0.87418
2365.0,-0.01506
2366.0,0.59905
2367.0,2.08894
2368.0,6.97616
2369.0,36.03317
2370.0,70.22273
2371.0,90.608
2372.0,75.9667
2373.0,66.04717
2374.0,60.60726
2375.0,56.95173
2376.0,67.94696
2377.0,60.29231
2378.0,60.27341
2379.0,60.45743
2380.0,63.2734
2381.0,63.47835
2382.0,62.63852
2383.0,45.20312
2384.0,6.73045
2385.0,-1.22695
2386.0,-1.22702
2387.0,-1.24165
2388.0,-1.57092
2389.0,-1.55184
2390.0,-1.63503
2391.0,-1.07761
2392.0,-0.01794
2393.0,25.37317
2394.0,74.65628
2395.0,101.61341
2396.0,88.98711
2397.0,78.13315
2398.0,72.86303
2399.0,66.86631
2400.0,57.73264
2401.0,55.94869
2402.0,54.40978
2403.0,51.42693
2404.0,54.90973
2405.0,68.46667
2406.0,86.89653
2407.0,69.1783
2408.0,21.48468
2409.0,12.59475
2410.0,8.18401
2411.0,5.67655
2412.0,5.18742
2413.0,7.06777
2414.0,8.01616
2415.0,13.23485
2416.0,27.84544
2417.0,53.66539
2418.0,82.37969
2419.0,99.51361
2420.0,92.94667
2421.0,84.06293
2422.0,71.75075
2423.0,65.68047
2424.0,69.09196
2425.0,62.87802
2426.0,61.83908
2427.0,61.73345
2428.0,65.78573
2429.0,78.49802
2430.0,105.54298
2431.0,72.71201
2432.0,19.98296
2433.0,1.13408
2434.0,-4.90444
2435.0,-4.63561
2436.0,-4.1293
2437.0,-4.01109
2438.0,-4.06717
2439.0,-3.53333
2440.0,0.40118
2441.0,24.29336
2442.0,82.93114
2443.0,112.50969
2444.0,106.68103
2445.0,95.55866
2446.0,82.5306
2447.0,72.71042
2448.0,84.14692
2449.0,77.66939
2450.0,77.10601
2451.0,79.08723
2452.0,85.25201
2453.0,97.62924
2454.0,121.30792
2455.0,81.5235
2456.0,31.40413
2457.0,8.3118
2458.0,4.18567
2459.0,3.25521
2460.0,3.85773
2461.0,2.85644
2462.0,2.61348
2463.0,6.86562
2464.0,13.93874
2465.0,43.06047
2466.0,85.11269
2467.0,120.17144
2468.0,121.32122
2469.0,103.02321
2470.0,85.66116
2471.0,78.7746
2472.0,84.16041
2473.0,76.84493
2474.0,75.32308
2475.0,71.86251
2476.0,78.27167
2477.0,85.17793
2478.0,108.61956
2479.0,83.46583
2480.0,52.81675
2481.0,38.69186
2482.0,28.09632
2483.0,25.34994
2484.0,25.78228
2485.0,22.44265
2486.0,23.14359
2487.0,29.12082
2488.0,40.44364
2489.0,59.49848
2490.0,85.14593
2491.0,110.42933
2492.0,111.75477
2493.0,101.43381
2494.0,85.45595
2495.0,81.52425
2496.0,80.19544
2497.0,74.27652
2498.0,71.38986
2499.0,74.12495
2500.0,81.50014
2501.0,94.21076
2502.0,107.26177
2503.0,76.05631
2504.0,47.58404
2505.0,30.591
2506.0,19.16808
2507.0,12.29206
2508.0,11.08637
2509.0,10.53756
2510.0,8.05925
2511.0,12.99717
2512.0,22.68715
2513.0,56.20026
2514.0,91.97328
2515.0,113.82515
2516.0,117.76065
2517.0,111.60419
2518.0,98.44261
2519.0,95.16496
2520.0,82.48237
2521.0,76.35526
2522.0,69.81632
2523.0,66.20736
2524.0,72.65756
2525.0,70.53404
2526.0,79.58417
2527.0,71.70442
2528.0,74.32021
2529.0,71.30222
2530.0,64.20429
2531.0,37.70276
2532.0,18.75539
2533.0,6.19962
2534.0,3.86446
2535.0,5.28392
2536.0,12.63925
2537.0,41.57811
2538.0,78.50536
2539.0,96.33481
2540.0,96.06548
2541.0,92.37692
2542.0,80.0112
2543.0,77.70094
2544.0,68.04396
2545.0,65.4947
2546.0,67.82232
2547.0,66.6837
2548.0,70.11315
2549.0,69.73415
2550.0,70.06502
2551.0,50.36798
2552.0,3.12133
2553.0,-3.2823
2554.0,-4.00678
2555.0,-2.33493
2556.0,-2.63973
2557.0,-2.34073
2558.0,-2.34211
2559.0,-1.79826
2560.0,2.29712
2561.0,26.56799
2562.0,79.45073
2563.0,105.1776
2564.0,100.96067
2565.0,89.11838
2566.0,79.65164
2567.0,73.18279
2568.0,74.44116
2569.0,69.26578
2570.0,68.81008
2571.0,68.19258
2572.0,75.8431
2573.0,84.47863
2574.0,106.39785
2575.0,79.15128
2576.0,55.16838
2577.0,45.35019
2578.0,44.57145
2579.0,37.96801
2580.0,37.17259
2581.0,34.92311
2582.0,41.47592
2583.0,45.8673
2584.0,53.7865
2585.0,75.90482
2586.0,101.64407
2587.0,130.03355
2588.0,117.79467
2589.0,109.44802
2590.0,88.60434
2591.0,78.16444
2592.0,68.37282
2593.0,68.7941
2594.0,68.22009
2595.0,68.55087
2596.0,70.1655
2597.0,78.43521
2598.0,100.75891
2599.0,78.73188
2600.0,72.58906
2601.0,41.49163
2602.0,33.06156
2603.0,24.80139
2604.0,25.61657
2605.0,25.79447
2606.0,25.91881
2607.0,38.85466
2608.0,46.72215
2609.0,70.43374
2610.0,94.75193
2611.0,125.93262
2612.0,111.35223
2613.0,103.62344
2614.0,80.57518
2615.0,77.44499
2616.0,73.58576
2617.0,67.91742
2618.0,65.33588
2619.0,65.66246
2620.0,71.45792
2621.0,83.04764
2622.0,107.12057
2623.0,74.38823
2624.0,61.11352
2625.0,38.24829
2626.0,27.76415
2627.0,28.95619
2628.0,30.01884
2629.0,29.56391
2630.0,28.23814
2631.0,33.65128
2632.0,41.2814
2633.0,64.46884
2634.0,95.99947
2635.0,124.52074
2636.0,110.56427
2637.0,104.23172
2638.0,91.58394
2639.0,77.32604
2640.0,71.08186
2641.0,66.77957
2642.0,64.43513
2643.0,64.46799
2644.0,66.60936
2645.0,83.50498
2646.0,96.14992
2647.0,77.76526
2648.0,67.99783
2649.0,64.20711
2650.0,57.83633
2651.0,50.70719
2652.0,51.40561
2653.0,52.40289
2654.0,52.83477
2655.0,56.88525
2656.0,58.42359
2657.0,71.59514
2658.0,94.84526
2659.0,116.1945
2660.0,110.72576
2661.0,102.9829
2662.0,87.43563
2663.0,84.55936
2664.0,69.96659
2665.0,67.12016
2666.0,64.04803
2667.0,62.09273
2668.0,64.65315
2669.0,70.36673
2670.0,85.81029
2671.0,77.29394
2672.0,73.96134
2673.0,50.30121
2674.0,32.50047
2675.0,24.70913
2676.0,23.2171
2677.0,20.83407
2678.0,17.65676
2679.0,20.7343
2680.0,27.98263
2681.0,52.87234
2682.0,75.50957
2683.0,95.49864
2684.0,94.78067
2685.0,88.35445
2686.0,80.0352
2687.0,77.53282
2688.0,66.44832
2689.0,63.62286
2690.0,62.7018
2691.0,63.84268
2692.0,65.85974
2693.0,74.51893
2694.0,78.72196
2695.0,65.10066
2696.0,28.4685
2697.0,10.60192
2698.0,3.12651
2699.0,2.99746
2700.0,1.46972
2701.0,0.81645
2702.0,1.41478
2703.0,5.21111
2704.0,6.85399
2705.0,31.52343
2706.0,74.74212
2707.0,94.12506
2708.0,92.79665
2709.0,88.65955
2710.0,79.03585
2711.0,76.03596
2712.0,77.79547
2713.0,76.06648
2714.0,73.72387
2715.0,75.86066
2716.0,78.36489
2717.0,78.41999
2718.0,75.84967
2719.0,59.2731
2720.0,11.87156
2721.0,3.90816
2722.0,2.68862
2723.0,2.56611
2724.0,-0.00417
2725.0,1.27801
2726.0,5.76493
2727.0,12.67633
2728.0,22.14695
2729.0,57.77867
2730.0,97.84011
2731.0,119.32867
2732.0,109.6952
2733.0,101.09253
2734.0,88.74989
2735.0,78.2376
2736.0,75.88136
2737.0,70.76152
2738.0,68.48775
2739.0,68.79412
2740.0,74.63551
2741.0,90.11006
2742.0,102.08954
2743.0,74.88848
2744.0,61.37926
2745.0,51.6268
2746.0,50.98763
2747.0,54.90337
2748.0,55.56131
2749.0,58.86427
2750.0,60.38331
2751.0,66.09545
2752.0,73.25899
2753.0,86.65914
2754.0,114.2396
2755.0,140.27612
2756.0,123.38359
2757.0,112.56029
2758.0,97.17612
2759.0,83.91338
2760.0,82.89461
2761.0,75.39888
2762.0,71.28752
2763.0,71.31634
2764.0,74.5636
2765.0,84.0904
2766.0,93.4763
2767.0,75.73741
2768.0,61.98551
2769.0,56.8481
2770.0,53.66802
2771.0,55.48764
2772.0,55.03468
2773.0,55.50262
2774.0,56.82093
2775.0,60.46582
2776.0,66.5063
2777.0,82.56222
2778.0,104.30355
2779.0,117.67988
2780.0,112.32594
2781.0,104.24908
2782.0,87.33877
2783.0,83.14862
2784.0,73.3
2785.0,69.01027
2786.0,64.2972
2787.0,63.5762
2788.0,66.66445
2789.0,77.17923
2790.0,91.79882
2791.0,68.14473
2792.0,43.70365
2793.0,27.99315
2794.0,23.09137
2795.0,22.25507
2796.0,19.66968
2797.0,21.1129
2798.0,23.36373
2799.0,30.57261
2800.0,44.96835
2801.0,62.12235
2802.0,92.93394
2803.0,112.89517
2804.0,113.9206
2805.0,101.21337
2806.0,85.15529
2807.0,83.23
2808.0,69.93451
2809.0,68.6239
2810.0,65.50811
2811.0,64.83621
2812.0,68.69254
2813.0,80.52689
2814.0,88.68344
2815.0,70.68579
2816.0,40.62059
2817.0,23.65313
2818.0,11.52634
2819.0,8.19377
2820.0,4.9255
2821.0,5.24791
2822.0,8.647
2823.0,14.56801
2824.0,21.4391
2825.0,41.09353
2826.0,77.71741
2827.0,101.75364
2828.0,104.20261
2829.0,91.53968
2830.0,79.51665
2831.0,75.0
2832.0,67.44
2833.0,63.35994
2834.0,62.87544
2835.0,65.81912
2836.0,73.77
2837.0,83.94178
2838.0,93.29468
2839.0,70.76753
2840.0,51.53666
2841.0,30.96097
2842.0,22.9161
2843.0,19.32389
2844.0,20.634
2845.0,20.70963
2846.0,23.53863
2847.0,30.02384
2848.0,32.42616
2849.0,62.27423
2850.0,92.64181
2851.0,113.8428
2852.0,105.39424
2853.0,99.3343
2854.0,86.20403
2855.0,78.09516
2856.0,74.60393
2857.0,71.92983
2858.0,67.15782
2859.0,67.22567
2860.0,68.38181
2861.0,73.67161
2862.0,73.79933
2863.0,56.7015
2864.0,13.16618
2865.0,4.05232
2866.0,-0.08045
2867.0,-0.09834
2868.0,0.81116
2869.0,0.00019
2870.0,0.25267
2871.0,1.00985
2872.0,5.60969
2873.0,28.74396
2874.0,78.75776
2875.0,94.18945
2876.0,97.74951
2877.0,86.8322
2878.0,77.92118
2879.0,69.5
2880.0,68.88
2881.0,66.63
2882.0,64.00297
2883.0,66.78
2884.0,65.77
2885.0,67.3872
2886.0,63.98581
2887.0,28.15648
2888.0,-4.81223
2889.0,-7.51264
2890.0,-8.20644
2891.0,-6.29573
2892.0,-6.64501
2893.0,-5.90011
2894.0,-7.6405
2895.0,-6.67664
2896.0,0.22133
2897.0,20.96001
2898.0,75.28303
2899.0,92.47317
2900.0,96.51124
2901.0,84.97467
2902.0,76.24353
2903.0,75.69291
2904.0,69.61861
2905.0,67.96071
2906.0,67.07277
2907.0,67.86317
2908.0,73.6421
2909.0,77.54614
2910.0,79.79285
2911.0,64.57831
2912.0,34.7431
2913.0,22.2653
2914.0,17.12727
2915.0,9.64024
2916.0,12.91142
2917.0,13.75001
2918.0,16.57819
2919.0,19.14882
2920.0,22.16086
2921.0,49.27174
2922.0,79.36582
2923.0,100.19874
2924.0,101.65203
2925.0,90.39556
2926.0,80.4024
2927.0,70.82312
2928.0,64.87881
2929.0,62.2267
2930.0,60.09918
2931.0,60.95975
2932.0,64.13654
2933.0,74.18019
2934.0,78.61483
2935.0,66.75618
2936.0,34.38584
2937.0,24.4062
2938.0,19.32906
2939.0,16.90474
2940.0,18.59331
2941.0,19.62245
2942.0,21.67597
2943.0,31.86989
2944.0,34.97276
2945.0,61.3004
2946.0,85.88595
2947.0,109.62647
2948.0,106.67033
2949.0,101.60897
2950.0,83.17398
2951.0,76.84689
2952.0,89.14515
2953.0,81.85058
2954.0,78.87554
2955.0,80.77
2956.0,83.84483
2957.0,93.36825
2958.0,90.63031
2959.0,71.69811
2960.0,39.71477
2961.0,26.33718
2962.0,22.22194
2963.0,20.78688
2964.0,25.69154
2965.0,33.58065
2966.0,39.24467
2967.0,51.3965
2968.0,61.618
2969.0,77.15716
2970.0,115.6077
2971.0,147.54552
2972.0,127.18738
2973.0,110.10941
2974.0,95.63668
2975.0,86.51015
2976.0,78.67707
2977.0,76.79662
2978.0,75.38373
2979.0,74.69211
2980.0,77.62385
2981.0,88.95825
2982.0,86.28693
2983.0,70.2029
2984.0,35.7128
2985.0,25.54365
2986.0,21.24947
2987.0,19.80283
2988.0,24.60028
2989.0,28.18683
2990.0,32.11396
2991.0,48.91188
2992.0,59.62912
2993.0,73.35414
2994.0,96.53056
2995.0,117.57804
2996.0,116.97976
2997.0,106.30125
2998.0,87.69106
2999.0,77.79655
3000.0,73.65949
3001.0,73.92008
3002.0,70.8366
3003.0,70.78725
3004.0,77.27995
3005.0,83.66639
3006.0,88.38304
3007.0,66.95462
3008.0,25.25554
3009.0,16.07781
3010.0,9.1091
3011.0,9.47782
3012.0,12.49596
3013.0,17.4049
3014.0,20.56617
3015.0,26.52741
3016.0,32.87977
3017.0,58.43852
3018.0,92.28152
3019.0,116.70465
3020.0,114.58081
3021.0,105.61934
3022.0,92.03769
3023.0,79.79495
3024.0,73.36801
3025.0,71.40363
3026.0,72.49105
3027.0,71.67521
3028.0,72.09155
3029.0,75.83296
3030.0,80.13478
3031.0,55.78445
3032.0,14.63551
3033.0,3.35219
3034.0,0.08387
3035.0,-2.1139
3036.0,-3.70145
3037.0,-4.65249
3038.0,-3.02539
3039.0,0.69884
3040.0,9.80105
3041.0,35.75183
3042.0,77.66783
3043.0,102.17016
3044.0,112.85921
3045.0,100.18464
3046.0,86.15608
3047.0,82.82648
3048.0,70.87915
3049.0,70.69812
3050.0,70.32726
3051.0,68.03473
3052.0,70.56833
3053.0,72.18376
3054.0,70.38756
3055.0,30.61749
3056.0,7.88052
3057.0,-0.09943
3058.0,-6.16759
3059.0,-7.50039
3060.0,-8.42431
3061.0,-8.31033
3062.0,-7.76783
3063.0,-7.39113
3064.0,-0.54852
3065.0,16.27702
3066.0,71.04245
3067.0,93.66018
3068.0,101.55896
3069.0,92.01076
3070.0,85.67426
3071.0,78.72002
3072.0,69.09428
3073.0,67.78338
3074.0,67.86659
3075.0,69.58894
3076.0,77.70838
3077.0,95.56618
3078.0,97.06299
3079.0,79.64577
3080.0,23.74521
3081.0,13.2375
3082.0,3.62478
3083.0,1.62309
3084.0,4.3396
3085.0,3.70176
3086.0,2.14222
3087.0,9.30875
3088.0,16.45416
3089.0,39.35445
3090.0,82.95459
3091.0,103.87534
3092.0,114.19928
3093.0,101.92108
3094.0,92.95315
3095.0,83.93172
3096.0,70.22418
3097.0,68.32428
3098.0,67.30511
3099.0,67.28292
3100.0,71.94766
3101.0,82.9053
3102.0,89.2151
3103.0,63.4977
3104.0,31.16102
3105.0,13.85194
3106.0,7.19811
3107.0,3.30218
3108.0,1.82671
3109.0,1.79811
3110.0,2.11723
3111.0,9.53786
3112.0,15.43377
3113.0,35.22468
3114.0,76.75745
3115.0,97.59018
3116.0,109.40941
3117.0,94.13383
3118.0,83.55673
3119.0,78.02716
3120.0,66.10226
3121.0,62.41334
3122.0,60.92431
3123.0,60.89482
3124.0,62.25402
3125.0,71.17951
3126.0,77.65523
3127.0,57.79297
3128.0,21.4787
3129.0,9.41528
3130.0,1.96395
3131.0,0.39178
3132.0,-0.14977
3133.0,-0.14165
3134.0,-0.61068
3135.0,0.15543
3136.0,4.26261
3137.0,18.30177
3138.0,68.21739
3139.0,91.59579
3140.0,103.39819
3141.0,87.54878
3142.0,78.80217
3143.0,72.91543
3144.0,71.66592
3145.0,69.39049
3146.0,66.59271
3147.0,67.43376
3148.0,71.59935
3149.0,85.12647
3150.0,84.09398
3151.0,57.63732
3152.0,22.29462
3153.0,8.29629
3154.0,0.98292
3155.0,1.87671
3156.0,3.76977
3157.0,6.74666
3158.0,8.52804
3159.0,11.34873
3160.0,14.77332
3161.0,31.24196
3162.0,74.98127
3163.0,97.3661
3164.0,110.6282
3165.0,94.01346
3166.0,85.28579
3167.0,79.39294
3168.0,73.76596
3169.0,71.94556
3170.0,67.11572
3171.0,65.38185
3172.0,69.74928
3173.0,78.38744
3174.0,76.87066
3175.0,47.5389
3176.0,19.25763
3177.0,11.71081
3178.0,11.4025
3179.0,10.44692
3180.0,14.31217
3181.0,14.79356
3182.0,23.20546
3183.0,29.95454
3184.0,35.90612
3185.0,56.4296
3186.0,80.09906
3187.0,104.73206
3188.0,110.55087
3189.0,94.20299
3190.0,76.75749
3191.0,70.78429
3192.0,65.97964
3193.0,65.69021
3194.0,66.65454
3195.0,64.92185
3196.0,67.27063
3197.0,70.28589
3198.0,68.7622
3199.0,32.98543
3200.0,14.1668
3201.0,9.04861
3202.0,8.27149
3203.0,9.98426
3204.0,14.94923
3205.0,19.7537
3206.0,26.55228
3207.0,40.03225
3208.0,56.012
3209.0,72.72351
3210.0,90.49961
3211.0,118.0901
3212.0,120.65987
3213.0,100.55228
3214.0,86.18301
3215.0,72.98808
3216.0,71.88043
3217.0,79.14
3218.0,72.67
3219.0,73.5039
3220.0,68.4007
3221.0,72.02691
3222.0,65.20247
3223.0,36.59543
3224.0,18.29258
3225.0,12.46281
3226.0,12.89102
3227.0,14.91949
3228.0,18.63914
3229.0,20.25384
3230.0,29.13885
3231.0,40.43957
3232.0,46.44471
3233.0,61.48361
3234.0,81.63653
3235.0,107.67397
3236.0,110.33897
3237.0,89.29469
3238.0,76.71247
3239.0,68.21984
3240.0,66.95219
3241.0,65.42991
3242.0,63.20425
3243.0,64.08307
3244.0,65.79945
3245.0,72.90734
3246.0,71.43921
3247.0,34.98924
3248.0,9.29377
3249.0,7.53343
3250.0,6.58178
3251.0,8.32643
3252.0,9.30563
3253.0,11.09638
3254.0,17.4369
3255.0,23.0969
3256.0,29.26597
3257.0,58.3272
3258.0,88.11927
3259.0,112.40518
3260.0,113.19057
3261.0,93.43607
3262.0,77.54864
3263.0,70.00622
3264.0,63.47117
3265.0,66.13514
3266.0,65.05054
3267.0,65.44763
3268.0,70.16675
3269.0,75.07881
3270.0,76.71586
3271.0,46.86795
3272.0,18.5869
3273.0,12.37954
3274.0,11.77198
3275.0,13.37286
3276.0,17.68309
3277.0,22.1724
3278.0,25.34825
3279.0,32.15691
3280.0,36.25909
3281.0,56.63524
3282.0,87.56005
3283.0,122.29272
3284.0,120.29413
3285.0,98.72013
3286.0,79.56667
3287.0,70.20399
3288.0,63.92833
3289.0,62.94341
3290.0,63.80248
3291.0,63.14755
3292.0,65.98599
3293.0,73.87859
3294.0,79.09494
3295.0,48.71364
3296.0,17.01278
3297.0,18.59542
3298.0,17.90337
3299.0,26.52698
3300.0,29.09968
3301.0,34.21984
3302.0,38.57341
3303.0,41.2555
3304.0,41.3565
3305.0,70.59843
3306.0,99.80182
3307.0,135.42896
3308.0,126.45572
3309.0,101.90509
3310.0,82.01798
3311.0,76.73914
3312.0,77.87904
3313.0,77.03122
3314.0,74.88857
3315.0,72.30989
3316.0,75.77956
3317.0,84.31535
3318.0,78.936
3319.0,53.69833
3320.0,21.45918
3321.0,10.85867
3322.0,10.10698
3323.0,7.88091
3324.0,10.1773
3325.0,12.32396
3326.0,13.81532
3327.0,24.97951
3328.0,30.08576
3329.0,54.50774
3330.0,88.69654
3331.0,129.00656
3332.0,122.232
3333.0,103.22535
3334.0,85.22261
3335.0,77.11688
3336.0,66.90474
3337.0,66.69009
3338.0,69.19542
3339.0,65.91816
3340.0,70.48511
3341.0,74.88942
3342.0,74.17856
3343.0,45.56701
3344.0,24.59267
3345.0,14.7557
3346.0,14.87541
3347.0,11.77427
3348.0,14.02757
3349.0,11.77981
3350.0,11.18557
3351.0,22.65599
3352.0,26.87394
3353.0,46.98892
3354.0,74.57283
3355.0,117.87625
3356.0,119.64471
3357.0,104.08107
3358.0,85.68485
3359.0,80.80524
3360.0,86.27371
3361.0,82.08394
3362.0,83.64172
3363.0,79.54964
3364.0,83.98611
3365.0,89.411
3366.0,76.6993
3367.0,41.23889
3368.0,16.6326
3369.0,7.45817
3370.0,4.94254
3371.0,5.07417
3372.0,4.11383
3373.0,4.82275
3374.0,5.61215
3375.0,8.8128
3376.0,20.51298
3377.0,42.0175
3378.0,78.05477
3379.0,119.19164
3380.0,122.73194
3381.0,105.25395
3382.0,87.57529
3383.0,89.84203
3384.0,72.61198
3385.0,71.56567
3386.0,70.08354
3387.0,70.61917
3388.0,71.78784
3389.0,72.02522
3390.0,64.65966
3391.0,32.31045
3392.0,4.7156
3393.0,-0.00711
3394.0,-3.41309
3395.0,-3.38658
3396.0,-0.95929
3397.0,-4.1318
3398.0,-2.37356
3399.0,0.72172
3400.0,8.58552
3401.0,31.67219
3402.0,75.07229
3403.0,111.40465
3404.0,115.60131
3405.0,99.13539
3406.0,80.29278
3407.0,75.92002
3408.0,72.06906
3409.0,68.99689
3410.0,67.46318
3411.0,67.75255
3412.0,74.06266
3413.0,85.79724
3414.0,78.43209
3415.0,54.2268
3416.0,16.04701
3417.0,15.63764
3418.0,12.00005
3419.0,12.17245
3420.0,13.42685
3421.0,17.57058
3422.0,19.67789
3423.0,29.52164
3424.0,39.84099
3425.0,73.32441
3426.0,99.41
3427.0,127.46567
3428.0,128.23306
3429.0,104.03361
3430.0,92.07169
3431.0,79.79702
3432.0,72.20965
3433.0,71.85542
3434.0,70.47496
3435.0,69.68244
3436.0,72.63924
3437.0,88.1678
3438.0,84.23269
3439.0,65.64024
3440.0,56.02696
3441.0,54.14253
3442.0,38.63048
3443.0,37.65542
3444.0,42.43253
3445.0,48.46008
3446.0,55.98676
3447.0,67.12441
3448.0,67.35257
3449.0,82.61862
3450.0,104.24069
3451.0,149.19022
3452.0,147.39224
3453.0,113.70247
3454.0,95.53704
3455.0,83.70491
3456.0,80.17088
3457.0,79.23314
3458.0,77.72935
3459.0,77.08166
3460.0,80.61385
3461.0,89.55404
3462.0,86.59166
3463.0,71.27855
3464.0,64.58563
3465.0,61.14377
3466.0,59.0144
3467.0,49.93566
3468.0,51.80133
3469.0,59.36369
3470.0,64.47595
3471.0,70.60347
3472.0,77.52704
3473.0,87.78342
3474.0,119.95764
3475.0,157.95515
3476.0,156.10841
3477.0,122.08748
3478.0,101.28399
3479.0,87.37655
3480.0,82.66725
3481.0,82.90711
3482.0,78.23942
3483.0,74.08286
3484.0,78.82083
3485.0,87.78069
3486.0,96.95823
3487.0,73.76062
3488.0,68.09634
3489.0,64.24498
3490.0,62.84288
3491.0,60.50734
3492.0,60.70978
3493.0,63.74775
3494.0,62.756
3495.0,73.53442
3496.0,76.34768
3497.0,93.19798
3498.0,107.23276
3499.0,140.07835
3500.0,139.76616
3501.0,113.02871
3502.0,90.80077
3503.0,85.0
3504.0,82.33885
3505.0,80.43049
3506.0,78.71384
3507.0,77.91077
3508.0,80.2892
3509.0,87.70812
3510.0,83.98991
3511.0,68.15718
3512.0,58.43787
3513.0,43.87211
3514.0,40.77754
3515.0,33.19762
3516.0,34.33525
3517.0,37.49203
3518.0,41.47466
3519.0,54.20887
3520.0,65.82461
3521.0,73.44449
3522.0,95.18513
3523.0,120.11823
3524.0,120.64236
3525.0,106.33029
3526.0,84.40286
3527.0,79.21488
3528.0,70.20895
3529.0,69.15311
3530.0,69.66948
3531.0,69.65558
3532.0,70.89035
3533.0,68.11876
3534.0,63.32873
3535.0,33.74673
3536.0,14.54401
3537.0,10.30439
3538.0,4.10343
3539.0,0.95438
3540.0,1.37612
3541.0,1.31619
3542.0,2.12305
3543.0,4.74343
3544.0,17.76816
3545.0,39.49851
3546.0,69.83866
3547.0,96.9188
3548.0,101.45004
3549.0,90.24981
3550.0,76.84755
3551.0,72.85796
3552.0,67.87336
3553.0,63.20965
3554.0,60.57868
3555.0,60.45864
3556.0,60.23805
3557.0,60.32605
3558.0,42.25612
3559.0,4.8673
3560.0,-0.00435
3561.0,-0.01039
3562.0,-3.02985
3563.0,-3.22501
3564.0,-5.10466
3565.0,-5.05521
3566.0,-3.21849
3567.0,-0.01003
3568.0,-0.04338
3569.0,13.00998
3570.0,44.74054
3571.0,82.75532
3572.0,90.30073
3573.0,80.58954
3574.0,72.94231
3575.0,68.10245
3576.0,59.16166
3577.0,57.13574
3578.0,53.28215
3579.0,52.55282
3580.0,53.57555
3581.0,52.47799
3582.0,36.60087
3583.0,0.0
3584.0,-0.01002
3585.0,-0.01039
3586.0,-0.01012
3587.0,-0.01011
3588.0,-0.01016
3589.0,-0.01005
3590.0,-0.01
3591.0,-0.00953
3592.0,0.39753
3593.0,14.88795
3594.0,55.68743
3595.0,86.3341
3596.0,94.70931
3597.0,86.39331
3598.0,77.34545
3599.0,71.5111
3600.0,66.1858
3601.0,65.06083
3602.0,61.63888
3603.0,61.45708
3604.0,66.47145
3605.0,71.1415
3606.0,71.35615
3607.0,51.27176
3608.0,40.58038
3609.0,42.53212
3610.0,38.26936
3611.0,43.19555
3612.0,42.03004
3613.0,45.61329
3614.0,51.42418
3615.0,58.13841
3616.0,60.8398
3617.0,69.34154
3618.0,85.67476
3619.0,119.22895
3620.0,130.88815
3621.0,107.27039
3622.0,85.35085
3623.0,81.25752
3624.0,71.41072
3625.0,70.82227
3626.0,70.14594
3627.0,70.16766
3628.0,71.95526
3629.0,86.2168
3630.0,82.73503
3631.0,65.9927
3632.0,48.71078
3633.0,41.64595
3634.0,41.88654
3635.0,47.15233
3636.0,60.72588
3637.0,68.36792
3638.0,72.15134
3639.0,71.68403
3640.0,74.92525
3641.0,80.81906
3642.0,97.04146
3643.0,130.8461
3644.0,126.42707
3645.0,106.53607
3646.0,86.20504
3647.0,79.19356
3648.0,76.65491
3649.0,73.17022
3650.0,70.08955
3651.0,69.19225
3652.0,74.33769
3653.0,82.16799
3654.0,81.8508
3655.0,63.67022
3656.0,53.26336
3657.0,46.22062
3658.0,49.87841
3659.0,56.86096
3660.0,56.24644
3661.0,60.1077
3662.0,61.1495
3663.0,67.11785
3664.0,71.62619
3665.0,79.15955
3666.0,90.35521
3667.0,122.9286
3668.0,111.63721
3669.0,96.99513
3670.0,78.66642
3671.0,74.70403
3672.0,73.15335
3673.0,71.9379
3674.0,67.57845
3675.0,67.14281
3676.0,70.18653
3677.0,77.16072
3678.0,77.7695
3679.0,52.39988
3680.0,33.90217
3681.0,24.17022
3682.0,20.86629
3683.0,17.09318
3684.0,30.82145
3685.0,23.4717
3686.0,32.44079
3687.0,56.92789
3688.0,62.78739
3689.0,73.44712
3690.0,84.35467
3691.0,104.86398
3692.0,110.98011
3693.0,101.34579
3694.0,83.62253
3695.0,78.2445
3696.0,72.53792
3697.0,72.48615
3698.0,67.64667
3699.0,65.45944
3700.0,69.19155
3701.0,71.46261
3702.0,65.32507
3703.0,32.14968
3704.0,23.22422
3705.0,17.51464
3706.0,9.64846
3707.0,5.55311
3708.0,9.00999
3709.0,11.88304
3710.0,15.94516
3711.0,32.03306
3712.0,40.31411
3713.0,58.62476
3714.0,74.58994
3715.0,95.25091
3716.0,104.62144
3717.0,101.6
3718.0,79.99623
3719.0,74.50292
3720.0,72.14878
3721.0,71.9122
3722.0,69.41506
3723.0,65.66836
3724.0,64.59822
3725.0,65.53331
3726.0,51.5385
3727.0,12.28348
3728.0,4.22068
3729.0,0.9283
3730.0,-1.73739
3731.0,-5.35904
3732.0,-5.3416
3733.0,-4.36158
3734.0,-0.51239
3735.0,5.30314
3736.0,22.56604
3737.0,47.51074
3738.0,74.22432
3739.0,104.80198
3740.0,111.89843
3741.0,98.10486
3742.0,81.79157
3743.0,73.03757
3744.0,72.42029
3745.0,68.79632
3746.0,65.2697
3747.0,62.70015
3748.0,66.38985
3749.0,78.69276
3750.0,74.35739
3751.0,46.48825
3752.0,34.12661
3753.0,23.61326
3754.0,24.94173
3755.0,32.44972
3756.0,37.368
3757.0,41.46813
3758.0,40.47527
3759.0,54.97239
3760.0,58.9314
3761.0,70.54993
3762.0,87.72412
3763.0,119.1697
3764.0,117.93442
3765.0,106.55156
3766.0,82.9842
3767.0,79.9753
3768.0,79.73585
3769.0,75.20433
3770.0,71.99642
3771.0,70.45886
3772.0,75.13527
3773.0,89.6298
3774.0,80.86888
3775.0,55.63994
3776.0,38.38292
3777.0,38.83046
3778.0,41.51902
3779.0,46.42598
3780.0,59.91241
3781.0,68.4895
3782.0,68.21075
3783.0,75.13635
3784.0,77.49
3785.0,86.15947
3786.0,102.91629
3787.0,128.54604
3788.0,121.86593
3789.0,106.80745
3790.0,87.00017
3791.0,84.51582
3792.0,82.05895
3793.0,78.08876
3794.0,78.86928
3795.0,76.34725
3796.0,81.10981
3797.0,91.94846
3798.0,85.66394
3799.0,51.00158
3800.0,43.23342
3801.0,42.57943
3802.0,47.62164
3803.0,52.68707
3804.0,67.15619
3805.0,69.0087
3806.0,73.52495
3807.0,79.98577
3808.0,84.89757
3809.0,94.93709
3810.0,114.66567
3811.0,151.00615
3812.0,129.76387
3813.0,112.43754
3814.0,96.70293
3815.0,88.08975
3816.0,82.29368
3817.0,79.19537
3818.0,77.48158
3819.0,77.87424
3820.0,84.23324
3821.0,91.8195
3822.0,86.98608
3823.0,63.54873
3824.0,59.40177
3825.0,62.91525
3826.0,60.72552
3827.0,69.92087
3828.0,76.03141
3829.0,79.19769
3830.0,80.08712
3831.0,89.94677
3832.0,91.36449
3833.0,99.27834
3834.0,124.44053
3835.0,167.81073
3836.0,140.83206
3837.0,120.94112
3838.0,93.37045
3839.0,85.64626
3840.0,84.47216
3841.0,75.89608
3842.0,71.24952
3843.0,73.01801
3844.0,81.86163
3845.0,87.7234
3846.0,91.02577
3847.0,63.50641
3848.0,58.83534
3849.0,59.08132
3850.0,62.72485
3851.0,66.90901
3852.0,71.63954
3853.0,81.8205
3854.0,83.69461
3855.0,100.38573
3856.0,109.56251
3857.0,122.99152
3858.0,157.17671
3859.0,246.78712
3860.0,164.2288
3861.0,131.15279
3862.0,96.99364
3863.0,87.663
3864.0,101.41317
3865.0,82.05941
3866.0,83.40623
3867.0,76.80028
3868.0,78.4859
3869.0,90.32127
3870.0,76.60626
3871.0,49.405
3872.0,39.82078
3873.0,38.40673
3874.0,39.69887
3875.0,54.4233
3876.0,68.00667
3877.0,71.97588
3878.0,78.02105
3879.0,79.55957
3880.0,79.70748
3881.0,85.96587
3882.0,109.37968
3883.0,142.8356
3884.0,121.11697
3885.0,106.50097
3886.0,89.20585
3887.0,89.01334
3888.0,81.56249
3889.0,79.22071
3890.0,74.3958
3891.0,70.22677
3892.0,69.66037
3893.0,81.83561
3894.0,60.77385
3895.0,15.77422
3896.0,2.48724
3897.0,2.58456
3898.0,2.43126
3899.0,4.54062
3900.0,9.73757
3901.0,18.49975
3902.0,30.19789
3903.0,54.03281
3904.0,59.15671
3905.0,61.40413
3906.0,82.62287
3907.0,105.41841
3908.0,107.07004
3909.0,102.92809
3910.0,82.85228
3911.0,83.25838
3912.0,82.03441
3913.0,73.30659
3914.0,76.1781
3915.0,74.81712
3916.0,74.15918
3917.0,82.73607
3918.0,70.38784
3919.0,31.08588
3920.0,19.97577
3921.0,15.86189
3922.0,16.89039
3923.0,19.48595
3924.0,22.04697
3925.0,26.75197
3926.0,37.07547
3927.0,49.77894
3928.0,55.99701
3929.0,62.15248
3930.0,77.49918
3931.0,110.08179
3932.0,109.57657
3933.0,95.29002
3934.0,76.98164
3935.0,78.63383
3936.0,73.9621
3937.0,70.60385
3938.0,72.24835
3939.0,72.1261
3940.0,74.71773
3941.0,83.03831
3942.0,72.53872
3943.0,34.99978
3944.0,21.54623
3945.0,21.88494
3946.0,25.31964
3947.0,38.04546
3948.0,50.595
3949.0,59.67864
3950.0,68.52146
3951.0,71.7918
3952.0,67.48905
3953.0,74.94007
3954.0,95.00621
3955.0,121.97839
3956.0,115.15912
3957.0,98.13614
3958.0,78.88109
3959.0,80.34673
3960.0,75.9496
3961.0,70.52053
3962.0,68.68121
3963.0,66.76546
3964.0,68.09491
3965.0,75.95187
3966.0,77.94813
3967.0,48.50743
3968.0,30.90189
3969.0,30.88191
3970.0,33.88702
3971.0,50.18719
3972.0,61.67642
3973.0,62.21946
3974.0,64.73196
3975.0,71.82744
3976.0,76.05217
3977.0,80.31916
3978.0,107.54578
3979.0,132.8548
3980.0,112.51491
3981.0,99.82014
3982.0,79.40436
3983.0,74.93283
3984.0,69.87746
3985.0,66.80191
3986.0,64.78436
3987.0,65.72301
3988.0,69.05218
3989.0,70.96786
3990.0,71.71157
3991.0,49.12977
3992.0,41.57385
3993.0,38.89457
3994.0,39.08287
3995.0,44.10115
3996.0,53.97767
3997.0,56.61536
3998.0,58.13867
3999.0,61.87928
4000.0,62.40896
4001.0,69.47911
4002.0,85.27358
4003.0,111.55734
4004.0,101.91335
4005.0,91.04228
4006.0,72.11209
4007.0,68.21642
4008.0,75.91635
4009.0,66.88465
4010.0,64.09964
4011.0,64.13242
4012.0,66.61848
4013.0,71.20881
4014.0,72.03334
4015.0,48.19291
4016.0,37.14326
4017.0,35.66436
4018.0,35.58725
4019.0,34.95501
4020.0,35.61274
4021.0,38.0
4022.0,42.64426
4023.0,48.9676
4024.0,53.22641
4025.0,58.65002
4026.0,71.38255
4027.0,94.67403
4028.0,97.41479
4029.0,91.57356
4030.0,71.37114
4031.0,70.21169
4032.0,73.02862
4033.0,63.66571
4034.0,61.54206
4035.0,60.80475
4036.0,61.66415
4037.0,61.83617
4038.0,54.22662
4039.0,15.0712
4040.0,4.11149
4041.0,1.44868
4042.0,0.0
4043.0,0.0
4044.0,0.0
4045.0,-0.00979
4046.0,0.0
4047.0,0.0
4048.0,13.74408
4049.0,28.30897
4050.0,60.87646
4051.0,85.45783
4052.0,91.7689
4053.0,83.5626
4054.0,70.57438
4055.0,62.87812
4056.0,60.10999
4057.0,58.32488
4058.0,56.62172
4059.0,55.41187
4060.0,55.37858
4061.0,55.39091
4062.0,39.41047
4063.0,-0.00966
4064.0,-0.00989
4065.0,-0.00988
4066.0,-0.00996
4067.0,-0.00989
4068.0,-0.00989
4069.0,-0.00959
4070.0,-0.00949
4071.0,0.12091
4072.0,6.6971
4073.0,30.3002
4074.0,64.90071
4075.0,88.27111
4076.0,96.58143
4077.0,83.51794
4078.0,67.59625
4079.0,63.14092
4080.0,66.83325
4081.0,64.2522
4082.0,63.85589
4083.0,65.11813
4084.0,67.85232
4085.0,70.63248
4086.0,69.47787
4087.0,26.24553
4088.0,12.45121
4089.0,12.15726
4090.0,13.12572
4091.0,17.43758
4092.0,21.72927
4093.0,25.4178
4094.0,42.41886
4095.0,52.88825
4096.0,58.67168
4097.0,70.8437
4098.0,101.26
4099.0,139.7622
4100.0,125.41
4101.0,102.79
4102.0,79.52674
4103.0,71.9354
4104.0,73.17007
4105.0,71.11278
4106.0,67.36484
4107.0,65.45023
4108.0,69.65853
4109.0,70.32606
4110.0,73.22973
4111.0,53.60039
4112.0,36.89771
4113.0,34.20281
4114.0,34.60824
4115.0,39.80904
4116.0,47.42361
4117.0,48.12311
4118.0,48.41882
4119.0,53.93789
4120.0,56.49614
4121.0,55.60305
4122.0,84.60281
4123.0,128.3535
4124.0,133.73985
4125.0,110.91235
4126.0,84.54478
4127.0,75.88919
4128.0,78.61665
4129.0,74.1503
4130.0,68.3796
4131.0,66.03222
4132.0,68.76919
4133.0,71.65235
4134.0,68.54696
4135.0,56.44155
4136.0,54.36021
4137.0,53.87142
4138.0,54.55476
4139.0,52.54213
4140.0,57.55799
4141.0,60.8237
4142.0,66.07623
4143.0,73.35864
4144.0,81.7474
4145.0,87.14517
4146.0,105.13461
4147.0,141.05827
4148.0,129.6357
4149.0,105.09385
4150.0,85.65866
4151.0,75.01815
4152.0,76.14807
4153.0,72.39894
4154.0,68.90213
4155.0,71.55723
4156.0,74.87952
4157.0,81.22111
4158.0,71.96751
4159.0,57.56646
4160.0,47.83426
4161.0,47.32335
4162.0,51.35328
4163.0,56.71726
4164.0,59.42486
4165.0,60.60413
4166.0,66.85289
4167.0,73.83858
4168.0,76.59927
4169.0,78.04886
4170.0,106.01557
4171.0,154.16391
4172.0,148.77405
4173.0,113.56593
4174.0,80.67984
4175.0,74.39031
4176.0,66.58771
4177.0,70.74992
4178.0,66.94023
4179.0,63.94506
4180.0,66.19165
4181.0,68.99347
4182.0,68.93206
4183.0,51.42424
4184.0,45.08212
4185.0,42.10881
4186.0,45.33629
4187.0,52.12025
4188.0,59.48854
4189.0,64.51392
4190.0,65.2115
4191.0,71.68424
4192.0,74.47004
4193.0,77.7352
4194.0,100.62281
4195.0,136.09734
4196.0,121.51331
4197.0,98.25678
4198.0,78.35356
4199.0,72.14644
4200.0,69.17826
4201.0,68.73377
4202.0,65.99849
4203.0,68.06311
4204.0,67.24811
4205.0,73.55393
4206.0,59.73408
4207.0,41.98951
4208.0,37.28461
4209.0,36.05942
4210.0,40.24505
4211.0,50.49713
4212.0,52.07798
4213.0,53.87136
4214.0,61.14546
4215.0,68.7853
4216.0,71.54234
4217.0,83.69842
4218.0,100.0385
4219.0,122.61602
4220.0,113.48739
4221.0,95.74982
4222.0,75.19119
4223.0,67.3141
4224.0,69.91458
4225.0,67.57655
4226.0,67.32504
4227.0,64.91831
4228.0,66.72682
4229.0,69.1856
4230.0,61.09034
4231.0,39.39199
4232.0,27.1629
4233.0,28.84072
4234.0,33.58781
4235.0,43.71102
4236.0,46.67516
4237.0,56.03234
4238.0,58.85978
4239.0,65.17018
4240.0,69.62149
4241.0,79.4357
4242.0,103.40399
4243.0,141.84296
4244.0,125.36013
4245.0,98.27372
4246.0,73.30479
4247.0,67.95906
4248.0,64.95188
4249.0,64.65137
4250.0,61.71022
4251.0,61.01194
4252.0,64.11171
4253.0,68.7276
4254.0,70.67721
4255.0,52.83562
4256.0,48.08524
4257.0,42.46598
4258.0,53.21711
4259.0,56.1734
4260.0,63.72291
4261.0,68.23772
4262.0,76.05182
4263.0,91.56303
4264.0,95.24414
4265.0,106.02567
4266.0,124.49354
4267.0,162.0601
4268.0,127.76099
4269.0,104.19668
4270.0,83.02333
4271.0,71.62737
4272.0,69.85056
4273.0,67.59911
4274.0,64.77167
4275.0,63.35355
4276.0,62.25828
4277.0,71.58649
4278.0,68.38
4279.0,54.48972
4280.0,48.62485
4281.0,50.53697
4282.0,52.12749
4283.0,51.94841
4284.0,55.17592
4285.0,59.03088
4286.0,61.81306
4287.0,66.14553
4288.0,73.20857
4289.0,86.26995
4290.0,111.68
4291.0,136.92287
4292.0,115.20394
4293.0,95.21846
4294.0,75.06148
4295.0,70.25524
4296.0,70.30072
4297.0,65.30655
4298.0,61.90515
4299.0,61.72372
4300.0,62.14228
4301.0,67.93321
4302.0,65.24351
4303.0,51.66513
4304.0,43.63089
4305.0,42.33195
4306.0,46.90117
4307.0,48.39442
4308.0,52.79304
4309.0,54.68059
4310.0,55.68307
4311.0,59.29267
4312.0,64.35382
4313.0,68.72723
4314.0,83.37387
4315.0,107.08567
4316.0,97.77579
4317.0,84.26277
4318.0,69.1034
4319.0,68.98715
4320.0,66.3245
4321.0,65.65152
4322.0,63.05197
4323.0,61.0752
4324.0,61.42275
4325.0,71.6487
4326.0,63.67088
4327.0,53.75272
4328.0,38.90416
4329.0,34.86106
4330.0,37.4548
4331.0,45.97012
4332.0,50.02506
4333.0,50.75513
4334.0,52.86524
4335.0,54.98938
4336.0,55.14913
4337.0,65.43462
4338.0,79.94749
4339.0,98.12717
4340.0,93.97903
4341.0,83.72888
4342.0,69.39749
4343.0,68.31327
4344.0,74.03661
4345.0,64.62462
4346.0,63.8003
4347.0,60.45964
4348.0,61.76922
4349.0,68.46814
4350.0,61.93639
4351.0,48.44462
4352.0,42.02282
4353.0,37.65844
4354.0,39.5611
4355.0,39.24274
4356.0,42.68349
4357.0,44.87523
4358.0,47.15501
4359.0,47.1371
4360.0,51.04511
4361.0,59.77206
4362.0,76.11793
4363.0,93.53107
4364.0,91.80978
4365.0,83.78191
4366.0,70.45908
4367.0,63.01736
4368.0,62.63137
4369.0,59.42891
4370.0,57.88291
4371.0,54.8233
4372.0,55.12615
4373.0,56.61749
4374.0,56.52389
4375.0,37.81
4376.0,22.67513
4377.0,20.35
4378.0,17.63441
4379.0,16.9539
4380.0,19.91302
4381.0,25.0042
4382.0,28.46586
4383.0,38.41029
4384.0,36.54003
4385.0,49.11715
4386.0,61.67276
4387.0,84.79603
4388.0,87.10423
4389.0,78.14931
4390.0,61.6122
4391.0,56.38344
4392.0,52.67025
4393.0,52.62
4394.0,50.85
4395.0,50.85
4396.0,50.85
4397.0,51.81755
4398.0,45.32355
4399.0,7.50316
4400.0,-0.67054
4401.0,-0.96841
4402.0,-0.86591
4403.0,-0.71589
4404.0,-0.24993
4405.0,1.52916
4406.0,3.86497
4407.0,6.72775
4408.0,12.26052
4409.0,31.60946
4410.0,54.10074
4411.0,78.17005
4412.0,85.99286
4413.0,78.59131
4414.0,62.60632
4415.0,60.93144
4416.0,47.30078
4417.0,49.47409
4418.0,47.29875
4419.0,46.43245
4420.0,46.70348
4421.0,49.26539
4422.0,45.06053
4423.0,6.02048
4424.0,0.19127
4425.0,-1.19499
4426.0,-0.49622
4427.0,-0.30688
4428.0,0.2351
4429.0,2.20721
4430.0,3.97321
4431.0,11.79288
4432.0,17.2494
4433.0,39.46023
4434.0,58.29675
4435.0,74.38636
4436.0,81.7086
4437.0,73.83863
4438.0,60.02039
4439.0,57.53862
4440.0,51.53461
4441.0,49.45082
4442.0,48.11314
4443.0,48.21448
4444.0,48.55895
4445.0,53.53089
4446.0,60.90108
4447.0,49.91872
4448.0,37.56424
4449.0,33.58652
4450.0,32.51212
4451.0,35.7157
4452.0,35.98348
4453.0,37.51431
4454.0,39.43681
4455.0,47.9082
4456.0,50.56777
4457.0,54.06056
4458.0,66.92777
4459.0,89.24781
4460.0,93.63629
4461.0,87.61681
4462.0,65.0
4463.0,60.0
4464.0,53.9349
4465.0,52.54811
4466.0,50.10938
4467.0,47.8935
4468.0,50.60975
4469.0,54.45433
4470.0,61.1077
4471.0,46.64559
4472.0,38.01931
4473.0,34.1538
4474.0,33.13821
4475.0,35.70205
4476.0,38.00738
4477.0,43.74396
4478.0,45.60777
4479.0,46.80461
4480.0,47.90564
4481.0,54.28642
4482.0,66.53542
4483.0,84.7236
4484.0,87.19265
4485.0,80.44079
4486.0,62.42
4487.0,58.02338
4488.0,57.95923
4489.0,51.76965
4490.0,50.34051
4491.0,49.8386
4492.0,50.44751
4493.0,54.48277
4494.0,58.40242
4495.0,47.32883
4496.0,39.20338
4497.0,38.95137
4498.0,37.45704
4499.0,37.90343
4500.0,42.02613
4501.0,46.06336
4502.0,46.35031
4503.0,51.63012
4504.0,53.53326
4505.0,59.47241
4506.0,72.59433
4507.0,88.67801
4508.0,89.71101
4509.0,79.41008
4510.0,61.16785
4511.0,59.87622
4512.0,61.92855
4513.0,55.27735
4514.0,54.10302
4515.0,53.28652
4516.0,54.21274
4517.0,58.52238
4518.0,58.80017
4519.0,49.93635
4520.0,43.33209
4521.0,41.34481
4522.0,40.53923
4523.0,44.4799
4524.0,46.97021
4525.0,49.30393
4526.0,50.02099
4527.0,50.24419
4528.0,52.87846
4529.0,63.98379
4530.0,79.34843
4531.0,95.48906
4532.0,91.67164
4533.0,83.82185
4534.0,64.74817
4535.0,61.78302
4536.0,65.89955
4537.0,58.44121
4538.0,59.45205
4539.0,57.08533
4540.0,58.8999
4541.0,62.87189
4542.0,57.42625
4543.0,38.10951
4544.0,30.39272
4545.0,27.44013
4546.0,32.45913
4547.0,35.68641
4548.0,41.63523
4549.0,44.60276
4550.0,49.9609
4551.0,50.58711
4552.0,52.32195
4553.0,57.26157
4554.0,75.50884
4555.0,97.57711
4556.0,92.84672
4557.0,82.63238
4558.0,66.02752
4559.0,66.91133
4560.0,60.87993
4561.0,57.352
4562.0,56.89127
4563.0,55.31498
4564.0,58.56171
4565.0,58.44101
4566.0,57.27304
4567.0,31.89933
4568.0,23.24559
4569.0,20.58937
4570.0,25.80929
4571.0,36.14759
4572.0,39.85094
4573.0,44.58294
4574.0,50.51221
4575.0,51.45592
4576.0,53.0071
4577.0,61.87081
4578.0,85.5199
4579.0,108.19086
4580.0,96.70842
4581.0,85.79659
4582.0,68.7522
4583.0,63.9211
4584.0,63.92729
4585.0,60.60016
4586.0,58.31033
4587.0,58.38834
4588.0,59.97879
4589.0,65.15547
4590.0,75.33077
4591.0,59.32285
4592.0,51.45078
4593.0,51.54977
4594.0,53.09039
4595.0,58.4622
4596.0,57.46912
4597.0,63.32722
4598.0,74.50192
4599.0,82.26798
4600.0,86.6409
4601.0,91.96471
4602.0,120.15346
4603.0,179.60942
4604.0,143.84756
4605.0,101.90652
4606.0,79.27192
4607.0,74.74944
4608.0,68.2848
4609.0,66.78849
4610.0,63.81246
4611.0,63.65415
4612.0,64.12583
4613.0,72.95014
4614.0,76.24471
4615.0,57.90562
4616.0,53.94791
4617.0,51.42583
4618.0,52.89407
4619.0,54.16689
4620.0,55.89759
4621.0,58.38731
4622.0,65.77826
4623.0,71.94067
4624.0,77.53755
4625.0,82.26956
4626.0,110.39357
4627.0,134.60823
4628.0,113.93172
4629.0,93.65247
4630.0,73.01467
4631.0,70.82101
4632.0,68.84575
4633.0,66.69058
4634.0,65.2492
4635.0,64.90966
4636.0,64.76807
4637.0,70.23923
4638.0,77.79885
4639.0,60.20236
4640.0,54.7676
4641.0,53.13812
4642.0,55.09751
4643.0,56.41681
4644.0,56.69836
4645.0,58.19711
4646.0,62.12409
4647.0,69.57389
4648.0,75.8159
4649.0,82.00401
4650.0,99.36386
4651.0,125.81235
4652.0,112.46133
4653.0,95.77335
4654.0,74.37332
4655.0,69.94437
4656.0,71.17832
4657.0,66.0313
4658.0,64.27476
4659.0,63.94271
4660.0,63.38784
4661.0,67.10493
4662.0,80.25389
4663.0,58.55235
4664.0,54.20582
4665.0,53.27335
4666.0,54.36705
4667.0,54.74931
4668.0,59.30463
4669.0,64.24119
4670.0,71.61728
4671.0,80.10391
4672.0,76.1391
4673.0,75.11582
4674.0,96.24375
4675.0,108.45605
4676.0,94.80373
4677.0,93.82032
4678.0,74.94104
4679.0,62.16518
4680.0,75.08711
4681.0,69.26079
4682.0,67.37239
4683.0,65.58222
4684.0,66.09559
4685.0,70.05202
4686.0,80.56594
4687.0,59.59219
4688.0,54.67026
4689.0,54.08577
4690.0,57.0658
4691.0,59.70091
4692.0,64.36798
4693.0,74.9596
4694.0,74.18589
4695.0,72.47002
4696.0,81.17019
4697.0,89.06873
4698.0,93.34616
4699.0,131.16109
4700.0,101.54581
4701.0,100.17301
4702.0,89.08088
4703.0,79.07438
4704.0,72.9378
4705.0,70.10708
4706.0,66.96124
4707.0,64.6328
4708.0,65.38384
4709.0,69.35698
4710.0,73.61295
4711.0,54.29524
4712.0,48.61285
4713.0,49.15641
4714.0,51.15238
4715.0,54.68286
4716.0,60.49252
4717.0,70.75672
4718.0,75.34193
4719.0,78.18798
4720.0,79.83543
4721.0,83.17916
4722.0,98.24684
4723.0,152.09921
4724.0,109.19616
4725.0,102.12396
4726.0,84.15851
4727.0,76.43498
4728.0,70.33307
4729.0,69.7386
4730.0,68.62987
4731.0,66.52836
4732.0,67.1652
4733.0,67.00303
4734.0,64.66699
4735.0,50.59554
4736.0,43.15746
4737.0,46.31518
4738.0,49.32156
4739.0,55.44563
4740.0,59.5949
4741.0,63.8959
4742.0,66.49593
4743.0,73.91398
4744.0,78.77374
4745.0,79.09761
4746.0,86.65392
4747.0,122.32226
4748.0,105.21866
4749.0,93.52325
4750.0,76.65341
4751.0,70.2272
4752.0,74.1466
4753.0,69.27665
4754.0,67.67053
4755.0,65.94004
4756.0,66.11231
4757.0,70.28919
4758.0,83.7678
4759.0,64.14436
4760.0,61.02703
4761.0,61.02825
4762.0,60.9706
4763.0,64.28735
4764.0,70.82562
4765.0,76.87392
4766.0,79.4577
4767.0,77.78157
4768.0,84.47959
4769.0,97.13952
4770.0,109.69114
4771.0,154.48676
4772.0,115.70164
4773.0,105.48537
4774.0,86.09669
4775.0,80.19242
4776.0,81.4302
4777.0,73.92135
4778.0,73.31661
4779.0,70.25192
4780.0,71.76196
4781.0,73.6895
4782.0,90.82046
4783.0,66.07381
4784.0,60.79273
4785.0,61.20245
4786.0,63.53504
4787.0,68.73314
4788.0,72.29604
4789.0,76.56284
4790.0,80.567
4791.0,86.887
4792.0,88.82915
4793.0,97.86408
4794.0,116.80611
4795.0,160.26158
4796.0,128.81293
4797.0,110.96493
4798.0,88.34907
4799.0,85.79395
4800.0,79.15563
4801.0,75.72471
4802.0,74.92148
4803.0,72.19243
4804.0,71.83369
4805.0,72.58383
4806.0,81.33259
4807.0,64.33044
4808.0,59.74474
4809.0,61.00235
4810.0,62.52328
4811.0,65.24204
4812.0,69.07258
4813.0,79.20838
4814.0,84.7261
4815.0,88.26544
4816.0,95.16927
4817.0,105.28152
4818.0,124.58342
4819.0,169.59239
4820.0,127.79301
4821.0,112.63592
4822.0,86.3812
4823.0,84.28589
4824.0,79.33955
4825.0,75.0069
4826.0,71.27064
4827.0,70.58618
4828.0,71.43215
4829.0,73.31782
4830.0,85.35796
4831.0,64.1156
4832.0,59.47162
4833.0,59.20297
4834.0,61.00118
4835.0,62.72233
4836.0,67.69383
4837.0,69.32831
4838.0,80.38814
4839.0,84.68296
4840.0,83.8477
4841.0,92.27274
4842.0,110.53
4843.0,142.87904
4844.0,117.45536
4845.0,109.20082
4846.0,82.52093
4847.0,83.80305
4848.0,79.04206
4849.0,77.58917
4850.0,75.32072
4851.0,74.46052
4852.0,75.41803
4853.0,77.03472
4854.0,86.50545
4855.0,62.9526
4856.0,56.10543
4857.0,56.71674
4858.0,60.07684
4859.0,62.29522
4860.0,65.47041
4861.0,69.69231
4862.0,74.67534
4863.0,79.21394
4864.0,88.11505
4865.0,91.14012
4866.0,102.42468
4867.0,127.78714
4868.0,117.43188
4869.0,108.19483
4870.0,86.45777
4871.0,80.50799
4872.0,80.11397
4873.0,78.52157
4874.0,76.19556
4875.0,75.88829
4876.0,75.87931
4877.0,76.65516
4878.0,80.55646
4879.0,59.98679
4880.0,47.31869
4881.0,45.53495
4882.0,49.50501
4883.0,54.77791
4884.0,62.59483
4885.0,63.70713
4886.0,68.21241
4887.0,70.83275
4888.0,73.52721
4889.0,83.03144
4890.0,104.40365
4891.0,126.92746
4892.0,109.50966
4893.0,100.60118
4894.0,87.09637
4895.0,82.35268
4896.0,84.47764
4897.0,78.92403
4898.0,77.65594
4899.0,75.81957
4900.0,77.88091
4901.0,77.26301
4902.0,78.48551
4903.0,64.88562
4904.0,51.34494
4905.0,48.84285
4906.0,51.60744
4907.0,57.61068
4908.0,61.83821
4909.0,63.70632
4910.0,66.81097
4911.0,74.49
4912.0,80.29063
4913.0,90.47699
4914.0,109.48177
4915.0,124.56
4916.0,110.72118
4917.0,105.39352
4918.0,87.36642
4919.0,83.77882
4920.0,80.51557
4921.0,76.38407
4922.0,74.57208
4923.0,73.17692
4924.0,73.62788
4925.0,76.26861
4926.0,93.29964
4927.0,72.51359
4928.0,67.96237
4929.0,67.1065
4930.0,66.8174
4931.0,67.76687
4932.0,73.21815
4933.0,81.80476
4934.0,92.68795
4935.0,96.99251
4936.0,101.56635
4937.0,116.5007
4938.0,131.09036
4939.0,158.48494
4940.0,127.5
4941.0,117.92804
4942.0,94.57155
4943.0,90.7312
4944.0,84.10182
4945.0,79.72072
4946.0,77.64953
4947.0,74.41876
4948.0,76.41686
4949.0,79.40913
4950.0,102.27027
4951.0,76.03837
4952.0,70.26744
4953.0,68.88248
4954.0,69.11572
4955.0,69.26903
4956.0,76.65505
4957.0,79.77647
4958.0,93.0
4959.0,96.08274
4960.0,102.88334
4961.0,117.6
4962.0,131.4
4963.0,151.75064
4964.0,126.97236
4965.0,121.31
4966.0,91.85123
4967.0,86.26352
4968.0,84.7282
4969.0,83.49597
4970.0,81.21667
4971.0,78.72524
4972.0,80.2993
4973.0,81.80712
4974.0,100.8625
4975.0,76.58697
4976.0,71.85229
4977.0,70.8821
4978.0,70.86982
4979.0,71.28381
4980.0,76.37713
4981.0,83.74316
4982.0,90.57
4983.0,99.28115
4984.0,102.72356
4985.0,121.99179
4986.0,136.22305
4987.0,164.66
4988.0,135.46379
4989.0,125.36845
4990.0,91.6809
4991.0,90.60849
4992.0,89.13815
4993.0,84.19223
4994.0,81.45429
4995.0,78.97764
4996.0,80.27639
4997.0,82.20222
4998.0,91.18374
4999.0,75.54399
5000.0,68.84055
5001.0,68.17283
5002.0,69.76757
5003.0,70.97336
5004.0,76.27959
5005.0,85.09077
5006.0,89.70683
5007.0,96.29262
5008.0,105.38059
5009.0,115.85489
5010.0,142.31049
5011.0,165.18509
5012.0,129.499
5013.0,123.39184
5014.0,94.72169
5015.0,87.96672
5016.0,94.63407
5017.0,83.73732
5018.0,80.31791
5019.0,77.19733
5020.0,77.92118
5021.0,80.43684
5022.0,92.25176
5023.0,71.8323
5024.0,69.83977
5025.0,68.93733
5026.0,68.85566
5027.0,70.28798
5028.0,81.19526
5029.0,85.73421
5030.0,93.45195
5031.0,109.44749
5032.0,117.84
5033.0,127.0
5034.0,142.55676
5035.0,164.74474
5036.0,136.67
5037.0,122.51274
5038.0,101.7595
5039.0,90.76262
5040.0,89.0
5041.0,85.42725
5042.0,85.31
5043.0,80.63234
5044.0,78.41297
5045.0,81.71767
5046.0,84.21379
5047.0,69.45749
5048.0,62.68152
5049.0,62.56128
5050.0,63.10975
5051.0,64.68039
5052.0,67.61985
5053.0,73.89443
5054.0,80.65047
5055.0,85.30897
5056.0,88.15555
5057.0,99.7246
5058.0,118.67078
5059.0,141.73
5060.0,120.94677
5061.0,112.70679
5062.0,96.44486
5063.0,91.86965
5064.0,88.36281
5065.0,86.39848
5066.0,84.45
5067.0,80.58784
5068.0,81.23981
5069.0,80.72225
5070.0,80.20157
5071.0,66.27453
5072.0,62.12306
5073.0,62.39686
5074.0,62.9758
5075.0,64.87775
5076.0,69.43053
5077.0,74.51607
5078.0,84.98507
5079.0,84.47786
5080.0,88.25
5081.0,91.24727
5082.0,104.74924
5083.0,128.4708
5084.0,114.75186
5085.0,108.88152
5086.0,92.93268
5087.0,90.10354
5088.0,84.21419
5089.0,81.04716
5090.0,78.13274
5091.0,76.31776
5092.0,78.48663
5093.0,82.93586
5094.0,98.99592
5095.0,77.2673
5096.0,71.10204
5097.0,70.68374
5098.0,71.47076
5099.0,76.41483
5100.0,83.7149
5101.0,90.11692
5102.0,92.91121
5103.0,90.10651
5104.0,97.11808
5105.0,116.26418
5106.0,120.03231
5107.0,156.06348
5108.0,128.1284
5109.0,119.33
5110.0,98.89286
5111.0,91.65966
5112.0,82.13411
5113.0,80.72335
5114.0,76.97892
5115.0,74.08402
5116.0,77.54856
5117.0,81.63
5118.0,94.27358
5119.0,75.48591
5120.0,68.4267
5121.0,67.51607
5122.0,68.78029
5123.0,71.43054
5124.0,76.23696
5125.0,81.76048
5126.0,88.26831
5127.0,90.82452
5128.0,92.29265
5129.0,103.71822
5130.0,117.02
5131.0,142.48322
5132.0,114.66685
5133.0,105.36467
5134.0,89.53025
5135.0,88.37436
5136.0,85.57178
5137.0,80.65729
5138.0,76.79161
5139.0,74.16734
5140.0,77.79878
5141.0,77.58674
5142.0,93.78447
5143.0,73.45098
5144.0,69.53519
5145.0,68.38813
5146.0,70.48027
5147.0,74.16567
5148.0,75.82069
5149.0,81.61537
5150.0,87.56216
5151.0,92.76814
5152.0,88.7813
5153.0,93.24635
5154.0,109.9051
5155.0,140.51349
5156.0,120.0
5157.0,106.12278
5158.0,90.26066
5159.0,87.15069
5160.0,81.9577
5161.0,79.00534
5162.0,76.88879
5163.0,75.47867
5164.0,79.40572
5165.0,80.31064
5166.0,89.34287
5167.0,75.88583
5168.0,70.57713
5169.0,70.12195
5170.0,72.78418
5171.0,76.34414
5172.0,82.65077
5173.0,89.48583
5174.0,92.10337
5175.0,98.24798
5176.0,104.99404
5177.0,117.66883
5178.0,136.04063
5179.0,154.40744
5180.0,123.68895
5181.0,112.71324
5182.0,93.96689
5183.0,89.25398
5184.0,86.3433
5185.0,82.45415
5186.0,79.32538
5187.0,78.93747
5188.0,80.96948
5189.0,84.21737
5190.0,92.45028
5191.0,78.77873
5192.0,73.29293
5193.0,72.40321
5194.0,72.57906
5195.0,75.66012
5196.0,81.10792
5197.0,88.60549
5198.0,93.66063
5199.0,98.73945
5200.0,93.31878
5201.0,114.10498
5202.0,132.19731
5203.0,144.7315
5204.0,123.6725
5205.0,114.54133
5206.0,99.81922
5207.0,94.07899
5208.0,87.02311
5209.0,83.50201
5210.0,82.5144
5211.0,82.16447
5212.0,82.78729
5213.0,82.17619
5214.0,82.72219
5215.0,71.87569
5216.0,65.43584
5217.0,63.78
5218.0,67.55672
5219.0,71.01
5220.0,70.89064
5221.0,75.70782
5222.0,77.70078
5223.0,81.81547
5224.0,85.82006
5225.0,90.95248
5226.0,108.58998
5227.0,122.0987
5228.0,108.9729
5229.0,110.51079
5230.0,98.70156
5231.0,92.05437
5232.0,83.92642
5233.0,82.5005
5234.0,78.95394
5235.0,78.11914
5236.0,82.11269
5237.0,80.73008
5238.0,85.1239
5239.0,70.84558
5240.0,60.37704
5241.0,57.56141
5242.0,61.52325
5243.0,68.45314
5244.0,71.98053
5245.0,75.75897
5246.0,76.95229
5247.0,75.7893
5248.0,86.75983
5249.0,91.16229
5250.0,103.218
5251.0,139.87389
5252.0,109.05644
5253.0,111.0263
5254.0,102.35996
5255.0,88.76112
5256.0,87.34231
5257.0,82.00703
5258.0,80.13038
5259.0,78.81711
5260.0,82.08834
5261.0,88.01846
5262.0,104.61706
5263.0,90.12027
5264.0,77.20613
5265.0,76.40941
5266.0,77.70371
5267.0,77.74
5268.0,80.55386
5269.0,89.16208
5270.0,89.64262
5271.0,89.18535
5272.0,103.30791
5273.0,118.32262
5274.0,135.93979
5275.0,170.12361
5276.0,137.9846
5277.0,131.11241
5278.0,108.6173
5279.0,93.8021
5280.0,82.83753
5281.0,78.46276
5282.0,76.99091
5283.0,75.62337
5284.0,77.69401
5285.0,81.32709
5286.0,104.80688
5287.0,84.58655
5288.0,74.0415
5289.0,75.33959
5290.0,74.61115
5291.0,72.49886
5292.0,73.98533
5293.0,75.05734
5294.0,76.5468
5295.0,85.11404
5296.0,89.01598
5297.0,103.88674
5298.0,113.39888
5299.0,154.62135
5300.0,127.9479
5301.0,120.27893
5302.0,98.5514
5303.0,90.75945
5304.0,89.69499
5305.0,83.68802
5306.0,81.80261
5307.0,80.96052
5308.0,82.75069
5309.0,87.20262
5310.0,100.36117
5311.0,81.43991
5312.0,74.19311
5313.0,72.49541
5314.0,73.00827
5315.0,69.059
5316.0,71.15702
5317.0,69.47923
5318.0,72.76942
5319.0,80.48289
5320.0,76.92248
5321.0,90.13138
5322.0,96.50398
5323.0,125.16812
5324.0,123.5196
5325.0,114.4884
5326.0,102.33791
5327.0,92.85885
5328.0,87.45886
5329.0,80.69193
5330.0,79.1631
5331.0,79.0036
5332.0,79.43287
5333.0,82.41844
5334.0,97.86725
5335.0,77.76767
5336.0,74.06297
5337.0,72.37928
5338.0,73.07551
5339.0,73.6611
5340.0,77.57638
5341.0,81.02847
5342.0,82.92649
5343.0,87.69861
5344.0,85.04929
5345.0,96.4511
5346.0,113.41224
5347.0,145.29807
5348.0,125.69407
5349.0,112.72
5350.0,106.0
5351.0,90.73627
5352.0,92.92306
5353.0,87.32171
5354.0,85.77707
5355.0,85.54016
5356.0,85.53239
5357.0,90.19336
5358.0,99.84774
5359.0,85.08895
5360.0,77.03512
5361.0,77.15871
5362.0,73.09472
5363.0,69.11457
5364.0,76.24594
5365.0,77.53922
5366.0,74.62363
5367.0,84.79852
5368.0,83.23187
5369.0,86.74748
5370.0,105.03704
5371.0,131.9001
5372.0,114.36211
5373.0,108.31675
5374.0,116.02001
5375.0,104.41836
5376.0,88.88529
5377.0,86.31328
5378.0,84.08529
5379.0,82.96634
5380.0,83.0725
5381.0,85.47748
5382.0,92.67117
5383.0,78.72395
5384.0,63.88192
5385.0,60.01299
5386.0,62.8626
5387.0,69.33061
5388.0,75.88979
5389.0,80.36049
5390.0,80.43535
5391.0,81.68382
5392.0,82.61408
5393.0,91.567
5394.0,106.64579
5395.0,139.64638
5396.0,110.63953
5397.0,105.20116
5398.0,97.31001
5399.0,91.74801
5400.0,95.19851
5401.0,85.8836
5402.0,85.64718
5403.0,84.7691
5404.0,86.10945
5405.0,84.08374
5406.0,87.35321
5407.0,78.23071
5408.0,57.22437
5409.0,55.86002
5410.0,61.46486
5411.0,70.53542
5412.0,75.0718
5413.0,81.2156
5414.0,83.01093
5415.0,83.55999
5416.0,93.08103
5417.0,100.64045
5418.0,125.22086
5419.0,157.69173
5420.0,128.771
5421.0,120.52402
5422.0,98.7467
5423.0,90.27126
5424.0,99.5837
5425.0,88.7271
5426.0,87.30608
5427.0,88.1806
5428.0,88.31824
5429.0,95.0039
5430.0,115.04781
5431.0,90.60278
5432.0,80.84026
5433.0,78.00146
5434.0,81.03566
5435.0,83.75417
5436.0,92.5455
5437.0,100.79865
5438.0,106.47456
5439.0,117.47902
5440.0,126.52423
5441.0,148.63377
5442.0,196.49216
5443.0,225.28972
5444.0,156.24374
5445.0,134.97148
5446.0,119.5167
5447.0,102.67104
5448.0,91.39823
5449.0,88.29973
5450.0,86.4489
5451.0,83.44308
5452.0,85.84951
5453.0,88.8335
5454.0,120.95466
5455.0,93.88966
5456.0,78.78312
5457.0,75.56491
5458.0,79.29581
5459.0,83.42237
5460.0,95.25985
5461.0,101.87312
5462.0,121.71877
5463.0,131.30295
5464.0,152.7543
5465.0,187.06494
5466.0,254.59508
5467.0,312.21902
5468.0,205.7452
5469.0,157.6126
5470.0,128.1235
5471.0,109.09264
5472.0,91.29222
5473.0,93.08443
5474.0,88.93201
5475.0,85.51017
5476.0,85.91711
5477.0,89.26515
5478.0,114.49865
5479.0,90.66769
5480.0,82.00309
5481.0,77.97433
5482.0,86.69098
5483.0,84.15988
5484.0,101.13448
5485.0,114.55162
5486.0,126.40347
5487.0,147.19272
5488.0,158.06474
5489.0,196.0377
5490.0,280.21765
5491.0,297.09244
5492.0,192.30609
5493.0,149.35094
5494.0,120.0
5495.0,102.47451
5496.0,94.9917
5497.0,93.37041
5498.0,93.64882
5499.0,89.26942
5500.0,89.79847
5501.0,92.76799
5502.0,116.40146
5503.0,88.74727
5504.0,80.72723
5505.0,77.28299
5506.0,79.41291
5507.0,87.57
5508.0,88.91364
5509.0,103.07451
5510.0,105.0
5511.0,131.47227
5512.0,138.71747
5513.0,159.71252
5514.0,201.83
5515.0,250.0
5516.0,181.56929
5517.0,142.6046
5518.0,104.26282
5519.0,100.56675
5520.0,88.3897
5521.0,86.79186
5522.0,85.52701
5523.0,84.96308
5524.0,85.4373
5525.0,87.02306
5526.0,96.71349
5527.0,81.23622
5528.0,71.0139
5529.0,67.3633
5530.0,69.23696
5531.0,72.10445
5532.0,74.99156
5533.0,80.67271
5534.0,86.30201
5535.0,96.14783
5536.0,99.62882
5537.0,114.09197
5538.0,141.02739
5539.0,157.92204
5540.0,129.4159
5541.0,117.11509
5542.0,96.46563
5543.0,92.99634
5544.0,87.34456
5545.0,84.16064
5546.0,85.44547
5547.0,85.70401
5548.0,85.98251
5549.0,84.86325
5550.0,83.13652
5551.0,72.34449
5552.0,57.64599
5553.0,55.37787
5554.0,57.86313
5555.0,60.9769
5556.0,65.05498
5557.0,68.26064
5558.0,72.16291
5559.0,78.10755
5560.0,81.26637
5561.0,92.45077
5562.0,112.50659
5563.0,129.79118
5564.0,109.46218
5565.0,100.51711
5566.0,90.21841
5567.0,90.06902
5568.0,84.13779
5569.0,85.38848
5570.0,87.05497
5571.0,83.8729
5572.0,81.41559
5573.0,82.44345
5574.0,82.12791
5575.0,70.41765
5576.0,54.68668
5577.0,47.33997
5578.0,48.83007
5579.0,56.52847
5580.0,60.36711
5581.0,63.50921
5582.0,68.21089
5583.0,68.87484
5584.0,71.60594
5585.0,84.12259
5586.0,107.89589
5587.0,123.27432
5588.0,108.40456
5589.0,97.59159
5590.0,85.82014
5591.0,83.1355
5592.0,82.85174
5593.0,83.34928
5594.0,82.015
5595.0,79.71147
5596.0,82.38857
5597.0,85.13469
5598.0,96.12043
5599.0,76.17267
5600.0,63.40247
5601.0,60.89057
5602.0,63.7998
5603.0,65.19684
5604.0,64.59885
5605.0,68.40744
5606.0,74.43788
5607.0,80.45995
5608.0,81.28117
5609.0,96.42299
5610.0,124.95212
5611.0,141.34442
5612.0,115.65661
5613.0,99.99611
5614.0,87.56278
5615.0,86.5856
5616.0,91.3652
5617.0,87.82203
5618.0,86.88813
5619.0,85.69335
5620.0,86.82951
5621.0,88.79088
5622.0,103.04914
5623.0,81.92851
5624.0,70.60972
5625.0,67.3962
5626.0,69.12377
5627.0,69.82394
5628.0,74.36485
5629.0,80.70494
5630.0,87.22941
5631.0,99.60907
5632.0,101.88548
5633.0,115.46025
5634.0,148.75632
5635.0,159.6186
5636.0,125.65099
5637.0,115.02657
5638.0,98.83994
5639.0,95.77864
5640.0,93.79691
5641.0,89.09358
5642.0,89.94483
5643.0,87.42292
5644.0,88.48595
5645.0,89.59644
5646.0,106.86433
5647.0,85.15836
5648.0,75.63864
5649.0,72.16418
5650.0,73.84053
5651.0,75.08765
5652.0,81.22831
5653.0,93.33947
5654.0,98.06057
5655.0,104.3461
5656.0,115.39178
5657.0,126.6491
5658.0,154.66393
5659.0,169.38828
5660.0,136.64555
5661.0,123.90911
5662.0,100.6328
5663.0,96.59421
5664.0,96.36638
5665.0,89.69203
5666.0,90.03445
5667.0,86.1747
5668.0,87.04421
5669.0,90.20638
5670.0,109.37286
5671.0,85.3378
5672.0,74.63402
5673.0,70.96297
5674.0,71.66463
5675.0,73.88749
5676.0,83.65596
5677.0,91.08311
5678.0,97.44748
5679.0,109.15045
5680.0,115.53088
5681.0,129.25237
5682.0,156.92903
5683.0,168.8886
5684.0,135.67873
5685.0,119.73981
5686.0,95.65915
5687.0,90.61398
5688.0,86.86133
5689.0,82.89518
5690.0,83.85403
5691.0,82.56691
5692.0,83.28366
5693.0,86.39655
5694.0,95.23435
5695.0,79.72488
5696.0,71.38774
5697.0,66.33033
5698.0,65.63599
5699.0,68.465
5700.0,70.28773
5701.0,73.98817
5702.0,76.33567
5703.0,79.77798
5704.0,84.73511
5705.0,95.72457
5706.0,124.92836
5707.0,136.23659
5708.0,113.92479
5709.0,106.15185
5710.0,91.74941
5711.0,87.13434
5712.0,86.91303
5713.0,80.91862
5714.0,84.46871
5715.0,78.89178
5716.0,78.967
5717.0,81.5409
5718.0,88.52249
5719.0,70.64437
5720.0,53.6756
5721.0,45.79177
5722.0,47.13793
5723.0,51.02148
5724.0,55.97604
5725.0,62.15333
5726.0,65.82437
5727.0,68.75256
5728.0,71.17149
5729.0,82.18124
5730.0,107.54616
5731.0,125.40416
5732.0,107.68433
5733.0,99.65375
5734.0,88.29534
5735.0,83.53679
5736.0,84.1927
5737.0,82.12962
5738.0,83.56897
5739.0,84.35055
5740.0,82.9721
5741.0,84.78926
5742.0,85.68338
5743.0,70.06163
5744.0,54.70712
5745.0,44.33149
5746.0,44.14824
5747.0,44.94331
5748.0,50.19764
5749.0,57.68308
5750.0,60.48594
5751.0,65.5766
5752.0,68.41525
5753.0,88.04598
5754.0,112.9467
5755.0,124.25958
5756.0,108.548
5757.0,100.45489
5758.0,87.81355
5759.0,86.49055
5760.0,96.0482
5761.0,87.36105
5762.0,84.98302
5763.0,84.364
5764.0,85.01697
5765.0,90.96893
5766.0,107.58022
5767.0,83.92176
5768.0,70.38758
5769.0,65.11233
5770.0,63.85016
5771.0,67.23078
5772.0,71.78544
5773.0,76.74925
5774.0,84.82157
5775.0,91.46351
5776.0,96.76314
5777.0,113.69747
5778.0,152.59132
5779.0,165.9686
5780.0,129.79747
5781.0,117.40374
5782.0,97.15833
5783.0,98.497
5784.0,108.23148
5785.0,93.6992
5786.0,91.86195
5787.0,91.81692
5788.0,92.1895
5789.0,101.92479
5790.0,126.83026
5791.0,99.39507
5792.0,80.81345
5793.0,77.41119
5794.0,77.95164
5795.0,80.55819
5796.0,92.77292
5797.0,105.58168
5798.0,114.93697
5799.0,122.21813
5800.0,136.03851
5801.0,144.71962
5802.0,222.12672
5803.0,245.02367
5804.0,181.06584
5805.0,152.20813
5806.0,123.65
5807.0,114.0
5808.0,113.77765
5809.0,102.81321
5810.0,103.1884
5811.0,98.90737
5812.0,99.35183
5813.0,107.56614
5814.0,142.38326
5815.0,105.10374
5816.0,85.74157
5817.0,84.7831
5818.0,87.39268
5819.0,94.47491
5820.0,112.65694
5821.0,125.38218
5822.0,122.5169
5823.0,135.46317
5824.0,143.95235
5825.0,166.63365
5826.0,279.30692
5827.0,282.92175
5828.0,194.26231
5829.0,165.40173
5830.0,124.67068
5831.0,114.87317
5832.0,142.2849
5833.0,127.36602
5834.0,122.93843
5835.0,121.01278
5836.0,121.76406
5837.0,122.45713
5838.0,146.77428
5839.0,125.69894
5840.0,101.17126
5841.0,102.54776
5842.0,110.60022
5843.0,124.04903
5844.0,126.75182
5845.0,138.77408
5846.0,166.03162
5847.0,214.74184
5848.0,263.24765
5849.0,358.60886
5850.0,778.1599
5851.0,785.0307
5852.0,412.4252
5853.0,200.42703
5854.0,162.44069
5855.0,142.15083
5856.0,127.54338
5857.0,123.93897
5858.0,115.3567
5859.0,109.48561
5860.0,110.27554
5861.0,116.32425
5862.0,134.9288
5863.0,113.8981
5864.0,93.84029
5865.0,94.73544
5866.0,102.33377
5867.0,122.62743
5868.0,124.72034
5869.0,140.44995
5870.0,147.52621
5871.0,184.44194
5872.0,200.47441
5873.0,259.3285
5874.0,478.23755
5875.0,465.58804
5876.0,252.93929
5877.0,186.38509
5878.0,153.02454
5879.0,139.12773
5880.0,108.28771
5881.0,102.90771
5882.0,99.70132
5883.0,98.11798
5884.0,95.03581
5885.0,99.28138
5886.0,98.48775
5887.0,79.07072
5888.0,63.691
5889.0,66.76584
5890.0,74.5912
5891.0,83.20325
5892.0,97.29515
5893.0,102.55904
5894.0,106.4734
5895.0,108.03964
5896.0,131.0615
5897.0,158.27937
5898.0,288.87326
5899.0,348.1521
5900.0,199.55235
5901.0,170.014
5902.0,145.98454
5903.0,131.82237
5904.0,119.24017
5905.0,113.4447
5906.0,106.91885
5907.0,103.53342
5908.0,100.90011
5909.0,100.82916
5910.0,93.75257
5911.0,83.40274
5912.0,60.58454
5913.0,62.53378
5914.0,75.57882
5915.0,74.54283
5916.0,79.94255
5917.0,94.23577
5918.0,104.542
5919.0,114.42273
5920.0,140.94186
5921.0,161.62067
5922.0,360.6688
5923.0,428.1279
5924.0,227.05775
5925.0,158.8811
5926.0,141.62177
5927.0,133.13748
5928.0,121.79626
5929.0,103.41566
5930.0,103.43042
5931.0,104.20539
5932.0,102.45089
5933.0,102.53243
5934.0,97.5246
5935.0,91.89953
5936.0,69.97195
5937.0,72.6372
5938.0,89.70702
5939.0,88.91255
5940.0,99.41911
5941.0,107.81183
5942.0,121.73493
5943.0,154.994
5944.0,197.554
5945.0,357.75507
5946.0,816.2896
5947.0,824.0634
5948.0,348.26035
5949.0,193.48154
5950.0,159.92238
5951.0,142.52954
5952.0,135.68939
5953.0,121.28404
5954.0,121.90397
5955.0,116.24552
5956.0,116.60825
5957.0,129.98
5958.0,133.4754
5959.0,113.55512
5960.0,93.8663
5961.0,98.22865
5962.0,108.84621
5963.0,115.11721
5964.0,140.39723
5965.0,164.56657
5966.0,182.03676
5967.0,283.19476
5968.0,391.70966
5969.0,906.754
5970.0,1160.9359
5971.0,1067.5951
5972.0,741.709
5973.0,227.59946
5974.0,173.17212
5975.0,152.73303
5976.0,113.70077
5977.0,108.92054
5978.0,106.92343
5979.0,103.08216
5980.0,103.26437
5981.0,106.51422
5982.0,109.93433
5983.0,96.9772
5984.0,80.84813
5985.0,82.56234
5986.0,91.13738
5987.0,107.73326
5988.0,115.30704
5989.0,136.99434
5990.0,165.69814
5991.0,240.9324
5992.0,358.91147
5993.0,907.07965
5994.0,1258.0239
5995.0,1148.568
5996.0,803.137
5997.0,261.0154
5998.0,156.22392
5999.0,135.47685
6000.0,113.38013
6001.0,106.27737
6002.0,99.17342
6003.0,98.01106
6004.0,95.06579
6005.0,98.60368
6006.0,112.09421
6007.0,100.90627
6008.0,87.2934
6009.0,87.52106
6010.0,102.35324
6011.0,104.62768
6012.0,122.02515
6013.0,150.37988
6014.0,204.95406
6015.0,368.4428
6016.0,543.07587
6017.0,928.8081
6018.0,979.562
6019.0,954.19366
6020.0,689.57526
6021.0,253.34045
6022.0,156.52016
6023.0,128.93008
6024.0,112.95706
6025.0,101.27058
6026.0,96.52893
6027.0,92.43532
6028.0,92.60109
6029.0,97.88387
6030.0,102.85546
6031.0,105.07996
6032.0,96.57658
6033.0,95.96404
6034.0,99.71087
6035.0,101.10015
6036.0,97.0491
6037.0,119.62808
6038.0,144.70396
6039.0,182.11945
6040.0,231.34369
6041.0,333.03934
6042.0,287.5736
6043.0,203.53645
6044.0,165.00464
6045.0,150.34888
6046.0,128.03384
6047.0,115.38449
6048.0,100.24134
6049.0,91.63352
6050.0,88.447
6051.0,86.92321
6052.0,87.37013
6053.0,86.06952
6054.0,77.86716
6055.0,72.61612
6056.0,73.55676
6057.0,72.18821
6058.0,71.40058
6059.0,75.33274
6060.0,76.02055
6061.0,80.40864
6062.0,88.44917
6063.0,96.61815
6064.0,106.4612
6065.0,113.59913
6066.0,124.80742
6067.0,120.30308
6068.0,110.72716
6069.0,108.19443
6070.0,100.56291
6071.0,91.61836
6072.0,100.81629
6073.0,95.07329
6074.0,93.07535
6075.0,90.05136
6076.0,89.81093
6077.0,90.36731
6078.0,90.46865
6079.0,83.22979
6080.0,68.6403
6081.0,63.6144
6082.0,62.12829
6083.0,64.27561
6084.0,69.7817
6085.0,73.11687
6086.0,82.63784
6087.0,94.49233
6088.0,101.10687
6089.0,122.43882
6090.0,145.82956
6091.0,132.76555
6092.0,121.49077
6093.0,117.78671
6094.0,100.99282
6095.0,95.36394
6096.0,90.09328
6097.0,86.12298
6098.0,82.36472
6099.0,80.61444
6100.0,85.47611
6101.0,88.59285
6102.0,94.94929
6103.0,87.1565
6104.0,71.74619
6105.0,66.72436
6106.0,67.28729
6107.0,68.62632
6108.0,71.12409
6109.0,77.79523
6110.0,82.93384
6111.0,88.26366
6112.0,92.68115
6113.0,109.35368
6114.0,126.19601
6115.0,120.24608
6116.0,110.53099
6117.0,105.63033
6118.0,96.85682
6119.0,86.53057
6120.0,82.83135
6121.0,83.05639
6122.0,80.36932
6123.0,79.24643
6124.0,79.15743
6125.0,82.61978
6126.0,95.22453
6127.0,90.71053
6128.0,70.77053
6129.0,65.80079
6130.0,65.65553
6131.0,65.23821
6132.0,65.52737
6133.0,67.3231
6134.0,67.68431
6135.0,73.53715
6136.0,74.47304
6137.0,90.84901
6138.0,110.15924
6139.0,112.87987
6140.0,104.59006
6141.0,99.90881
6142.0,93.38551
6143.0,86.71787
6144.0,81.85854
6145.0,77.69572
6146.0,74.66554
6147.0,76.10215
6148.0,77.74664
6149.0,84.53157
6150.0,95.04032
6151.0,84.34802
6152.0,69.60221
6153.0,63.65367
6154.0,58.75844
6155.0,62.03031
6156.0,64.28523
6157.0,66.73329
6158.0,67.47778
6159.0,71.38608
6160.0,73.19191
6161.0,86.72043
6162.0,103.60276
6163.0,107.85153
6164.0,100.67847
6165.0,95.43139
6166.0,86.35912
6167.0,82.02026
6168.0,83.26637
6169.0,82.44907
6170.0,76.67135
6171.0,75.18133
6172.0,77.68308
6173.0,82.46212
6174.0,93.17763
6175.0,83.00882
6176.0,68.46981
6177.0,60.37237
6178.0,54.22541
6179.0,56.43139
6180.0,61.188
6181.0,63.74042
6182.0,59.08719
6183.0,69.19479
6184.0,70.47294
6185.0,83.88408
6186.0,99.62921
6187.0,101.05505
6188.0,94.81186
6189.0,91.59037
6190.0,82.92151
6191.0,78.58886
6192.0,73.62675
6193.0,70.62372
6194.0,68.41243
6195.0,68.4122
6196.0,69.24916
6197.0,75.82127
6198.0,85.4253
6199.0,73.63365
6200.0,56.34481
6201.0,48.75485
6202.0,47.06782
6203.0,42.4278
6204.0,49.46832
6205.0,52.06331
6206.0,53.20544
6207.0,62.48731
6208.0,65.38761
6209.0,75.39387
6210.0,94.30786
6211.0,94.53857
6212.0,87.9783
6213.0,83.37133
6214.0,81.27116
6215.0,78.31296
6216.0,67.92489
6217.0,67.28652
6218.0,63.61573
6219.0,62.01883
6220.0,64.14508
6221.0,66.71053
6222.0,68.05423
6223.0,62.34062
6224.0,31.1364
6225.0,17.62279
6226.0,16.71652
6227.0,13.32073
6228.0,14.11408
6229.0,17.45333
6230.0,21.69607
6231.0,29.0439
6232.0,37.09439
6233.0,63.18189
6234.0,81.16991
6235.0,84.50284
6236.0,81.14642
6237.0,79.68982
6238.0,80.44459
6239.0,77.56887
6240.0,70.93773
6241.0,67.77139
6242.0,65.44427
6243.0,64.29991
6244.0,65.62451
6245.0,64.67366
6246.0,65.36789
6247.0,62.29514
6248.0,44.95274
6249.0,22.36126
6250.0,13.06029
6251.0,10.34128
6252.0,10.80265
6253.0,14.11461
6254.0,19.60508
6255.0,35.51583
6256.0,47.48232
6257.0,71.08906
6258.0,89.28127
6259.0,92.72432
6260.0,87.42115
6261.0,82.26115
6262.0,78.99688
6263.0,74.52742
6264.0,68.95831
6265.0,66.73335
6266.0,65.3055
6267.0,65.56788
6268.0,67.86786
6269.0,72.44299
6270.0,83.00832
6271.0,76.00793
6272.0,58.04254
6273.0,41.09403
6274.0,32.39426
6275.0,30.68146
6276.0,30.87418
6277.0,32.71889
6278.0,41.90583
6279.0,53.84281
6280.0,59.75132
6281.0,80.1073
6282.0,96.48454
6283.0,97.51006
6284.0,89.60966
6285.0,84.54042
6286.0,80.12399
6287.0,75.13219
6288.0,74.2788
6289.0,70.89227
6290.0,68.51425
6291.0,66.22198
6292.0,68.10045
6293.0,74.14711
6294.0,80.33821
6295.0,72.70575
6296.0,57.69495
6297.0,39.70167
6298.0,30.95828
6299.0,31.33395
6300.0,35.94376
6301.0,42.53501
6302.0,49.3846
6303.0,58.09772
6304.0,62.69987
6305.0,77.57521
6306.0,93.14846
6307.0,94.65401
6308.0,85.98206
6309.0,81.63604
6310.0,82.25952
6311.0,74.40317
6312.0,84.02428
6313.0,75.59498
6314.0,70.60104
6315.0,70.56475
6316.0,73.43784
6317.0,83.69838
6318.0,88.3443
6319.0,77.92607
6320.0,59.55692
6321.0,54.10342
6322.0,44.68317
6323.0,42.802
6324.0,39.26977
6325.0,46.57717
6326.0,49.25947
6327.0,55.45831
6328.0,62.6808
6329.0,78.04759
6330.0,98.89484
6331.0,98.2551
6332.0,86.30686
6333.0,81.37432
6334.0,77.07412
6335.0,72.44611
6336.0,67.67832
6337.0,64.59098
6338.0,64.20533
6339.0,64.00557
6340.0,64.30441
6341.0,71.32203
6342.0,80.42711
6343.0,65.10787
6344.0,52.13536
6345.0,39.1447
6346.0,36.31732
6347.0,39.55813
6348.0,44.48568
6349.0,50.95682
6350.0,54.78816
6351.0,62.38345
6352.0,66.10812
6353.0,84.62298
6354.0,110.93277
6355.0,104.70292
6356.0,89.58774
6357.0,85.4713
6358.0,80.74841
6359.0,76.98465
6360.0,70.08098
6361.0,68.3585
6362.0,63.91759
6363.0,63.25298
6364.0,64.57518
6365.0,72.18082
6366.0,77.39009
6367.0,65.38208
6368.0,51.30289
6369.0,35.34557
6370.0,35.40674
6371.0,41.2992
6372.0,48.6939
6373.0,53.75783
6374.0,57.56751
6375.0,68.64641
6376.0,72.746
6377.0,92.71384
6378.0,119.93919
6379.0,105.41225
6380.0,93.01741
6381.0,86.61427
6382.0,81.6338
6383.0,76.66602
6384.0,64.56206
6385.0,63.23825
6386.0,64.31202
6387.0,62.07393
6388.0,62.57085
6389.0,64.80694
6390.0,64.54509
6391.0,53.61604
6392.0,36.07779
6393.0,28.48172
6394.0,28.71177
6395.0,35.31796
6396.0,39.40525
6397.0,44.08308
6398.0,56.45985
6399.0,62.16494
6400.0,67.91576
6401.0,84.95905
6402.0,119.43447
6403.0,97.173
6404.0,84.96695
6405.0,76.57879
6406.0,73.29697
6407.0,68.92118
6408.0,69.68814
6409.0,65.64045
6410.0,66.35946
6411.0,65.80133
6412.0,65.94715
6413.0,64.18857
6414.0,64.46033
6415.0,57.95999
6416.0,38.08753
6417.0,28.40464
6418.0,28.12914
6419.0,38.32781
6420.0,41.7843
6421.0,48.15647
6422.0,55.61368
6423.0,66.64192
6424.0,74.5678
6425.0,96.73799
6426.0,129.55
6427.0,105.2122
6428.0,94.15781
6429.0,87.24244
6430.0,81.56268
6431.0,72.70428
6432.0,67.56536
6433.0,67.518
6434.0,64.3412
6435.0,64.05766
6436.0,64.25714
6437.0,70.38979
6438.0,79.63404
6439.0,73.35402
6440.0,55.30168
6441.0,51.8957
6442.0,55.6162
6443.0,56.80996
6444.0,62.0526
6445.0,69.49547
6446.0,71.45406
6447.0,86.48352
6448.0,99.96226
6449.0,119.52181
6450.0,154.01053
6451.0,127.91818
6452.0,104.96789
6453.0,92.17897
6454.0,84.39049
6455.0,75.22665
6456.0,72.84045
6457.0,73.61168
6458.0,69.28899
6459.0,67.46957
6460.0,67.89022
6461.0,77.64057
6462.0,81.87462
6463.0,74.43329
6464.0,56.48115
6465.0,54.04477
6466.0,53.02062
6467.0,54.60958
6468.0,55.06379
6469.0,60.21803
6470.0,63.99573
6471.0,73.85207
6472.0,74.7355
6473.0,80.70918
6474.0,100.21819
6475.0,101.15832
6476.0,94.54111
6477.0,86.92801
6478.0,85.84816
6479.0,79.55713
6480.0,72.57731
6481.0,70.89858
6482.0,65.52456
6483.0,64.93028
6484.0,66.24558
6485.0,75.85802
6486.0,77.54266
6487.0,71.26633
6488.0,54.28256
6489.0,50.29895
6490.0,50.32134
6491.0,53.81447
6492.0,55.94029
6493.0,60.63148
6494.0,61.77013
6495.0,63.26809
6496.0,67.51237
6497.0,81.1619
6498.0,86.10693
6499.0,88.61134
6500.0,81.17719
6501.0,78.30221
6502.0,81.36835
6503.0,76.52899
6504.0,68.14178
6505.0,63.3389
6506.0,61.50739
6507.0,59.55683
6508.0,63.23027
6509.0,68.45479
6510.0,70.99234
6511.0,64.06471
6512.0,48.09681
6513.0,46.15515
6514.0,46.19553
6515.0,47.50042
6516.0,50.9372
6517.0,55.70797
6518.0,61.18185
6519.0,63.36
6520.0,72.02587
6521.0,81.75371
6522.0,106.03717
6523.0,91.43745
6524.0,79.06792
6525.0,77.96036
6526.0,76.94568
6527.0,69.62473
6528.0,62.11652
6529.0,60.40086
6530.0,56.02638
6531.0,54.78124
6532.0,56.90672
6533.0,63.34659
6534.0,68.61682
6535.0,60.00096
6536.0,46.23729
6537.0,38.65302
6538.0,38.26425
6539.0,39.62127
6540.0,40.83291
6541.0,43.17907
6542.0,46.49286
6543.0,50.19731
6544.0,56.1013
6545.0,71.58686
6546.0,85.426
6547.0,75.86193
6548.0,70.98478
6549.0,69.88377
6550.0,67.35891
6551.0,62.27421
6552.0,61.28207
6553.0,59.03862
6554.0,57.28736
6555.0,55.83592
6556.0,56.06676
6557.0,57.44109
6558.0,63.78021
6559.0,53.73482
6560.0,37.61438
6561.0,25.20251
6562.0,20.5418
6563.0,22.27371
6564.0,24.7174
6565.0,29.446
6566.0,35.94883
6567.0,40.65032
6568.0,44.96638
6569.0,64.67067
6570.0,76.56163
6571.0,71.97333
6572.0,68.55191
6573.0,67.13273
6574.0,65.14051
6575.0,60.6912
6576.0,61.65958
6577.0,59.6271
6578.0,57.76049
6579.0,56.29289
6580.0,58.35824
6581.0,60.99262
6582.0,64.58052
6583.0,50.47981
6584.0,34.35947
6585.0,23.02822
6586.0,18.37267
6587.0,19.68177
6588.0,20.79738
6589.0,26.15512
6590.0,30.49051
6591.0,35.20254
6592.0,44.47785
6593.0,64.357
6594.0,80.6316
6595.0,74.54941
6596.0,68.96964
6597.0,66.21972
6598.0,62.88759
6599.0,59.71383
6600.0,57.70728
6601.0,55.53183
6602.0,54.77755
6603.0,55.076
6604.0,56.97245
6605.0,62.87225
6606.0,81.68811
6607.0,70.46601
6608.0,46.83985
6609.0,40.42999
6610.0,37.49172
6611.0,40.81513
6612.0,42.13696
6613.0,45.07334
6614.0,49.92301
6615.0,55.50828
6616.0,61.32946
6617.0,78.18614
6618.0,95.40871
6619.0,85.6408
6620.0,76.11787
6621.0,74.98127
6622.0,67.90168
6623.0,64.18825
6624.0,63.40468
6625.0,58.03295
6626.0,58.07013
6627.0,58.34199
6628.0,59.70517
6629.0,70.21074
6630.0,86.393
6631.0,73.45157
6632.0,51.47422
6633.0,46.50248
6634.0,44.7031
6635.0,46.52309
6636.0,46.6793
6637.0,52.93135
6638.0,56.49679
6639.0,61.96163
6640.0,71.52082
6641.0,87.04299
6642.0,121.80126
6643.0,90.19489
6644.0,85.41503
6645.0,82.41824
6646.0,69.63301
6647.0,68.967
6648.0,72.56548
6649.0,65.85111
6650.0,63.9613
6651.0,63.5617
6652.0,67.24803
6653.0,74.39929
6654.0,88.95129
6655.0,80.9038
6656.0,61.01174
6657.0,55.75684
6658.0,48.86245
6659.0,53.87835
6660.0,58.17088
6661.0,64.90172
6662.0,68.48035
6663.0,73.97449
6664.0,78.42554
6665.0,96.72493
6666.0,136.56247
6667.0,101.77267
6668.0,90.10145
6669.0,86.77579
6670.0,78.01996
6671.0,72.19714
6672.0,73.66193
6673.0,68.97231
6674.0,67.56852
6675.0,67.60963
6676.0,67.87576
6677.0,79.26176
6678.0,89.74151
6679.0,82.09319
6680.0,65.485
6681.0,52.75935
6682.0,50.49615
6683.0,54.23734
6684.0,54.89491
6685.0,62.75442
6686.0,74.7314
6687.0,78.41165
6688.0,85.25949
6689.0,102.72503
6690.0,134.12465
6691.0,103.45153
6692.0,91.51
6693.0,88.54
6694.0,79.81212
6695.0,74.44809
6696.0,69.40422
6697.0,67.00164
6698.0,66.94072
6699.0,66.30919
6700.0,67.90488
6701.0,75.52362
6702.0,89.4204
6703.0,83.25618
6704.0,63.25554
6705.0,52.67134
6706.0,50.02893
6707.0,50.594
6708.0,55.69662
6709.0,59.25253
6710.0,65.17545
6711.0,74.64313
6712.0,83.0
6713.0,100.27168
6714.0,124.1157
6715.0,100.0
6716.0,90.67024
6717.0,89.0
6718.0,85.0
6719.0,80.45
6720.0,74.08171
6721.0,71.244
6722.0,66.41696
6723.0,64.44876
6724.0,68.02575
6725.0,70.84676
6726.0,75.9374
6727.0,67.26286
6728.0,55.00799
6729.0,47.41959
6730.0,43.3947
6731.0,46.26921
6732.0,47.69284
6733.0,51.86149
6734.0,59.10988
6735.0,66.74905
6736.0,72.78566
6737.0,87.55235
6738.0,101.31769
6739.0,90.47853
6740.0,84.73019
6741.0,84.09903
6742.0,79.3401
6743.0,73.93614
6744.0,79.57437
6745.0,74.88979
6746.0,72.22503
6747.0,70.74407
6748.0,70.81341
6749.0,71.59352
6750.0,74.07594
6751.0,69.07411
6752.0,52.35823
6753.0,36.65718
6754.0,32.25098
6755.0,35.4804
6756.0,40.27386
6757.0,47.74771
6758.0,51.96886
6759.0,59.14027
6760.0,70.37826
6761.0,89.85946
6762.0,101.69085
6763.0,91.75861
6764.0,88.05751
6765.0,87.63104
6766.0,84.6322
6767.0,80.82886
6768.0,74.9538
6769.0,67.62174
6770.0,66.69874
6771.0,66.64402
6772.0,66.82133
6773.0,72.28435
6774.0,82.73075
6775.0,77.4152
6776.0,59.94721
6777.0,53.43908
6778.0,50.92245
6779.0,50.85746
6780.0,51.55172
6781.0,56.44331
6782.0,60.07574
6783.0,62.3393
6784.0,68.29896
6785.0,86.76471
6786.0,102.47233
6787.0,90.4212
6788.0,84.70208
6789.0,82.3465
6790.0,79.79813
6791.0,71.23627
6792.0,68.31915
6793.0,66.66254
6794.0,65.56585
6795.0,65.37374
6796.0,66.62068
6797.0,77.51989
6798.0,91.73203
6799.0,89.91393
6800.0,64.84093
6801.0,55.21201
6802.0,50.7397
6803.0,46.89336
6804.0,49.60483
6805.0,57.21855
6806.0,60.93895
6807.0,67.69627
6808.0,77.01545
6809.0,95.71403
6810.0,114.70197
6811.0,97.08212
6812.0,91.21613
6813.0,86.81712
6814.0,80.35468
6815.0,71.95423
6816.0,68.51959
6817.0,66.02567
6818.0,65.03366
6819.0,65.03599
6820.0,66.23262
6821.0,75.9194
6822.0,91.81644
6823.0,87.99526
6824.0,62.27175
6825.0,52.44055
6826.0,49.65009
6827.0,48.62807
6828.0,50.76
6829.0,56.8708
6830.0,58.67765
6831.0,68.69779
6832.0,78.04536
6833.0,92.4
6834.0,118.75078
6835.0,93.4
6836.0,88.88155
6837.0,85.63502
6838.0,78.71636
6839.0,72.68841
6840.0,67.75689
6841.0,66.06524
6842.0,64.206
6843.0,64.32346
6844.0,64.51739
6845.0,68.25813
6846.0,86.00295
6847.0,82.91199
6848.0,60.19734
6849.0,50.65199
6850.0,46.50819
6851.0,44.28251
6852.0,47.0116
6853.0,47.12561
6854.0,49.80521
6855.0,60.31294
6856.0,69.06681
6857.0,90.23
6858.0,101.12304
6859.0,90.09
6860.0,86.52239
6861.0,83.88
6862.0,77.54333
6863.0,71.07145
6864.0,68.06205
6865.0,64.07646
6866.0,63.48571
6867.0,63.89822
6868.0,65.20317
6869.0,71.23915
6870.0,81.60097
6871.0,78.50436
6872.0,61.65806
6873.0,49.82176
6874.0,44.81029
6875.0,42.68371
6876.0,43.80264
6877.0,45.55745
6878.0,50.17481
6879.0,55.92338
6880.0,65.68628
6881.0,84.40046
6882.0,97.53037
6883.0,86.86104
6884.0,85.69634
6885.0,83.34198
6886.0,77.38062
6887.0,70.44858
6888.0,68.14909
6889.0,62.29692
6890.0,59.09513
6891.0,66.13778
6892.0,65.87261
6893.0,69.07558
6894.0,73.03944
6895.0,70.29825
6896.0,51.22418
6897.0,44.72237
6898.0,41.63986
6899.0,41.24918
6900.0,42.52678
6901.0,46.05723
6902.0,48.18742
6903.0,56.16386
6904.0,61.28695
6905.0,76.85563
6906.0,86.20447
6907.0,79.74943
6908.0,76.65009
6909.0,76.35251
6910.0,72.15976
6911.0,69.75545
6912.0,71.51628
6913.0,65.9561
6914.0,65.86819
6915.0,62.67056
6916.0,61.20802
6917.0,58.44086
6918.0,60.56651
6919.0,49.96936
6920.0,47.01703
6921.0,42.7456
6922.0,35.50233
6923.0,31.90147
6924.0,31.73017
6925.0,32.47971
6926.0,35.80395
6927.0,44.52608
6928.0,49.75256
6929.0,80.59767
6930.0,91.29047
6931.0,84.83834
6932.0,81.56123
6933.0,78.34325
6934.0,69.6879
6935.0,65.59477
6936.0,71.89361
6937.0,67.78212
6938.0,67.36698
6939.0,65.96314
6940.0,68.11823
6941.0,75.08875
6942.0,87.99884
6943.0,86.76964
6944.0,64.3794
6945.0,54.15657
6946.0,53.46763
6947.0,50.60415
6948.0,52.35578
6949.0,52.32312
6950.0,55.72919
6951.0,61.79385
6952.0,74.92171
6953.0,89.80241
6954.0,105.30235
6955.0,92.02735
6956.0,87.8243
6957.0,87.20983
6958.0,83.3121
6959.0,80.11376
6960.0,78.36667
6961.0,72.38562
6962.0,69.65923
6963.0,69.83292
6964.0,74.06052
6965.0,80.83493
6966.0,89.49635
6967.0,86.61348
6968.0,69.43384
6969.0,60.5292
6970.0,56.75057
6971.0,56.27723
6972.0,58.74944
6973.0,62.36358
6974.0,67.05145
6975.0,76.58191
6976.0,87.72966
6977.0,107.51383
6978.0,137.37
6979.0,105.06
6980.0,94.88
6981.0,94.33
6982.0,86.42679
6983.0,81.41595
6984.0,80.93196
6985.0,77.73913
6986.0,73.69362
6987.0,73.29118
6988.0,75.37965
6989.0,80.68765
6990.0,90.42979
6991.0,88.95522
6992.0,71.12912
6993.0,56.83621
6994.0,55.36642
6995.0,55.10643
6996.0,57.90343
6997.0,66.24273
6998.0,78.47174
6999.0,87.82149
7000.0,97.34577
7001.0,131.8422
7002.0,177.03938
7003.0,122.89758
7004.0,100.25965
7005.0,97.01704
7006.0,89.78657
7007.0,86.3552
7008.0,75.75506
7009.0,70.56936
7010.0,67.9313
7011.0,66.01378
7012.0,67.3678
7013.0,74.74992
7014.0,83.75788
7015.0,83.31065
7016.0,55.6752
7017.0,47.22521
7018.0,48.88894
7019.0,48.881
7020.0,50.59027
7021.0,55.76404
7022.0,65.25919
7023.0,73.73129
7024.0,84.22484
7025.0,108.65199
7026.0,128.13994
7027.0,104.51017
7028.0,93.24048
7029.0,89.388
7030.0,79.59708
7031.0,72.90521
7032.0,67.92227
7033.0,58.91763
7034.0,54.91351
7035.0,54.62301
7036.0,56.03242
7037.0,60.04883
7038.0,76.5581
7039.0,76.03706
7040.0,45.60358
7041.0,36.913
7042.0,37.55852
7043.0,35.08163
7044.0,42.81512
7045.0,44.4755
7046.0,45.56674
7047.0,47.70153
7048.0,55.49827
7049.0,74.19814
7050.0,84.01051
7051.0,78.47728
7052.0,71.04422
7053.0,68.22969
7054.0,64.31672
7055.0,60.22939
7056.0,53.5001
7057.0,49.41824
7058.0,43.54641
7059.0,43.93984
7060.0,46.80869
7061.0,49.05909
7062.0,55.29967
7063.0,44.92311
7064.0,27.73916
7065.0,10.87799
7066.0,7.13095
7067.0,7.10634
7068.0,4.00667
7069.0,5.56091
7070.0,8.59544
7071.0,17.89279
7072.0,34.70652
7073.0,60.18281
7074.0,67.05875
7075.0,66.94381
7076.0,62.50564
7077.0,59.78065
7078.0,57.42026
7079.0,54.66708
7080.0,42.92473
7081.0,42.3176
7082.0,40.67255
7083.0,38.73742
7084.0,36.63138
7085.0,42.9594
7086.0,45.83706
7087.0,44.08687
7088.0,29.12906
7089.0,0.32618
7090.0,-0.17708
7091.0,-1.28426
7092.0,-3.10334
7093.0,-1.23548
7094.0,-0.70642
7095.0,7.01234
7096.0,29.82739
7097.0,63.40825
7098.0,69.99802
7099.0,72.3964
7100.0,69.59516
7101.0,66.66945
7102.0,61.98368
7103.0,57.45277
7104.0,54.84558
7105.0,50.65422
7106.0,48.91418
7107.0,49.76672
7108.0,58.91166
7109.0,53.53103
7110.0,74.9451
7111.0,51.44722
7112.0,27.22293
7113.0,13.87244
7114.0,10.91985
7115.0,12.96899
7116.0,15.10727
7117.0,13.41174
7118.0,16.1813
7119.0,27.77756
7120.0,40.34342
7121.0,68.16081
7122.0,82.58167
7123.0,78.59073
7124.0,72.51489
7125.0,69.72658
7126.0,64.52735
7127.0,61.01841
7128.0,65.13703
7129.0,63.28328
7130.0,59.38443
7131.0,59.49286
7132.0,64.72735
7133.0,72.8689
7134.0,76.11112
7135.0,70.63758
7136.0,37.03892
7137.0,11.66246
7138.0,2.22
7139.0,2.99759
7140.0,9.54528
7141.0,14.94106
7142.0,17.34167
7143.0,30.57147
7144.0,44.6228
7145.0,65.98278
7146.0,75.00868
7147.0,75.18855
7148.0,68.33739
7149.0,67.08469
7150.0,64.01608
7151.0,56.43647
7152.0,66.7326
7153.0,61.11738
7154.0,58.26036
7155.0,58.71841
7156.0,62.25402
7157.0,68.96809
7158.0,73.32
7159.0,65.76032
7160.0,20.81725
7161.0,16.59571
7162.0,10.01155
7163.0,6.0313
7164.0,5.97224
7165.0,4.42589
7166.0,12.79636
7167.0,17.81275
7168.0,43.09414
7169.0,64.7297
7170.0,80.76779
7171.0,78.75093
7172.0,74.35866
7173.0,72.41979
7174.0,69.08292
7175.0,66.68086
7176.0,59.41013
7177.0,56.57829
7178.0,56.27375
7179.0,57.5825
7180.0,60.59905
7181.0,74.93053
7182.0,79.32339
7183.0,81.54594
7184.0,53.6357
7185.0,24.13673
7186.0,20.54203
7187.0,16.03753
7188.0,16.23465
7189.0,14.99099
7190.0,16.07397
7191.0,27.76591
7192.0,50.44999
7193.0,71.79738
7194.0,83.05065
7195.0,82.20198
7196.0,79.42852
7197.0,78.58874
7198.0,74.80113
7199.0,66.49452
7200.0,66.04747
7201.0,62.33559
7202.0,61.49025
7203.0,62.61594
7204.0,63.51296
7205.0,70.39498
7206.0,79.47154
7207.0,72.1039
7208.0,54.05081
7209.0,31.8292
7210.0,23.2939
7211.0,22.86044
7212.0,26.52459
7213.0,32.35053
7214.0,31.43513
7215.0,45.83079
7216.0,59.17132
7217.0,81.86636
7218.0,87.38859
7219.0,82.94769
7220.0,80.84733
7221.0,80.74233
7222.0,76.8039
7223.0,70.58128
7224.0,68.39305
7225.0,62.84812
7226.0,60.33251
7227.0,49.6928
7228.0,42.96733
7229.0,66.46178
7230.0,70.80966
7231.0,50.3224
7232.0,55.68606
7233.0,21.24376
7234.0,12.03078
7235.0,9.82009
7236.0,10.41291
7237.0,11.57788
7238.0,14.64021
7239.0,26.98618
7240.0,54.36703
7241.0,73.37896
7242.0,76.5496
7243.0,75.78462
7244.0,74.71443
7245.0,74.15977
7246.0,67.58962
7247.0,67.18259
7248.0,61.36929
7249.0,61.66772
7250.0,53.37863
7251.0,52.52806
7252.0,54.11605
7253.0,54.51211
7254.0,65.28255
7255.0,55.13422
7256.0,36.19425
7257.0,4.93428
7258.0,-7.10434
7259.0,-7.85958
7260.0,-8.17322
7261.0,-4.66635
7262.0,0.56463
7263.0,12.73792
7264.0,51.09417
7265.0,73.66999
7266.0,84.09795
7267.0,78.91488
7268.0,66.83219
7269.0,64.08081
7270.0,63.98947
7271.0,58.1859
7272.0,63.91557
7273.0,57.85999
7274.0,55.06191
7275.0,57.58611
7276.0,66.25976
7277.0,74.62436
7278.0,85.43814
7279.0,86.28357
7280.0,58.63842
7281.0,45.76468
7282.0,37.48704
7283.0,38.47779
7284.0,38.63547
7285.0,42.33877
7286.0,49.50527
7287.0,53.83748
7288.0,62.45352
7289.0,80.84739
7290.0,89.58276
7291.0,81.54641
7292.0,77.7433
7293.0,75.35756
7294.0,75.02682
7295.0,70.05747
7296.0,70.59985
7297.0,70.12125
7298.0,66.76558
7299.0,66.79392
7300.0,70.05352
7301.0,78.75388
7302.0,84.60706
7303.0,92.06321
7304.0,74.56728
7305.0,56.63341
7306.0,54.9608
7307.0,53.1016
7308.0,49.59445
7309.0,46.78168
7310.0,46.0759
7311.0,53.78204
7312.0,64.11846
7313.0,82.54983
7314.0,85.32942
7315.0,81.93598
7316.0,81.50179
7317.0,78.50261
7318.0,73.08198
7319.0,71.81937
7320.0,77.52838
7321.0,72.72534
7322.0,68.67294
7323.0,69.265
7324.0,74.93019
7325.0,85.45792
7326.0,94.1694
7327.0,98.22922
7328.0,78.99565
7329.0,67.46536
7330.0,63.15255
7331.0,59.12082
7332.0,54.4637
7333.0,55.58745
7334.0,54.13467
7335.0,59.76792
7336.0,70.48441
7337.0,88.19652
7338.0,92.70658
7339.0,89.5915
7340.0,88.89348
7341.0,86.01932
7342.0,81.63274
7343.0,72.0209
7344.0,79.73565
7345.0,70.8933
7346.0,67.33067
7347.0,67.60535
7348.0,71.47532
7349.0,76.17606
7350.0,88.55118
7351.0,99.46391
7352.0,70.99059
7353.0,57.28972
7354.0,53.70331
7355.0,45.27227
7356.0,41.54779
7357.0,37.31143
7358.0,38.31803
7359.0,55.52876
7360.0,65.49003
7361.0,87.57156
7362.0,95.12547
7363.0,93.27551
7364.0,89.78229
7365.0,89.86862
7366.0,85.17624
7367.0,82.63326
7368.0,83.18679
7369.0,78.90202
7370.0,78.15348
7371.0,77.65028
7372.0,79.62466
7373.0,90.18574
7374.0,103.9906
7375.0,108.25271
7376.0,76.01328
7377.0,60.96037
7378.0,50.41091
7379.0,47.08402
7380.0,40.34845
7381.0,38.78092
7382.0,47.0096
7383.0,57.25401
7384.0,67.03081
7385.0,90.30809
7386.0,91.07761
7387.0,85.68556
7388.0,86.59775
7389.0,84.89738
7390.0,79.65632
7391.0,73.15382
7392.0,72.7048
7393.0,70.6952
7394.0,70.1365
7395.0,68.6239
7396.0,70.00891
7397.0,72.04136
7398.0,84.35459
7399.0,82.62288
7400.0,60.69865
7401.0,29.52799
7402.0,18.88035
7403.0,14.14438
7404.0,9.62814
7405.0,6.01601
7406.0,9.44904
7407.0,18.86408
7408.0,50.97398
7409.0,82.29491
7410.0,86.94896
7411.0,84.92185
7412.0,84.05057
7413.0,81.69884
7414.0,72.30326
7415.0,72.6667
7416.0,79.65397
7417.0,79.21337
7418.0,71.70219
7419.0,69.62799
7420.0,71.29858
7421.0,69.91486
7422.0,72.27109
7423.0,63.3216
7424.0,27.30826
7425.0,20.95672
7426.0,16.13665
7427.0,12.8681
7428.0,9.68474
7429.0,11.32691
7430.0,18.92693
7431.0,59.07416
7432.0,86.26229
7433.0,98.57854
7434.0,94.62164
7435.0,87.82394
7436.0,87.08106
7437.0,83.28156
7438.0,77.12513
7439.0,75.3121
7440.0,75.78282
7441.0,73.87734
7442.0,73.5529
7443.0,73.81018
7444.0,74.00023
7445.0,77.15152
7446.0,86.35384
7447.0,107.01317
7448.0,95.77769
7449.0,82.84576
7450.0,82.88238
7451.0,84.8135
7452.0,82.59827
7453.0,74.93951
7454.0,73.86072
7455.0,74.06352
7456.0,86.66564
7457.0,111.46432
7458.0,130.88
7459.0,116.35397
7460.0,110.86472
7461.0,104.30561
7462.0,93.13447
7463.0,86.21212
7464.0,83.70298
7465.0,82.16562
7466.0,78.19878
7467.0,75.46797
7468.0,78.49272
7469.0,79.4674
7470.0,87.98072
7471.0,101.03993
7472.0,90.97333
7473.0,76.1826
7474.0,78.41631
7475.0,76.21174
7476.0,74.18016
7477.0,67.60571
7478.0,69.39229
7479.0,75.27378
7480.0,89.04177
7481.0,107.88707
7482.0,131.47162
7483.0,114.49
7484.0,105.0
7485.0,102.352
7486.0,96.56845
7487.0,85.43491
7488.0,81.90611
7489.0,75.31326
7490.0,70.97964
7491.0,70.56516
7492.0,70.68943
7493.0,71.56271
7494.0,83.09716
7495.0,98.58786
7496.0,73.52214
7497.0,61.24092
7498.0,45.43612
7499.0,34.04727
7500.0,26.38506
7501.0,18.91838
7502.0,20.24985
7503.0,29.99019
7504.0,66.91302
7505.0,98.5
7506.0,115.96564
7507.0,104.94375
7508.0,101.03
7509.0,99.90862
7510.0,97.66542
7511.0,84.28197
7512.0,81.17589
7513.0,88.06731
7514.0,84.79975
7515.0,82.4875
7516.0,84.48706
7517.0,92.75575
7518.0,109.3
7519.0,120.63
7520.0,76.49798
7521.0,56.30457
7522.0,46.84486
7523.0,38.54468
7524.0,35.18592
7525.0,34.54783
7526.0,36.96881
7527.0,51.29076
7528.0,77.17431
7529.0,117.9
7530.0,138.51
7531.0,129.02802
7532.0,119.89904
7533.0,116.82
7534.0,113.28442
7535.0,97.71602
7536.0,93.72925
7537.0,93.56061
7538.0,88.42761
7539.0,84.81922
7540.0,88.39055
7541.0,96.65988
7542.0,109.3
7543.0,106.6352
7544.0,86.60005
7545.0,62.71227
7546.0,59.03182
7547.0,60.01729
7548.0,60.9296
7549.0,61.89975
7550.0,63.44676
7551.0,66.44
7552.0,84.38701
7553.0,109.55864
7554.0,126.91
7555.0,113.57
7556.0,110.0
7557.0,106.31253
7558.0,103.42436
7559.0,98.39927
7560.0,94.0313
7561.0,95.96404
7562.0,93.17177
7563.0,92.55133
7564.0,90.35282
7565.0,92.07207
7566.0,93.62582
7567.0,97.39128
7568.0,72.5801
7569.0,47.64532
7570.0,38.39217
7571.0,33.93207
7572.0,31.35806
7573.0,26.29803
7574.0,25.22133
7575.0,33.91562
7576.0,69.99505
7577.0,99.14452
7578.0,109.72843
7579.0,98.6078
7580.0,97.17334
7581.0,94.13712
7582.0,89.05863
7583.0,82.74896
7584.0,79.9414
7585.0,78.85271
7586.0,76.13758
7587.0,74.57234
7588.0,74.67629
7589.0,79.45551
7590.0,79.79057
7591.0,81.45348
7592.0,68.56727
7593.0,16.93021
7594.0,14.59499
7595.0,9.72983
7596.0,10.39049
7597.0,6.76188
7598.0,7.89629
7599.0,18.78684
7600.0,69.68685
7601.0,95.00794
7602.0,110.50104
7603.0,98.77412
7604.0,94.28922
7605.0,97.78511
7606.0,96.98521
7607.0,88.85324
7608.0,87.22423
7609.0,84.59298
7610.0,85.25129
7611.0,84.32107
7612.0,84.90205
7613.0,89.46566
7614.0,110.5174
7615.0,132.31
7616.0,90.66427
7617.0,61.58545
7618.0,48.42123
7619.0,43.86929
7620.0,43.16382
7621.0,43.47595
7622.0,44.59959
7623.0,54.99286
7624.0,80.64
7625.0,115.6163
7626.0,136.54
7627.0,124.5483
7628.0,115.6163
7629.0,112.53759
7630.0,106.82308
7631.0,98.84633
7632.0,89.32044
7633.0,97.04877
7634.0,92.2156
7635.0,91.13387
7636.0,92.14856
7637.0,95.54137
7638.0,106.77854
7639.0,123.94429
7640.0,90.2216
7641.0,66.70314
7642.0,56.06705
7643.0,48.372
7644.0,43.77324
7645.0,37.9442
7646.0,35.26676
7647.0,50.20071
7648.0,81.66045
7649.0,111.58695
7650.0,128.2587
7651.0,116.03672
7652.0,109.08926
7653.0,108.65863
7654.0,106.08731
7655.0,94.53179
7656.0,90.34112
7657.0,88.158
7658.0,84.9025
7659.0,84.93702
7660.0,85.40907
7661.0,94.0885
7662.0,105.64
7663.0,127.11889
7664.0,88.54551
7665.0,64.56025
7666.0,48.63194
7667.0,41.1324
7668.0,40.16248
7669.0,39.09029
7670.0,38.86999
7671.0,48.76701
7672.0,88.70528
7673.0,115.42999
7674.0,138.08408
7675.0,122.36
7676.0,115.67306
7677.0,113.32125
7678.0,107.68478
7679.0,100.99819
7680.0,95.1839
7681.0,85.46868
7682.0,83.99081
7683.0,82.21923
7684.0,83.03597
7685.0,90.1372
7686.0,102.25095
7687.0,112.81986
7688.0,80.62841
7689.0,59.60908
7690.0,52.08919
7691.0,48.06
7692.0,48.18868
7693.0,52.7996
7694.0,53.54667
7695.0,62.76451
7696.0,88.16479
7697.0,110.83026
7698.0,120.55914
7699.0,109.33798
7700.0,104.50969
7701.0,104.73671
7702.0,100.10185
7703.0,94.70677
7704.0,89.51704
7705.0,80.708
7706.0,77.95271
7707.0,77.5524
7708.0,77.81617
7709.0,88.21179
7710.0,102.45976
7711.0,112.22222
7712.0,96.30277
7713.0,69.97268
7714.0,62.50419
7715.0,54.47436
7716.0,51.08734
7717.0,50.70056
7718.0,46.85043
7719.0,55.49519
7720.0,79.56257
7721.0,111.81134
7722.0,124.41195
7723.0,111.06879
7724.0,104.26025
7725.0,103.42746
7726.0,101.58576
7727.0,95.97312
7728.0,91.95574
7729.0,83.08198
7730.0,80.83268
7731.0,80.31704
7732.0,78.98574
7733.0,86.47513
7734.0,92.23516
7735.0,98.20471
7736.0,72.05694
7737.0,44.00819
7738.0,24.53254
7739.0,18.39789
7740.0,15.86113
7741.0,14.86262
7742.0,16.1313
7743.0,24.98414
7744.0,67.72054
7745.0,102.50767
7746.0,107.96849
7747.0,100.34595
7748.0,99.27351
7749.0,97.9261
7750.0,95.58136
7751.0,90.0208
7752.0,85.8942
7753.0,80.39962
7754.0,75.97259
7755.0,77.84
7756.0,75.95164
7757.0,80.86645
7758.0,89.61565
7759.0,89.16525
7760.0,69.94081
7761.0,47.31444
7762.0,35.46092
7763.0,28.44516
7764.0,26.27224
7765.0,25.44064
7766.0,26.54362
7767.0,40.62078
7768.0,74.28923
7769.0,99.00294
7770.0,110.99754
7771.0,102.12595
7772.0,97.48079
7773.0,96.02694
7774.0,93.98733
7775.0,86.83561
7776.0,83.22201
7777.0,89.57626
7778.0,87.28573
7779.0,87.08995
7780.0,89.53745
7781.0,94.80767
7782.0,100.71014
7783.0,123.31268
7784.0,98.0
7785.0,67.77207
7786.0,65.87615
7787.0,62.92209
7788.0,65.59299
7789.0,66.42478
7790.0,68.30336
7791.0,74.76517
7792.0,95.30528
7793.0,115.97045
7794.0,127.36842
7795.0,116.07297
7796.0,109.01949
7797.0,106.11732
7798.0,104.69669
7799.0,97.76708
7800.0,92.80832
7801.0,89.01074
7802.0,85.15818
7803.0,81.91155
7804.0,83.3563
7805.0,90.13306
7806.0,98.95796
7807.0,105.91676
7808.0,94.29325
7809.0,73.94231
7810.0,65.08837
7811.0,64.32815
7812.0,64.72851
7813.0,61.53619
7814.0,62.45264
7815.0,66.45731
7816.0,84.82535
7817.0,107.13962
7818.0,111.87665
7819.0,100.80845
7820.0,99.61262
7821.0,98.66894
7822.0,96.26905
7823.0,91.45999
7824.0,86.73743
7825.0,87.50134
7826.0,82.80908
7827.0,81.72288
7828.0,82.21384
7829.0,86.95836
7830.0,97.55866
7831.0,105.1526
7832.0,88.85985
7833.0,74.02882
7834.0,62.67986
7835.0,56.74499
7836.0,56.6042
7837.0,54.97385
7838.0,54.03975
7839.0,68.82352
7840.0,89.71334
7841.0,113.5633
7842.0,118.30605
7843.0,110.38526
7844.0,104.35272
7845.0,101.47243
7846.0,100.64315
7847.0,99.25429
7848.0,94.24599
7849.0,95.41679
7850.0,95.54766
7851.0,91.18763
7852.0,95.75984
7853.0,98.60507
7854.0,100.50331
7855.0,105.08445
7856.0,85.25519
7857.0,54.97072
7858.0,30.46092
7859.0,23.69535
7860.0,26.50647
7861.0,23.90733
7862.0,21.22985
7863.0,41.15083
7864.0,87.53034
7865.0,108.91228
7866.0,110.14794
7867.0,105.98221
7868.0,106.47494
7869.0,105.82388
7870.0,106.13228
7871.0,106.1966
7872.0,105.13885
7873.0,97.78241
7874.0,98.05247
7875.0,93.3793
7876.0,96.52191
7877.0,101.54945
7878.0,108.13
7879.0,110.75695
7880.0,93.67895
7881.0,52.26371
7882.0,35.17751
7883.0,31.82661
7884.0,35.70942
7885.0,33.65938
7886.0,35.18391
7887.0,54.53345
7888.0,93.81523
7889.0,116.92222
7890.0,122.64819
7891.0,114.34979
7892.0,113.77601
7893.0,112.32376
7894.0,111.23337
7895.0,108.97902
7896.0,104.76961
7897.0,92.28199
7898.0,91.35351
7899.0,90.79
7900.0,90.74393
7901.0,94.78518
7902.0,100.5831
7903.0,102.9273
7904.0,91.77386
7905.0,76.14164
7906.0,57.65533
7907.0,42.08025
7908.0,40.39185
7909.0,35.86242
7910.0,35.49671
7911.0,57.76047
7912.0,90.3288
7913.0,111.43077
7914.0,116.80059
7915.0,106.25106
7916.0,105.38518
7917.0,105.58213
7918.0,106.11865
7919.0,102.31648
7920.0,100.0
7921.0,99.52833
7922.0,99.0
7923.0,99.84351
7924.0,99.03469
7925.0,100.36703
7926.0,103.14377
7927.0,103.10373
7928.0,87.72841
7929.0,68.88235
7930.0,43.13553
7931.0,34.91649
7932.0,37.94648
7933.0,30.92409
7934.0,26.81633
7935.0,54.91786
7936.0,94.02599
7937.0,106.57083
7938.0,114.44212
7939.0,103.85708
7940.0,102.59544
7941.0,101.71419
7942.0,99.7558
7943.0,98.27012
7944.0,94.81583
7945.0,103.33365
7946.0,94.9308
7947.0,93.83756
7948.0,93.85373
7949.0,94.37564
7950.0,107.46954
7951.0,133.77618
7952.0,124.53561
7953.0,88.92999
7954.0,77.22562
7955.0,72.46148
7956.0,68.22344
7957.0,61.98016
7958.0,63.69995
7959.0,75.17075
7960.0,96.26653
7961.0,124.93261
7962.0,139.55058
7963.0,125.54287
7964.0,121.61327
7965.0,120.54167
7966.0,117.66253
7967.0,107.73909
7968.0,100.8658
7969.0,94.67815
7970.0,92.47522
7971.0,92.68341
7972.0,92.96437
7973.0,94.2637
7974.0,108.54687
7975.0,152.55
7976.0,119.82784
7977.0,86.6306
7978.0,78.19865
7979.0,72.57524
7980.0,71.40268
7981.0,64.78743
7982.0,64.96449
7983.0,79.62114
7984.0,113.47162
7985.0,154.9
7986.0,174.11
7987.0,166.02
7988.0,159.68
7989.0,158.65
7990.0,154.04
7991.0,125.14163
7992.0,120.02111
7993.0,126.39842
7994.0,119.73044
7995.0,116.91092
7996.0,122.4
7997.0,123.24784
7998.0,143.67143
7999.0,171.34436
8000.0,147.3213
8001.0,110.48312
8002.0,94.48274
8003.0,87.19387
8004.0,80.32925
8005.0,79.66041
8006.0,76.62736
8007.0,97.12182
8008.0,125.13422
8009.0,155.0
8010.0,183.92
8011.0,160.70116
8012.0,157.63
8013.0,151.994
8014.0,148.31116
8015.0,137.40263
8016.0,128.84003
8017.0,145.78368
8018.0,137.92699
8019.0,134.36536
8020.0,133.16591
8021.0,134.66466
8022.0,144.43674
8023.0,173.06917
8024.0,171.60953
8025.0,149.0
8026.0,142.24384
8027.0,140.33913
8028.0,140.0
8029.0,139.67065
8030.0,137.6
8031.0,142.91858
8032.0,165.71864
8033.0,198.40396
8034.0,224.90608
8035.0,202.53783
8036.0,195.53159
8037.0,191.51846
8038.0,175.57423
8039.0,146.0891
8040.0,146.31184
8041.0,150.66553
8042.0,144.3533
8043.0,146.55586
8044.0,146.55586
8045.0,144.76566
8046.0,160.27
8047.0,205.0
8048.0,219.2342
8049.0,178.95975
8050.0,162.82002
8051.0,154.91714
8052.0,141.26237
8053.0,145.07643
8054.0,137.62704
8055.0,151.98
8056.0,194.72739
8057.0,225.0
8058.0,255.3344
8059.0,232.06067
8060.0,222.69348
8061.0,225.0
8062.0,217.6045
8063.0,201.3874
8064.0,177.48032
8065.0,157.9
8066.0,152.98752
8067.0,148.74152
8068.0,150.0
8069.0,154.31
8070.0,155.77
8071.0,171.60414
8072.0,163.57895
8073.0,141.16217
8074.0,131.35422
8075.0,129.68704
8076.0,122.7729
8077.0,120.3302
8078.0,119.99026
8079.0,123.8134
8080.0,147.676
8081.0,174.71146
8082.0,188.37993
8083.0,176.82932
8084.0,176.86754
8085.0,174.16258
8086.0,170.56407
8087.0,147.58115
8088.0,140.20712
8089.0,132.56673
8090.0,138.62112
8091.0,126.61992
8092.0,124.17199
8093.0,129.60759
8094.0,141.54176
8095.0,150.88113
8096.0,141.24771
8097.0,127.9749
8098.0,118.99002
8099.0,110.60109
8100.0,99.87084
8101.0,92.18812
8102.0,90.12427
8103.0,109.88204
8104.0,132.48328
8105.0,159.38806
8106.0,187.22
8107.0,160.83945
8108.0,157.81773
8109.0,157.81773
8110.0,154.81773
8111.0,138.27579
8112.0,132.37573
8113.0,122.9256
8114.0,121.92325
8115.0,120.76047
8116.0,123.48519
8117.0,125.65626
8118.0,140.05905
8119.0,170.25
8120.0,172.1255
8121.0,139.0
8122.0,127.98973
8123.0,120.0785
8124.0,106.2
8125.0,98.25723
8126.0,104.43146
8127.0,110.73419
8128.0,139.8361
8129.0,178.34464
8130.0,200.00018
8131.0,184.49463
8132.0,177.67464
8133.0,171.33032
8134.0,160.17763
8135.0,138.03397
8136.0,126.32247
8137.0,128.79865
8138.0,129.60226
8139.0,125.98283
8140.0,129.89194
8141.0,130.15462
8142.0,146.99887
8143.0,172.87
8144.0,169.77693
8145.0,149.26466
8146.0,130.00117
8147.0,116.943
8148.0,127.04371
8149.0,124.21349
8150.0,123.94446
8151.0,130.35
8152.0,157.88
8153.0,186.58
8154.0,206.99
8155.0,190.0
8156.0,186.0
8157.0,181.0
8158.0,171.03
8159.0,157.4916
8160.0,145.90366
8161.0,135.11453
8162.0,127.36846
8163.0,127.37253
8164.0,127.96058
8165.0,130.5228
8166.0,144.49886
8167.0,178.417
8168.0,173.58235
8169.0,138.72623
8170.0,124.66539
8171.0,120.96709
8172.0,116.58308
8173.0,108.60351
8174.0,103.49481
8175.0,117.50826
8176.0,137.74265
8177.0,174.95032
8178.0,191.33809
8179.0,174.82996
8180.0,169.28725
8181.0,168.08948
8182.0,161.98027
8183.0,148.34944
8184.0,140.8331
8185.0,166.05222
8186.0,160.96677
8187.0,157.7093
8188.0,159.73688
8189.0,163.14609
8190.0,188.52031
8191.0,221.83969
8192.0,199.2603
8193.0,162.37778
8194.0,135.35219
8195.0,136.00388
8196.0,121.95313
8197.0,121.15263
8198.0,131.09862
8199.0,141.4015
8200.0,173.06345
8201.0,224.48193
8202.0,239.95174
8203.0,222.00853
8204.0,220.1952
8205.0,218.28174
8206.0,204.43945
8207.0,181.05864
8208.0,172.39996
8209.0,238.89473
8210.0,230.40685
8211.0,225.17046
8212.0,223.9664
8213.0,231.8587
8214.0,273.812
8215.0,324.29062
8216.0,281.7498
8217.0,233.06067
8218.0,216.20314
8219.0,191.16524
8220.0,186.52548
8221.0,171.62926
8222.0,171.21803
8223.0,204.24136
8224.0,244.70511
8225.0,309.1854
8226.0,323.4162
8227.0,314.72394
8228.0,310.66266
8229.0,309.3022
8230.0,307.4492
8231.0,298.95758
8232.0,275.0342
8233.0,373.8602
8234.0,359.8296
8235.0,335.9627
8236.0,335.90927
8237.0,335.40863
8238.0,347.64984
8239.0,381.82452
8240.0,355.89926
8241.0,315.16257
8242.0,303.1559
8243.0,295.82303
8244.0,295.9995
8245.0,283.67285
8246.0,283.1211
8247.0,296.55765
8248.0,345.19916
8249.0,404.59366
8250.0,413.26053
8251.0,412.2587
8252.0,403.03412
8253.0,403.48386
8254.0,399.10406
8255.0,376.06348
8256.0,340.22708
8257.0,353.60583
8258.0,350.80798
8259.0,338.74985
8260.0,338.5716
8261.0,337.9967
8262.0,352.46182
8263.0,348.78195
8264.0,337.93762
8265.0,313.59558
8266.0,310.0151
8267.0,306.46664
8268.0,302.59564
8269.0,297.41898
8270.0,296.89392
8271.0,303.35025
8272.0,343.15378
8273.0,414.20175
8274.0,430.11533
8275.0,419.4383
8276.0,423.84894
8277.0,421.34427
8278.0,415.7846
8279.0,379.48083
8280.0,344.474
8281.0,351.33752
8282.0,343.92218
8283.0,334.81918
8284.0,334.3812
8285.0,339.8648
8286.0,368.8206
8287.0,468.07544
8288.0,463.4867
8289.0,381.75104
8290.0,334.8645
8291.0,331.0604
8292.0,324.13272
8293.0,312.60242
8294.0,306.62622
8295.0,324.95056
8296.0,384.02252
8297.0,480.57782
8298.0,515.2529
8299.0,511.77155
8300.0,497.77762
8301.0,491.6856
8302.0,484.12375
8303.0,412.33026
8304.0,391.54153
8305.0,322.76767
8306.0,320.5677
8307.0,323.2506
8308.0,327.12643
8309.0,334.6153
8310.0,373.1069
8311.0,440.92447
8312.0,405.99927
8313.0,326.45132
8314.0,287.6523
8315.0,269.3539
8316.0,255.95213
8317.0,244.00278
8318.0,247.27866
8319.0,280.80783
8320.0,331.9747
8321.0,421.2066
8322.0,454.5
8323.0,442.22073
8324.0,426.99673
8325.0,426.67612
8326.0,423.3986
8327.0,383.4363
8328.0,349.45547
8329.0,376.7356
8330.0,359.925
8331.0,359.79
8332.0,360.22574
8333.0,375.70294
8334.0,445.25992
8335.0,505.2519
8336.0,479.36832
8337.0,354.0394
8338.0,304.56714
8339.0,300.16293
8340.0,298.07727
8341.0,297.60382
8342.0,297.78387
8343.0,316.73035
8344.0,368.71814
8345.0,484.89917
8346.0,536.77075
8347.0,523.79095
8348.0,499.44308
8349.0,493.839
8350.0,479.75833
8351.0,443.48154
8352.0,403.15598
8353.0,266.92166
8354.0,249.65228
8355.0,250.10489
8356.0,248.5917
8357.0,262.9539
8358.0,281.81775
8359.0,328.9174
8360.0,307.19397
8361.0,255.40584
8362.0,216.9606
8363.0,208.44894
8364.0,193.98546
8365.0,191.2906
8366.0,189.34161
8367.0,209.71336
8368.0,252.76523
8369.0,307.22998
8370.0,334.10043
8371.0,330.8372
8372.0,313.8643
8373.0,308.4642
8374.0,298.02942
8375.0,282.0087
8376.0,263.57968
8377.0,294.5742
8378.0,288.41672
8379.0,280.23047
8380.0,281.80267
8381.0,303.6743
8382.0,335.26382
8383.0,392.26672
8384.0,372.2168
8385.0,285.8312
8386.0,243.36453
8387.0,228.97041
8388.0,210.33754
8389.0,189.02626
8390.0,185.65895
8391.0,211.29776
8392.0,272.72934
8393.0,373.86377
8394.0,397.02148
8395.0,387.9353
8396.0,378.6327
8397.0,377.405
8398.0,365.09995
8399.0,350.3332
8400.0,323.90128
8401.0,281.7161
8402.0,266.60883
8403.0,260.38245
8404.0,260.54095
8405.0,262.6343
8406.0,279.4506
8407.0,305.185
8408.0,279.32013
8409.0,234.2077
8410.0,216.73676
8411.0,205.25111
8412.0,202.75607
8413.0,197.78677
8414.0,202.14053
8415.0,212.66599
8416.0,256.91068
8417.0,305.99768
8418.0,326.25708
8419.0,318.88644
8420.0,305.00177
8421.0,307.39005
8422.0,304.63205
8423.0,296.42307
8424.0,278.13235
8425.0,241.68915
8426.0,241.47237
8427.0,232.85481
8428.0,233.9479
8429.0,233.56013
8430.0,235.03078
8431.0,244.90936
8432.0,238.80016
8433.0,220.22649
8434.0,177.80296
8435.0,154.4197
8436.0,142.42535
8437.0,130.2405
8438.0,132.73418
8439.0,149.71883
8440.0,220.39426
8441.0,282.9854
8442.0,290.8181
8443.0,290.20117
8444.0,292.71497
8445.0,290.20337
8446.0,285.50906
8447.0,279.15533
8448.0,235.01439
8449.0,245.52386
8450.0,244.00937
8451.0,244.13963
8452.0,240.34448
8453.0,247.52809
8454.0,269.08282
8455.0,366.18826
8456.0,330.7064
8457.0,251.9445
8458.0,232.70111
8459.0,214.05846
8460.0,207.6977
8461.0,208.85771
8462.0,209.12195
8463.0,224.35478
8464.0,265.4361
8465.0,350.54465
8466.0,382.25296
8467.0,358.9722
8468.0,354.7996
8469.0,343.93637
8470.0,336.58453
8471.0,297.5345
8472.0,277.17633
8473.0,317.89423
8474.0,305.15973
8475.0,292.95865
8476.0,288.7112
8477.0,307.97833
8478.0,334.0867
8479.0,358.845
8480.0,369.9772
8481.0,313.27728
8482.0,266.1475
8483.0,243.8
8484.0,203.96
8485.0,188.6819
8486.0,186.57954
8487.0,203.74852
8488.0,283.89322
8489.0,345.01843
8490.0,367.6148
8491.0,345.46048
8492.0,343.67755
8493.0,342.86722
8494.0,334.17258
8495.0,314.88745
8496.0,292.39767
8497.0,273.71155
8498.0,254.1178
8499.0,253.8661
8500.0,256.6587
8501.0,261.5922
8502.0,305.35
8503.0,364.0
8504.0,334.2
8505.0,259.25482
8506.0,227.31595
8507.0,202.95168
8508.0,191.88274
8509.0,186.72751
8510.0,185.3705
8511.0,196.29166
8512.0,245.55672
8513.0,310.30164
8514.0,333.68195
8515.0,311.73505
8516.0,309.99597
8517.0,307.70087
8518.0,308.65372
8519.0,264.20963
8520.0,251.703
8521.0,443.07095
8522.0,440.61673
8523.0,438.8631
8524.0,439.32486
8525.0,441.76764
8526.0,484.8239
8527.0,559.15454
8528.0,544.4449
8529.0,448.0485
8530.0,386.5275
8531.0,339.11707
8532.0,336.19492
8533.0,354.22256
8534.0,354.4523
8535.0,399.51822
8536.0,491.56525
8537.0,560.199
8538.0,600.0
8539.0,566.0144
8540.0,556.5489
8541.0,555.3831
8542.0,541.7406
8543.0,481.12918
8544.0,446.4188
8545.0,321.71613
8546.0,312.43054
8547.0,307.8487
8548.0,310.17444
8549.0,311.99118
8550.0,339.30087
8551.0,367.66876
8552.0,338.66873
8553.0,292.3226
8554.0,265.09622
8555.0,244.3112
8556.0,236.00539
8557.0,230.0052
8558.0,220.39331
8559.0,229.50539
8560.0,291.0698
8561.0,359.5225
8562.0,384.49612
8563.0,365.21338
8564.0,361.204
8565.0,361.68848
8566.0,348.86884
8567.0,313.16562
8568.0,287.26102
8569.0,318.70044
8570.0,309.72253
8571.0,299.9213
8572.0,295.57117
8573.0,299.50815
8574.0,296.99326
8575.0,309.80762
8576.0,298.6793
8577.0,275.25433
8578.0,228.43153
8579.0,204.15431
8580.0,188.10153
8581.0,181.18398
8582.0,179.63055
8583.0,203.01799
8584.0,282.2371
8585.0,352.2887
8586.0,393.69208
8587.0,378.13647
8588.0,374.18872
8589.0,362.09015
8590.0,350.5048
8591.0,337.4044
8592.0,314.0633
8593.0,290.74994
8594.0,296.66388
8595.0,287.06662
8596.0,283.10693
8597.0,293.1448
8598.0,297.3772
8599.0,292.9412
8600.0,283.72696
8601.0,260.32376
8602.0,185.55225
8603.0,180.75826
8604.0,120.81403
8605.0,137.97217
8606.0,148.06508
8607.0,176.3193
8608.0,266.8227
8609.0,318.32956
8610.0,340.52557
8611.0,339.69714
8612.0,337.47568
8613.0,331.0408
8614.0,314.87103
8615.0,305.64606
8616.0,297.03146
8617.0,298.97766
8618.0,293.44604
8619.0,283.3085
8620.0,280.39868
8621.0,284.36508
8622.0,284.8221
8623.0,297.28543
8624.0,279.55328
8625.0,267.34293
8626.0,241.5364
8627.0,200.91895
8628.0,209.18156
8629.0,219.24199
8630.0,223.01334
8631.0,255.3947
8632.0,291.11783
8633.0,367.3308
8634.0,379.99048
8635.0,367.19403
8636.0,362.13943
8637.0,361.97855
8638.0,349.91168
8639.0,303.92276
8640.0,287.74664
8641.0,279.6912
8642.0,270.00882
8643.0,268.14725
8644.0,266.41638
8645.0,267.33337
8646.0,279.19257
8647.0,298.7537
8648.0,301.96588
8649.0,295.90845
8650.0,293.56485
8651.0,282.44843
8652.0,277.22906
8653.0,277.34183
8654.0,276.938
8655.0,291.11792
8656.0,321.00107
8657.0,327.74725
8658.0,328.3823
8659.0,326.3623
8660.0,321.9247
8661.0,313.54453
8662.0,299.88654
8663.0,286.02432
8664.0,277.0662
8665.0,190.06673
8666.0,189.69984
8667.0,187.68828
8668.0,189.05801
8669.0,188.559
8670.0,200.73122
8671.0,229.47377
8672.0,228.01595
8673.0,203.59991
8674.0,178.2713
8675.0,161.81879
8676.0,139.35
8677.0,129.80174
8678.0,121.60339
8679.0,154.42532
8680.0,199.54456
8681.0,242.06522
8682.0,267.58902
8683.0,255.17735
8684.0,254.16544
8685.0,249.7553
8686.0,243.00441
8687.0,226.85945
8688.0,217.44344
8689.0,163.68645
8690.0,159.71126
8691.0,159.3668
8692.0,155.46759
8693.0,156.69153
8694.0,165.45158
8695.0,184.76935
8696.0,183.91847
8697.0,178.44891
8698.0,169.99277
8699.0,162.34267
8700.0,160.67905
8701.0,159.09946
8702.0,159.95985
8703.0,168.29073
8704.0,184.90175
8705.0,213.03844
8706.0,224.26208
8707.0,213.62361
8708.0,212.39737
8709.0,211.95538
8710.0,198.92133
8711.0,181.84563
8712.0,175.68971
8713.0,129.17332
8714.0,123.45166
8715.0,119.15596
8716.0,118.82827
8717.0,119.78415
8718.0,121.06519
8719.0,131.32217
8720.0,135.5575
8721.0,133.31985
8722.0,122.20377
8723.0,114.56701
8724.0,114.09514
8725.0,108.60968
8726.0,105.35898
8727.0,115.83759
8728.0,125.41806
8729.0,150.95547
8730.0,157.29144
8731.0,151.91446
8732.0,151.11163
8733.0,144.95802
8734.0,137.32312
8735.0,127.25607
8736.0,122.64783
8737.0,109.21687
8738.0,106.5383
8739.0,106.41653
8740.0,103.73185
8741.0,106.54104
8742.0,108.2126
8743.0,109.5512
8744.0,109.22895
8745.0,114.61425
8746.0,113.74061
8747.0,112.27295
8748.0,109.5761
8749.0,108.72247
8750.0,109.60557
8751.0,113.38617
8752.0,122.70632
8753.0,137.54106
8754.0,149.1607
8755.0,143.07582
8756.0,137.91148
8757.0,132.58318
8758.0,125.11088
8759.0,118.26512
8760.0,116.46617
