Source,Location ID,City,State,Country,Latitude,Longitude,Time Zone,Elevation,Local Time Zone,Dew Point Units,DHI Units,DNI Units,GHI Units,Temperature Units,Pressure Units,Wind Direction Units,Wind Speed Units,Surface Albedo Units,Version
NSRDB,96261,-,-,-,35.33,-118.74,-8,320,-8,c,w/m2,w/m2,w/m2,c,mbar,Degrees,m/s,N/A,3.2.0
Year,Month,Day,Hour,Minute,DNI,DHI,GHI,Dew Point,Temperature,Pressure,Wind Direction,Wind Speed,Surface Albedo
2019,1,1,0,30,0,0,0,-10.3,0.2,978,94,1.6,0.18
2019,1,1,1,30,0,0,0,-10.4,-0.2,978,96,1.6,0.18
2019,1,1,2,30,0,0,0,-10.4,-0.4,978,95,1.6,0.18
2019,1,1,3,30,0,0,0,-10.4,-0.5,978,94,1.5,0.18
2019,1,1,4,30,0,0,0,-10.4,-0.4,979,93,1.5,0.18
2019,1,1,5,30,0,0,0,-10.4,-0.30000000000000004,980,90,1.4000000000000001,0.18
2019,1,1,6,30,0,0,0,-10.3,0.4,981,93,1.3,0.18
2019,1,1,7,30,460,23,55,-9.1,3.2,982,100,1.3,0.18
2019,1,1,8,30,786,44,230,-7.7,6.800000000000001,983,102,1.4000000000000001,0.18
2019,1,1,9,30,897,58,393,-11.200000000000001,9.600000000000001,983,166,1,0.18
2019,1,1,10,30,939,71,513,-13.200000000000001,11.3,982,244,1.1,0.18
2019,1,1,11,30,962,76,576,-13.9,12.100000000000001,982,254,1.6,0.18
2019,1,1,12,30,953,78,573,-14,12.5,981,250,1.7000000000000002,0.18
2019,1,1,13,30,902,79,500,-14,12.3,981,257,1.8,0.18
2019,1,1,14,30,830,70,376,-13.700000000000001,11.3,981,268,1.8,0.18
2019,1,1,15,30,680,56,212,-10,10.5,981,272,1.7000000000000002,0.18
2019,1,1,16,30,283,27,44,-6,5,982,290,1.1,0.18
2019,1,1,17,30,0,0,0,-7.5,4.2,983,308,1,0.18
2019,1,1,18,30,0,0,0,-7.300000000000001,4.7,983,335,0.6000000000000001,0.18
2019,1,1,19,30,0,0,0,-7.6000000000000005,5.300000000000001,983,257,0.4,0.18
2019,1,1,20,30,0,0,0,-7.4,5.2,983,169,0.6000000000000001,0.18
2019,1,1,21,30,0,0,0,-6.6000000000000005,5.300000000000001,983,174,0.7000000000000001,0.18
2019,1,1,22,30,0,0,0,-6.7,5.4,983,174,0.8,0.18
2019,1,1,23,30,0,0,0,-7,5.300000000000001,982,163,0.8,0.18
2019,1,2,0,30,0,0,0,-8,5.1000000000000005,982,149,0.9,0.18
2019,1,2,1,30,0,0,0,-8.5,4.9,982,141,1,0.18
2019,1,2,2,30,0,0,0,-9.200000000000001,4.5,982,136,1.2000000000000002,0.18
2019,1,2,3,30,0,0,0,-9.5,4.1000000000000005,982,131,1.2000000000000002,0.18
2019,1,2,4,30,0,0,0,-9.8,4,982,130,1.3,0.18
2019,1,2,5,30,0,0,0,-10.200000000000001,4.1000000000000005,982,133,1.3,0.18
2019,1,2,6,30,0,0,0,-10.5,4.2,983,134,1.2000000000000002,0.18
2019,1,2,7,30,400,23,51,-8.6,5.9,984,130,1.3,0.18
2019,1,2,8,30,738,44,219,-6.300000000000001,9.1,984,127,1.9000000000000001,0.18
2019,1,2,9,30,857,57,378,-10.5,11.9,984,128,2.6,0.18
2019,1,2,10,30,906,69,496,-9.1,13.9,984,133,2.5,0.18
2019,1,2,11,30,933,72,558,-7.7,15.4,983,145,2.2,0.18
2019,1,2,12,30,917,78,555,-6.7,16.3,982,160,2.1,0.18
2019,1,2,13,30,866,81,487,-5.800000000000001,16.5,982,176,2,0.18
2019,1,2,14,30,797,73,368,-5.1000000000000005,15.600000000000001,982,189,1.5,0.18
2019,1,2,15,30,647,57,207,-0.1,14.8,982,195,1.1,0.18
2019,1,2,16,30,269,27,44,-0.6000000000000001,10.200000000000001,983,196,1,0.18
2019,1,2,17,30,0,0,0,-2.5,8.9,983,169,1.1,0.18
2019,1,2,18,30,0,0,0,-2.5,7.6000000000000005,984,144,1.2000000000000002,0.18
2019,1,2,19,30,0,0,0,-2.6,6.5,984,133,1.3,0.18
2019,1,2,20,30,0,0,0,-2.9000000000000004,5.7,984,125,1.3,0.18
2019,1,2,21,30,0,0,0,-3.1,4.9,984,118,1.3,0.18
2019,1,2,22,30,0,0,0,-3.3000000000000003,4.3,984,112,1.3,0.18
2019,1,2,23,30,0,0,0,-3.4000000000000004,3.9000000000000004,984,108,1.3,0.18
2019,1,3,0,30,0,0,0,-3.5,3.6,983,104,1.4000000000000001,0.18
2019,1,3,1,30,0,0,0,-3.5,3.5,983,101,1.4000000000000001,0.18
2019,1,3,2,30,0,0,0,-3.6,3.6,983,102,1.4000000000000001,0.18
2019,1,3,3,30,0,0,0,-3.5,3.6,983,106,1.4000000000000001,0.18
2019,1,3,4,30,0,0,0,-3.5,3.4000000000000004,983,108,1.4000000000000001,0.18
2019,1,3,5,30,0,0,0,-3.6,3.1,983,109,1.5,0.18
2019,1,3,6,30,0,0,0,-3.7,3.5,983,109,1.5,0.18
2019,1,3,7,30,362,25,50,-3.1,6.5,984,109,2,0.18
2019,1,3,8,30,712,50,218,-2.4000000000000004,10.5,984,110,2.8000000000000003,0.18
2019,1,3,9,30,846,61,378,-3.3000000000000003,13.4,983,117,2.7,0.18
2019,1,3,10,30,907,69,497,-3.4000000000000004,15.8,982,138,1.9000000000000001,0.18
2019,1,3,11,30,935,71,560,-3.8000000000000003,17.3,981,169,1.3,0.18
2019,1,3,12,30,933,72,559,-3.8000000000000003,18,980,192,1.2000000000000002,0.18
2019,1,3,13,30,902,70,495,-3.7,18.1,980,200,1.1,0.18
2019,1,3,14,30,840,63,376,-3.5,17.2,979,200,0.9,0.18
2019,1,3,15,30,703,50,214,0.7000000000000001,16.400000000000002,979,198,0.7000000000000001,0.18
2019,1,3,16,30,351,25,48,-0.30000000000000004,11.8,980,156,0.9,0.19
2019,1,3,17,30,0,0,0,-1.4000000000000001,9.4,980,129,1.2000000000000002,0.19
2019,1,3,18,30,0,0,0,-1.5,7.5,980,120,1.4000000000000001,0.19
2019,1,3,19,30,0,0,0,-1.9000000000000001,6.4,981,115,1.4000000000000001,0.19
2019,1,3,20,30,0,0,0,-2.5,5.800000000000001,980,110,1.5,0.19
2019,1,3,21,30,0,0,0,-2.9000000000000004,5.4,980,106,1.6,0.19
2019,1,3,22,30,0,0,0,-3.1,5.2,979,104,1.7000000000000002,0.19
2019,1,3,23,30,0,0,0,-3.2,5.2,979,102,1.7000000000000002,0.19
2019,1,4,0,30,0,0,0,-3.2,5.2,979,100,1.6,0.19
2019,1,4,1,30,0,0,0,-3.4000000000000004,4.9,978,98,1.6,0.19
2019,1,4,2,30,0,0,0,-3.8000000000000003,4.6000000000000005,978,98,1.6,0.19
2019,1,4,3,30,0,0,0,-4,4.3,978,102,1.7000000000000002,0.19
2019,1,4,4,30,0,0,0,-4.2,4.3,978,103,1.9000000000000001,0.19
2019,1,4,5,30,0,0,0,-4.3,4.5,978,102,2.3000000000000003,0.19
2019,1,4,6,30,0,0,0,-4.5,5.4,978,101,2.8000000000000003,0.19
2019,1,4,7,30,381,25,51,-4.3,8.3,978,101,3.8000000000000003,0.19
2019,1,4,8,30,728,49,221,-3.8000000000000003,12.100000000000001,978,102,4.7,0.19
2019,1,4,9,30,859,62,384,-4,15.200000000000001,978,106,5.1000000000000005,0.19
2019,1,4,10,30,914,70,502,-5.1000000000000005,17.400000000000002,977,113,5,0.19
2019,1,4,11,30,940,73,565,-5.5,18.8,976,118,4.5,0.19
2019,1,4,12,30,924,76,560,-5.6000000000000005,19.400000000000002,975,122,4,0.19
2019,1,4,13,30,886,76,495,-5.800000000000001,19.3,975,124,3.7,0.19
2019,1,4,14,30,823,67,376,-5.7,18,975,121,2.8000000000000003,0.19
2019,1,4,15,30,683,53,215,-2,17,975,119,2.2,0.19
2019,1,4,16,30,332,26,49,-0.4,10.600000000000001,975,107,1.5,0.2
2019,1,4,17,30,0,0,0,-1.9000000000000001,8.9,975,104,1.7000000000000002,0.2
2019,1,4,18,30,0,0,0,-2.4000000000000004,8,975,101,1.7000000000000002,0.2
2019,1,4,19,30,0,0,0,-2.7,7.800000000000001,975,97,1.8,0.2
2019,1,4,20,30,0,0,0,-2.8000000000000003,8.4,975,96,2,0.2
2019,1,4,21,30,0,0,0,-3.1,8.8,974,99,2.1,0.2
2019,1,4,22,30,0,0,0,-3.3000000000000003,8.6,974,101,2.1,0.2
2019,1,4,23,30,0,0,0,-3.8000000000000003,8.200000000000001,973,101,2.2,0.2
2019,1,5,0,30,0,0,0,-4.3,7.9,973,102,2.2,0.2
2019,1,5,1,30,0,0,0,-4.6000000000000005,7.4,973,103,2.3000000000000003,0.2
2019,1,5,2,30,0,0,0,-5,7,972,103,2.3000000000000003,0.2
2019,1,5,3,30,0,0,0,-5.1000000000000005,7,972,102,2.4000000000000004,0.2
2019,1,5,4,30,0,0,0,-5.2,7.300000000000001,972,102,2.4000000000000004,0.2
2019,1,5,5,30,0,0,0,-5,7.7,972,103,2.4000000000000004,0.2
2019,1,5,6,30,0,0,0,-4.7,8.1,972,102,2.5,0.2
2019,1,5,7,30,95,25,32,-4.6000000000000005,9.3,973,101,3,0.2
2019,1,5,8,30,204,88,136,-4.5,10.9,973,102,3.6,0.2
2019,1,5,9,30,42,143,159,-3.6,12.200000000000001,973,108,4,0.2
2019,1,5,10,30,5,152,154,-1.7000000000000002,13,972,121,4.6000000000000005,0.2
2019,1,5,11,30,0,116,116,2.1,13.3,972,132,4.9,0.2
2019,1,5,12,30,0,96,96,4.4,13.200000000000001,972,134,4.7,0.2
2019,1,5,13,30,0,100,100,5.6000000000000005,12.9,972,130,4.4,0.2
2019,1,5,14,30,0,91,91,6.4,12.3,972,126,4.2,0.2
2019,1,5,15,30,0,12,12,6.9,12,972,124,4,0.2
2019,1,5,16,30,0,5,5,6.9,10.4,972,124,2.7,0.2
2019,1,5,17,30,0,0,0,6.800000000000001,9.8,972,123,2.1,0.2
2019,1,5,18,30,0,0,0,6.7,9.4,972,121,1.6,0.2
2019,1,5,19,30,0,0,0,6.6000000000000005,9,973,123,1.3,0.2
2019,1,5,20,30,0,0,0,6.4,8.8,973,126,1,0.2
2019,1,5,21,30,0,0,0,6.300000000000001,8.700000000000001,973,133,0.8,0.2
2019,1,5,22,30,0,0,0,6.2,8.6,973,164,0.6000000000000001,0.2
2019,1,5,23,30,0,0,0,5.9,8.200000000000001,974,212,0.7000000000000001,0.2
2019,1,6,0,30,0,0,0,5.6000000000000005,7.6000000000000005,974,247,0.8,0.2
2019,1,6,1,30,0,0,0,5.4,7.300000000000001,975,262,0.9,0.2
2019,1,6,2,30,0,0,0,5.4,7.4,975,266,0.9,0.2
2019,1,6,3,30,0,0,0,5.4,7.2,975,264,0.8,0.2
2019,1,6,4,30,0,0,0,5.1000000000000005,6.800000000000001,976,256,0.8,0.2
2019,1,6,5,30,0,0,0,4.800000000000001,6.5,976,243,0.7000000000000001,0.2
2019,1,6,6,30,0,0,0,4.4,6.4,977,225,0.7000000000000001,0.2
2019,1,6,7,30,261,29,47,4.5,7.300000000000001,978,217,1.1,0.2
2019,1,6,8,30,631,58,208,5,8.9,978,232,1.4000000000000001,0.2
2019,1,6,9,30,280,129,234,4.800000000000001,10.700000000000001,979,255,1.4000000000000001,0.2
2019,1,6,10,30,681,104,428,3.3000000000000003,12.4,978,265,1.6,0.2
2019,1,6,11,30,907,74,552,1.6,13.8,978,265,2,0.2
2019,1,6,12,30,897,77,550,0.6000000000000001,14.4,977,260,2.3000000000000003,0.2
2019,1,6,13,30,773,97,466,0.4,14.5,977,251,2.2,0.2
2019,1,6,14,30,265,139,240,0.6000000000000001,13.8,977,251,2.1,0.2
2019,1,6,15,30,209,90,141,1.9000000000000001,13.100000000000001,978,254,1.8,0.2
2019,1,6,16,30,46,26,29,4.6000000000000005,10,978,183,0.8,0.19
2019,1,6,17,30,0,0,0,4.4,8.5,979,148,1,0.19
2019,1,6,18,30,0,0,0,4.1000000000000005,7.9,979,152,1.2000000000000002,0.19
2019,1,6,19,30,0,0,0,4.4,7.7,980,157,1.4000000000000001,0.19
2019,1,6,20,30,0,0,0,5,7.9,980,160,1.5,0.19
2019,1,6,21,30,0,0,0,5.6000000000000005,8.200000000000001,980,168,1.7000000000000002,0.19
2019,1,6,22,30,0,0,0,6.1000000000000005,8.5,980,179,1.9000000000000001,0.19
2019,1,6,23,30,0,0,0,6.7,8.9,979,191,1.9000000000000001,0.19
2019,1,7,0,30,0,0,0,7.1000000000000005,9.5,979,204,2,0.19
2019,1,7,1,30,0,0,0,7.7,10,980,212,2,0.19
2019,1,7,2,30,0,0,0,8,10.200000000000001,979,219,1.8,0.19
2019,1,7,3,30,0,0,0,8.200000000000001,10.200000000000001,979,219,1.5,0.19
2019,1,7,4,30,0,0,0,8.3,10.200000000000001,980,218,1.2000000000000002,0.19
2019,1,7,5,30,0,0,0,8.4,10.100000000000001,981,218,1,0.19
2019,1,7,6,30,0,0,0,8.4,10.3,982,214,0.9,0.19
2019,1,7,7,30,233,28,44,8.6,10.9,983,200,1,0.19
2019,1,7,8,30,595,60,201,9,11.700000000000001,983,178,1.3,0.19
2019,1,7,9,30,733,79,355,9.4,12.600000000000001,984,160,1.6,0.19
2019,1,7,10,30,791,91,468,9.600000000000001,13.9,983,159,1.9000000000000001,0.19
2019,1,7,11,30,842,89,534,9.3,15.3,982,165,2,0.19
2019,1,7,12,30,859,84,539,8.5,16.5,982,179,1.9000000000000001,0.19
2019,1,7,13,30,844,77,482,7.800000000000001,17.1,981,202,1.9000000000000001,0.19
2019,1,7,14,30,784,68,368,7.5,16.8,981,220,1.6,0.19
2019,1,7,15,30,648,55,213,7.7,16.400000000000002,981,226,1.4000000000000001,0.19
2019,1,7,16,30,305,28,51,8.200000000000001,13.4,982,197,0.6000000000000001,0.19
2019,1,7,17,30,0,0,0,7.6000000000000005,12.200000000000001,982,145,0.8,0.19
2019,1,7,18,30,0,0,0,7.6000000000000005,10.9,982,117,1,0.19
2019,1,7,19,30,0,0,0,7.4,10,982,111,1.2000000000000002,0.19
2019,1,7,20,30,0,0,0,7.1000000000000005,9.4,982,109,1.3,0.19
2019,1,7,21,30,0,0,0,6.800000000000001,9.1,982,110,1.6,0.19
2019,1,7,22,30,0,0,0,6.6000000000000005,9.1,981,109,2,0.19
2019,1,7,23,30,0,0,0,6.6000000000000005,9.600000000000001,981,107,2.6,0.19
2019,1,8,0,30,0,0,0,6.7,10.200000000000001,981,107,3.1,0.19
2019,1,8,1,30,0,0,0,6.7,10.600000000000001,981,108,3.5,0.19
2019,1,8,2,30,0,0,0,6.6000000000000005,10.9,980,109,3.9000000000000004,0.19
2019,1,8,3,30,0,0,0,6.5,11.100000000000001,980,111,4.1000000000000005,0.19
2019,1,8,4,30,0,0,0,6.300000000000001,11.200000000000001,979,111,4.4,0.19
2019,1,8,5,30,0,0,0,6.1000000000000005,11.200000000000001,979,111,4.5,0.19
2019,1,8,6,30,0,0,0,5.9,11.200000000000001,979,111,4.5,0.19
2019,1,8,7,30,130,26,35,5.800000000000001,11.9,980,109,4.4,0.19
2019,1,8,8,30,311,82,156,6,13.4,981,106,4.6000000000000005,0.19
2019,1,8,9,30,470,120,298,5.9,15,981,105,5.2,0.19
2019,1,8,10,30,480,164,393,5.1000000000000005,16.3,981,107,5.7,0.19
2019,1,8,11,30,472,191,441,4.9,17.400000000000002,980,110,5.7,0.19
2019,1,8,12,30,478,189,443,4.7,18,979,113,5.7,0.19
2019,1,8,13,30,498,162,402,4.6000000000000005,18,978,115,5.6000000000000005,0.19
2019,1,8,14,30,414,134,293,4.5,17.400000000000002,978,115,5.300000000000001,0.19
2019,1,8,15,30,155,97,135,4.6000000000000005,16.900000000000002,978,114,5,0.19
2019,1,8,16,30,42,29,32,4.7,13.8,978,107,4.3,0.19
2019,1,8,17,30,0,0,0,4.4,12.700000000000001,978,104,4.5,0.19
2019,1,8,18,30,0,0,0,4.1000000000000005,12.200000000000001,978,102,4.7,0.19
2019,1,8,19,30,0,0,0,3.9000000000000004,11.9,978,102,4.5,0.19
2019,1,8,20,30,0,0,0,3.8000000000000003,11.600000000000001,979,103,4.2,0.19
2019,1,8,21,30,0,0,0,3.8000000000000003,11,979,103,3.8000000000000003,0.19
2019,1,8,22,30,0,0,0,3.7,10.5,979,102,3.4000000000000004,0.19
2019,1,8,23,30,0,0,0,3.6,10.3,979,101,3.3000000000000003,0.19
2019,1,9,0,30,0,0,0,3.5,10.200000000000001,979,101,3,0.19
2019,1,9,1,30,0,0,0,3.6,10.100000000000001,979,101,2.6,0.19
2019,1,9,2,30,0,0,0,3.5,9.700000000000001,979,102,2.3000000000000003,0.19
2019,1,9,3,30,0,0,0,3.3000000000000003,9.1,979,103,2.1,0.19
2019,1,9,4,30,0,0,0,3.1,9.200000000000001,980,104,1.9000000000000001,0.19
2019,1,9,5,30,0,0,0,3.2,9.3,980,105,1.8,0.19
2019,1,9,6,30,0,0,0,3.1,9.4,981,107,1.7000000000000002,0.19
2019,1,9,7,30,238,26,42,3.4000000000000004,11.5,981,110,2.1,0.19
2019,1,9,8,30,236,88,144,4.2,14.9,981,118,2.7,0.19
2019,1,9,9,30,381,134,278,5.5,17.8,981,138,2.6,0.19
2019,1,9,10,30,463,166,388,5.7,19.6,981,168,2.1,0.19
2019,1,9,11,30,517,174,449,4.6000000000000005,20.3,980,210,1.8,0.19
2019,1,9,12,30,402,191,406,4.3,20.3,979,255,2,0.19
2019,1,9,13,30,216,204,309,4.7,19.700000000000003,979,287,2.4000000000000004,0.19
2019,1,9,14,30,47,76,94,5.6000000000000005,18.2,979,309,2.5,0.19
2019,1,9,15,30,0,17,17,7.300000000000001,17.3,979,317,2.5,0.19
2019,1,9,16,30,0,6,6,8.8,13.4,980,324,1.8,0.17
2019,1,9,17,30,0,0,0,9.3,12.4,981,331,2,0.17
2019,1,9,18,30,0,0,0,9.600000000000001,12.100000000000001,981,334,1.7000000000000002,0.17
2019,1,9,19,30,0,0,0,9.600000000000001,11.8,982,343,1,0.17
2019,1,9,20,30,0,0,0,9.4,11.4,982,198,0.7000000000000001,0.17
2019,1,9,21,30,0,0,0,8.9,11.200000000000001,981,55,0.5,0.17
2019,1,9,22,30,0,0,0,8.4,11.100000000000001,981,39,0.4,0.17
2019,1,9,23,30,0,0,0,8.200000000000001,10.8,981,173,0.5,0.17
2019,1,10,0,30,0,0,0,8,10.200000000000001,981,330,0.6000000000000001,0.17
2019,1,10,1,30,0,0,0,7.9,9.5,981,330,0.7000000000000001,0.17
2019,1,10,2,30,0,0,0,7.7,9.200000000000001,981,174,0.6000000000000001,0.17
2019,1,10,3,30,0,0,0,7.300000000000001,9,980,35,0.7000000000000001,0.17
2019,1,10,4,30,0,0,0,6.9,8.6,981,61,1.1,0.17
2019,1,10,5,30,0,0,0,6.2,8.3,981,69,1.5,0.17
2019,1,10,6,30,0,0,0,5.7,8.200000000000001,981,75,1.6,0.17
2019,1,10,7,30,269,29,48,5.5,9,982,76,1.6,0.17
2019,1,10,8,30,349,57,141,6.2,10.600000000000001,982,69,1.6,0.17
2019,1,10,9,30,815,72,382,6.1000000000000005,12.9,982,69,1.6,0.17
2019,1,10,10,30,868,84,501,5.1000000000000005,15.9,981,94,1.3,0.17
2019,1,10,11,30,725,119,506,2.2,18.8,979,152,1,0.17
2019,1,10,12,30,46,210,235,-0.1,20.1,979,216,1.1,0.17
2019,1,10,13,30,18,170,179,-0.30000000000000004,20.200000000000003,979,257,1.2000000000000002,0.17
2019,1,10,14,30,0,42,42,-0.1,19.200000000000003,979,275,1,0.17
2019,1,10,15,30,384,35,132,3.7,18.3,979,279,0.8,0.17
2019,1,10,16,30,331,28,56,4.6000000000000005,13.9,979,184,0.8,0.17
2019,1,10,17,30,0,0,0,2.9000000000000004,12.100000000000001,979,61,1.1,0.17
2019,1,10,18,30,0,0,0,2.5,11,980,86,1.3,0.17
2019,1,10,19,30,0,0,0,1.9000000000000001,10.5,980,98,1.3,0.17
2019,1,10,20,30,0,0,0,1.5,9.700000000000001,980,103,1.4000000000000001,0.17
2019,1,10,21,30,0,0,0,1.4000000000000001,8.8,979,104,1.4000000000000001,0.17
2019,1,10,22,30,0,0,0,1.3,8.200000000000001,979,104,1.5,0.17
2019,1,10,23,30,0,0,0,1.3,7.9,978,106,1.5,0.17
2019,1,11,0,30,0,0,0,1.2000000000000002,7.800000000000001,978,108,1.6,0.17
2019,1,11,1,30,0,0,0,1.2000000000000002,7.7,978,108,1.7000000000000002,0.17
2019,1,11,2,30,0,0,0,1.1,7.6000000000000005,978,108,1.7000000000000002,0.17
2019,1,11,3,30,0,0,0,0.8,7.6000000000000005,978,108,1.7000000000000002,0.17
2019,1,11,4,30,0,0,0,0.7000000000000001,7.7,978,107,1.7000000000000002,0.17
2019,1,11,5,30,0,0,0,0.7000000000000001,7.9,978,106,1.8,0.17
2019,1,11,6,30,0,0,0,0.6000000000000001,8.5,978,105,1.9000000000000001,0.17
2019,1,11,7,30,201,26,40,0.8,10.5,978,104,2.4000000000000004,0.17
2019,1,11,8,30,457,69,179,1,13,978,104,3.1,0.17
2019,1,11,9,30,175,133,200,1.1,14.9,978,105,3.7,0.17
2019,1,11,10,30,449,168,385,1.7000000000000002,17,977,108,4.6000000000000005,0.17
2019,1,11,11,30,90,229,277,2.2,18.8,976,111,5.9,0.17
2019,1,11,12,30,0,95,95,2.4000000000000004,19.5,975,114,6.6000000000000005,0.17
2019,1,11,13,30,2,130,131,2.2,18.900000000000002,975,114,6.4,0.17
2019,1,11,14,30,16,124,130,2.1,17.8,975,111,5.800000000000001,0.17
2019,1,11,15,30,0,29,29,2.3000000000000003,17.1,974,110,5.4,0.17
2019,1,11,16,30,0,10,10,2.5,14.600000000000001,974,106,4.4,0.17
2019,1,11,17,30,0,0,0,2.5,13.4,974,103,4,0.17
2019,1,11,18,30,0,0,0,2.5,12.600000000000001,974,101,3.9000000000000004,0.17
2019,1,11,19,30,0,0,0,2.3000000000000003,12,974,100,3.8000000000000003,0.17
2019,1,11,20,30,0,0,0,2.2,11.600000000000001,974,101,3.7,0.17
2019,1,11,21,30,0,0,0,2.1,11.600000000000001,974,102,4,0.17
2019,1,11,22,30,0,0,0,1.9000000000000001,12.100000000000001,974,103,4.5,0.17
2019,1,11,23,30,0,0,0,1.4000000000000001,12.4,973,103,4.9,0.17
2019,1,12,0,30,0,0,0,1.1,12.100000000000001,973,102,5.1000000000000005,0.17
2019,1,12,1,30,0,0,0,0.8,11.5,973,103,4.9,0.17
2019,1,12,2,30,0,0,0,0.7000000000000001,10.600000000000001,973,106,4.1000000000000005,0.17
2019,1,12,3,30,0,0,0,1,9.700000000000001,973,109,3.2,0.17
2019,1,12,4,30,0,0,0,1.6,9.1,974,107,2.9000000000000004,0.17
2019,1,12,5,30,0,0,0,1.7000000000000002,8.9,974,105,3.1,0.17
2019,1,12,6,30,0,0,0,1.8,8.700000000000001,975,107,3.4000000000000004,0.17
2019,1,12,7,30,0,7,7,2,8.9,975,109,3.7,0.17
2019,1,12,8,30,10,51,53,2.4000000000000004,9.600000000000001,976,109,4.3,0.17
2019,1,12,9,30,66,124,149,2.4000000000000004,10.5,977,108,4.9,0.17
2019,1,12,10,30,229,188,299,2.4000000000000004,11.200000000000001,977,108,5.4,0.17
2019,1,12,11,30,46,183,208,2.6,11.9,977,108,5.6000000000000005,0.17
2019,1,12,12,30,0,82,82,2.9000000000000004,12.5,976,108,5.6000000000000005,0.17
2019,1,12,13,30,2,141,142,3,12.9,976,108,5.5,0.17
2019,1,12,14,30,259,157,260,3.1,12.8,976,108,5.1000000000000005,0.17
2019,1,12,15,30,522,76,211,3.1,12.600000000000001,976,108,4.9,0.17
2019,1,12,16,30,264,36,60,3.4000000000000004,9.4,977,114,2.7,0.17
2019,1,12,17,30,0,0,0,3.3000000000000003,7.7,977,117,2.1,0.17
2019,1,12,18,30,0,0,0,3.2,6.9,978,118,1.9000000000000001,0.17
2019,1,12,19,30,0,0,0,2.8000000000000003,6.2,978,118,1.7000000000000002,0.17
2019,1,12,20,30,0,0,0,2.3000000000000003,5.7,978,118,1.5,0.17
2019,1,12,21,30,0,0,0,1.8,5.4,978,119,1.4000000000000001,0.17
2019,1,12,22,30,0,0,0,1.4000000000000001,5,978,120,1.2000000000000002,0.17
2019,1,12,23,30,0,0,0,1.1,4.800000000000001,978,117,1.2000000000000002,0.17
2019,1,13,0,30,0,0,0,0.7000000000000001,4.6000000000000005,978,113,1.2000000000000002,0.17
2019,1,13,1,30,0,0,0,0.4,4.5,978,110,1.2000000000000002,0.17
2019,1,13,2,30,0,0,0,0,4.3,977,110,1.3,0.17
2019,1,13,3,30,0,0,0,-0.30000000000000004,4.2,977,111,1.3,0.17
2019,1,13,4,30,0,0,0,-0.5,4.1000000000000005,978,115,1.3,0.17
2019,1,13,5,30,0,0,0,-0.6000000000000001,4.2,978,114,1.4000000000000001,0.17
2019,1,13,6,30,0,0,0,-0.7000000000000001,4.9,978,108,1.4000000000000001,0.17
2019,1,13,7,30,145,27,37,-0.1,8.200000000000001,978,101,2.1,0.17
2019,1,13,8,30,668,57,219,0.6000000000000001,12.3,978,100,3.4000000000000004,0.17
2019,1,13,9,30,807,74,384,0.4,14.8,978,103,4.5,0.17
2019,1,13,10,30,675,121,449,-0.5,16.2,978,108,4.9,0.17
2019,1,13,11,30,469,195,449,-1.1,17.2,977,113,5.1000000000000005,0.17
2019,1,13,12,30,455,203,450,-1.4000000000000001,17.6,977,114,5.300000000000001,0.17
2019,1,13,13,30,410,188,391,-1.6,17.3,977,113,5.2,0.17
2019,1,13,14,30,732,88,381,-1.7000000000000002,16.2,977,110,4.7,0.17
2019,1,13,15,30,436,84,198,-1.3,15.5,977,109,4.3,0.17
2019,1,13,16,30,144,34,48,-0.30000000000000004,12,977,105,2.8000000000000003,0.17
2019,1,13,17,30,0,0,0,-0.2,11.100000000000001,977,101,3.1,0.17
2019,1,13,18,30,0,0,0,-0.7000000000000001,10.8,977,101,3.5,0.17
2019,1,13,19,30,0,0,0,-1,10.100000000000001,977,102,3.7,0.17
2019,1,13,20,30,0,0,0,-1.2000000000000002,9.700000000000001,977,103,4.1000000000000005,0.17
2019,1,13,21,30,0,0,0,-1.3,9.600000000000001,977,103,4.6000000000000005,0.17
2019,1,13,22,30,0,0,0,-1.3,9.4,976,102,4.7,0.17
2019,1,13,23,30,0,0,0,-1.1,9,976,102,4.7,0.17
2019,1,14,0,30,0,0,0,-1,8.9,976,101,5,0.17
2019,1,14,1,30,0,0,0,-1.1,8.8,976,100,5.2,0.17
2019,1,14,2,30,0,0,0,-1.4000000000000001,8.9,975,99,5.5,0.17
2019,1,14,3,30,0,0,0,-1.6,8.9,975,97,5.7,0.17
2019,1,14,4,30,0,0,0,-1.6,8.9,975,96,5.9,0.17
2019,1,14,5,30,0,0,0,-1.2000000000000002,8.8,975,97,6.300000000000001,0.17
2019,1,14,6,30,0,0,0,-0.7000000000000001,8.700000000000001,975,96,6.7,0.17
2019,1,14,7,30,2,19,19,-0.2,9.1,975,96,7.1000000000000005,0.17
2019,1,14,8,30,0,72,72,0.5,10.3,975,95,8,0.17
2019,1,14,9,30,0,58,58,1,11.600000000000001,974,96,9,0.17
2019,1,14,10,30,0,73,73,1.5,11.9,974,102,8.9,0.17
2019,1,14,11,30,18,144,154,2.4000000000000004,11,974,105,8.1,0.17
2019,1,14,12,30,0,74,74,2.9000000000000004,10.600000000000001,973,104,7.7,0.17
2019,1,14,13,30,0,62,62,3.1,10.3,973,105,7.2,0.17
2019,1,14,14,30,0,23,23,3.4000000000000004,9.600000000000001,973,106,6.300000000000001,0.17
2019,1,14,15,30,0,47,47,3.4000000000000004,9.1,973,106,5.800000000000001,0.17
2019,1,14,16,30,0,16,16,3,8,974,106,5,0.17
2019,1,14,17,30,0,0,0,2.7,7.7,974,108,4.800000000000001,0.17
2019,1,14,18,30,0,0,0,2.6,7.4,975,111,4.7,0.17
2019,1,14,19,30,0,0,0,2.6,7.2,975,111,4.4,0.17
2019,1,14,20,30,0,0,0,2.5,6.9,975,110,4.2,0.17
2019,1,14,21,30,0,0,0,2.5,6.800000000000001,976,109,4.2,0.17
2019,1,14,22,30,0,0,0,2.5,6.800000000000001,976,110,3.9000000000000004,0.17
2019,1,14,23,30,0,0,0,2.6,6.9,976,110,3.6,0.17
2019,1,15,0,30,0,0,0,2.8000000000000003,7.1000000000000005,976,109,3.4000000000000004,0.17
2019,1,15,1,30,0,0,0,2.9000000000000004,7.300000000000001,976,109,3.3000000000000003,0.17
2019,1,15,2,30,0,0,0,3.1,7.5,976,108,3.4000000000000004,0.17
2019,1,15,3,30,0,0,0,3.2,7.7,975,107,3.5,0.17
2019,1,15,4,30,0,0,0,3.3000000000000003,7.9,975,107,3.7,0.17
2019,1,15,5,30,0,0,0,3.5,8.1,975,107,3.8000000000000003,0.17
2019,1,15,6,30,0,0,0,3.6,8.3,975,107,4,0.17
2019,1,15,7,30,118,27,36,3.9000000000000004,9,975,109,4.3,0.17
2019,1,15,8,30,298,84,157,4.6000000000000005,10.3,976,114,5,0.17
2019,1,15,9,30,595,103,334,5.1000000000000005,11.700000000000001,976,120,5.7,0.17
2019,1,15,10,30,737,106,467,4.800000000000001,12.700000000000001,975,124,6.1000000000000005,0.17
2019,1,15,11,30,196,246,353,4.7,12.8,974,127,6.1000000000000005,0.17
2019,1,15,12,30,547,176,476,4.800000000000001,12.3,974,127,6.1000000000000005,0.17
2019,1,15,13,30,3,144,146,5,11.8,974,124,6,0.17
2019,1,15,14,30,0,46,46,5.1000000000000005,11.3,974,120,5.800000000000001,0.17
2019,1,15,15,30,0,33,33,5.300000000000001,11.100000000000001,974,119,5.7,0.17
2019,1,15,16,30,0,7,7,5.4,10.200000000000001,974,124,5.300000000000001,0.17
2019,1,15,17,30,0,0,0,5.6000000000000005,9.9,975,125,5,0.17
2019,1,15,18,30,0,0,0,5.6000000000000005,9.600000000000001,976,123,4.5,0.17
2019,1,15,19,30,0,0,0,5.6000000000000005,9.5,977,123,4.1000000000000005,0.17
2019,1,15,20,30,0,0,0,5.6000000000000005,9.600000000000001,977,125,3.8000000000000003,0.17
2019,1,15,21,30,0,0,0,5.9,9.8,977,124,3.3000000000000003,0.17
2019,1,15,22,30,0,0,0,6.2,9.700000000000001,978,118,2.8000000000000003,0.17
2019,1,15,23,30,0,0,0,6.300000000000001,9.600000000000001,977,116,2.4000000000000004,0.17
2019,1,16,0,30,0,0,0,6.6000000000000005,9.5,977,120,1.9000000000000001,0.17
2019,1,16,1,30,0,0,0,7,9.4,978,125,1.4000000000000001,0.17
2019,1,16,2,30,0,0,0,7.2,9.200000000000001,978,129,1.2000000000000002,0.17
2019,1,16,3,30,0,0,0,7.300000000000001,9.1,978,133,1.1,0.17
2019,1,16,4,30,0,0,0,7.4,9,978,132,1.1,0.17
2019,1,16,5,30,0,0,0,7.5,9,979,127,1.2000000000000002,0.17
2019,1,16,6,30,0,0,0,7.5,9.3,979,121,1.3,0.17
2019,1,16,7,30,203,27,42,7.800000000000001,10.9,980,117,2,0.17
2019,1,16,8,30,622,61,214,8.700000000000001,13,981,119,3.2,0.17
2019,1,16,9,30,460,128,307,8.8,14.8,981,129,4.1000000000000005,0.17
2019,1,16,10,30,532,158,420,8.3,16.5,981,138,4.7,0.17
2019,1,16,11,30,484,196,461,7.800000000000001,17.6,980,142,4.9,0.17
2019,1,16,12,30,470,201,461,7.6000000000000005,18.1,979,143,4.9,0.17
2019,1,16,13,30,209,219,325,7.7,17.8,979,143,4.800000000000001,0.17
2019,1,16,14,30,28,123,134,7.9,16.900000000000002,978,142,4.4,0.17
2019,1,16,15,30,158,105,148,8.5,16.400000000000002,979,142,4.1000000000000005,0.17
2019,1,16,16,30,69,35,42,9.1,14.3,979,137,3.6,0.17
2019,1,16,17,30,0,0,0,9.700000000000001,13.8,979,134,3.8000000000000003,0.17
2019,1,16,18,30,0,0,0,10.3,13.8,979,139,3.8000000000000003,0.17
2019,1,16,19,30,0,0,0,10.700000000000001,13.8,980,146,3.5,0.17
2019,1,16,20,30,0,0,0,10.8,13.8,980,152,3.2,0.17
2019,1,16,21,30,0,0,0,10.9,13.600000000000001,980,154,2.7,0.17
2019,1,16,22,30,0,0,0,10.9,13.5,980,158,2.5,0.17
2019,1,16,23,30,0,0,0,10.8,13.5,979,163,2.8000000000000003,0.17
2019,1,17,0,30,0,0,0,10.8,13.700000000000001,979,164,3.4000000000000004,0.17
2019,1,17,1,30,0,0,0,10.9,13.8,979,166,3.7,0.17
2019,1,17,2,30,0,0,0,11.100000000000001,14,978,173,3.7,0.17
2019,1,17,3,30,0,0,0,11.3,14,978,184,3.4000000000000004,0.17
2019,1,17,4,30,0,0,0,11.4,14.100000000000001,978,203,3,0.17
2019,1,17,5,30,0,0,0,11.600000000000001,14.100000000000001,979,227,2.7,0.17
2019,1,17,6,30,0,0,0,11.8,14.100000000000001,979,243,2.1,0.17
2019,1,17,7,30,0,10,10,11.9,14.600000000000001,980,250,2,0.17
2019,1,17,8,30,56,46,60,12.600000000000001,15.5,981,253,2.4000000000000004,0.17
2019,1,17,9,30,34,108,121,12.8,15.9,981,258,2.5,0.17
2019,1,17,10,30,16,172,180,12.100000000000001,16.3,981,258,2.7,0.17
2019,1,17,11,30,0,86,86,11.200000000000001,17,981,257,3.4000000000000004,0.17
2019,1,17,12,30,0,96,96,9.9,17,981,259,3.8000000000000003,0.17
2019,1,17,13,30,0,67,67,8.8,16.3,981,261,3.6,0.17
2019,1,17,14,30,0,48,48,8.8,15.4,981,267,2.9000000000000004,0.17
2019,1,17,15,30,0,24,24,9.4,14.9,981,272,2.6,0.17
2019,1,17,16,30,0,10,10,9.8,12.8,982,280,1.5,0.18
2019,1,17,17,30,0,0,0,9.4,11.8,982,283,1.4000000000000001,0.18
2019,1,17,18,30,0,0,0,9.200000000000001,11.100000000000001,983,285,1.3,0.18
2019,1,17,19,30,0,0,0,9,10.4,983,289,1.4000000000000001,0.18
2019,1,17,20,30,0,0,0,8.8,10.3,983,292,1.4000000000000001,0.18
2019,1,17,21,30,0,0,0,8.9,10.700000000000001,984,297,1.8,0.18
2019,1,17,22,30,0,0,0,9.1,11,984,305,2.2,0.18
2019,1,17,23,30,0,0,0,8.9,10.9,984,309,2.2,0.18
2019,1,18,0,30,0,0,0,8.700000000000001,10.5,984,309,2.2,0.18
2019,1,18,1,30,0,0,0,8.200000000000001,10.200000000000001,985,312,2.1,0.18
2019,1,18,2,30,0,0,0,7.7,9.8,985,312,1.6,0.18
2019,1,18,3,30,0,0,0,7.1000000000000005,9.1,985,306,1.1,0.18
2019,1,18,4,30,0,0,0,6.4,8.700000000000001,985,293,0.9,0.18
2019,1,18,5,30,0,0,0,6.6000000000000005,8.9,985,257,0.8,0.18
2019,1,18,6,30,0,0,0,6.5,9.1,985,219,0.9,0.18
2019,1,18,7,30,276,30,51,6.5,9.9,985,239,0.9,0.18
2019,1,18,8,30,498,58,182,6.4,11.8,986,292,1.6,0.18
2019,1,18,9,30,188,147,221,6,14,986,309,2.5,0.18
2019,1,18,10,30,169,149,233,5.5,15.8,986,305,3,0.18
2019,1,18,11,30,4,128,130,5,17,986,300,3.3000000000000003,0.18
2019,1,18,12,30,7,155,159,5.1000000000000005,17.5,986,296,3.6,0.18
2019,1,18,13,30,121,200,262,5.300000000000001,17.2,986,296,3.7,0.18
2019,1,18,14,30,296,137,260,5.7,16.3,986,299,3.4000000000000004,0.18
2019,1,18,15,30,383,74,181,6.2,15.700000000000001,986,301,3.1,0.18
2019,1,18,16,30,385,35,77,7.2,12.200000000000001,987,292,1,0.18
2019,1,18,17,30,0,0,0,6.6000000000000005,11.3,987,251,0.5,0.18
2019,1,18,18,30,0,0,0,6.7,10.9,987,169,0.4,0.18
2019,1,18,19,30,0,0,0,6.7,10.200000000000001,988,119,0.7000000000000001,0.18
2019,1,18,20,30,0,0,0,6.7,10.100000000000001,988,116,0.7000000000000001,0.18
2019,1,18,21,30,0,0,0,6.6000000000000005,10.200000000000001,988,105,0.5,0.18
2019,1,18,22,30,0,0,0,6.6000000000000005,10.100000000000001,988,220,0.4,0.18
2019,1,18,23,30,0,0,0,6.6000000000000005,9.8,988,338,0.6000000000000001,0.18
2019,1,19,0,30,0,0,0,6.7,9.5,988,338,0.6000000000000001,0.18
2019,1,19,1,30,0,0,0,6.800000000000001,9.3,988,195,0.5,0.18
2019,1,19,2,30,0,0,0,6.800000000000001,9.3,988,66,0.6000000000000001,0.18
2019,1,19,3,30,0,0,0,6.800000000000001,9.200000000000001,987,95,0.8,0.18
2019,1,19,4,30,0,0,0,6.6000000000000005,9,987,97,0.9,0.18
2019,1,19,5,30,0,0,0,6.300000000000001,8.700000000000001,987,92,1,0.18
2019,1,19,6,30,0,0,0,6,9.1,988,91,1.2000000000000002,0.18
2019,1,19,7,30,327,30,55,5.800000000000001,11.4,988,93,1.2000000000000002,0.18
2019,1,19,8,30,353,83,172,7.300000000000001,14.9,988,97,1.5,0.18
2019,1,19,9,30,716,89,372,6.7,17.8,988,104,1.5,0.18
2019,1,19,10,30,867,85,518,5.9,20.1,987,154,0.9,0.18
2019,1,19,11,30,895,88,586,5,21.6,987,236,0.8,0.18
2019,1,19,12,30,904,86,593,4.9,22.1,986,278,1.3,0.18
2019,1,19,13,30,536,166,442,5.2,22,985,283,1.3,0.18
2019,1,19,14,30,541,125,352,5.6000000000000005,21.200000000000003,985,287,1,0.18
2019,1,19,15,30,519,77,223,7.9,20.6,985,290,0.8,0.18
2019,1,19,16,30,170,41,60,8.9,16.6,984,156,0.7000000000000001,0.17
2019,1,19,17,30,0,0,0,7.4,15.3,984,28,0.7000000000000001,0.17
2019,1,19,18,30,0,0,0,7.300000000000001,14.600000000000001,984,64,0.9,0.17
2019,1,19,19,30,0,0,0,7.1000000000000005,14,984,75,1,0.17
2019,1,19,20,30,0,0,0,6.800000000000001,13.5,984,83,1.1,0.17
2019,1,19,21,30,0,0,0,6.6000000000000005,13,984,94,1.2000000000000002,0.17
2019,1,19,22,30,0,0,0,6.300000000000001,12.4,984,100,1.2000000000000002,0.17
2019,1,19,23,30,0,0,0,5.9,12,983,99,1.2000000000000002,0.17
2019,1,20,0,30,0,0,0,5.5,11.9,983,95,1.2000000000000002,0.17
2019,1,20,1,30,0,0,0,5.2,11.8,983,92,1.2000000000000002,0.17
2019,1,20,2,30,0,0,0,4.800000000000001,11.9,982,91,1.2000000000000002,0.17
2019,1,20,3,30,0,0,0,4.4,12.200000000000001,982,91,1.1,0.17
2019,1,20,4,30,0,0,0,4.1000000000000005,12.5,982,90,1,0.17
2019,1,20,5,30,0,0,0,3.8000000000000003,12.8,981,91,0.8,0.17
2019,1,20,6,30,0,0,0,3.6,13.600000000000001,981,98,0.7000000000000001,0.17
2019,1,20,7,30,115,29,38,4,14.9,981,105,0.5,0.17
2019,1,20,8,30,387,81,179,6.7,16.5,981,211,0.30000000000000004,0.17
2019,1,20,9,30,412,140,304,6.6000000000000005,18,981,299,0.6000000000000001,0.17
2019,1,20,10,30,488,172,417,6.9,18.8,981,283,1.4000000000000001,0.17
2019,1,20,11,30,269,249,399,7.6000000000000005,18.8,980,287,1.9000000000000001,0.17
2019,1,20,12,30,170,263,359,8.4,18.400000000000002,979,294,1.9000000000000001,0.17
2019,1,20,13,30,199,231,334,8.8,17.900000000000002,978,300,1.6,0.17
2019,1,20,14,30,341,164,308,9.200000000000001,17.400000000000002,978,300,1.4000000000000001,0.17
2019,1,20,15,30,341,100,197,10,17.1,978,298,1.3,0.17
2019,1,20,16,30,343,36,76,10.3,14.100000000000001,977,310,0.9,0.18
2019,1,20,17,30,0,0,0,9.600000000000001,12.600000000000001,977,300,1,0.18
2019,1,20,18,30,0,0,0,9.8,11.700000000000001,977,280,1.2000000000000002,0.18
2019,1,20,19,30,0,0,0,10.100000000000001,11.700000000000001,976,272,2,0.18
2019,1,20,20,30,0,0,0,10.4,12.200000000000001,977,275,3.6,0.18
2019,1,20,21,30,0,0,0,10,11.600000000000001,977,283,4.9,0.18
2019,1,20,22,30,0,0,0,8.6,10.3,977,289,5.1000000000000005,0.18
2019,1,20,23,30,0,0,0,7.1000000000000005,9.200000000000001,977,291,4.9,0.18
2019,1,21,0,30,0,0,0,6.300000000000001,8.5,977,294,5.1000000000000005,0.18
2019,1,21,1,30,0,0,0,5.7,7.800000000000001,978,300,5.2,0.18
2019,1,21,2,30,0,0,0,5,7.1000000000000005,978,303,4.9,0.18
2019,1,21,3,30,0,0,0,4.3,6.5,979,302,4.2,0.18
2019,1,21,4,30,0,0,0,3.8000000000000003,6.2,979,298,3.7,0.18
2019,1,21,5,30,0,0,0,3.8000000000000003,6,980,292,3.3000000000000003,0.18
2019,1,21,6,30,0,0,0,3.5,5.9,980,290,3.2,0.18
2019,1,21,7,30,56,26,31,3.6,6.4,980,293,3.9000000000000004,0.18
2019,1,21,8,30,140,75,111,3.6,7.2,981,300,4.7,0.18
2019,1,21,9,30,365,127,273,3.5,8,982,304,5.1000000000000005,0.18
2019,1,21,10,30,843,92,518,3.2,8.8,982,307,5.2,0.18
2019,1,21,11,30,516,128,418,2.6,9.5,981,308,5.2,0.18
2019,1,21,12,30,54,193,224,2.2,9.9,981,309,5.2,0.18
2019,1,21,13,30,10,93,98,2.1,9.9,980,309,5.2,0.18
2019,1,21,14,30,8,110,113,2.4000000000000004,9.600000000000001,980,310,5.1000000000000005,0.18
2019,1,21,15,30,190,108,163,2.7,9.4,980,312,4.9,0.18
2019,1,21,16,30,177,43,64,3,7.6000000000000005,981,318,3.3000000000000003,0.18
2019,1,21,17,30,0,0,0,3.4000000000000004,6.5,981,323,2.3000000000000003,0.18
2019,1,21,18,30,0,0,0,3.4000000000000004,5.6000000000000005,981,328,1.8,0.18
2019,1,21,19,30,0,0,0,3.2,4.9,982,333,1.6,0.18
2019,1,21,20,30,0,0,0,3,4.4,982,337,1.4000000000000001,0.18
2019,1,21,21,30,0,0,0,2.9000000000000004,4.3,983,337,1.3,0.18
2019,1,21,22,30,0,0,0,2.7,4.3,983,326,1.1,0.18
2019,1,21,23,30,0,0,0,2.5,4.2,984,308,0.9,0.18
2019,1,22,0,30,0,0,0,2.3000000000000003,4.3,984,299,0.7000000000000001,0.18
2019,1,22,1,30,0,0,0,2,4.3,984,303,0.7000000000000001,0.18
2019,1,22,2,30,0,0,0,1.7000000000000002,4.3,985,173,0.7000000000000001,0.18
2019,1,22,3,30,0,0,0,1.5,4.2,985,59,1,0.18
2019,1,22,4,30,0,0,0,1.3,4,985,84,1.4000000000000001,0.18
2019,1,22,5,30,0,0,0,0.8,2.9000000000000004,986,91,1.4000000000000001,0.18
2019,1,22,6,30,0,0,0,-0.5,2.9000000000000004,986,93,1.1,0.18
2019,1,22,7,30,348,27,56,-0.6000000000000001,5.7,986,99,1.5,0.18
2019,1,22,8,30,755,52,246,-1,9.5,987,106,2.1,0.18
2019,1,22,9,30,895,62,422,-3.6,12.9,987,111,2.2,0.18
2019,1,22,10,30,922,76,544,-7.2,15.3,987,113,2.2,0.18
2019,1,22,11,30,278,241,398,-9.1,16.6,986,112,2,0.18
2019,1,22,12,30,514,188,482,-9.600000000000001,17.3,986,107,1.4000000000000001,0.18
2019,1,22,13,30,535,169,450,-9.4,17.3,986,206,1,0.18
2019,1,22,14,30,619,117,383,-8.6,16.6,986,300,1.1,0.18
2019,1,22,15,30,215,112,175,-4.4,16,987,289,1.3,0.18
2019,1,22,16,30,145,44,62,0.7000000000000001,10.8,987,302,1,0.18
2019,1,22,17,30,0,0,0,-1.5,9.700000000000001,988,331,0.9,0.18
2019,1,22,18,30,0,0,0,-2,9.5,988,211,0.7000000000000001,0.18
2019,1,22,19,30,0,0,0,-2.5,9.1,988,82,0.9,0.18
2019,1,22,20,30,0,0,0,-3.1,8.6,988,94,1.1,0.18
2019,1,22,21,30,0,0,0,-3.7,8.700000000000001,988,94,1,0.18
2019,1,22,22,30,0,0,0,-4.6000000000000005,9.200000000000001,988,90,0.9,0.18
2019,1,22,23,30,0,0,0,-5.6000000000000005,9.200000000000001,989,90,0.9,0.18
2019,1,23,0,30,0,0,0,-5.800000000000001,8.700000000000001,989,97,1,0.18
2019,1,23,1,30,0,0,0,-6.2,8.5,989,101,1.1,0.18
2019,1,23,2,30,0,0,0,-6.800000000000001,8.3,988,103,1.1,0.18
2019,1,23,3,30,0,0,0,-7.5,8.4,988,110,0.9,0.18
2019,1,23,4,30,0,0,0,-8.1,8.8,988,121,0.8,0.18
2019,1,23,5,30,0,0,0,-8.9,8.9,989,130,0.8,0.18
2019,1,23,6,30,0,0,0,-8.9,8.6,989,133,0.9,0.18
2019,1,23,7,30,339,30,59,-6.4,9.9,989,132,1.1,0.18
2019,1,23,8,30,696,57,237,-2.8000000000000003,12.600000000000001,989,137,1.4000000000000001,0.18
2019,1,23,9,30,825,73,407,-6.300000000000001,15.100000000000001,989,154,1.3,0.18
2019,1,23,10,30,880,85,534,-5.4,16.900000000000002,988,188,1.1,0.18
2019,1,23,11,30,910,88,605,-3.9000000000000004,18,987,227,1.3,0.18
2019,1,23,12,30,902,92,610,-2.5,18.5,987,255,1.7000000000000002,0.18
2019,1,23,13,30,864,93,550,-1.5,18.2,986,275,1.9000000000000001,0.18
2019,1,23,14,30,810,84,435,-0.7000000000000001,17,985,289,2,0.18
2019,1,23,15,30,692,69,274,0.4,16.2,985,294,2,0.18
2019,1,23,16,30,402,43,94,3.5,10.600000000000001,985,294,1,0.18
2019,1,23,17,30,0,0,0,2.1,8.700000000000001,985,296,0.8,0.18
2019,1,23,18,30,0,0,0,1.6,8.200000000000001,985,289,0.5,0.18
2019,1,23,19,30,0,0,0,1.3,7.7,985,266,0.4,0.18
2019,1,23,20,30,0,0,0,1.1,7.300000000000001,985,263,0.30000000000000004,0.18
2019,1,23,21,30,0,0,0,0.9,7,985,145,0.30000000000000004,0.18
2019,1,23,22,30,0,0,0,0.8,6.800000000000001,985,56,0.5,0.18
2019,1,23,23,30,0,0,0,0.7000000000000001,6.5,985,102,0.9,0.18
2019,1,24,0,30,0,0,0,0.30000000000000004,6.300000000000001,984,106,1.2000000000000002,0.18
2019,1,24,1,30,0,0,0,0,6.4,984,103,1.4000000000000001,0.18
2019,1,24,2,30,0,0,0,-0.2,6.6000000000000005,984,102,1.5,0.18
2019,1,24,3,30,0,0,0,-0.4,6.7,983,100,1.5,0.18
2019,1,24,4,30,0,0,0,-0.4,6.7,983,99,1.5,0.18
2019,1,24,5,30,0,0,0,-0.4,6.6000000000000005,983,101,1.5,0.18
2019,1,24,6,30,0,0,0,-0.30000000000000004,7.4,983,107,1.5,0.18
2019,1,24,7,30,85,32,39,1.4000000000000001,10.700000000000001,984,110,1.5,0.18
2019,1,24,8,30,402,84,189,3.8000000000000003,14.9,984,110,2.2,0.18
2019,1,24,9,30,845,71,416,2.8000000000000003,17.900000000000002,984,111,2.9000000000000004,0.18
2019,1,24,10,30,908,81,547,1.8,20.1,984,120,2.8000000000000003,0.18
2019,1,24,11,30,939,84,621,0.1,21.400000000000002,983,137,2.5,0.18
2019,1,24,12,30,941,84,628,-0.6000000000000001,21.900000000000002,983,149,2.4000000000000004,0.18
2019,1,24,13,30,878,92,559,-0.7000000000000001,21.8,983,152,2.3000000000000003,0.18
2019,1,24,14,30,857,75,450,-0.5,20.900000000000002,983,150,1.7000000000000002,0.18
2019,1,24,15,30,744,63,286,3.9000000000000004,20.1,983,148,1.2000000000000002,0.18
2019,1,24,16,30,359,43,90,5.1000000000000005,15.600000000000001,982,130,1,0.18
2019,1,24,17,30,0,0,0,2.1,14,982,105,1.2000000000000002,0.18
2019,1,24,18,30,0,0,0,1.7000000000000002,13,983,87,1.3,0.18
2019,1,24,19,30,0,0,0,1.4000000000000001,12.4,983,79,1.3,0.18
2019,1,24,20,30,0,0,0,0.9,11.9,983,76,1.3,0.18
2019,1,24,21,30,0,0,0,0.5,11.200000000000001,984,78,1.4000000000000001,0.18
2019,1,24,22,30,0,0,0,0.1,10.5,984,85,1.4000000000000001,0.18
2019,1,24,23,30,0,0,0,-0.30000000000000004,9.700000000000001,983,93,1.5,0.18
2019,1,25,0,30,0,0,0,-0.7000000000000001,8.700000000000001,983,98,1.5,0.18
2019,1,25,1,30,0,0,0,-1.1,8,983,97,1.5,0.18
2019,1,25,2,30,0,0,0,-1.6,7.5,983,97,1.5,0.18
2019,1,25,3,30,0,0,0,-2.1,7.2,982,98,1.5,0.18
2019,1,25,4,30,0,0,0,-2.5,6.9,983,101,1.5,0.18
2019,1,25,5,30,0,0,0,-2.9000000000000004,6.5,983,108,1.6,0.18
2019,1,25,6,30,0,0,0,-3.2,7,983,112,1.5,0.18
2019,1,25,7,30,422,29,66,-1.5,10.5,983,108,1.6,0.18
2019,1,25,8,30,762,53,254,0.6000000000000001,14.9,984,105,1.7000000000000002,0.18
2019,1,25,9,30,876,68,428,-1.6,18.3,984,177,1.3,0.18
2019,1,25,10,30,917,79,553,-2.5,20.6,985,261,1.7000000000000002,0.18
2019,1,25,11,30,945,84,627,-2,21.400000000000002,984,280,2.5,0.18
2019,1,25,12,30,931,88,629,-1,21.400000000000002,983,291,2.8000000000000003,0.18
2019,1,25,13,30,893,91,569,0.1,20.900000000000002,983,301,2.7,0.18
2019,1,25,14,30,839,82,452,1,19.8,982,306,2.4000000000000004,0.18
2019,1,25,15,30,719,68,286,3,19,982,307,2.2,0.18
2019,1,25,16,30,437,44,102,6.2,13.8,982,306,1,0.18
2019,1,25,17,30,0,0,0,4.6000000000000005,12.8,983,327,0.9,0.18
2019,1,25,18,30,0,0,0,4.4,12.700000000000001,983,215,0.7000000000000001,0.18
2019,1,25,19,30,0,0,0,4.4,12,984,100,1,0.18
2019,1,25,20,30,0,0,0,4.2,11.200000000000001,984,123,1.3,0.18
2019,1,25,21,30,0,0,0,3.9000000000000004,11.100000000000001,984,131,1.2000000000000002,0.18
2019,1,25,22,30,0,0,0,3.6,11.100000000000001,985,129,1.2000000000000002,0.18
2019,1,25,23,30,0,0,0,3.1,11,985,120,1.2000000000000002,0.18
2019,1,26,0,30,0,0,0,2.4000000000000004,10.9,986,118,1.2000000000000002,0.18
2019,1,26,1,30,0,0,0,1.5,11.100000000000001,986,121,1.2000000000000002,0.18
2019,1,26,2,30,0,0,0,0.5,11.3,985,120,1.2000000000000002,0.18
2019,1,26,3,30,0,0,0,-0.5,11.200000000000001,985,114,1.3,0.18
2019,1,26,4,30,0,0,0,-1.3,10.8,985,110,1.4000000000000001,0.18
2019,1,26,5,30,0,0,0,-2.1,10,985,109,1.6,0.18
2019,1,26,6,30,0,0,0,-2.9000000000000004,9.9,986,112,1.6,0.18
2019,1,26,7,30,290,31,57,-1.3,12.5,986,115,1.5,0.18
2019,1,26,8,30,644,58,230,2.3000000000000003,16.8,986,119,2.1,0.18
2019,1,26,9,30,895,62,432,-2,20.200000000000003,986,119,3,0.18
2019,1,26,10,30,642,131,465,-3.6,22.400000000000002,986,116,3.1,0.18
2019,1,26,11,30,336,198,392,-3.8000000000000003,23.700000000000003,985,119,2.6,0.18
2019,1,26,12,30,780,111,567,-3.1,24.3,985,127,1.9000000000000001,0.18
2019,1,26,13,30,364,180,376,-2.2,24.400000000000002,984,155,1.2000000000000002,0.18
2019,1,26,14,30,274,148,270,-0.6000000000000001,23.400000000000002,984,218,0.7000000000000001,0.18
2019,1,26,15,30,225,98,167,7.5,22.5,984,257,0.6000000000000001,0.18
2019,1,26,16,30,140,49,68,5.5,19.400000000000002,985,317,0.6000000000000001,0.18
2019,1,26,17,30,0,0,0,2,18.7,985,216,0.5,0.18
2019,1,26,18,30,0,0,0,1.6,18,985,106,0.7000000000000001,0.18
2019,1,26,19,30,0,0,0,2.3000000000000003,16.900000000000002,986,124,1,0.18
2019,1,26,20,30,0,0,0,1.7000000000000002,15.4,986,127,1.3,0.18
2019,1,26,21,30,0,0,0,1.7000000000000002,13.9,986,124,1.4000000000000001,0.18
2019,1,26,22,30,0,0,0,1.8,13.200000000000001,986,119,1.4000000000000001,0.18
2019,1,26,23,30,0,0,0,2.2,12.9,986,113,1.4000000000000001,0.18
2019,1,27,0,30,0,0,0,1.2000000000000002,12.200000000000001,985,109,1.4000000000000001,0.18
2019,1,27,1,30,0,0,0,1.3,11.8,985,104,1.4000000000000001,0.18
2019,1,27,2,30,0,0,0,0.8,11.600000000000001,984,101,1.5,0.18
2019,1,27,3,30,0,0,0,0.4,11.600000000000001,984,102,1.5,0.18
2019,1,27,4,30,0,0,0,0.4,11.600000000000001,984,106,1.4000000000000001,0.18
2019,1,27,5,30,0,0,0,0.5,11.4,984,110,1.5,0.18
2019,1,27,6,30,0,0,0,0.6000000000000001,11.700000000000001,984,112,1.4000000000000001,0.18
2019,1,27,7,30,67,34,40,2.5,14.100000000000001,984,113,1.6,0.18
2019,1,27,8,30,231,88,150,3.9000000000000004,17.2,984,113,2.3000000000000003,0.18
2019,1,27,9,30,224,142,235,1.8,19.6,983,119,2.6,0.18
2019,1,27,10,30,466,159,403,1.9000000000000001,21.700000000000003,983,135,2,0.18
2019,1,27,11,30,367,194,408,1.6,23.1,982,173,1.3,0.18
2019,1,27,12,30,673,148,544,1.5,23.8,981,224,1.2000000000000002,0.18
2019,1,27,13,30,798,116,550,1.3,23.900000000000002,981,256,1.4000000000000001,0.18
2019,1,27,14,30,737,105,435,1.6,23.1,980,273,1.2000000000000002,0.18
2019,1,27,15,30,609,86,275,4,22.400000000000002,980,281,1,0.18
2019,1,27,16,30,331,52,98,6.800000000000001,18,979,327,0.7000000000000001,0.18
2019,1,27,17,30,0,0,0,4.2,16.6,979,190,0.8,0.18
2019,1,27,18,30,0,0,0,3.9000000000000004,16.1,979,40,0.9,0.18
2019,1,27,19,30,0,0,0,3.6,15.8,979,59,0.9,0.18
2019,1,27,20,30,0,0,0,3.5,15.5,979,86,0.8,0.18
2019,1,27,21,30,0,0,0,3.5,14.9,979,107,0.9,0.18
2019,1,27,22,30,0,0,0,3.5,14,979,107,1.1,0.18
2019,1,27,23,30,0,0,0,3.6,12.9,979,99,1.3,0.18
2019,1,28,0,30,0,0,0,3.6,12.3,978,95,1.4000000000000001,0.18
2019,1,28,1,30,0,0,0,3.5,11.9,978,93,1.4000000000000001,0.18
2019,1,28,2,30,0,0,0,3.2,11.600000000000001,978,90,1.4000000000000001,0.18
2019,1,28,3,30,0,0,0,2.7,11.600000000000001,978,84,1.4000000000000001,0.18
2019,1,28,4,30,0,0,0,2.5,11.9,978,77,1.3,0.18
2019,1,28,5,30,0,0,0,2.5,12.200000000000001,978,71,1.3,0.18
2019,1,28,6,30,0,0,0,2.3000000000000003,12.700000000000001,979,70,1.2000000000000002,0.18
2019,1,28,7,30,98,28,37,2.9000000000000004,13.8,979,74,1,0.18
2019,1,28,8,30,220,91,151,5.5,15.200000000000001,980,82,0.9,0.18
2019,1,28,9,30,121,161,212,7.2,16.7,979,92,0.9,0.18
2019,1,28,10,30,323,221,391,7.5,18.1,979,103,1,0.18
2019,1,28,11,30,112,244,310,6.6000000000000005,19.3,978,117,1.3,0.18
2019,1,28,12,30,121,226,298,5.1000000000000005,20.6,978,125,1.6,0.18
2019,1,28,13,30,524,182,469,4.5,21.900000000000002,977,129,1.8,0.18
2019,1,28,14,30,159,184,256,4.2,21.900000000000002,977,137,1.3,0.18
2019,1,28,15,30,98,128,159,7.800000000000001,21.5,977,142,0.9,0.18
2019,1,28,16,30,36,51,56,8.4,16.900000000000002,977,118,1.1,0.18
2019,1,28,17,30,0,0,0,6.1000000000000005,15.100000000000001,977,118,1.3,0.18
2019,1,28,18,30,0,0,0,5.1000000000000005,14.600000000000001,978,123,1.3,0.18
2019,1,28,19,30,0,0,0,4.7,14.3,978,121,1.3,0.18
2019,1,28,20,30,0,0,0,4.3,14.200000000000001,978,115,1.3,0.18
2019,1,28,21,30,0,0,0,4,14.4,978,113,1.2000000000000002,0.18
2019,1,28,22,30,0,0,0,3.9000000000000004,14.8,978,112,1.2000000000000002,0.18
2019,1,28,23,30,0,0,0,3.6,15.100000000000001,977,108,1.2000000000000002,0.18
2019,1,29,0,30,0,0,0,3.2,15.3,977,101,1.1,0.18
2019,1,29,1,30,0,0,0,2.9000000000000004,15.3,977,95,1.1,0.18
2019,1,29,2,30,0,0,0,2.6,15.3,976,91,1,0.18
2019,1,29,3,30,0,0,0,2.5,15.200000000000001,976,85,1,0.18
2019,1,29,4,30,0,0,0,2.3000000000000003,15,976,65,0.8,0.18
2019,1,29,5,30,0,0,0,2,14.200000000000001,976,29,0.7000000000000001,0.18
2019,1,29,6,30,0,0,0,2.3000000000000003,13.600000000000001,977,10,0.7000000000000001,0.18
2019,1,29,7,30,91,34,43,4.5,14.3,977,20,0.7000000000000001,0.18
2019,1,29,8,30,548,75,225,7.300000000000001,16.2,977,16,0.7000000000000001,0.18
2019,1,29,9,30,820,71,417,5.6000000000000005,18.8,977,150,1.1,0.18
2019,1,29,10,30,734,116,505,4.800000000000001,20.700000000000003,976,291,1.6,0.18
2019,1,29,11,30,417,232,478,4.4,21,975,287,2.3000000000000003,0.18
2019,1,29,12,30,38,211,234,4.9,20.1,975,289,2.7,0.18
2019,1,29,13,30,92,227,278,5.800000000000001,18.7,975,297,2.6,0.18
2019,1,29,14,30,123,193,249,6.6000000000000005,17.400000000000002,974,316,2.1,0.18
2019,1,29,15,30,50,113,129,7.2,16.8,974,328,1.8,0.18
2019,1,29,16,30,48,53,60,8.6,14.4,974,178,0.9,0.18
2019,1,29,17,30,0,0,0,8.3,13.100000000000001,975,14,0.8,0.18
2019,1,29,18,30,0,0,0,7.9,12.5,975,33,0.9,0.18
2019,1,29,19,30,0,0,0,7.6000000000000005,12.200000000000001,975,54,0.8,0.18
2019,1,29,20,30,0,0,0,7.300000000000001,12.200000000000001,975,42,0.6000000000000001,0.18
2019,1,29,21,30,0,0,0,7.4,12,975,14,0.5,0.18
2019,1,29,22,30,0,0,0,7.5,11.5,975,30,0.6000000000000001,0.18
2019,1,29,23,30,0,0,0,7.6000000000000005,11.100000000000001,975,51,0.6000000000000001,0.18
2019,1,30,0,30,0,0,0,7.5,10.8,975,26,0.5,0.18
2019,1,30,1,30,0,0,0,7.6000000000000005,10.4,975,5,0.5,0.18
2019,1,30,2,30,0,0,0,7.6000000000000005,10.200000000000001,975,48,0.5,0.18
2019,1,30,3,30,0,0,0,7.5,10,975,98,0.7000000000000001,0.18
2019,1,30,4,30,0,0,0,7.2,9.4,975,110,0.9,0.18
2019,1,30,5,30,0,0,0,6.5,9.200000000000001,975,111,1,0.18
2019,1,30,6,30,0,0,0,5.800000000000001,9.8,975,111,1.1,0.18
2019,1,30,7,30,165,36,52,6.1000000000000005,11.9,975,109,1.5,0.18
2019,1,30,8,30,291,98,179,6.4,14.4,976,107,2.2,0.18
2019,1,30,9,30,357,161,313,6.6000000000000005,17.1,976,109,2.5,0.18
2019,1,30,10,30,633,149,486,5.300000000000001,20,975,121,2.4000000000000004,0.18
2019,1,30,11,30,853,102,608,2.9000000000000004,22,975,139,2.1,0.18
2019,1,30,12,30,869,98,620,2.7,22.900000000000002,974,156,2,0.18
2019,1,30,13,30,860,91,568,3.1,22.900000000000002,973,164,1.8,0.18
2019,1,30,14,30,808,82,454,3.3000000000000003,22.3,973,163,1.4000000000000001,0.18
2019,1,30,15,30,634,78,282,4.6000000000000005,21.8,973,159,1.2000000000000002,0.18
2019,1,30,16,30,255,51,90,7.5,17.900000000000002,973,115,0.8,0.18
2019,1,30,17,30,0,0,0,5.800000000000001,15.9,973,101,1.1,0.18
2019,1,30,18,30,0,0,0,5.300000000000001,14.200000000000001,973,103,1.2000000000000002,0.18
2019,1,30,19,30,0,0,0,5.2,12.9,973,107,1.3,0.18
2019,1,30,20,30,0,0,0,4.9,12.3,974,108,1.3,0.18
2019,1,30,21,30,0,0,0,4.800000000000001,12,974,108,1.2000000000000002,0.18
2019,1,30,22,30,0,0,0,4.800000000000001,12,974,108,1.2000000000000002,0.18
2019,1,30,23,30,0,0,0,4.9,11.600000000000001,974,109,1.3,0.18
2019,1,31,0,30,0,0,0,4.5,11,973,112,1.4000000000000001,0.18
2019,1,31,1,30,0,0,0,4.4,10.600000000000001,973,115,1.4000000000000001,0.18
2019,1,31,2,30,0,0,0,4.7,10.5,973,117,1.4000000000000001,0.18
2019,1,31,3,30,0,0,0,5.2,10.5,973,117,1.4000000000000001,0.18
2019,1,31,4,30,0,0,0,5.9,10.700000000000001,973,115,1.6,0.18
2019,1,31,5,30,0,0,0,6.4,11.100000000000001,972,111,2.1,0.18
2019,1,31,6,30,0,0,0,6.6000000000000005,11.700000000000001,972,108,3.1,0.18
2019,1,31,7,30,0,11,11,6.800000000000001,13,972,106,4.1000000000000005,0.18
2019,1,31,8,30,0,27,27,7.6000000000000005,14.700000000000001,972,104,4.4,0.18
2019,1,31,9,30,0,83,83,8,16.400000000000002,973,106,4.2,0.18
2019,1,31,10,30,0,65,65,8,17.3,973,117,3.5,0.18
2019,1,31,11,30,0,52,52,7.9,16.7,973,131,3,0.18
2019,1,31,12,30,3,148,150,7.6000000000000005,15.600000000000001,973,140,2.9000000000000004,0.18
2019,1,31,13,30,111,200,262,7.5,14.9,973,138,3.2,0.18
2019,1,31,14,30,181,190,274,7.4,14.8,973,127,3.4000000000000004,0.18
2019,1,31,15,30,400,109,239,7.2,14.8,973,119,3.5,0.18
2019,1,31,16,30,105,56,72,4,13,980,318,1.7000000000000002,0.2
2019,1,31,17,30,0,0,0,5,10,980,349,1,0.2
2019,1,31,18,30,0,0,0,5,10,980,31,0.9,0.2
2019,1,31,19,30,0,0,0,5,10,980,74,0.9,0.2
2019,1,31,20,30,0,0,0,5,10,980,95,1,0.2
2019,1,31,21,30,0,0,0,4,11,980,102,1,0.2
2019,1,31,22,30,0,0,0,4,11,980,105,0.9,0.2
2019,1,31,23,30,0,0,0,4,12,980,100,0.6000000000000001,0.2
2012,2,1,0,30,0,0,0,3,12,980,59,0.4,0.2
2012,2,1,1,30,0,0,0,3,12,980,13,0.30000000000000004,0.2
2012,2,1,2,30,0,0,0,4,11,980,359,0.30000000000000004,0.2
2012,2,1,3,30,0,0,0,4,10,980,295,0.6000000000000001,0.2
2012,2,1,4,30,0,0,0,4,8,980,301,0.9,0.2
2012,2,1,5,30,0,0,0,4,7,980,317,0.8,0.2
2012,2,1,6,30,0,0,0,4,7,980,341,0.6000000000000001,0.2
2012,2,1,7,30,221,40,63,6,9,980,16,0.8,0.2
2012,2,1,8,30,564,86,244,6,12,980,323,1.7000000000000002,0.2
2012,2,1,9,30,753,100,424,6,14,980,302,2.6,0.2
2012,2,1,10,30,721,149,537,5,16,980,300,3.3000000000000003,0.2
2012,2,1,11,30,819,132,623,4,17,980,302,4,0.2
2012,2,1,12,30,282,277,448,3,18,980,300,4.5,0.2
2012,2,1,13,30,854,106,585,3,17,980,299,4.7,0.2
2012,2,1,14,30,816,90,471,3,16,980,299,4.6000000000000005,0.2
2012,2,1,15,30,0,90,90,4,14,980,300,3.6,0.2
2012,2,1,16,30,474,46,120,4,11,980,300,2,0.19
2012,2,1,17,30,0,0,0,5,9,980,301,1.2000000000000002,0.19
2012,2,1,18,30,0,0,0,4,8,980,305,1.1,0.19
2012,2,1,19,30,0,0,0,4,8,980,313,1,0.19
2012,2,1,20,30,0,0,0,4,8,980,321,0.9,0.19
2012,2,1,21,30,0,0,0,4,8,980,328,0.7000000000000001,0.19
2012,2,1,22,30,0,0,0,4,7,980,333,0.7000000000000001,0.19
2012,2,1,23,30,0,0,0,4,7,980,340,0.6000000000000001,0.19
2012,2,2,0,30,0,0,0,4,8,980,354,0.4,0.19
2012,2,2,1,30,0,0,0,4,7,980,353,0.2,0.19
2012,2,2,2,30,0,0,0,4,7,980,312,0.2,0.19
2012,2,2,3,30,0,0,0,4,7,980,346,0.30000000000000004,0.19
2012,2,2,4,30,0,0,0,4,7,980,57,0.5,0.19
2012,2,2,5,30,0,0,0,3,7,980,108,0.8,0.19
2012,2,2,6,30,0,0,0,3,7,980,114,1.1,0.19
2012,2,2,7,30,378,34,73,3,8,980,111,1.5,0.19
2012,2,2,8,30,0,51,51,2,11,980,113,1.7000000000000002,0.19
2012,2,2,9,30,42,176,194,1,14,980,126,1.5,0.19
2012,2,2,10,30,180,251,349,0,17,980,152,1.3,0.19
2012,2,2,11,30,167,287,388,-2,19,980,209,1.7000000000000002,0.19
2012,2,2,12,30,306,275,462,-2,20,970,238,2.3000000000000003,0.19
2012,2,2,13,30,397,231,456,-2,20,970,248,2.4000000000000004,0.19
2012,2,2,14,30,868,78,486,-2,19,970,250,2.2,0.19
2012,2,2,15,30,764,66,320,-1,16,970,245,1.4000000000000001,0.19
2012,2,2,16,30,408,54,119,2,13,970,240,0.6000000000000001,0.19
2012,2,2,17,30,0,0,0,0,11,970,168,0.8,0.19
2012,2,2,18,30,0,0,0,0,9,970,106,1.1,0.19
2012,2,2,19,30,0,0,0,0,7,970,105,1.2000000000000002,0.19
2012,2,2,20,30,0,0,0,-2,6,970,105,1.5,0.19
2012,2,2,21,30,0,0,0,-4,6,980,105,1.7000000000000002,0.19
2012,2,2,22,30,0,0,0,-6,6,980,103,2,0.19
2012,2,2,23,30,0,0,0,-8,5,980,102,2.3000000000000003,0.19
2012,2,3,0,30,0,0,0,-8,5,980,103,2.4000000000000004,0.19
2012,2,3,1,30,0,0,0,-8,5,980,100,2.5,0.19
2012,2,3,2,30,0,0,0,-8,5,980,97,2.3000000000000003,0.19
2012,2,3,3,30,0,0,0,-8,4,980,95,2.1,0.19
2012,2,3,4,30,0,0,0,-8,4,970,95,1.9000000000000001,0.19
2012,2,3,5,30,0,0,0,-8,4,980,98,1.9000000000000001,0.19
2012,2,3,6,30,0,0,0,-7,5,980,102,2.4000000000000004,0.19
2012,2,3,7,30,452,33,81,-7,9,980,103,3.7,0.19
2012,2,3,8,30,759,60,278,-7,13,980,102,4.800000000000001,0.19
2012,2,3,9,30,883,73,459,-8,15,980,102,4.9,0.19
2012,2,3,10,30,940,81,594,-8,16,980,108,4.7,0.19
2012,2,3,11,30,964,85,670,-7,17,980,114,4.4,0.19
2012,2,3,12,30,966,86,679,-7,18,980,118,4,0.19
2012,2,3,13,30,947,82,622,-7,18,980,121,3.7,0.19
2012,2,3,14,30,899,76,502,-8,17,980,122,3.4000000000000004,0.19
2012,2,3,15,30,803,64,333,-7,15,980,123,2.3000000000000003,0.19
2012,2,3,16,30,555,44,135,-2,11,980,127,1.4000000000000001,0.19
2012,2,3,17,30,0,0,0,-2,8,980,127,1.4000000000000001,0.19
2012,2,3,18,30,0,0,0,-3,8,980,119,1.5,0.19
2012,2,3,19,30,0,0,0,-3,7,980,114,1.6,0.19
2012,2,3,20,30,0,0,0,-3,7,980,111,1.6,0.19
2012,2,3,21,30,0,0,0,-3,7,980,109,1.5,0.19
2012,2,3,22,30,0,0,0,-3,7,980,106,1.4000000000000001,0.19
2012,2,3,23,30,0,0,0,-3,7,980,104,1.4000000000000001,0.19
2012,2,4,0,30,0,0,0,-3,6,980,102,1.4000000000000001,0.19
2012,2,4,1,30,0,0,0,-3,6,980,101,1.4000000000000001,0.19
2012,2,4,2,30,0,0,0,-3,6,980,100,1.5,0.19
2012,2,4,3,30,0,0,0,-3,6,980,99,1.5,0.19
2012,2,4,4,30,0,0,0,-3,5,980,99,1.5,0.19
2012,2,4,5,30,0,0,0,-3,5,980,100,1.6,0.19
2012,2,4,6,30,0,0,0,-4,6,980,100,1.8,0.19
2012,2,4,7,30,16,38,39,-3,10,980,98,2.9000000000000004,0.19
2012,2,4,8,30,740,61,276,-4,13,980,96,4.6000000000000005,0.19
2012,2,4,9,30,270,184,303,-5,16,980,98,5.4,0.19
2012,2,4,10,30,490,198,467,-5,17,980,102,5.300000000000001,0.19
2012,2,4,11,30,940,90,664,-5,18,980,103,5,0.19
2012,2,4,12,30,942,91,673,-5,18,980,102,4.6000000000000005,0.19
2012,2,4,13,30,923,87,617,-5,19,980,103,4.2,0.19
2012,2,4,14,30,875,80,498,-5,18,980,104,3.6,0.19
2012,2,4,15,30,777,67,330,-5,16,980,105,2.3000000000000003,0.19
2012,2,4,16,30,128,61,83,0,12,980,111,1.2000000000000002,0.19
2012,2,4,17,30,0,0,0,0,9,980,115,1.2000000000000002,0.19
2012,2,4,18,30,0,0,0,-1,8,980,110,1.2000000000000002,0.19
2012,2,4,19,30,0,0,0,-1,8,980,107,1.3,0.19
2012,2,4,20,30,0,0,0,-2,7,980,105,1.4000000000000001,0.19
2012,2,4,21,30,0,0,0,-2,7,980,102,1.4000000000000001,0.19
2012,2,4,22,30,0,0,0,-3,6,980,100,1.4000000000000001,0.19
2012,2,4,23,30,0,0,0,-3,6,980,99,1.4000000000000001,0.19
2012,2,5,0,30,0,0,0,-4,6,980,97,1.4000000000000001,0.19
2012,2,5,1,30,0,0,0,-4,5,980,95,1.5,0.19
2012,2,5,2,30,0,0,0,-4,5,980,95,1.5,0.19
2012,2,5,3,30,0,0,0,-4,5,980,96,1.5,0.19
2012,2,5,4,30,0,0,0,-5,5,980,98,1.5,0.19
2012,2,5,5,30,0,0,0,-5,4,980,101,1.5,0.19
2012,2,5,6,30,0,0,0,-5,5,980,104,1.5,0.19
2012,2,5,7,30,472,32,86,-3,10,980,105,2.3000000000000003,0.19
2012,2,5,8,30,756,58,281,-4,14,980,103,3.7,0.19
2012,2,5,9,30,873,72,460,-5,17,980,99,4.3,0.19
2012,2,5,10,30,930,80,595,-6,18,980,104,4.1000000000000005,0.19
2012,2,5,11,30,953,85,670,-6,19,980,108,3.6,0.19
2012,2,5,12,30,947,88,678,-6,19,980,110,3,0.19
2012,2,5,13,30,908,92,617,-6,19,980,114,2.5,0.19
2012,2,5,14,30,862,83,499,-6,18,980,119,2,0.19
2012,2,5,15,30,267,135,226,-5,16,980,124,1.3,0.19
2012,2,5,16,30,516,48,136,1,13,980,135,0.9,0.19
2012,2,5,17,30,0,0,0,-1,11,980,134,1.2000000000000002,0.19
2012,2,5,18,30,0,0,0,-1,10,980,123,1.3,0.19
2012,2,5,19,30,0,0,0,-1,9,980,118,1.4000000000000001,0.19
2012,2,5,20,30,0,0,0,-1,8,980,113,1.4000000000000001,0.19
2012,2,5,21,30,0,0,0,-2,8,980,108,1.4000000000000001,0.19
2012,2,5,22,30,0,0,0,-2,8,980,105,1.5,0.19
2012,2,5,23,30,0,0,0,-2,8,980,104,1.7000000000000002,0.19
2012,2,6,0,30,0,0,0,-3,8,980,106,1.9000000000000001,0.19
2012,2,6,1,30,0,0,0,-3,8,970,108,2,0.19
2012,2,6,2,30,0,0,0,-4,8,970,108,2.1,0.19
2012,2,6,3,30,0,0,0,-4,8,970,106,2.2,0.19
2012,2,6,4,30,0,0,0,-4,8,970,104,2.4000000000000004,0.19
2012,2,6,5,30,0,0,0,-5,8,970,104,2.6,0.19
2012,2,6,6,30,0,0,0,-5,9,970,104,3.2,0.19
2012,2,6,7,30,0,18,18,-5,11,980,102,3.8000000000000003,0.19
2012,2,6,8,30,0,74,74,-5,14,980,102,4.4,0.19
2012,2,6,9,30,223,194,294,-6,15,980,104,5.2,0.19
2012,2,6,10,30,391,226,444,-7,16,970,110,5.7,0.19
2012,2,6,11,30,380,263,498,-8,17,970,112,5.7,0.19
2012,2,6,12,30,10,212,219,-8,17,970,113,5.5,0.19
2012,2,6,13,30,59,259,293,-8,17,970,113,5.1000000000000005,0.19
2012,2,6,14,30,122,219,278,-8,16,970,112,4.3,0.19
2012,2,6,15,30,16,129,135,-7,15,970,112,3.6,0.19
2012,2,6,16,30,36,63,70,-6,13,970,112,3.5,0.19
2012,2,6,17,30,0,0,0,-6,13,970,111,4,0.19
2012,2,6,18,30,0,0,0,-6,13,970,106,4.4,0.19
2012,2,6,19,30,0,0,0,-7,13,970,103,4.800000000000001,0.19
2012,2,6,20,30,0,0,0,-7,13,970,103,5.7,0.19
2012,2,6,21,30,0,0,0,-8,13,970,104,6.5,0.19
2012,2,6,22,30,0,0,0,-8,14,970,104,6.4,0.19
2012,2,6,23,30,0,0,0,-8,13,970,104,6,0.19
2012,2,7,0,30,0,0,0,-8,13,970,102,5.7,0.19
2012,2,7,1,30,0,0,0,-8,13,970,102,5.800000000000001,0.19
2012,2,7,2,30,0,0,0,-8,13,970,102,5.800000000000001,0.19
2012,2,7,3,30,0,0,0,-8,12,970,103,6,0.19
2012,2,7,4,30,0,0,0,-8,12,970,104,6.5,0.19
2012,2,7,5,30,0,0,0,-8,13,970,104,7.300000000000001,0.19
2012,2,7,6,30,0,0,0,-7,12,970,103,7.800000000000001,0.19
2012,2,7,7,30,0,20,20,-6,12,970,100,7.5,0.19
2012,2,7,8,30,0,65,65,-5,12,970,100,7.1000000000000005,0.19
2012,2,7,9,30,0,76,76,-5,13,970,102,6.800000000000001,0.19
2012,2,7,10,30,0,157,157,-5,14,970,103,6.800000000000001,0.19
2012,2,7,11,30,3,179,181,-5,15,970,107,6.9,0.19
2012,2,7,12,30,0,70,70,-4,15,970,108,6.6000000000000005,0.19
2012,2,7,13,30,0,91,91,-3,14,970,110,6.1000000000000005,0.19
2012,2,7,14,30,0,32,32,-2,13,970,110,5.300000000000001,0.19
2012,2,7,15,30,0,19,19,-1,12,970,109,4.1000000000000005,0.19
2012,2,7,16,30,0,12,12,0,11,970,105,3.1,0.19
2012,2,7,17,30,0,0,0,0,11,970,101,2.7,0.19
2012,2,7,18,30,0,0,0,0,10,970,99,2.6,0.19
2012,2,7,19,30,0,0,0,0,10,970,97,2.2,0.19
2012,2,7,20,30,0,0,0,1,9,970,94,1.8,0.19
2012,2,7,21,30,0,0,0,1,9,970,88,1.4000000000000001,0.19
2012,2,7,22,30,0,0,0,1,9,970,83,1.2000000000000002,0.19
2012,2,7,23,30,0,0,0,1,9,980,82,1.1,0.19
2012,2,8,0,30,0,0,0,1,9,980,82,1,0.19
2012,2,8,1,30,0,0,0,1,9,980,77,1,0.19
2012,2,8,2,30,0,0,0,1,9,980,63,1,0.19
2012,2,8,3,30,0,0,0,1,9,980,45,0.9,0.19
2012,2,8,4,30,0,0,0,1,9,980,32,0.9,0.19
2012,2,8,5,30,0,0,0,1,8,980,1,0.9,0.19
2012,2,8,6,30,0,0,0,1,8,980,339,0.8,0.19
2012,2,8,7,30,410,36,86,2,11,980,32,1,0.19
2012,2,8,8,30,703,63,277,1,14,980,90,1.5,0.19
2012,2,8,9,30,829,77,454,1,17,980,107,0.9,0.19
2012,2,8,10,30,882,87,586,1,20,980,286,1.4000000000000001,0.19
2012,2,8,11,30,895,97,659,1,21,980,294,2.7,0.19
2012,2,8,12,30,890,102,667,1,21,980,302,2.5,0.19
2012,2,8,13,30,898,88,618,2,21,980,300,1.9000000000000001,0.19
2012,2,8,14,30,853,81,503,2,21,980,288,1.7000000000000002,0.19
2012,2,8,15,30,758,69,338,2,19,980,283,1.3,0.19
2012,2,8,16,30,512,50,143,6,15,980,286,0.9,0.19
2012,2,8,17,30,0,0,0,5,12,980,306,0.9,0.19
2012,2,8,18,30,0,0,0,4,12,980,338,0.8,0.19
2012,2,8,19,30,0,0,0,4,12,980,6,0.7000000000000001,0.19
2012,2,8,20,30,0,0,0,4,11,980,28,0.7000000000000001,0.19
2012,2,8,21,30,0,0,0,4,11,980,73,0.8,0.19
2012,2,8,22,30,0,0,0,4,11,980,104,1,0.19
2012,2,8,23,30,0,0,0,3,10,980,114,1.1,0.19
2012,2,9,0,30,0,0,0,3,10,980,108,1,0.19
2012,2,9,1,30,0,0,0,3,10,980,88,1,0.19
2012,2,9,2,30,0,0,0,2,9,980,70,1.2000000000000002,0.19
2012,2,9,3,30,0,0,0,2,9,980,68,1.3,0.19
2012,2,9,4,30,0,0,0,1,9,980,76,1.3,0.19
2012,2,9,5,30,0,0,0,0,10,980,83,1.4000000000000001,0.19
2012,2,9,6,30,0,0,0,0,10,980,86,1.2000000000000002,0.19
2012,2,9,7,30,426,38,92,2,13,980,89,1.4000000000000001,0.19
2012,2,9,8,30,712,67,286,1,18,980,93,1.3,0.19
2012,2,9,9,30,834,82,466,0,21,980,116,1.1,0.19
2012,2,9,10,30,915,84,606,-1,24,980,276,1.8,0.19
2012,2,9,11,30,949,86,685,-1,25,980,290,2.7,0.19
2012,2,9,12,30,957,85,698,-1,25,980,296,3.3000000000000003,0.19
2012,2,9,13,30,943,81,642,-1,24,980,303,3.6,0.19
2012,2,9,14,30,902,74,524,0,23,980,309,3.4000000000000004,0.19
2012,2,9,15,30,816,62,355,0,20,980,311,2.2,0.19
2012,2,9,16,30,579,47,154,4,16,980,315,1.2000000000000002,0.18
2012,2,9,17,30,0,0,0,3,15,980,331,0.9,0.18
2012,2,9,18,30,0,0,0,2,15,980,355,0.6000000000000001,0.18
2012,2,9,19,30,0,0,0,2,14,980,41,0.4,0.18
2012,2,9,20,30,0,0,0,1,14,980,144,0.5,0.18
2012,2,9,21,30,0,0,0,1,13,980,175,0.6000000000000001,0.18
2012,2,9,22,30,0,0,0,0,13,980,169,0.7000000000000001,0.18
2012,2,9,23,30,0,0,0,1,13,980,143,0.7000000000000001,0.18
2012,2,10,0,30,0,0,0,0,12,980,117,0.7000000000000001,0.18
2012,2,10,1,30,0,0,0,0,11,980,95,0.7000000000000001,0.18
2012,2,10,2,30,0,0,0,0,11,980,91,0.8,0.18
2012,2,10,3,30,0,0,0,0,11,980,97,0.9,0.18
2012,2,10,4,30,0,0,0,0,11,980,102,0.9,0.18
2012,2,10,5,30,0,0,0,0,11,980,105,0.8,0.18
2012,2,10,6,30,0,0,0,0,11,980,104,0.7000000000000001,0.18
2012,2,10,7,30,463,38,98,2,13,980,83,0.6000000000000001,0.18
2012,2,10,8,30,744,64,296,3,16,980,47,0.8,0.18
2012,2,10,9,30,865,77,478,2,19,980,317,1.4000000000000001,0.18
2012,2,10,10,30,924,85,615,0,21,980,295,2.1,0.18
2012,2,10,11,30,954,87,693,0,22,980,291,2.6,0.18
2012,2,10,12,30,960,86,705,0,23,980,295,2.9000000000000004,0.18
2012,2,10,13,30,936,85,646,0,22,980,301,2.9000000000000004,0.18
2012,2,10,14,30,893,78,527,0,21,980,306,2.7,0.18
2012,2,10,15,30,802,66,357,0,19,980,312,1.9000000000000001,0.18
2012,2,10,16,30,28,69,74,4,16,980,322,1.2000000000000002,0.18
2012,2,10,17,30,0,0,0,3,13,980,338,1.2000000000000002,0.18
2012,2,10,18,30,0,0,0,3,13,980,342,1.1,0.18
2012,2,10,19,30,0,0,0,3,12,980,329,0.9,0.18
2012,2,10,20,30,0,0,0,3,12,980,301,0.8,0.18
2012,2,10,21,30,0,0,0,4,11,980,270,0.8,0.18
2012,2,10,22,30,0,0,0,5,10,980,256,0.8,0.18
2012,2,10,23,30,0,0,0,7,10,980,259,0.7000000000000001,0.18
2012,2,11,0,30,0,0,0,7,10,980,277,0.7000000000000001,0.18
2012,2,11,1,30,0,0,0,8,11,980,293,0.9,0.18
2012,2,11,2,30,0,0,0,8,11,970,301,1.2000000000000002,0.18
2012,2,11,3,30,0,0,0,8,11,970,304,1.5,0.18
2012,2,11,4,30,0,0,0,8,11,970,305,1.8,0.18
2012,2,11,5,30,0,0,0,8,11,970,305,2,0.18
2012,2,11,6,30,0,0,0,7,10,970,301,2.4000000000000004,0.18
2012,2,11,7,30,0,39,39,7,10,970,295,2.8000000000000003,0.18
2012,2,11,8,30,0,5,5,7,10,980,292,3.1,0.18
2012,2,11,9,30,152,208,280,7,10,980,289,3.4000000000000004,0.18
2012,2,11,10,30,53,250,281,6,10,970,288,3.5,0.18
2012,2,11,11,30,291,294,481,6,10,970,288,3.5,0.18
2012,2,11,12,30,104,308,376,6,10,970,290,3.5,0.18
2012,2,11,13,30,0,110,110,6,11,970,294,3.7,0.18
2012,2,11,14,30,0,65,65,5,12,970,296,3.8000000000000003,0.18
2012,2,11,15,30,709,81,342,5,11,970,298,3.3000000000000003,0.18
2012,2,11,16,30,84,73,89,5,10,970,298,2,0.18
2012,2,11,17,30,0,0,0,4,8,970,294,1.3,0.18
2012,2,11,18,30,0,0,0,4,8,970,298,1.4000000000000001,0.18
2012,2,11,19,30,0,0,0,4,8,970,303,1.5,0.18
2012,2,11,20,30,0,0,0,4,8,970,306,1.6,0.18
2012,2,11,21,30,0,0,0,4,8,970,307,1.7000000000000002,0.18
2012,2,11,22,30,0,0,0,4,8,970,308,2,0.18
2012,2,11,23,30,0,0,0,4,8,970,309,2.4000000000000004,0.18
2012,2,12,0,30,0,0,0,4,8,970,313,2.5,0.18
2012,2,12,1,30,0,0,0,4,8,970,320,2.2,0.18
2012,2,12,2,30,0,0,0,4,8,970,320,2.1,0.18
2012,2,12,3,30,0,0,0,4,8,970,314,2.1,0.18
2012,2,12,4,30,0,0,0,4,8,970,308,2,0.18
2012,2,12,5,30,0,0,0,4,8,970,305,1.9000000000000001,0.18
2012,2,12,6,30,0,0,0,4,8,970,303,1.9000000000000001,0.18
2012,2,12,7,30,347,49,96,4,8,970,303,2,0.18
2012,2,12,8,30,59,128,147,4,8,980,303,2.2,0.18
2012,2,12,9,30,778,102,469,5,9,980,304,2.5,0.18
2012,2,12,10,30,212,271,395,5,10,980,300,2.9000000000000004,0.18
2012,2,12,11,30,8,206,211,5,11,970,294,3.4000000000000004,0.18
2012,2,12,12,30,6,199,203,5,11,970,290,3.7,0.18
2012,2,12,13,30,5,192,195,5,11,970,290,3.6,0.18
2012,2,12,14,30,0,137,137,5,10,970,292,3.2,0.18
2012,2,12,15,30,304,143,256,5,10,970,294,2.6,0.18
2012,2,12,16,30,6,69,70,5,9,970,295,1.5,0.18
2012,2,12,17,30,0,0,0,4,8,970,285,0.6000000000000001,0.18
2012,2,12,18,30,0,0,0,4,8,970,248,0.6000000000000001,0.18
2012,2,12,19,30,0,0,0,4,8,970,195,0.8,0.18
2012,2,12,20,30,0,0,0,4,8,970,179,0.9,0.18
2012,2,12,21,30,0,0,0,4,7,970,208,0.6000000000000001,0.18
2012,2,12,22,30,0,0,0,4,7,970,247,0.5,0.18
2012,2,12,23,30,0,0,0,4,7,970,249,0.5,0.18
2012,2,13,0,30,0,0,0,4,7,970,273,0.5,0.18
2012,2,13,1,30,0,0,0,4,7,970,287,0.6000000000000001,0.18
2012,2,13,2,30,0,0,0,4,7,970,274,0.7000000000000001,0.18
2012,2,13,3,30,0,0,0,4,7,970,261,0.8,0.18
2012,2,13,4,30,0,0,0,4,7,970,260,1.4000000000000001,0.18
2012,2,13,5,30,0,0,0,4,8,970,258,2.1,0.18
2012,2,13,6,30,0,0,0,4,8,970,261,2.5,0.18
2012,2,13,7,30,401,46,102,4,8,970,265,2.7,0.18
2012,2,13,8,30,0,41,41,4,8,970,269,3,0.18
2012,2,13,9,30,14,173,180,4,8,970,280,3.6,0.18
2012,2,13,10,30,0,140,140,4,9,970,290,4.3,0.18
2012,2,13,11,30,918,103,699,2,10,970,292,4.5,0.18
2012,2,13,12,30,0,72,72,0,10,970,293,4.3,0.18
2012,2,13,13,30,7,196,200,0,10,970,293,4.2,0.18
2012,2,13,14,30,259,227,360,0,9,970,293,4.1000000000000005,0.18
2012,2,13,15,30,195,157,230,0,8,970,294,3.8000000000000003,0.18
2012,2,13,16,30,0,68,68,1,7,970,296,2.8000000000000003,0.18
2012,2,13,17,30,0,0,0,2,6,970,296,2,0.18
2012,2,13,18,30,0,0,0,2,6,970,281,1.9000000000000001,0.18
2012,2,13,19,30,0,0,0,2,6,970,265,2,0.18
2012,2,13,20,30,0,0,0,2,6,970,266,2.2,0.18
2012,2,13,21,30,0,0,0,2,6,970,275,2.3000000000000003,0.18
2012,2,13,22,30,0,0,0,2,6,970,276,2.3000000000000003,0.18
2012,2,13,23,30,0,0,0,2,6,970,273,2.3000000000000003,0.18
2012,2,14,0,30,0,0,0,2,6,970,278,2.6,0.18
2012,2,14,1,30,0,0,0,2,5,970,294,2.9000000000000004,0.18
2012,2,14,2,30,0,0,0,2,5,970,305,2.9000000000000004,0.18
2012,2,14,3,30,0,0,0,2,5,970,307,2.7,0.18
2012,2,14,4,30,0,0,0,2,5,970,311,2.5,0.18
2012,2,14,5,30,0,0,0,2,5,970,313,2.2,0.18
2012,2,14,6,30,0,0,0,2,5,970,314,2,0.18
2012,2,14,7,30,0,7,7,2,5,970,312,2.3000000000000003,0.18
2012,2,14,8,30,0,60,60,2,6,970,311,2.7,0.18
2012,2,14,9,30,238,209,324,2,8,980,311,2.8000000000000003,0.18
2012,2,14,10,30,220,275,406,1,9,970,308,3,0.18
2012,2,14,11,30,0,143,143,1,10,970,301,3.1,0.18
2012,2,14,12,30,17,240,252,1,11,970,295,3.2,0.18
2012,2,14,13,30,0,44,44,1,11,970,288,3.2,0.18
2012,2,14,14,30,0,33,33,1,10,970,284,3.1,0.18
2012,2,14,15,30,0,18,18,1,9,970,282,2.8000000000000003,0.18
2012,2,14,16,30,471,67,163,1,8,980,283,1.9000000000000001,0.18
2012,2,14,17,30,0,0,0,2,6,980,285,1,0.18
2012,2,14,18,30,0,0,0,2,6,980,290,0.6000000000000001,0.18
2012,2,14,19,30,0,0,0,2,6,980,284,0.6000000000000001,0.18
2012,2,14,20,30,0,0,0,2,5,980,276,0.7000000000000001,0.18
2012,2,14,21,30,0,0,0,2,5,980,282,0.6000000000000001,0.18
2012,2,14,22,30,0,0,0,2,5,980,276,0.6000000000000001,0.18
2012,2,14,23,30,0,0,0,2,5,980,282,0.9,0.18
2012,2,15,0,30,0,0,0,2,5,980,288,1.1,0.18
2012,2,15,1,30,0,0,0,2,5,980,290,1.1,0.18
2012,2,15,2,30,0,0,0,2,5,980,286,1,0.18
2012,2,15,3,30,0,0,0,2,5,980,285,0.9,0.18
2012,2,15,4,30,0,0,0,1,4,980,295,0.9,0.18
2012,2,15,5,30,0,0,0,1,4,970,286,0.8,0.18
2012,2,15,6,30,0,0,0,1,4,970,265,1.3,0.18
2012,2,15,7,30,0,4,4,2,5,970,241,2.1,0.18
2012,2,15,8,30,0,80,80,2,6,970,248,2.9000000000000004,0.18
2012,2,15,9,30,0,27,27,2,6,970,275,3.8000000000000003,0.18
2012,2,15,10,30,343,257,462,2,6,970,296,4.3,0.18
2012,2,15,11,30,104,313,382,0,7,970,304,4.1000000000000005,0.18
2012,2,15,12,30,281,312,499,-1,8,970,307,3.7,0.18
2012,2,15,13,30,292,282,463,-3,8,970,312,3.6,0.18
2012,2,15,14,30,846,97,540,-3,9,970,313,3.6,0.18
2012,2,15,15,30,752,81,370,-2,8,970,314,3.4000000000000004,0.18
2012,2,15,16,30,578,54,174,-1,6,970,309,2.3000000000000003,0.18
2012,2,15,17,30,0,0,0,0,4,970,302,1.4000000000000001,0.18
2012,2,15,18,30,0,0,0,0,3,970,307,1.2000000000000002,0.18
2012,2,15,19,30,0,0,0,0,3,980,313,1,0.18
2012,2,15,20,30,0,0,0,-1,3,980,316,1,0.18
2012,2,15,21,30,0,0,0,-1,3,980,308,0.9,0.18
2012,2,15,22,30,0,0,0,-1,3,980,302,0.7000000000000001,0.18
2012,2,15,23,30,0,0,0,-2,3,980,285,0.5,0.18
2012,2,16,0,30,0,0,0,-2,3,980,256,0.30000000000000004,0.18
2012,2,16,1,30,0,0,0,-2,3,980,256,0.30000000000000004,0.18
2012,2,16,2,30,0,0,0,-3,2,980,328,0.5,0.18
2012,2,16,3,30,0,0,0,-3,2,980,27,0.8,0.18
2012,2,16,4,30,0,0,0,-3,2,980,53,1,0.18
2012,2,16,5,30,0,0,0,-4,2,980,70,0.9,0.18
2012,2,16,6,30,0,0,0,-4,3,980,92,0.8,0.18
2012,2,16,7,30,529,42,122,-2,6,980,106,1.1,0.18
2012,2,16,8,30,779,66,328,-3,10,980,93,2,0.18
2012,2,16,9,30,890,79,514,-4,13,980,74,2.8000000000000003,0.18
2012,2,16,10,30,937,89,652,-4,16,980,66,2.9000000000000004,0.18
2012,2,16,11,30,959,94,729,-5,17,980,50,2.6,0.18
2012,2,16,12,30,964,93,740,-5,18,980,28,2.5,0.18
2012,2,16,13,30,946,90,681,-6,19,980,5,2.5,0.18
2012,2,16,14,30,899,84,559,-6,18,980,350,2.5,0.18
2012,2,16,15,30,812,72,386,-6,16,980,342,1.7000000000000002,0.18
2012,2,16,16,30,616,53,182,0,11,980,325,1,0.18
2012,2,16,17,30,0,0,0,0,8,980,312,1.1,0.18
2012,2,16,18,30,0,0,0,-1,8,980,327,0.9,0.18
2012,2,16,19,30,0,0,0,-2,8,980,350,0.6000000000000001,0.18
2012,2,16,20,30,0,0,0,-2,8,980,356,0.30000000000000004,0.18
2012,2,16,21,30,0,0,0,-3,7,980,332,0.2,0.18
2012,2,16,22,30,0,0,0,-3,6,980,145,0.6000000000000001,0.18
2012,2,16,23,30,0,0,0,-3,6,980,136,1,0.18
2012,2,17,0,30,0,0,0,-4,5,980,122,1.1,0.18
2012,2,17,1,30,0,0,0,-4,5,980,105,1.2000000000000002,0.18
2012,2,17,2,30,0,0,0,-4,5,980,100,1.3,0.18
2012,2,17,3,30,0,0,0,-5,5,980,98,1.3,0.18
2012,2,17,4,30,0,0,0,-6,5,980,93,1.2000000000000002,0.18
2012,2,17,5,30,0,0,0,-6,6,980,88,1.1,0.18
2012,2,17,6,30,0,0,0,-7,7,980,77,0.8,0.18
2012,2,17,7,30,0,45,45,-3,10,980,61,0.6000000000000001,0.18
2012,2,17,8,30,725,77,324,-4,13,980,73,0.5,0.18
2012,2,17,9,30,842,93,508,-7,16,980,286,1.1,0.18
2012,2,17,10,30,894,105,645,-7,18,980,284,2,0.18
2012,2,17,11,30,920,109,723,-7,19,980,281,2.4000000000000004,0.18
2012,2,17,12,30,922,110,732,-7,19,980,278,2.5,0.18
2012,2,17,13,30,899,107,673,-6,19,980,273,2.6,0.18
2012,2,17,14,30,856,97,553,-6,18,980,272,2.7,0.18
2012,2,17,15,30,765,82,381,-6,16,980,276,2.2,0.18
2012,2,17,16,30,536,62,177,-1,12,980,283,1.4000000000000001,0.18
2012,2,17,17,30,0,0,0,0,9,980,299,1,0.18
2012,2,17,18,30,0,0,0,-1,9,980,317,0.8,0.18
2012,2,17,19,30,0,0,0,-2,8,980,353,0.6000000000000001,0.18
2012,2,17,20,30,0,0,0,-3,7,980,81,0.7000000000000001,0.18
2012,2,17,21,30,0,0,0,-3,7,980,115,0.9,0.18
2012,2,17,22,30,0,0,0,-3,7,980,122,0.9,0.18
2012,2,17,23,30,0,0,0,-3,7,980,124,0.5,0.18
2012,2,18,0,30,0,0,0,-4,7,980,120,0.30000000000000004,0.18
2012,2,18,1,30,0,0,0,-3,7,980,297,0.30000000000000004,0.18
2012,2,18,2,30,0,0,0,-4,6,980,287,0.4,0.18
2012,2,18,3,30,0,0,0,-4,5,980,140,0.7000000000000001,0.18
2012,2,18,4,30,0,0,0,-4,4,980,132,1,0.18
2012,2,18,5,30,0,0,0,-4,4,980,126,0.9,0.18
2012,2,18,6,30,0,0,0,-4,6,980,114,0.6000000000000001,0.18
2012,2,18,7,30,368,57,116,-1,8,980,92,0.4,0.18
2012,2,18,8,30,621,99,313,-2,11,980,67,0.5,0.18
2012,2,18,9,30,741,124,493,-2,13,980,281,1.3,0.18
2012,2,18,10,30,839,123,634,-1,15,980,280,2.6,0.18
2012,2,18,11,30,857,132,707,0,16,980,283,3.3000000000000003,0.18
2012,2,18,12,30,836,142,710,0,15,980,290,3.5,0.18
2012,2,18,13,30,813,134,649,1,14,980,299,3.3000000000000003,0.18
2012,2,18,14,30,160,246,332,2,12,980,309,2.8000000000000003,0.18
2012,2,18,15,30,45,159,177,3,11,980,316,2.4000000000000004,0.18
2012,2,18,16,30,0,42,42,3,10,980,317,1.7000000000000002,0.18
2012,2,18,17,30,0,2,2,4,9,980,317,0.9,0.18
2012,2,18,18,30,0,0,0,4,8,980,320,0.7000000000000001,0.18
2012,2,18,19,30,0,0,0,4,7,980,296,0.7000000000000001,0.18
2012,2,18,20,30,0,0,0,4,7,980,278,0.8,0.18
2012,2,18,21,30,0,0,0,4,7,980,281,0.8,0.18
2012,2,18,22,30,0,0,0,4,7,980,287,1,0.18
2012,2,18,23,30,0,0,0,4,8,980,295,1.2000000000000002,0.18
2012,2,19,0,30,0,0,0,4,8,980,304,1.5,0.18
2012,2,19,1,30,0,0,0,4,8,980,312,1.9000000000000001,0.18
2012,2,19,2,30,0,0,0,4,7,980,313,2.3000000000000003,0.18
2012,2,19,3,30,0,0,0,4,7,980,313,2.5,0.18
2012,2,19,4,30,0,0,0,2,6,980,310,2.4000000000000004,0.18
2012,2,19,5,30,0,0,0,2,6,980,309,2,0.18
2012,2,19,6,30,0,0,0,2,6,980,308,1.9000000000000001,0.18
2012,2,19,7,30,0,28,28,2,6,980,310,1.9000000000000001,0.18
2012,2,19,8,30,57,141,161,2,6,980,310,2,0.18
2012,2,19,9,30,0,135,135,2,7,980,308,2.3000000000000003,0.18
2012,2,19,10,30,64,273,313,2,9,980,308,2.8000000000000003,0.18
2012,2,19,11,30,809,157,704,1,10,980,305,3.2,0.18
2012,2,19,12,30,828,150,716,1,10,980,304,3.2,0.18
2012,2,19,13,30,840,129,665,0,11,980,301,3.1,0.18
2012,2,19,14,30,822,108,552,0,11,970,296,3.2,0.18
2012,2,19,15,30,746,88,385,0,10,970,298,3.2,0.18
2012,2,19,16,30,545,63,184,0,8,980,300,2.1,0.18
2012,2,19,17,30,62,11,12,1,5,980,304,1,0.18
2012,2,19,18,30,0,0,0,1,5,980,306,0.7000000000000001,0.18
2012,2,19,19,30,0,0,0,1,5,980,306,0.4,0.18
2012,2,19,20,30,0,0,0,1,4,980,163,0.5,0.18
2012,2,19,21,30,0,0,0,0,3,980,166,0.8,0.18
2012,2,19,22,30,0,0,0,0,3,980,169,0.9,0.18
2012,2,19,23,30,0,0,0,0,3,980,168,0.8,0.18
2012,2,20,0,30,0,0,0,0,3,980,166,0.6000000000000001,0.18
2012,2,20,1,30,0,0,0,0,4,980,149,0.30000000000000004,0.18
2012,2,20,2,30,0,0,0,0,5,980,110,0.30000000000000004,0.18
2012,2,20,3,30,0,0,0,0,4,980,98,0.5,0.18
2012,2,20,4,30,0,0,0,0,4,980,115,0.8,0.18
2012,2,20,5,30,0,0,0,0,4,980,124,0.9,0.18
2012,2,20,6,30,0,0,0,0,5,980,121,0.8,0.18
2012,2,20,7,30,0,6,6,0,7,980,115,0.9,0.18
2012,2,20,8,30,215,143,219,-1,10,980,320,1.3,0.18
2012,2,20,9,30,304,214,368,-2,11,980,307,1.4000000000000001,0.18
2012,2,20,10,30,283,281,457,-2,11,980,284,1.3,0.18
2012,2,20,11,30,497,254,592,-2,12,980,276,1.5,0.18
2012,2,20,12,30,911,107,734,-1,13,980,285,2.1,0.18
2012,2,20,13,30,915,95,683,-1,14,980,286,2.4000000000000004,0.18
2012,2,20,14,30,872,89,564,-1,14,980,284,2.5,0.18
2012,2,20,15,30,782,77,392,0,13,980,284,2.4000000000000004,0.18
2012,2,20,16,30,588,57,190,0,10,980,286,1.6,0.18
2012,2,20,17,30,108,12,15,1,7,980,292,1,0.18
2012,2,20,18,30,0,0,0,0,6,980,316,0.9,0.18
2012,2,20,19,30,0,0,0,0,6,980,358,0.8,0.18
2012,2,20,20,30,0,0,0,0,6,980,33,0.8,0.18
2012,2,20,21,30,0,0,0,0,6,980,60,0.8,0.18
2012,2,20,22,30,0,0,0,0,6,980,72,1,0.18
2012,2,20,23,30,0,0,0,0,6,980,81,1.1,0.18
2012,2,21,0,30,0,0,0,-1,5,980,84,1,0.18
2012,2,21,1,30,0,0,0,-1,5,980,82,0.8,0.18
2012,2,21,2,30,0,0,0,-1,6,980,73,0.7000000000000001,0.18
2012,2,21,3,30,0,0,0,-2,6,980,61,0.7000000000000001,0.18
2012,2,21,4,30,0,0,0,-2,6,980,91,0.6000000000000001,0.18
2012,2,21,5,30,0,0,0,-2,5,980,88,0.6000000000000001,0.18
2012,2,21,6,30,0,0,0,-1,6,980,8,0.7000000000000001,0.18
2012,2,21,7,30,116,64,84,0,8,980,48,1.1,0.18
2012,2,21,8,30,756,69,340,0,12,980,105,1.4000000000000001,0.18
2012,2,21,9,30,430,190,410,-1,17,980,93,0.6000000000000001,0.18
2012,2,21,10,30,461,240,527,-2,19,980,117,0.9,0.18
2012,2,21,11,30,515,248,601,-2,20,980,292,1.9000000000000001,0.18
2012,2,21,12,30,133,338,430,-1,21,980,285,2.3000000000000003,0.18
2012,2,21,13,30,334,287,503,-1,21,980,271,2.5,0.18
2012,2,21,14,30,334,231,414,0,20,980,278,2.7,0.18
2012,2,21,15,30,180,173,246,0,18,980,283,2.4000000000000004,0.18
2012,2,21,16,30,297,79,147,2,14,980,276,1.4000000000000001,0.18
2012,2,21,17,30,0,12,12,4,11,980,285,0.8,0.18
2012,2,21,18,30,0,0,0,3,10,980,329,0.7000000000000001,0.18
2012,2,21,19,30,0,0,0,3,10,980,12,0.6000000000000001,0.18
2012,2,21,20,30,0,0,0,3,9,980,63,0.7000000000000001,0.18
2012,2,21,21,30,0,0,0,3,9,980,98,1,0.18
2012,2,21,22,30,0,0,0,2,8,980,110,1.1,0.18
2012,2,21,23,30,0,0,0,2,8,980,108,1.2000000000000002,0.18
2012,2,22,0,30,0,0,0,2,9,980,102,1.3,0.18
2012,2,22,1,30,0,0,0,1,9,980,99,1.2000000000000002,0.18
2012,2,22,2,30,0,0,0,1,10,980,91,1,0.18
2012,2,22,3,30,0,0,0,1,10,980,86,1,0.18
2012,2,22,4,30,0,0,0,1,9,980,94,1.1,0.18
2012,2,22,5,30,0,0,0,0,9,980,97,1.2000000000000002,0.18
2012,2,22,6,30,0,0,0,0,10,980,93,1,0.18
2012,2,22,7,30,71,65,78,3,14,980,86,1.2000000000000002,0.18
2012,2,22,8,30,765,70,347,1,17,980,83,1,0.18
2012,2,22,9,30,870,83,532,1,20,980,98,0.7000000000000001,0.18
2012,2,22,10,30,884,107,662,1,23,980,256,1.6,0.18
2012,2,22,11,30,639,207,648,0,24,980,266,2.4000000000000004,0.18
2012,2,22,12,30,919,111,752,1,24,980,277,3,0.18
2012,2,22,13,30,903,108,696,1,23,980,286,3.4000000000000004,0.18
2012,2,22,14,30,856,101,575,1,21,980,294,3.6,0.18
2012,2,22,15,30,757,90,400,2,18,980,301,3.2,0.18
2012,2,22,16,30,236,85,140,3,15,980,304,1.9000000000000001,0.18
2012,2,22,17,30,0,11,11,5,12,980,299,0.8,0.18
2012,2,22,18,30,0,0,0,4,11,980,282,0.5,0.18
2012,2,22,19,30,0,0,0,4,10,980,257,0.5,0.18
2012,2,22,20,30,0,0,0,4,10,980,257,0.6000000000000001,0.18
2012,2,22,21,30,0,0,0,4,10,980,258,0.6000000000000001,0.18
2012,2,22,22,30,0,0,0,4,10,980,285,0.5,0.18
2012,2,22,23,30,0,0,0,3,10,980,312,0.5,0.18
2012,2,23,0,30,0,0,0,3,9,970,322,0.7000000000000001,0.18
2012,2,23,1,30,0,0,0,3,8,970,314,0.9,0.18
2012,2,23,2,30,0,0,0,3,8,970,310,0.9,0.18
2012,2,23,3,30,0,0,0,4,8,970,308,0.6000000000000001,0.18
2012,2,23,4,30,0,0,0,4,7,970,286,0.4,0.18
2012,2,23,5,30,0,0,0,4,7,970,152,0.6000000000000001,0.18
2012,2,23,6,30,0,0,0,4,8,970,124,1,0.18
2012,2,23,7,30,529,49,145,4,11,970,113,1.2000000000000002,0.18
2012,2,23,8,30,755,73,350,4,15,970,88,1,0.18
2012,2,23,9,30,857,88,534,3,19,970,72,0.6000000000000001,0.18
2012,2,23,10,30,915,94,672,2,22,970,14,0.5,0.18
2012,2,23,11,30,932,100,747,0,24,970,265,1.2000000000000002,0.18
2012,2,23,12,30,933,101,756,0,25,970,256,2,0.18
2012,2,23,13,30,927,93,700,0,24,970,261,2.5,0.18
2012,2,23,14,30,450,209,460,1,23,970,268,2.6,0.18
2012,2,23,15,30,417,150,323,1,21,970,275,2.1,0.18
2012,2,23,16,30,624,56,203,5,17,970,283,1.2000000000000002,0.18
2012,2,23,17,30,156,15,21,6,14,970,316,0.8,0.18
2012,2,23,18,30,0,0,0,5,13,970,27,1,0.18
2012,2,23,19,30,0,0,0,5,13,970,68,1.2000000000000002,0.18
2012,2,23,20,30,0,0,0,4,12,970,92,1.3,0.18
2012,2,23,21,30,0,0,0,3,11,970,103,1.4000000000000001,0.18
2012,2,23,22,30,0,0,0,2,10,970,102,1.4000000000000001,0.18
2012,2,23,23,30,0,0,0,0,9,970,98,1.5,0.18
2012,2,24,0,30,0,0,0,0,9,970,95,1.5,0.18
2012,2,24,1,30,0,0,0,-2,8,970,94,1.7000000000000002,0.18
2012,2,24,2,30,0,0,0,-4,8,970,94,2,0.18
2012,2,24,3,30,0,0,0,-6,9,980,95,2.5,0.18
2012,2,24,4,30,0,0,0,-7,9,980,98,3,0.18
2012,2,24,5,30,0,0,0,-8,9,980,100,3.7,0.18
2012,2,24,6,30,0,0,0,-8,12,980,102,4.6000000000000005,0.18
2012,2,24,7,30,608,45,158,-8,15,980,102,5.5,0.18
2012,2,24,8,30,820,65,370,-9,18,980,102,5.7,0.18
2012,2,24,9,30,915,77,557,-10,21,980,105,5.300000000000001,0.18
2012,2,24,10,30,954,87,695,-10,23,980,113,4.5,0.18
2012,2,24,11,30,975,91,773,-10,24,980,124,3.7,0.18
2012,2,24,12,30,976,92,782,-9,25,980,136,3,0.18
2012,2,24,13,30,959,90,722,-9,25,980,150,2.3000000000000003,0.18
2012,2,24,14,30,917,84,598,-8,25,980,169,1.7000000000000002,0.18
2012,2,24,15,30,835,73,422,-8,23,980,203,0.9,0.18
2012,2,24,16,30,632,59,211,0,20,980,249,0.5,0.18
2012,2,24,17,30,156,17,23,-2,18,980,12,0.6000000000000001,0.18
2012,2,24,18,30,0,0,0,-2,17,980,41,0.8,0.18
2012,2,24,19,30,0,0,0,-3,16,980,29,0.8,0.18
2012,2,24,20,30,0,0,0,-3,15,980,12,0.7000000000000001,0.18
2012,2,24,21,30,0,0,0,-2,14,980,342,0.6000000000000001,0.18
2012,2,24,22,30,0,0,0,-2,12,980,317,0.5,0.18
2012,2,24,23,30,0,0,0,-1,11,980,307,0.5,0.18
2012,2,25,0,30,0,0,0,0,10,980,319,0.6000000000000001,0.18
2012,2,25,1,30,0,0,0,0,9,980,332,0.7000000000000001,0.18
2012,2,25,2,30,0,0,0,0,7,980,337,0.8,0.18
2012,2,25,3,30,0,0,0,1,6,980,348,0.9,0.18
2012,2,25,4,30,0,0,0,1,6,980,7,0.8,0.18
2012,2,25,5,30,0,0,0,2,5,980,36,0.7000000000000001,0.18
2012,2,25,6,30,0,0,0,2,6,980,29,0.6000000000000001,0.18
2012,2,25,7,30,578,51,161,3,9,980,339,1.1,0.18
2012,2,25,8,30,802,75,376,3,11,980,319,1.9000000000000001,0.18
2012,2,25,9,30,904,88,567,2,14,980,309,2.6,0.18
2012,2,25,10,30,945,99,706,2,16,980,299,3.5,0.18
2012,2,25,11,30,963,104,781,1,17,980,300,4.4,0.18
2012,2,25,12,30,959,105,787,1,18,980,303,4.9,0.18
2012,2,25,13,30,939,101,724,2,17,980,306,4.9,0.18
2012,2,25,14,30,895,94,600,2,16,980,310,4.800000000000001,0.18
2012,2,25,15,30,814,81,424,1,15,980,314,4.3,0.18
2012,2,25,16,30,638,60,216,1,12,980,315,2.7,0.18
2012,2,25,17,30,172,18,25,2,9,980,314,1.3,0.18
2012,2,25,18,30,0,0,0,2,8,980,323,1.2000000000000002,0.18
2012,2,25,19,30,0,0,0,1,7,980,328,1.1,0.18
2012,2,25,20,30,0,0,0,0,6,980,314,1.1,0.18
2012,2,25,21,30,0,0,0,0,6,980,298,1,0.18
2012,2,25,22,30,0,0,0,0,5,980,289,0.9,0.18
2012,2,25,23,30,0,0,0,-1,4,980,275,0.6000000000000001,0.18
2012,2,26,0,30,0,0,0,-1,4,980,245,0.5,0.18
2012,2,26,1,30,0,0,0,-2,3,970,219,0.5,0.18
2012,2,26,2,30,0,0,0,-2,3,970,212,0.5,0.18
2012,2,26,3,30,0,0,0,-2,3,970,189,0.6000000000000001,0.18
2012,2,26,4,30,0,0,0,-2,2,970,152,0.8,0.18
2012,2,26,5,30,0,0,0,-2,2,970,130,1.1,0.18
2012,2,26,6,30,0,0,0,-3,4,970,122,1.5,0.18
2012,2,26,7,30,532,58,161,-3,8,970,116,2.5,0.18
2012,2,26,8,30,774,84,378,-5,13,970,114,3.3000000000000003,0.18
2012,2,26,9,30,882,101,572,-9,16,970,117,3.3000000000000003,0.18
2012,2,26,10,30,927,115,714,-12,19,970,130,2.8000000000000003,0.18
2012,2,26,11,30,944,124,792,-14,20,970,152,2.4000000000000004,0.18
2012,2,26,12,30,938,127,798,-14,21,970,180,2.1,0.18
2012,2,26,13,30,918,121,735,-14,21,970,201,1.8,0.18
2012,2,26,14,30,862,115,606,-14,20,970,203,1.6,0.18
2012,2,26,15,30,748,105,423,-14,18,970,212,1,0.18
2012,2,26,16,30,534,80,212,-4,16,970,243,0.5,0.18
2012,2,26,17,30,0,17,17,-4,14,970,328,0.5,0.18
2012,2,26,18,30,0,0,0,-5,14,970,26,0.30000000000000004,0.18
2012,2,26,19,30,0,0,0,-5,13,970,22,0.30000000000000004,0.18
2012,2,26,20,30,0,0,0,-4,12,970,254,0.6000000000000001,0.18
2012,2,26,21,30,0,0,0,-2,10,970,234,0.7000000000000001,0.18
2012,2,26,22,30,0,0,0,-1,9,970,234,0.7000000000000001,0.18
2012,2,26,23,30,0,0,0,0,8,970,250,0.7000000000000001,0.18
2012,2,27,0,30,0,0,0,0,7,970,268,0.7000000000000001,0.18
2012,2,27,1,30,0,0,0,1,7,970,276,0.6000000000000001,0.18
2012,2,27,2,30,0,0,0,2,7,970,289,0.6000000000000001,0.18
2012,2,27,3,30,0,0,0,2,6,970,316,0.6000000000000001,0.18
2012,2,27,4,30,0,0,0,2,6,970,351,0.6000000000000001,0.18
2012,2,27,5,30,0,0,0,2,6,970,7,0.6000000000000001,0.18
2012,2,27,6,30,0,0,0,3,7,970,5,0.8,0.18
2012,2,27,7,30,4,69,70,3,8,970,348,1.2000000000000002,0.18
2012,2,27,8,30,20,144,152,3,9,970,304,1.4000000000000001,0.18
2012,2,27,9,30,283,235,388,3,10,970,258,1.8,0.18
2012,2,27,10,30,64,293,335,2,11,970,242,2.4000000000000004,0.18
2012,2,27,11,30,145,351,455,2,12,970,240,2.8000000000000003,0.18
2012,2,27,12,30,0,74,74,2,11,970,242,3,0.18
2012,2,27,13,30,0,83,83,2,10,970,254,3.1,0.18
2012,2,27,14,30,0,153,153,2,8,970,270,3.2,0.18
2012,2,27,15,30,90,184,223,2,6,970,279,3,0.18
2012,2,27,16,30,0,87,87,1,5,970,283,2.5,0.18
2012,2,27,17,30,0,11,11,2,5,970,284,2,0.18
2012,2,27,18,30,0,0,0,2,5,970,280,1.9000000000000001,0.18
2012,2,27,19,30,0,0,0,2,5,970,273,2.2,0.18
2012,2,27,20,30,0,0,0,2,5,970,271,2.9000000000000004,0.18
2012,2,27,21,30,0,0,0,2,5,970,278,3.5,0.18
2012,2,27,22,30,0,0,0,1,4,970,287,3.6,0.18
2012,2,27,23,30,0,0,0,1,4,970,297,3.4000000000000004,0.18
2012,2,28,0,30,0,0,0,1,4,970,301,3,0.18
2012,2,28,1,30,0,0,0,1,4,970,301,2.6,0.18
2012,2,28,2,30,0,0,0,1,4,970,300,2.4000000000000004,0.18
2012,2,28,3,30,0,0,0,0,3,970,303,2,0.18
2012,2,28,4,30,0,0,0,0,3,970,305,1.7000000000000002,0.18
2012,2,28,5,30,0,0,0,0,3,980,305,1.5,0.18
2012,2,28,6,30,0,0,0,0,3,980,302,1.4000000000000001,0.18
2012,2,28,7,30,0,65,65,0,4,980,305,1.6,0.18
2012,2,28,8,30,8,138,142,0,6,980,312,2,0.18
2012,2,28,9,30,743,142,547,0,8,980,304,2.4000000000000004,0.18
2012,2,28,10,30,498,239,566,-1,10,980,294,2.8000000000000003,0.18
2012,2,28,11,30,88,341,405,-2,11,980,286,3.3000000000000003,0.18
2012,2,28,12,30,24,280,297,-2,12,980,284,3.6,0.18
2012,2,28,13,30,69,309,356,-2,12,980,286,3.6,0.18
2012,2,28,14,30,396,248,477,-3,11,980,289,3.1,0.18
2012,2,28,15,30,224,183,280,-3,10,980,292,2.4000000000000004,0.18
2012,2,28,16,30,135,105,140,1,10,970,297,1.9000000000000001,0.19
2012,2,28,17,30,0,18,18,2,8,970,300,1,0.19
2012,2,28,18,30,0,0,0,1,7,970,309,0.7000000000000001,0.19
2012,2,28,19,30,0,0,0,1,8,970,308,0.5,0.19
2012,2,28,20,30,0,0,0,1,7,970,272,0.6000000000000001,0.19
2012,2,28,21,30,0,0,0,1,6,970,268,0.8,0.19
2012,2,28,22,30,0,0,0,0,5,970,286,1,0.19
2012,2,28,23,30,0,0,0,0,4,970,296,1.1,0.19
2003,3,1,0,30,0,0,0,0,4,970,304,1.2000000000000002,0.19
2003,3,1,1,30,0,0,0,0,3,970,305,1.2000000000000002,0.19
2003,3,1,2,30,0,0,0,0,3,970,302,1.1,0.19
2003,3,1,3,30,0,0,0,0,3,970,304,1.1,0.19
2003,3,1,4,30,0,0,0,0,3,970,310,1,0.19
2003,3,1,5,30,0,0,0,0,3,970,312,0.8,0.19
2003,3,1,6,30,0,0,0,1,4,970,306,0.9,0.19
2003,3,1,7,30,512,61,168,2,7,970,310,1.7000000000000002,0.19
2003,3,1,8,30,734,86,377,2,9,970,315,2.5,0.19
2003,3,1,9,30,852,96,565,1,11,970,306,3,0.19
2003,3,1,10,30,880,116,698,1,13,970,300,3.4000000000000004,0.19
2003,3,1,11,30,313,337,564,1,14,970,297,3.6,0.19
2003,3,1,12,30,412,314,615,1,14,970,295,3.8000000000000003,0.19
2003,3,1,13,30,360,309,554,2,14,970,295,3.8000000000000003,0.19
2003,3,1,14,30,467,217,489,2,13,970,296,3.6,0.19
2003,3,1,15,30,233,185,287,2,12,970,299,3,0.19
2003,3,1,16,30,0,86,86,2,10,970,304,1.8,0.19
2003,3,1,17,30,0,7,7,4,8,970,305,0.8,0.19
2003,3,1,18,30,0,0,0,3,8,980,314,0.6000000000000001,0.19
2003,3,1,19,30,0,0,0,3,8,980,345,0.5,0.19
2003,3,1,20,30,0,0,0,3,7,980,58,0.5,0.19
2003,3,1,21,30,0,0,0,3,6,980,110,0.7000000000000001,0.19
2003,3,1,22,30,0,0,0,2,6,980,120,0.9,0.19
2003,3,1,23,30,0,0,0,2,5,980,118,1,0.19
2003,3,2,0,30,0,0,0,1,5,980,110,1.1,0.19
2003,3,2,1,30,0,0,0,1,4,980,102,1.2000000000000002,0.19
2003,3,2,2,30,0,0,0,0,4,980,102,1.2000000000000002,0.19
2003,3,2,3,30,0,0,0,0,3,980,104,1.3,0.19
2003,3,2,4,30,0,0,0,-1,3,980,104,1.3,0.19
2003,3,2,5,30,0,0,0,-2,3,980,106,1.3,0.19
2003,3,2,6,30,0,0,0,-3,5,980,106,1.3,0.19
2003,3,2,7,30,647,49,188,-1,9,980,110,1.8,0.19
2003,3,2,8,30,835,69,403,-4,12,980,108,1.9000000000000001,0.19
2003,3,2,9,30,922,81,592,-6,15,980,114,1.1,0.19
2003,3,2,10,30,949,95,728,-7,16,980,155,0.8,0.19
2003,3,2,11,30,968,100,804,-6,17,980,250,1.5,0.19
2003,3,2,12,30,969,100,811,-6,18,980,265,2.3000000000000003,0.19
2003,3,2,13,30,942,101,747,-5,18,980,274,2.8000000000000003,0.19
2003,3,2,14,30,894,95,619,-4,17,980,280,3,0.19
2003,3,2,15,30,806,84,440,-4,16,980,284,2.8000000000000003,0.19
2003,3,2,16,30,642,63,231,-2,12,980,294,1.8,0.19
2003,3,2,17,30,217,22,35,1,9,980,316,1,0.19
2003,3,2,18,30,0,0,0,0,8,980,341,1,0.19
2003,3,2,19,30,0,0,0,0,8,980,11,0.9,0.19
2003,3,2,20,30,0,0,0,0,8,980,41,0.6000000000000001,0.19
2003,3,2,21,30,0,0,0,0,7,980,143,0.6000000000000001,0.19
2003,3,2,22,30,0,0,0,0,7,980,184,0.5,0.19
2003,3,2,23,30,0,0,0,0,7,980,174,0.5,0.19
2003,3,3,0,30,0,0,0,0,6,980,45,0.8,0.19
2003,3,3,1,30,0,0,0,0,5,980,44,1,0.19
2003,3,3,2,30,0,0,0,0,5,970,54,0.9,0.19
2003,3,3,3,30,0,0,0,1,5,970,80,0.7000000000000001,0.19
2003,3,3,4,30,0,0,0,1,4,970,105,0.7000000000000001,0.19
2003,3,3,5,30,0,0,0,1,4,970,93,0.7000000000000001,0.19
2003,3,3,6,30,0,0,0,2,6,970,75,0.8,0.19
2003,3,3,7,30,149,83,115,3,7,970,77,0.9,0.19
2003,3,3,8,30,139,173,230,3,9,970,72,0.6000000000000001,0.19
2003,3,3,9,30,511,190,476,2,12,970,249,0.9,0.19
2003,3,3,10,30,527,235,589,0,13,970,257,1.5,0.19
2003,3,3,11,30,517,270,649,0,13,970,264,1.8,0.19
2003,3,3,12,30,338,340,590,0,13,970,266,2,0.19
2003,3,3,13,30,400,304,581,0,13,970,261,2.1,0.19
2003,3,3,14,30,404,237,476,0,13,970,265,2.2,0.19
2003,3,3,15,30,243,188,296,0,12,970,276,1.8,0.19
2003,3,3,16,30,97,104,130,2,11,970,288,1.2000000000000002,0.19
2003,3,3,17,30,0,3,3,3,9,970,304,1,0.19
2003,3,3,18,30,0,0,0,2,7,970,310,1,0.19
2003,3,3,19,30,0,0,0,2,6,970,306,1.1,0.19
2003,3,3,20,30,0,0,0,2,6,970,298,1.2000000000000002,0.19
2003,3,3,21,30,0,0,0,2,6,970,290,1.2000000000000002,0.19
2003,3,3,22,30,0,0,0,2,6,970,285,1.2000000000000002,0.19
2003,3,3,23,30,0,0,0,4,7,970,280,1.3,0.19
2003,3,4,0,30,0,0,0,4,7,970,275,1.4000000000000001,0.19
2003,3,4,1,30,0,0,0,4,7,970,270,1.5,0.19
2003,3,4,2,30,0,0,0,4,7,970,266,1.4000000000000001,0.19
2003,3,4,3,30,0,0,0,4,7,970,258,1.3,0.19
2003,3,4,4,30,0,0,0,2,6,970,252,1.3,0.19
2003,3,4,5,30,0,0,0,2,6,970,246,1.3,0.19
2003,3,4,6,30,0,0,0,4,6,970,245,1.5,0.19
2003,3,4,7,30,582,56,186,4,8,970,260,1.7000000000000002,0.19
2003,3,4,8,30,527,121,338,4,9,970,278,1.9000000000000001,0.19
2003,3,4,9,30,1,167,168,3,11,970,281,2,0.19
2003,3,4,10,30,190,327,456,2,12,970,281,2.3000000000000003,0.19
2003,3,4,11,30,30,297,320,1,13,970,282,2.7,0.19
2003,3,4,12,30,34,307,333,1,14,970,284,3,0.19
2003,3,4,13,30,459,273,592,0,13,970,288,3.2,0.19
2003,3,4,14,30,0,57,57,0,13,970,294,3.2,0.19
2003,3,4,15,30,256,188,303,0,12,970,300,3,0.19
2003,3,4,16,30,669,59,239,0,9,970,304,2,0.19
2003,3,4,17,30,274,23,41,2,7,970,306,1.1,0.19
2003,3,4,18,30,0,0,0,2,6,970,314,0.9,0.19
2003,3,4,19,30,0,0,0,2,6,970,319,0.8,0.19
2003,3,4,20,30,0,0,0,2,6,970,317,0.7000000000000001,0.19
2003,3,4,21,30,0,0,0,2,5,970,303,0.7000000000000001,0.19
2003,3,4,22,30,0,0,0,2,5,970,284,0.7000000000000001,0.19
2003,3,4,23,30,0,0,0,1,4,970,280,0.7000000000000001,0.19
2003,3,5,0,30,0,0,0,1,4,970,287,0.6000000000000001,0.19
2003,3,5,1,30,0,0,0,1,4,970,302,0.5,0.19
2003,3,5,2,30,0,0,0,1,4,970,325,0.4,0.19
2003,3,5,3,30,0,0,0,1,4,970,324,0.30000000000000004,0.19
2003,3,5,4,30,0,0,0,1,4,970,301,0.30000000000000004,0.19
2003,3,5,5,30,0,0,0,1,4,970,242,0.30000000000000004,0.19
2003,3,5,6,30,91,11,13,2,5,970,202,0.30000000000000004,0.19
2003,3,5,7,30,498,71,185,3,7,970,171,0.4,0.19
2003,3,5,8,30,717,98,396,2,10,970,296,0.9,0.19
2003,3,5,9,30,844,105,585,2,13,970,294,1.7000000000000002,0.19
2003,3,5,10,30,883,119,719,1,15,970,287,2.3000000000000003,0.19
2003,3,5,11,30,908,122,795,1,16,970,284,2.9000000000000004,0.19
2003,3,5,12,30,147,371,481,1,17,970,284,3.3000000000000003,0.19
2003,3,5,13,30,891,118,741,1,17,970,284,3.5,0.19
2003,3,5,14,30,837,114,614,1,16,970,286,3.4000000000000004,0.19
2003,3,5,15,30,746,101,438,1,15,970,289,2.9000000000000004,0.19
2003,3,5,16,30,565,77,231,2,12,970,290,1.8,0.19
2003,3,5,17,30,160,27,38,3,10,980,287,0.9,0.19
2003,3,5,18,30,0,0,0,3,9,980,287,0.7000000000000001,0.19
2003,3,5,19,30,0,0,0,2,9,980,279,0.5,0.19
2003,3,5,20,30,0,0,0,2,8,980,245,0.5,0.19
2003,3,5,21,30,0,0,0,2,8,980,216,0.6000000000000001,0.19
2003,3,5,22,30,0,0,0,2,7,980,204,0.6000000000000001,0.19
2003,3,5,23,30,0,0,0,1,7,980,198,0.6000000000000001,0.19
2003,3,6,0,30,0,0,0,1,7,980,202,0.6000000000000001,0.19
2003,3,6,1,30,0,0,0,1,6,980,216,0.6000000000000001,0.19
2003,3,6,2,30,0,0,0,1,5,980,231,0.7000000000000001,0.19
2003,3,6,3,30,0,0,0,1,5,980,235,0.7000000000000001,0.19
2003,3,6,4,30,0,0,0,1,5,980,236,0.6000000000000001,0.19
2003,3,6,5,30,0,0,0,1,6,980,222,0.6000000000000001,0.19
2003,3,6,6,30,62,12,14,1,7,980,197,0.5,0.19
2003,3,6,7,30,498,73,189,2,10,980,193,0.6000000000000001,0.19
2003,3,6,8,30,709,103,401,2,13,980,303,1.4000000000000001,0.19
2003,3,6,9,30,821,118,589,2,15,980,298,2.2,0.19
2003,3,6,10,30,885,123,729,2,16,980,288,2.7,0.19
2003,3,6,11,30,899,132,803,2,17,980,285,3.2,0.19
2003,3,6,12,30,900,132,809,2,18,970,285,3.5,0.19
2003,3,6,13,30,910,114,754,1,18,970,287,3.7,0.19
2003,3,6,14,30,859,109,626,1,17,970,288,3.5,0.19
2003,3,6,15,30,774,96,448,2,16,970,291,2.9000000000000004,0.19
2003,3,6,16,30,586,76,237,2,13,970,293,1.7000000000000002,0.19
2003,3,6,17,30,179,28,41,4,10,970,290,0.7000000000000001,0.19
2003,3,6,18,30,0,0,0,3,10,970,285,0.30000000000000004,0.19
2003,3,6,19,30,0,0,0,3,9,970,185,0.30000000000000004,0.19
2003,3,6,20,30,0,0,0,3,8,970,171,0.5,0.19
2003,3,6,21,30,0,0,0,3,7,970,189,0.6000000000000001,0.19
2003,3,6,22,30,0,0,0,3,7,970,204,0.6000000000000001,0.19
2003,3,6,23,30,0,0,0,3,7,970,213,0.6000000000000001,0.19
2003,3,7,0,30,0,0,0,3,7,970,220,0.5,0.19
2003,3,7,1,30,0,0,0,3,7,970,245,0.5,0.19
2003,3,7,2,30,0,0,0,2,6,970,266,0.4,0.19
2003,3,7,3,30,0,0,0,2,6,970,266,0.4,0.19
2003,3,7,4,30,0,0,0,2,6,970,265,0.30000000000000004,0.19
2003,3,7,5,30,0,0,0,2,6,970,276,0.30000000000000004,0.19
2003,3,7,6,30,104,14,18,2,7,970,296,0.30000000000000004,0.19
2003,3,7,7,30,563,68,202,3,10,970,309,0.6000000000000001,0.19
2003,3,7,8,30,763,93,417,3,13,970,306,1.2000000000000002,0.19
2003,3,7,9,30,861,108,606,3,15,970,294,1.7000000000000002,0.19
2003,3,7,10,30,885,128,739,2,18,970,290,2.3000000000000003,0.19
2003,3,7,11,30,231,369,543,1,19,970,286,2.9000000000000004,0.19
2003,3,7,12,30,347,347,610,0,19,970,289,3.5,0.19
2003,3,7,13,30,81,335,392,0,19,970,293,3.8000000000000003,0.19
2003,3,7,14,30,845,119,631,0,18,970,294,3.8000000000000003,0.19
2003,3,7,15,30,763,102,453,0,17,970,297,3.5,0.19
2003,3,7,16,30,565,82,240,0,13,970,301,2.2,0.19
2003,3,7,17,30,169,30,43,3,10,970,302,1.1,0.19
2003,3,7,18,30,0,0,0,2,9,970,309,1,0.19
2003,3,7,19,30,0,0,0,2,9,970,314,0.7000000000000001,0.19
2003,3,7,20,30,0,0,0,1,9,970,298,0.6000000000000001,0.19
2003,3,7,21,30,0,0,0,1,9,970,269,0.6000000000000001,0.19
2003,3,7,22,30,0,0,0,1,8,970,263,0.7000000000000001,0.19
2003,3,7,23,30,0,0,0,1,7,970,277,0.7000000000000001,0.19
2003,3,8,0,30,0,0,0,1,7,970,291,0.7000000000000001,0.19
2003,3,8,1,30,0,0,0,1,7,970,305,0.7000000000000001,0.19
2003,3,8,2,30,0,0,0,2,6,970,317,0.6000000000000001,0.19
2003,3,8,3,30,0,0,0,2,6,970,323,0.30000000000000004,0.19
2003,3,8,4,30,0,0,0,2,6,980,12,0.30000000000000004,0.19
2003,3,8,5,30,0,0,0,2,5,980,114,0.7000000000000001,0.19
2003,3,8,6,30,125,16,20,2,7,980,107,1,0.19
2003,3,8,7,30,589,66,209,3,11,980,103,1.2000000000000002,0.19
2003,3,8,8,30,785,89,426,3,15,980,105,1,0.19
2003,3,8,9,30,879,102,615,2,18,980,134,0.7000000000000001,0.19
2003,3,8,10,30,918,114,752,1,21,980,241,1.2000000000000002,0.19
2003,3,8,11,30,944,116,829,0,23,980,269,2,0.19
2003,3,8,12,30,949,115,836,0,23,980,276,2.5,0.19
2003,3,8,13,30,929,112,772,0,23,980,281,2.7,0.19
2003,3,8,14,30,885,106,645,0,22,980,285,2.7,0.19
2003,3,8,15,30,804,93,465,0,20,980,289,2.5,0.19
2003,3,8,16,30,646,71,253,2,16,980,296,1.7000000000000002,0.19
2003,3,8,17,30,253,29,49,5,12,980,308,1,0.19
2003,3,8,18,30,0,0,0,4,11,980,331,0.9,0.19
2003,3,8,19,30,0,0,0,4,10,980,5,0.7000000000000001,0.19
2003,3,8,20,30,0,0,0,3,9,980,41,0.7000000000000001,0.19
2003,3,8,21,30,0,0,0,3,9,980,62,0.9,0.19
2003,3,8,22,30,0,0,0,3,8,980,72,1,0.19
2003,3,8,23,30,0,0,0,2,8,980,79,1.1,0.19
2003,3,9,0,30,0,0,0,1,8,980,83,1.2000000000000002,0.19
2003,3,9,1,30,0,0,0,1,8,980,86,1.1,0.19
2003,3,9,2,30,0,0,0,0,8,980,88,1,0.19
2003,3,9,3,30,0,0,0,0,8,980,86,0.9,0.19
2003,3,9,4,30,0,0,0,0,7,980,76,0.9,0.19
2003,3,9,5,30,0,0,0,-1,7,980,65,0.9,0.19
2003,3,9,6,30,143,18,24,0,8,980,68,1,0.19
2003,3,9,7,30,608,68,219,1,12,980,79,1.1,0.19
2003,3,9,8,30,798,92,439,0,15,980,85,0.7000000000000001,0.19
2003,3,9,9,30,877,110,626,0,18,980,271,1,0.19
2003,3,9,10,30,905,127,760,0,20,980,278,2.1,0.19
2003,3,9,11,30,920,134,832,0,21,980,282,2.8000000000000003,0.19
2003,3,9,12,30,919,133,836,0,22,980,287,3.2,0.19
2003,3,9,13,30,883,136,767,0,22,980,293,3.4000000000000004,0.19
2003,3,9,14,30,828,129,637,0,21,980,297,3.4000000000000004,0.19
2003,3,9,15,30,729,115,455,0,20,980,302,2.9000000000000004,0.19
2003,3,9,16,30,524,91,241,2,16,980,304,1.8,0.19
2003,3,9,17,30,134,33,44,5,13,980,305,1,0.19
2003,3,9,18,30,0,0,0,4,11,980,315,0.8,0.19
2003,3,9,19,30,0,0,0,4,11,980,328,0.5,0.19
2003,3,9,20,30,0,0,0,4,11,980,330,0.30000000000000004,0.19
2003,3,9,21,30,0,0,0,4,11,980,287,0.4,0.19
2003,3,9,22,30,0,0,0,4,10,980,277,0.7000000000000001,0.19
2003,3,9,23,30,0,0,0,4,9,980,288,0.8,0.19
2003,3,10,0,30,0,0,0,4,8,980,298,0.8,0.19
2003,3,10,1,30,0,0,0,4,7,980,309,0.8,0.19
2003,3,10,2,30,0,0,0,4,7,980,318,0.7000000000000001,0.19
2003,3,10,3,30,0,0,0,4,7,980,326,0.5,0.19
2003,3,10,4,30,0,0,0,4,7,980,346,0.30000000000000004,0.19
2003,3,10,5,30,0,0,0,4,7,980,71,0.5,0.19
2003,3,10,6,30,73,19,22,4,8,980,82,1,0.19
2003,3,10,7,30,416,92,197,5,11,980,86,1,0.19
2003,3,10,8,30,636,126,406,4,15,980,73,0.6000000000000001,0.19
2003,3,10,9,30,401,238,476,4,18,980,313,1,0.19
2003,3,10,10,30,589,229,644,4,20,980,288,1.8,0.19
2003,3,10,11,30,776,190,783,4,21,980,288,2.4000000000000004,0.19
2003,3,10,12,30,533,283,693,4,22,980,293,2.9000000000000004,0.19
2003,3,10,13,30,238,347,518,4,21,980,299,3.3000000000000003,0.19
2003,3,10,14,30,549,200,539,4,20,980,306,3.4000000000000004,0.19
2003,3,10,15,30,234,213,323,4,19,980,311,3.2,0.19
2003,3,10,16,30,5,101,103,5,16,980,313,2.1,0.19
2003,3,10,17,30,0,27,27,6,13,980,310,1.1,0.19
2003,3,10,18,30,0,0,0,6,11,980,307,0.9,0.19
2003,3,10,19,30,0,0,0,6,11,980,305,0.9,0.19
2003,3,10,20,30,0,0,0,6,11,980,301,0.9,0.19
2003,3,10,21,30,0,0,0,5,10,980,304,0.9,0.19
2003,3,10,22,30,0,0,0,5,10,980,314,0.7000000000000001,0.19
2003,3,10,23,30,0,0,0,5,10,980,327,0.5,0.19
2003,3,11,0,30,0,0,0,6,10,970,331,0.2,0.19
2003,3,11,1,30,0,0,0,6,9,970,300,0.1,0.19
2003,3,11,2,30,0,0,0,6,9,970,100,0.1,0.19
2003,3,11,3,30,0,0,0,6,9,970,78,0.1,0.19
2003,3,11,4,30,0,0,0,7,10,970,86,0.1,0.19
2003,3,11,5,30,0,0,0,7,10,970,95,0.1,0.19
2003,3,11,6,30,125,20,27,7,10,970,110,0.2,0.19
2003,3,11,7,30,38,97,107,7,12,970,12,0.5,0.19
2003,3,11,8,30,715,103,421,7,13,970,324,1.2000000000000002,0.19
2003,3,11,9,30,816,117,605,8,15,970,294,2,0.19
2003,3,11,10,30,864,128,740,8,18,970,289,2.8000000000000003,0.19
2003,3,11,11,30,892,129,815,8,19,970,288,3.4000000000000004,0.19
2003,3,11,12,30,896,128,820,7,20,970,292,3.8000000000000003,0.19
2003,3,11,13,30,895,115,762,7,21,970,297,3.8000000000000003,0.19
2003,3,11,14,30,129,292,372,7,20,970,303,3.6,0.19
2003,3,11,15,30,118,208,264,7,19,970,308,3.2,0.19
2003,3,11,16,30,265,108,185,7,17,970,313,2.1,0.19
2003,3,11,17,30,260,31,54,8,14,970,314,1.1,0.19
2003,3,11,18,30,0,0,0,8,12,970,319,1.1,0.19
2003,3,11,19,30,0,0,0,8,11,970,319,1.1,0.19
2003,3,11,20,30,0,0,0,8,11,970,317,1,0.19
2003,3,11,21,30,0,0,0,8,11,970,317,0.9,0.19
2003,3,11,22,30,0,0,0,8,10,970,316,0.8,0.19
2003,3,11,23,30,0,0,0,7,10,970,312,0.7000000000000001,0.19
2003,3,12,0,30,0,0,0,7,10,970,309,0.6000000000000001,0.19
2003,3,12,1,30,0,0,0,7,10,970,311,0.6000000000000001,0.19
2003,3,12,2,30,0,0,0,7,10,970,317,0.5,0.19
2003,3,12,3,30,0,0,0,7,10,970,316,0.4,0.19
2003,3,12,4,30,0,0,0,8,11,970,331,0.4,0.19
2003,3,12,5,30,0,0,0,8,11,970,30,0.4,0.19
2003,3,12,6,30,103,23,29,8,12,970,75,1,0.19
2003,3,12,7,30,0,84,84,8,15,970,86,1.7000000000000002,0.19
2003,3,12,8,30,759,91,432,8,19,970,98,1.8,0.19
2003,3,12,9,30,860,101,619,7,23,970,109,1.4000000000000001,0.19
2003,3,12,10,30,889,117,751,5,25,970,133,1.1,0.19
2003,3,12,11,30,915,118,825,5,26,970,194,1.2000000000000002,0.19
2003,3,12,12,30,920,117,832,5,27,970,236,1.6,0.19
2003,3,12,13,30,897,116,767,5,27,970,249,1.9000000000000001,0.19
2003,3,12,14,30,861,105,643,4,26,970,257,2,0.19
2003,3,12,15,30,787,91,467,4,25,970,266,1.8,0.19
2003,3,12,16,30,620,73,256,6,22,970,280,1.3,0.19
2003,3,12,17,30,261,32,56,10,19,970,308,0.9,0.19
2003,3,12,18,30,0,0,0,8,17,970,350,0.9,0.19
2003,3,12,19,30,0,0,0,8,16,970,40,1,0.19
2003,3,12,20,30,0,0,0,7,16,970,71,1.1,0.19
2003,3,12,21,30,0,0,0,6,15,970,87,1.2000000000000002,0.19
2003,3,12,22,30,0,0,0,6,15,970,94,1.3,0.19
2003,3,12,23,30,0,0,0,5,15,970,100,1.2000000000000002,0.19
2003,3,13,0,30,0,0,0,5,15,970,106,1.2000000000000002,0.19
2003,3,13,1,30,0,0,0,5,15,970,114,1.1,0.19
2003,3,13,2,30,0,0,0,4,14,970,122,1.1,0.19
2003,3,13,3,30,0,0,0,4,14,970,125,1.1,0.19
2003,3,13,4,30,0,0,0,4,13,970,122,1.1,0.19
2003,3,13,5,30,0,0,0,4,13,970,116,1.1,0.19
2003,3,13,6,30,173,23,33,5,15,970,113,1.1,0.19
2003,3,13,7,30,561,73,223,7,18,970,117,1.5,0.19
2003,3,13,8,30,743,97,434,5,21,970,137,1.8,0.19
2003,3,13,9,30,841,109,620,5,24,970,171,2.1,0.19
2003,3,13,10,30,908,110,761,4,26,970,196,2.6,0.19
2003,3,13,11,30,933,113,838,4,27,970,207,2.9000000000000004,0.19
2003,3,13,12,30,934,112,842,4,28,970,216,3,0.19
2003,3,13,13,30,165,360,481,3,27,970,229,3.1,0.19
2003,3,13,14,30,59,276,313,3,26,970,244,3.2,0.19
2003,3,13,15,30,3,157,159,4,25,970,258,3.1,0.19
2003,3,13,16,30,53,116,132,6,22,970,275,2.4000000000000004,0.19
2003,3,13,17,30,0,29,29,9,18,970,297,2.1,0.19
2003,3,13,18,30,0,0,0,10,16,970,317,2.5,0.19
2003,3,13,19,30,0,0,0,10,14,970,332,2.3000000000000003,0.19
2003,3,13,20,30,0,0,0,10,13,970,345,1.4000000000000001,0.19
2003,3,13,21,30,0,0,0,9,13,970,357,0.8,0.19
2003,3,13,22,30,0,0,0,9,13,970,6,0.6000000000000001,0.19
2003,3,13,23,30,0,0,0,9,13,970,4,0.6000000000000001,0.19
2003,3,14,0,30,0,0,0,9,13,970,9,0.6000000000000001,0.19
2003,3,14,1,30,0,0,0,9,12,970,25,0.5,0.19
2003,3,14,2,30,0,0,0,9,11,970,346,0.7000000000000001,0.19
2003,3,14,3,30,0,0,0,7,10,970,303,1,0.19
2003,3,14,4,30,0,0,0,7,10,970,311,0.8,0.19
2003,3,14,5,30,0,0,0,7,10,970,337,0.6000000000000001,0.19
2003,3,14,6,30,234,23,39,8,12,980,6,0.8,0.19
2003,3,14,7,30,674,57,241,8,14,980,347,1.5,0.19
2003,3,14,8,30,832,74,456,8,16,980,319,2.2,0.19
2003,3,14,9,30,903,87,640,7,18,970,303,2.3000000000000003,0.19
2003,3,14,10,30,928,102,772,6,20,970,299,2.1,0.19
2003,3,14,11,30,950,103,845,5,21,970,288,2,0.19
2003,3,14,12,30,953,99,848,4,22,970,277,2.2,0.19
2003,3,14,13,30,924,101,779,4,22,970,277,2.5,0.19
2003,3,14,14,30,868,100,648,4,22,970,286,2.6,0.19
2003,3,14,15,30,417,177,379,4,21,970,296,2.2,0.19
2003,3,14,16,30,487,84,231,6,18,970,303,1.5,0.19
2003,3,14,17,30,130,35,47,9,16,970,308,1.1,0.19
2003,3,14,18,30,0,0,0,8,14,970,299,1.1,0.19
2003,3,14,19,30,0,0,0,8,13,970,297,1.1,0.19
2003,3,14,20,30,0,0,0,9,13,970,302,1,0.19
2003,3,14,21,30,0,0,0,9,13,970,311,0.7000000000000001,0.19
2003,3,14,22,30,0,0,0,9,13,970,332,0.4,0.19
2003,3,14,23,30,0,0,0,9,13,970,54,0.4,0.19
2003,3,15,0,30,0,0,0,9,12,970,101,0.6000000000000001,0.19
2003,3,15,1,30,0,0,0,9,12,970,102,0.9,0.19
2003,3,15,2,30,0,0,0,9,12,970,106,1.2000000000000002,0.19
2003,3,15,3,30,0,0,0,9,12,970,116,1.5,0.19
2003,3,15,4,30,0,0,0,9,12,970,143,2.2,0.19
2003,3,15,5,30,0,0,0,9,13,970,159,3,0.19
2003,3,15,6,30,0,14,14,9,13,970,161,3.2,0.19
2003,3,15,7,30,0,45,45,10,14,970,160,3.4000000000000004,0.19
2003,3,15,8,30,0,122,122,11,14,970,158,4,0.19
2003,3,15,9,30,0,65,65,11,15,970,159,4.2,0.19
2003,3,15,10,30,13,242,252,11,16,970,172,3.7,0.19
2003,3,15,11,30,0,50,50,11,17,970,205,3.8000000000000003,0.19
2003,3,15,12,30,9,216,223,12,17,960,245,4.6000000000000005,0.19
2003,3,15,13,30,179,365,498,11,15,970,278,4.6000000000000005,0.19
2003,3,15,14,30,26,247,264,10,15,960,310,3.6,0.19
2003,3,15,15,30,19,181,190,9,15,960,326,2.3000000000000003,0.19
2003,3,15,16,30,0,90,90,8,14,960,331,1.1,0.19
2003,3,15,17,30,0,21,21,8,13,960,325,0.5,0.19
2003,3,15,18,30,0,0,0,7,12,970,304,0.4,0.19
2003,3,15,19,30,0,0,0,7,12,970,292,0.30000000000000004,0.19
2003,3,15,20,30,0,0,0,6,11,970,345,0.5,0.19
2003,3,15,21,30,0,0,0,6,9,960,4,0.8,0.19
2003,3,15,22,30,0,0,0,4,8,960,8,1,0.19
2003,3,15,23,30,0,0,0,4,8,960,19,1.1,0.19
2003,3,16,0,30,0,0,0,4,7,960,22,1.1,0.19
2003,3,16,1,30,0,0,0,4,7,960,0,1,0.19
2003,3,16,2,30,0,0,0,2,6,960,330,0.8,0.19
2003,3,16,3,30,0,0,0,2,6,960,305,0.7000000000000001,0.19
2003,3,16,4,30,0,0,0,2,6,960,292,0.9,0.19
2003,3,16,5,30,0,0,0,4,7,970,285,1.2000000000000002,0.19
2003,3,16,6,30,0,14,14,4,7,970,282,1.6,0.19
2003,3,16,7,30,14,102,106,4,8,970,287,2,0.19
2003,3,16,8,30,214,214,315,5,9,970,295,2.5,0.19
2003,3,16,9,30,824,128,641,5,11,970,292,2.9000000000000004,0.19
2003,3,16,10,30,837,155,768,5,13,970,289,3.3000000000000003,0.19
2003,3,16,11,30,40,340,373,4,15,970,286,3.7,0.19
2003,3,16,12,30,103,391,473,3,16,970,284,4,0.19
2003,3,16,13,30,251,360,546,3,16,970,286,4.1000000000000005,0.19
2003,3,16,14,30,836,123,657,2,16,970,290,4.2,0.19
2003,3,16,15,30,150,218,292,2,15,970,293,4.3,0.19
2003,3,16,16,30,0,34,34,2,13,970,298,4,0.19
2003,3,16,17,30,0,2,2,4,11,970,303,3.4000000000000004,0.19
2003,3,16,18,30,0,0,0,5,9,970,308,3.3000000000000003,0.19
2003,3,16,19,30,0,0,0,6,9,970,312,3.2,0.19
2003,3,16,20,30,0,0,0,6,9,970,309,3.2,0.19
2003,3,16,21,30,0,0,0,4,8,970,305,3.2,0.19
2003,3,16,22,30,0,0,0,4,8,970,301,3.4000000000000004,0.19
2003,3,16,23,30,0,0,0,4,8,970,296,3.7,0.19
2003,3,17,0,30,0,0,0,4,7,970,293,4,0.19
2003,3,17,1,30,0,0,0,4,7,970,292,4.2,0.19
2003,3,17,2,30,0,0,0,2,6,970,295,4.1000000000000005,0.19
2003,3,17,3,30,0,0,0,2,6,970,298,3.8000000000000003,0.19
2003,3,17,4,30,0,0,0,2,6,970,301,3.6,0.19
2003,3,17,5,30,0,0,0,2,6,970,302,3.4000000000000004,0.19
2003,3,17,6,30,0,12,12,2,6,970,304,3.5,0.19
2003,3,17,7,30,0,9,9,4,7,970,307,3.9000000000000004,0.19
2003,3,17,8,30,0,116,116,4,8,970,308,4.4,0.19
2003,3,17,9,30,0,153,153,3,9,970,306,5,0.19
2003,3,17,10,30,0,143,143,2,11,970,306,5.6000000000000005,0.19
2003,3,17,11,30,2,156,158,1,12,970,308,6,0.19
2003,3,17,12,30,0,120,120,1,13,970,311,6.2,0.19
2003,3,17,13,30,335,342,592,1,13,970,315,6.4,0.19
2003,3,17,14,30,17,234,245,1,13,970,318,6.5,0.19
2003,3,17,15,30,0,48,48,1,12,970,319,6.300000000000001,0.19
2003,3,17,16,30,0,90,90,1,11,970,319,5.300000000000001,0.19
2003,3,17,17,30,0,17,17,2,10,970,318,4.2,0.19
2003,3,17,18,30,0,0,0,3,9,970,318,3.8000000000000003,0.19
2003,3,17,19,30,0,0,0,3,9,970,317,3.7,0.19
2003,3,17,20,30,0,0,0,3,8,970,316,3.2,0.19
2003,3,17,21,30,0,0,0,3,7,980,315,2.2,0.19
2003,3,17,22,30,0,0,0,2,5,980,311,1.3,0.19
2003,3,17,23,30,0,0,0,2,5,980,301,0.9,0.19
2003,3,18,0,30,0,0,0,2,5,980,292,0.8,0.19
2003,3,18,1,30,0,0,0,2,5,980,287,0.9,0.19
2003,3,18,2,30,0,0,0,2,6,980,274,1.2000000000000002,0.19
2003,3,18,3,30,0,0,0,2,6,980,268,1.4000000000000001,0.19
2003,3,18,4,30,0,0,0,2,6,980,271,1.3,0.19
2003,3,18,5,30,0,0,0,2,6,980,272,1.4000000000000001,0.19
2003,3,18,6,30,263,32,55,2,6,980,280,1.7000000000000002,0.19
2003,3,18,7,30,598,83,258,3,7,980,294,2.2,0.19
2003,3,18,8,30,762,109,474,3,9,980,304,2.9000000000000004,0.19
2003,3,18,9,30,55,274,309,2,11,980,307,3.8000000000000003,0.19
2003,3,18,10,30,12,239,248,1,14,980,307,4.6000000000000005,0.19
2003,3,18,11,30,23,302,320,0,15,980,306,5.1000000000000005,0.19
2003,3,18,12,30,216,401,575,0,16,970,305,5.4,0.19
2003,3,18,13,30,959,101,820,0,17,970,304,5.6000000000000005,0.19
2003,3,18,14,30,918,95,688,-1,16,970,304,5.7,0.19
2003,3,18,15,30,841,86,504,-1,15,970,305,5.6000000000000005,0.19
2003,3,18,16,30,696,69,287,0,13,980,307,4.7,0.19
2003,3,18,17,30,362,35,75,0,10,980,309,2.9000000000000004,0.19
2003,3,18,18,30,0,0,0,0,8,980,314,1.7000000000000002,0.19
2003,3,18,19,30,0,0,0,1,7,980,322,1.2000000000000002,0.19
2003,3,18,20,30,0,0,0,1,7,980,324,0.9,0.19
2003,3,18,21,30,0,0,0,0,7,980,316,0.8,0.19
2003,3,18,22,30,0,0,0,0,6,980,302,0.6000000000000001,0.19
2003,3,18,23,30,0,0,0,0,6,980,288,0.5,0.19
2003,3,19,0,30,0,0,0,0,6,980,275,0.4,0.19
2003,3,19,1,30,0,0,0,0,5,980,174,0.5,0.19
2003,3,19,2,30,0,0,0,0,4,980,146,0.7000000000000001,0.19
2003,3,19,3,30,0,0,0,1,4,980,127,0.7000000000000001,0.19
2003,3,19,4,30,0,0,0,1,4,980,111,0.9,0.19
2003,3,19,5,30,0,0,0,1,4,980,104,0.9,0.19
2003,3,19,6,30,288,33,59,1,6,980,103,1.2000000000000002,0.19
2003,3,19,7,30,648,77,270,2,10,980,105,1.2000000000000002,0.19
2003,3,19,8,30,809,99,491,0,14,980,118,0.7000000000000001,0.19
2003,3,19,9,30,892,112,680,-1,17,980,202,1,0.19
2003,3,19,10,30,928,123,815,-1,19,980,252,2.2,0.19
2003,3,19,11,30,942,127,884,0,20,980,271,3.4000000000000004,0.19
2003,3,19,12,30,565,294,749,0,20,980,283,3.9000000000000004,0.19
2003,3,19,13,30,918,124,816,0,20,980,290,3.8000000000000003,0.19
2003,3,19,14,30,866,120,682,0,19,980,292,3.7,0.19
2003,3,19,15,30,766,112,496,0,18,980,295,3.4000000000000004,0.19
2003,3,19,16,30,570,95,276,0,15,980,300,2.2,0.19
2003,3,19,17,30,196,45,67,3,12,980,304,1.2000000000000002,0.19
2003,3,19,18,30,0,0,0,3,10,980,317,1.1,0.19
2003,3,19,19,30,0,0,0,2,9,980,322,1.1,0.19
2003,3,19,20,30,0,0,0,2,9,980,317,1.2000000000000002,0.19
2003,3,19,21,30,0,0,0,2,8,980,315,1.3,0.19
2003,3,19,22,30,0,0,0,3,8,980,319,1.2000000000000002,0.19
2003,3,19,23,30,0,0,0,3,8,980,327,1.1,0.19
2003,3,20,0,30,0,0,0,4,7,980,325,1,0.19
2003,3,20,1,30,0,0,0,2,6,980,312,1,0.19
2003,3,20,2,30,0,0,0,2,6,980,307,1,0.19
2003,3,20,3,30,0,0,0,2,6,980,306,1,0.19
2003,3,20,4,30,0,0,0,2,6,980,309,0.9,0.19
2003,3,20,5,30,0,0,0,2,6,980,314,0.7000000000000001,0.19
2003,3,20,6,30,211,38,58,4,8,980,319,1.2000000000000002,0.19
2003,3,20,7,30,524,97,256,5,9,980,321,2.1,0.19
2003,3,20,8,30,60,205,235,5,10,980,315,2.9000000000000004,0.19
2003,3,20,9,30,810,137,656,5,11,980,305,3.3000000000000003,0.19
2003,3,20,10,30,140,369,474,6,11,980,300,3.6,0.19
2003,3,20,11,30,0,84,84,6,11,980,302,3.9000000000000004,0.19
2003,3,20,12,30,5,180,185,6,12,980,308,3.9000000000000004,0.19
2003,3,20,13,30,78,356,415,6,13,980,308,4.1000000000000005,0.19
2003,3,20,14,30,0,56,56,5,13,980,306,4.2,0.19
2003,3,20,15,30,22,189,200,5,14,980,307,4.1000000000000005,0.19
2003,3,20,16,30,1,109,110,4,12,980,310,3.1,0.19
2003,3,20,17,30,0,31,31,4,9,980,312,1.8,0.19
2003,3,20,18,30,0,0,0,4,8,980,315,1.3,0.19
2003,3,20,19,30,0,0,0,4,8,980,319,1.2000000000000002,0.19
2003,3,20,20,30,0,0,0,4,8,980,322,1.1,0.19
2003,3,20,21,30,0,0,0,4,7,980,327,1.1,0.19
2003,3,20,22,30,0,0,0,4,7,980,336,1.1,0.19
2003,3,20,23,30,0,0,0,4,7,980,345,1,0.19
2003,3,21,0,30,0,0,0,2,6,980,348,0.9,0.19
2003,3,21,1,30,0,0,0,2,6,980,329,0.9,0.19
2003,3,21,2,30,0,0,0,2,6,980,318,0.9,0.19
2003,3,21,3,30,0,0,0,2,6,980,311,0.6000000000000001,0.19
2003,3,21,4,30,0,0,0,4,7,980,306,0.30000000000000004,0.19
2003,3,21,5,30,0,0,0,4,7,980,307,0.2,0.19
2003,3,21,6,30,259,36,63,4,8,980,336,0.4,0.19
2003,3,21,7,30,586,84,264,4,10,980,25,0.8,0.19
2003,3,21,8,30,758,105,478,4,13,980,78,0.8,0.19
2003,3,21,9,30,861,110,666,4,17,980,126,0.6000000000000001,0.19
2003,3,21,10,30,909,115,801,2,20,980,195,0.9,0.19
2003,3,21,11,30,924,121,870,1,22,980,255,1.9000000000000001,0.19
2003,3,21,12,30,918,124,871,1,23,980,266,2.8000000000000003,0.19
2003,3,21,13,30,901,119,804,2,22,980,272,3.3000000000000003,0.19
2003,3,21,14,30,859,111,675,3,21,980,278,3.5,0.19
2003,3,21,15,30,786,97,495,3,20,980,284,3.3000000000000003,0.19
2003,3,21,16,30,651,75,286,4,17,980,292,2.2,0.19
2003,3,21,17,30,328,39,77,6,13,980,299,1.1,0.19
2003,3,21,18,30,0,0,0,6,12,980,316,0.8,0.19
2003,3,21,19,30,0,0,0,5,11,980,353,0.7000000000000001,0.19
2003,3,21,20,30,0,0,0,5,11,980,16,0.6000000000000001,0.19
2003,3,21,21,30,0,0,0,4,11,980,11,0.4,0.19
2003,3,21,22,30,0,0,0,4,11,980,310,0.2,0.19
2003,3,21,23,30,0,0,0,4,10,980,233,0.2,0.19
2003,3,22,0,30,0,0,0,4,9,980,164,0.4,0.19
2003,3,22,1,30,0,0,0,4,9,980,129,0.6000000000000001,0.19
2003,3,22,2,30,0,0,0,4,9,980,113,0.7000000000000001,0.19
2003,3,22,3,30,0,0,0,4,9,980,96,0.8,0.19
2003,3,22,4,30,0,0,0,3,9,980,84,0.8,0.19
2003,3,22,5,30,0,0,0,3,9,980,83,0.9,0.19
2003,3,22,6,30,274,37,66,4,12,980,85,1,0.19
2003,3,22,7,30,626,77,273,5,15,980,82,1.1,0.19
2003,3,22,8,30,778,99,487,4,19,980,112,0.9,0.19
2003,3,22,9,30,858,112,670,4,22,980,194,1.2000000000000002,0.19
2003,3,22,10,30,900,121,803,4,24,980,242,1.9000000000000001,0.19
2003,3,22,11,30,914,128,873,4,25,980,260,2.5,0.19
2003,3,22,12,30,910,131,874,4,25,980,272,3,0.19
2003,3,22,13,30,899,123,810,5,25,980,280,3.5,0.19
2003,3,22,14,30,856,116,681,5,24,980,287,3.7,0.19
2003,3,22,15,30,783,102,501,6,22,980,295,3.5,0.19
2003,3,22,16,30,639,81,289,6,19,980,301,2.3000000000000003,0.19
2003,3,22,17,30,311,42,79,8,16,980,311,1.1,0.19
2003,3,22,18,30,0,0,0,8,15,980,337,0.8,0.19
2003,3,22,19,30,0,0,0,7,14,980,19,0.6000000000000001,0.19
2003,3,22,20,30,0,0,0,7,13,980,82,0.6000000000000001,0.19
2003,3,22,21,30,0,0,0,6,12,980,128,0.6000000000000001,0.19
2003,3,22,22,30,0,0,0,6,12,980,150,0.6000000000000001,0.19
2003,3,22,23,30,0,0,0,7,11,980,153,0.6000000000000001,0.19
2003,3,23,0,30,0,0,0,7,10,980,140,0.6000000000000001,0.19
2003,3,23,1,30,0,0,0,7,9,980,108,0.6000000000000001,0.19
2003,3,23,2,30,0,0,0,4,8,980,70,0.7000000000000001,0.19
2003,3,23,3,30,0,0,0,4,8,980,63,0.7000000000000001,0.19
2003,3,23,4,30,0,0,0,4,8,980,64,1,0.19
2003,3,23,5,30,0,0,0,4,8,980,65,1.3,0.19
2003,3,23,6,30,221,44,69,6,9,980,66,1.2000000000000002,0.19
2003,3,23,7,30,0,57,57,6,11,980,64,1,0.19
2003,3,23,8,30,0,151,151,7,14,980,4,1.2000000000000002,0.19
2003,3,23,9,30,3,175,177,7,16,980,302,2.1,0.19
2003,3,23,10,30,12,238,247,6,19,980,293,2.9000000000000004,0.19
2003,3,23,11,30,9,215,223,5,19,980,292,3.3000000000000003,0.19
2003,3,23,12,30,273,403,627,5,18,980,297,3,0.19
2003,3,23,13,30,313,359,600,6,18,970,300,2.5,0.19
2003,3,23,14,30,366,283,526,6,17,970,297,2.4000000000000004,0.19
2003,3,23,15,30,90,224,271,6,16,970,292,2.3000000000000003,0.19
2003,3,23,16,30,42,127,141,7,15,970,294,1.7000000000000002,0.19
2003,3,23,17,30,124,46,61,9,14,970,301,0.9,0.19
2003,3,23,18,30,0,0,0,9,13,970,312,0.7000000000000001,0.19
2003,3,23,19,30,0,0,0,9,12,970,316,0.7000000000000001,0.19
2003,3,23,20,30,0,0,0,9,12,970,304,0.6000000000000001,0.19
2003,3,23,21,30,0,0,0,9,12,970,303,0.7000000000000001,0.19
2003,3,23,22,30,0,0,0,9,12,970,300,0.8,0.19
2003,3,23,23,30,0,0,0,9,12,970,291,1,0.19
2003,3,24,0,30,0,0,0,9,12,970,286,1.2000000000000002,0.19
2003,3,24,1,30,0,0,0,9,12,970,285,1.5,0.19
2003,3,24,2,30,0,0,0,9,12,970,295,1.8,0.19
2003,3,24,3,30,0,0,0,9,12,970,303,2,0.19
2003,3,24,4,30,0,0,0,8,11,970,309,2.1,0.19
2003,3,24,5,30,0,0,0,8,11,970,313,2.2,0.19
2003,3,24,6,30,0,11,11,8,11,980,318,2.1,0.19
2003,3,24,7,30,0,17,17,8,11,980,327,2.1,0.19
2003,3,24,8,30,0,137,137,7,12,980,322,2.3000000000000003,0.19
2003,3,24,9,30,10,215,222,7,14,980,304,2.5,0.19
2003,3,24,10,30,33,315,341,7,17,980,290,3.1,0.19
2003,3,24,11,30,6,187,193,6,18,980,289,3.8000000000000003,0.19
2003,3,24,12,30,17,283,297,5,19,980,294,4.3,0.19
2003,3,24,13,30,52,343,383,5,19,980,301,4.4,0.19
2003,3,24,14,30,884,108,697,4,18,980,306,4.1000000000000005,0.19
2003,3,24,15,30,817,94,516,4,17,980,310,3.9000000000000004,0.19
2003,3,24,16,30,191,138,201,4,16,980,312,3,0.19
2003,3,24,17,30,361,41,86,5,13,980,311,1.8,0.19
2003,3,24,18,30,0,0,0,5,10,980,317,1.2000000000000002,0.19
2003,3,24,19,30,0,0,0,5,10,980,328,1,0.19
2003,3,24,20,30,0,0,0,5,10,980,334,0.8,0.19
2003,3,24,21,30,0,0,0,5,10,980,338,0.7000000000000001,0.19
2003,3,24,22,30,0,0,0,5,9,980,343,0.6000000000000001,0.19
2003,3,24,23,30,0,0,0,5,9,980,346,0.6000000000000001,0.19
2003,3,25,0,30,0,0,0,4,9,980,11,0.6000000000000001,0.19
2003,3,25,1,30,0,0,0,4,9,980,27,0.7000000000000001,0.19
2003,3,25,2,30,0,0,0,4,9,980,41,0.8,0.19
2003,3,25,3,30,0,0,0,4,9,980,48,0.8,0.19
2003,3,25,4,30,0,0,0,4,9,980,40,0.9,0.19
2003,3,25,5,30,0,0,0,3,9,980,50,0.9,0.19
2003,3,25,6,30,350,40,82,4,11,980,70,1.3,0.19
2003,3,25,7,30,667,76,295,4,15,980,85,1.6,0.19
2003,3,25,8,30,362,201,386,3,19,980,102,1.1,0.19
2003,3,25,9,30,429,265,551,2,22,980,130,1,0.19
2003,3,25,10,30,900,125,819,1,24,980,247,1.8,0.19
2003,3,25,11,30,923,125,889,1,25,980,268,2.7,0.19
2003,3,25,12,30,269,407,630,2,26,980,285,3.2,0.19
2003,3,25,13,30,930,107,827,3,25,980,294,3.3000000000000003,0.19
2003,3,25,14,30,896,98,697,3,24,980,297,3.4000000000000004,0.19
2003,3,25,15,30,833,85,517,3,23,980,298,3.3000000000000003,0.19
2003,3,25,16,30,727,63,307,4,20,980,299,2.5,0.19
2003,3,25,17,30,449,35,93,6,16,980,304,1.5,0.19
2003,3,25,18,30,0,0,0,7,14,980,315,1.1,0.19
2003,3,25,19,30,0,0,0,6,14,980,324,1.1,0.19
2003,3,25,20,30,0,0,0,5,13,980,324,1,0.19
2003,3,25,21,30,0,0,0,5,13,980,320,0.9,0.19
2003,3,25,22,30,0,0,0,4,12,980,314,0.9,0.19
2003,3,25,23,30,0,0,0,4,11,980,314,1,0.19
2003,3,26,0,30,0,0,0,4,11,980,321,1,0.19
2003,3,26,1,30,0,0,0,4,11,980,336,0.7000000000000001,0.19
2003,3,26,2,30,0,0,0,4,11,980,352,0.5,0.19
2003,3,26,3,30,0,0,0,4,10,980,353,0.7000000000000001,0.19
2003,3,26,4,30,0,0,0,4,9,980,311,1.1,0.19
2003,3,26,5,30,0,0,0,5,10,980,313,0.9,0.19
2003,3,26,6,30,374,38,85,7,12,980,324,0.5,0.19
2003,3,26,7,30,68,132,155,7,15,980,220,1.8,0.19
2003,3,26,8,30,775,98,499,8,18,980,304,3.9000000000000004,0.19
2003,3,26,9,30,831,118,673,9,19,980,309,4.800000000000001,0.19
2003,3,26,10,30,877,123,803,9,21,980,312,5.2,0.19
2003,3,26,11,30,72,395,455,9,22,980,314,5.5,0.19
2003,3,26,12,30,15,276,290,10,23,980,314,5.800000000000001,0.19
2003,3,26,13,30,9,222,229,10,23,980,311,5.9,0.19
2003,3,26,14,30,279,308,495,11,22,980,309,5.9,0.19
2003,3,26,15,30,15,187,195,11,21,980,310,5.800000000000001,0.19
2003,3,26,16,30,646,76,294,11,20,980,311,5,0.19
2003,3,26,17,30,367,41,90,10,18,980,312,3.7,0.19
2003,3,26,18,30,0,0,0,10,16,980,312,3,0.19
2003,3,26,19,30,0,0,0,10,15,980,314,3.4000000000000004,0.19
2003,3,26,20,30,0,0,0,9,14,980,316,3.8000000000000003,0.19
2003,3,26,21,30,0,0,0,8,12,980,315,3.9000000000000004,0.19
2003,3,26,22,30,0,0,0,7,11,980,315,3.6,0.19
2003,3,26,23,30,0,0,0,6,9,980,314,3,0.19
2003,3,27,0,30,0,0,0,6,8,980,313,2.5,0.19
2003,3,27,1,30,0,0,0,4,8,980,310,2.4000000000000004,0.19
2003,3,27,2,30,0,0,0,4,8,980,308,2.3000000000000003,0.19
2003,3,27,3,30,0,0,0,4,8,980,310,2,0.19
2003,3,27,4,30,0,0,0,4,8,980,318,1.4000000000000001,0.19
2003,3,27,5,30,0,0,0,4,8,980,320,1.1,0.19
2003,3,27,6,30,370,43,91,5,10,980,315,1.4000000000000001,0.19
2003,3,27,7,30,4,116,117,5,12,980,316,2.1,0.19
2003,3,27,8,30,0,152,152,5,15,980,307,2.7,0.19
2003,3,27,9,30,19,246,260,4,17,980,298,3.4000000000000004,0.19
2003,3,27,10,30,50,345,385,3,18,980,297,4.3,0.19
2003,3,27,11,30,35,350,379,2,19,980,297,5,0.19
2003,3,27,12,30,32,344,371,2,19,980,300,5.300000000000001,0.19
2003,3,27,13,30,124,385,483,2,19,970,305,5.300000000000001,0.19
2003,3,27,14,30,397,281,549,2,19,970,310,5.1000000000000005,0.19
2003,3,27,15,30,720,126,504,2,18,970,314,5,0.19
2003,3,27,16,30,637,84,301,2,17,970,314,4.3,0.19
2003,3,27,17,30,322,46,90,3,14,970,312,3,0.19
2003,3,27,18,30,0,0,0,3,12,970,318,1.9000000000000001,0.19
2003,3,27,19,30,0,0,0,4,10,980,328,1.2000000000000002,0.19
2003,3,27,20,30,0,0,0,4,10,980,335,0.9,0.19
2003,3,27,21,30,0,0,0,3,10,980,340,0.7000000000000001,0.19
2003,3,27,22,30,0,0,0,3,10,980,31,0.7000000000000001,0.19
2003,3,27,23,30,0,0,0,2,9,980,87,1,0.19
2003,3,28,0,30,0,0,0,0,7,980,95,1.2000000000000002,0.19
2003,3,28,1,30,0,0,0,0,7,980,97,1.4000000000000001,0.19
2003,3,28,2,30,0,0,0,-1,7,980,94,1.8,0.19
2003,3,28,3,30,0,0,0,-4,7,980,87,2.1,0.19
2003,3,28,4,30,0,0,0,-6,7,980,84,2.3000000000000003,0.19
2003,3,28,5,30,0,0,0,-6,8,980,82,3.2,0.19
2003,3,28,6,30,403,43,98,-7,10,980,83,4.7,0.19
2003,3,28,7,30,734,71,322,-7,13,980,87,5.5,0.19
2003,3,28,8,30,863,87,541,-8,16,980,86,5.2,0.19
2003,3,28,9,30,927,98,726,-8,19,980,88,4.5,0.19
2003,3,28,10,30,955,109,857,-8,21,980,92,4,0.19
2003,3,28,11,30,965,115,925,-8,22,980,97,3.5,0.19
2003,3,28,12,30,959,118,923,-8,23,980,102,3,0.19
2003,3,28,13,30,949,111,855,-7,24,980,107,2.6,0.19
2003,3,28,14,30,910,106,723,-7,23,980,108,2.1,0.19
2003,3,28,15,30,838,96,538,-7,22,980,103,1.6,0.19
2003,3,28,16,30,733,71,323,-5,20,980,103,1,0.19
2003,3,28,17,30,433,42,102,2,16,980,122,0.9,0.19
2003,3,28,18,30,0,0,0,0,14,980,126,1.2000000000000002,0.19
2003,3,28,19,30,0,0,0,0,12,980,120,1.3,0.19
2003,3,28,20,30,0,0,0,0,10,980,119,1.4000000000000001,0.19
2003,3,28,21,30,0,0,0,-1,9,980,116,1.5,0.19
2003,3,28,22,30,0,0,0,-2,9,980,108,1.7000000000000002,0.19
2003,3,28,23,30,0,0,0,-3,9,980,104,1.9000000000000001,0.19
2003,3,29,0,30,0,0,0,-4,8,980,103,2.1,0.19
2003,3,29,1,30,0,0,0,-4,8,980,102,2.2,0.19
2003,3,29,2,30,0,0,0,-5,8,980,101,2.4000000000000004,0.19
2003,3,29,3,30,0,0,0,-5,8,980,101,2.6,0.19
2003,3,29,4,30,0,0,0,-6,8,980,101,3,0.19
2003,3,29,5,30,0,0,0,-7,9,980,101,3.8000000000000003,0.19
2003,3,29,6,30,386,47,101,-7,13,980,101,5,0.19
2003,3,29,7,30,714,76,324,-8,16,980,101,5.800000000000001,0.19
2003,3,29,8,30,837,96,541,-8,19,990,97,5.800000000000001,0.19
2003,3,29,9,30,899,111,724,-8,21,990,96,5,0.19
2003,3,29,10,30,950,111,859,-8,23,990,94,3.9000000000000004,0.19
2003,3,29,11,30,962,116,927,-7,25,990,94,2.8000000000000003,0.19
2003,3,29,12,30,957,118,925,-6,26,980,89,1.7000000000000002,0.19
2003,3,29,13,30,944,112,855,-6,26,980,67,1.1,0.19
2003,3,29,14,30,901,107,721,-5,26,980,355,1.2000000000000002,0.19
2003,3,29,15,30,828,96,535,-5,25,980,324,1.5,0.19
2003,3,29,16,30,712,73,320,-3,22,980,317,1.1,0.2
2003,3,29,17,30,418,43,102,4,19,980,317,0.7000000000000001,0.2
2003,3,29,18,30,0,0,0,1,17,980,4,0.8,0.2
2003,3,29,19,30,0,0,0,1,16,990,75,1.1,0.2
2003,3,29,20,30,0,0,0,1,14,990,99,1.3,0.2
2003,3,29,21,30,0,0,0,0,13,990,108,1.3,0.2
2003,3,29,22,30,0,0,0,0,12,990,110,1.3,0.2
2003,3,29,23,30,0,0,0,-1,11,980,110,1.4000000000000001,0.2
2003,3,30,0,30,0,0,0,-1,10,980,107,1.4000000000000001,0.2
2003,3,30,1,30,0,0,0,-2,10,980,101,1.4000000000000001,0.2
2003,3,30,2,30,0,0,0,-2,10,980,95,1.5,0.2
2003,3,30,3,30,0,0,0,-2,9,980,92,1.5,0.2
2003,3,30,4,30,0,0,0,-2,9,980,92,1.6,0.2
2003,3,30,5,30,0,0,0,-3,10,980,92,1.8,0.2
2003,3,30,6,30,412,46,106,-1,15,980,94,2.8000000000000003,0.2
2003,3,30,7,30,719,74,327,-3,20,980,97,4.2,0.2
2003,3,30,8,30,841,92,543,-4,23,980,95,5.1000000000000005,0.2
2003,3,30,9,30,905,104,725,-4,26,980,97,5.4,0.2
2003,3,30,10,30,935,113,854,-4,27,980,99,5,0.2
2003,3,30,11,30,949,117,921,-3,28,980,100,4.5,0.2
2003,3,30,12,30,947,118,919,-2,29,980,100,3.7,0.2
2003,3,30,13,30,930,113,849,-2,29,980,99,2.8000000000000003,0.2
2003,3,30,14,30,889,107,715,-1,29,980,97,1.6,0.2
2003,3,30,15,30,815,97,531,-1,28,980,82,0.8,0.2
2003,3,30,16,30,698,75,318,1,26,980,334,0.8,0.2
2003,3,30,17,30,414,43,103,8,22,980,320,1,0.2
2003,3,30,18,30,0,0,0,5,19,980,337,1.1,0.2
2003,3,30,19,30,0,0,0,4,19,980,1,1,0.2
2003,3,30,20,30,0,0,0,4,19,980,37,0.8,0.2
2003,3,30,21,30,0,0,0,3,18,980,73,0.8,0.2
2003,3,30,22,30,0,0,0,2,17,980,93,0.9,0.2
2003,3,30,23,30,0,0,0,2,16,980,95,1,0.2
2003,3,31,0,30,0,0,0,2,15,980,92,1.1,0.2
2003,3,31,1,30,0,0,0,2,14,980,87,1.2000000000000002,0.2
2003,3,31,2,30,0,0,0,2,14,980,86,1.3,0.2
2003,3,31,3,30,0,0,0,2,13,980,88,1.4000000000000001,0.2
2003,3,31,4,30,0,0,0,1,12,980,91,1.4000000000000001,0.2
2003,3,31,5,30,0,0,0,1,13,980,95,1.3,0.2
2003,3,31,6,30,378,50,107,3,17,980,98,1.8,0.2
2003,3,31,7,30,684,82,326,2,22,980,103,2.5,0.2
2003,3,31,8,30,811,103,541,0,25,980,114,2.6,0.2
2003,3,31,9,30,569,223,616,-1,28,980,130,2.6,0.2
2003,3,31,10,30,657,245,767,-1,29,980,144,2.5,0.2
2003,3,31,11,30,565,319,799,-1,30,970,160,2.3000000000000003,0.2
2003,3,31,12,30,631,287,823,-1,29,970,178,2.2,0.2
2003,3,31,13,30,631,256,757,-1,29,970,201,2.2,0.2
2003,3,31,14,30,844,132,712,0,28,970,222,2.1,0.2
2003,3,31,15,30,773,115,530,0,27,970,241,1.6,0.2
2003,3,31,16,30,671,83,320,-1,27,970,307,2.3000000000000003,0.2
2003,3,31,17,30,380,47,103,4,22,970,325,1.3,0.2
2003,3,31,18,30,0,0,0,5,19,970,349,1.1,0.2
2003,3,31,19,30,0,0,0,5,19,970,23,1,0.2
2003,3,31,20,30,0,0,0,4,18,970,58,1,0.2
2003,3,31,21,30,0,0,0,3,17,970,86,1,0.2
2003,3,31,22,30,0,0,0,3,16,970,102,1,0.2
2003,3,31,23,30,0,0,0,3,15,970,105,1.1,0.2
2002,4,1,0,30,0,0,0,3,15,970,101,1.1,0.2
2002,4,1,1,30,0,0,0,3,14,970,98,1.2000000000000002,0.2
2002,4,1,2,30,0,0,0,2,14,970,96,1.2000000000000002,0.2
2002,4,1,3,30,0,0,0,2,13,970,94,1.2000000000000002,0.2
2002,4,1,4,30,0,0,0,1,13,970,93,1.2000000000000002,0.2
2002,4,1,5,30,0,0,0,1,14,970,93,1.1,0.2
2002,4,1,6,30,407,49,113,3,17,970,94,1.4000000000000001,0.2
2002,4,1,7,30,673,87,330,1,21,970,92,1.6,0.2
2002,4,1,8,30,804,108,546,0,25,970,112,1.2000000000000002,0.2
2002,4,1,9,30,873,121,728,0,29,970,167,1.3,0.2
2002,4,1,10,30,909,130,858,-1,31,970,200,1.6,0.2
2002,4,1,11,30,924,134,924,-1,32,970,212,1.7000000000000002,0.2
2002,4,1,12,30,923,134,922,-1,33,970,224,1.9000000000000001,0.2
2002,4,1,13,30,900,132,850,-1,33,970,240,2.1,0.2
2002,4,1,14,30,858,124,716,-2,32,970,256,2.4000000000000004,0.2
2002,4,1,15,30,781,110,532,-1,31,970,273,2.7,0.2
2002,4,1,16,30,647,87,317,0,28,970,292,2.3000000000000003,0.2
2002,4,1,17,30,358,49,103,4,23,970,311,1.5,0.2
2002,4,1,18,30,0,0,0,5,20,970,331,1.2000000000000002,0.2
2002,4,1,19,30,0,0,0,5,18,970,343,1,0.2
2002,4,1,20,30,0,0,0,6,18,970,348,0.9,0.2
2002,4,1,21,30,0,0,0,6,17,970,349,0.7000000000000001,0.2
2002,4,1,22,30,0,0,0,6,17,970,359,0.6000000000000001,0.2
2002,4,1,23,30,0,0,0,6,16,970,18,0.5,0.2
2002,4,2,0,30,0,0,0,6,16,970,21,0.4,0.2
2002,4,2,1,30,0,0,0,6,15,970,5,0.30000000000000004,0.2
2002,4,2,2,30,0,0,0,6,15,970,353,0.2,0.2
2002,4,2,3,30,0,0,0,6,14,970,37,0.2,0.2
2002,4,2,4,30,0,0,0,6,14,970,39,0.30000000000000004,0.2
2002,4,2,5,30,0,0,0,6,14,970,20,0.2,0.2
2002,4,2,6,30,386,52,115,7,16,970,335,0.4,0.2
2002,4,2,7,30,650,92,330,7,19,970,302,0.6000000000000001,0.2
2002,4,2,8,30,784,113,544,6,23,970,264,0.9,0.2
2002,4,2,9,30,854,126,723,5,26,970,239,1.4000000000000001,0.2
2002,4,2,10,30,896,132,852,4,29,970,238,1.9000000000000001,0.2
2002,4,2,11,30,910,136,916,3,30,970,243,2.3000000000000003,0.2
2002,4,2,12,30,906,136,912,3,31,970,258,2.7,0.2
2002,4,2,13,30,868,142,836,3,31,970,274,3.1,0.2
2002,4,2,14,30,820,133,702,3,30,970,288,3.6,0.2
2002,4,2,15,30,737,120,520,4,29,970,300,4,0.2
2002,4,2,16,30,580,99,307,5,26,970,309,3.8000000000000003,0.2
2002,4,2,17,30,295,54,99,7,23,970,317,2.5,0.2
2002,4,2,18,30,0,0,0,9,20,970,320,1.3,0.2
2002,4,2,19,30,0,0,0,9,18,970,320,1,0.2
2002,4,2,20,30,0,0,0,9,17,970,319,0.8,0.2
2002,4,2,21,30,0,0,0,9,16,970,314,0.8,0.2
2002,4,2,22,30,0,0,0,10,15,970,309,0.8,0.2
2002,4,2,23,30,0,0,0,10,14,970,306,0.8,0.2
2002,4,3,0,30,0,0,0,10,14,970,306,0.8,0.2
2002,4,3,1,30,0,0,0,9,13,970,306,0.9,0.2
2002,4,3,2,30,0,0,0,9,12,970,306,0.9,0.2
2002,4,3,3,30,0,0,0,9,12,970,313,0.9,0.2
2002,4,3,4,30,0,0,0,8,11,970,325,0.8,0.2
2002,4,3,5,30,0,0,0,9,12,970,335,0.9,0.2
2002,4,3,6,30,326,59,114,8,15,970,336,1.2000000000000002,0.2
2002,4,3,7,30,574,108,321,8,17,970,326,1.3,0.2
2002,4,3,8,30,719,133,531,8,20,970,290,1.4000000000000001,0.2
2002,4,3,9,30,797,148,709,8,22,970,255,1.8,0.2
2002,4,3,10,30,843,155,836,8,25,970,255,2.3000000000000003,0.2
2002,4,3,11,30,862,158,901,8,27,970,261,2.8000000000000003,0.2
2002,4,3,12,30,862,156,898,7,28,970,272,3.3000000000000003,0.2
2002,4,3,13,30,846,150,829,7,28,970,283,3.6,0.2
2002,4,3,14,30,807,139,700,7,27,970,293,3.7,0.2
2002,4,3,15,30,733,122,522,7,26,970,300,3.6,0.2
2002,4,3,16,30,602,96,313,8,24,970,304,3.2,0.2
2002,4,3,17,30,327,53,104,9,21,970,309,2.1,0.2
2002,4,3,18,30,0,0,0,10,18,970,319,1.1,0.2
2002,4,3,19,30,0,0,0,10,17,970,328,0.9,0.2
2002,4,3,20,30,0,0,0,10,16,970,330,0.8,0.2
2002,4,3,21,30,0,0,0,11,15,970,320,0.8,0.2
2002,4,3,22,30,0,0,0,11,14,970,296,0.7000000000000001,0.2
2002,4,3,23,30,0,0,0,9,13,970,286,0.6000000000000001,0.2
2002,4,4,0,30,0,0,0,9,13,970,300,0.6000000000000001,0.2
2002,4,4,1,30,0,0,0,9,13,970,316,0.7000000000000001,0.2
2002,4,4,2,30,0,0,0,9,13,970,324,0.8,0.2
2002,4,4,3,30,0,0,0,9,12,970,330,0.8,0.2
2002,4,4,4,30,0,0,0,8,11,970,337,0.7000000000000001,0.2
2002,4,4,5,30,0,0,0,8,12,970,347,0.9,0.2
2002,4,4,6,30,390,56,123,8,14,970,356,1.1,0.2
2002,4,4,7,30,657,93,340,7,17,970,342,0.7000000000000001,0.2
2002,4,4,8,30,801,110,557,7,21,970,290,0.6000000000000001,0.2
2002,4,4,9,30,880,119,741,5,25,970,193,1.2000000000000002,0.2
2002,4,4,10,30,930,120,875,2,28,970,195,1.7000000000000002,0.2
2002,4,4,11,30,948,122,943,0,29,970,208,2,0.2
2002,4,4,12,30,948,122,940,0,30,970,225,2.3000000000000003,0.2
2002,4,4,13,30,918,125,866,-1,30,970,245,2.7,0.2
2002,4,4,14,30,882,116,732,-1,29,970,264,3.2,0.2
2002,4,4,15,30,811,103,547,0,28,970,282,3.6,0.2
2002,4,4,16,30,675,84,329,0,25,970,298,3.6,0.2
2002,4,4,17,30,393,50,112,4,22,970,312,2.6,0.2
2002,4,4,18,30,0,0,0,6,19,970,322,1.4000000000000001,0.2
2002,4,4,19,30,0,0,0,7,17,970,320,1,0.2
2002,4,4,20,30,0,0,0,7,15,970,305,0.9,0.2
2002,4,4,21,30,0,0,0,7,14,980,302,1,0.2
2002,4,4,22,30,0,0,0,7,12,980,319,0.9,0.2
2002,4,4,23,30,0,0,0,7,11,970,339,0.8,0.2
2002,4,5,0,30,0,0,0,7,11,970,342,0.6000000000000001,0.2
2002,4,5,1,30,0,0,0,7,10,970,327,0.6000000000000001,0.2
2002,4,5,2,30,0,0,0,7,10,970,326,0.6000000000000001,0.2
2002,4,5,3,30,0,0,0,7,10,970,336,0.6000000000000001,0.2
2002,4,5,4,30,0,0,0,7,10,970,342,0.6000000000000001,0.2
2002,4,5,5,30,0,0,0,7,10,980,322,1.2000000000000002,0.2
2002,4,5,6,30,0,9,9,6,12,980,322,2,0.2
2002,4,5,7,30,0,87,87,6,14,980,324,2.4000000000000004,0.2
2002,4,5,8,30,6,180,184,6,17,980,317,2.5,0.2
2002,4,5,9,30,187,343,475,6,19,980,303,2.7,0.2
2002,4,5,10,30,387,361,677,5,19,980,286,2.8000000000000003,0.2
2002,4,5,11,30,263,432,660,5,19,980,282,2.9000000000000004,0.2
2002,4,5,12,30,90,425,504,5,19,980,284,3,0.2
2002,4,5,13,30,452,331,697,5,20,970,289,3.5,0.2
2002,4,5,14,30,229,332,493,5,19,970,298,3.8000000000000003,0.2
2002,4,5,15,30,0,113,113,5,18,970,309,4,0.2
2002,4,5,16,30,196,147,219,5,17,970,315,4.1000000000000005,0.2
2002,4,5,17,30,137,57,79,5,16,970,316,3.8000000000000003,0.2
2002,4,5,18,30,0,0,0,6,14,970,314,3.3000000000000003,0.2
2002,4,5,19,30,0,0,0,6,13,970,314,3.1,0.2
2002,4,5,20,30,0,0,0,7,12,970,312,3,0.2
2002,4,5,21,30,0,0,0,8,12,970,309,3.1,0.2
2002,4,5,22,30,0,0,0,8,12,970,305,3,0.2
2002,4,5,23,30,0,0,0,8,12,970,300,3,0.2
2002,4,6,0,30,0,0,0,8,11,970,294,3,0.2
2002,4,6,1,30,0,0,0,8,11,970,289,3.1,0.2
2002,4,6,2,30,0,0,0,8,11,970,285,3.3000000000000003,0.2
2002,4,6,3,30,0,0,0,8,11,970,284,3.5,0.2
2002,4,6,4,30,0,0,0,8,11,970,285,3.6,0.2
2002,4,6,5,30,0,0,0,8,11,970,289,3.9000000000000004,0.2
2002,4,6,6,30,0,6,6,8,11,970,293,4.3,0.2
2002,4,6,7,30,0,7,7,8,11,970,298,4.6000000000000005,0.2
2002,4,6,8,30,0,24,24,8,11,970,303,4.800000000000001,0.2
2002,4,6,9,30,0,98,98,8,12,970,307,4.9,0.2
2002,4,6,10,30,10,227,236,7,14,970,307,4.9,0.2
2002,4,6,11,30,11,233,243,7,16,970,305,4.9,0.2
2002,4,6,12,30,0,105,105,6,17,970,304,5,0.2
2002,4,6,13,30,4,163,166,6,18,970,305,5,0.2
2002,4,6,14,30,0,142,142,6,19,970,307,4.9,0.2
2002,4,6,15,30,0,117,117,6,18,970,309,4.6000000000000005,0.2
2002,4,6,16,30,45,148,165,6,17,970,310,3.9000000000000004,0.21
2002,4,6,17,30,302,61,110,6,14,970,310,2.3000000000000003,0.21
2002,4,6,18,30,0,0,0,7,12,970,308,1.2000000000000002,0.21
2002,4,6,19,30,0,0,0,7,11,970,312,1.1,0.21
2002,4,6,20,30,0,0,0,8,11,970,318,1,0.21
2002,4,6,21,30,0,0,0,7,10,970,324,1,0.21
2002,4,6,22,30,0,0,0,7,10,970,325,1,0.21
2002,4,6,23,30,0,0,0,7,10,970,323,0.9,0.21
2002,4,7,0,30,0,0,0,7,10,970,310,0.8,0.21
2002,4,7,1,30,0,0,0,7,10,970,295,0.7000000000000001,0.21
2002,4,7,2,30,0,0,0,7,10,970,297,1,0.21
2002,4,7,3,30,0,0,0,7,10,970,302,1.5,0.21
2002,4,7,4,30,0,0,0,7,10,970,314,1.7000000000000002,0.21
2002,4,7,5,30,0,0,0,7,10,970,325,1.8,0.21
2002,4,7,6,30,295,74,129,7,11,970,330,1.9000000000000001,0.21
2002,4,7,7,30,548,127,340,7,12,970,329,1.7000000000000002,0.21
2002,4,7,8,30,680,160,549,7,13,970,321,1.4000000000000001,0.21
2002,4,7,9,30,783,167,730,6,15,970,301,1.4000000000000001,0.21
2002,4,7,10,30,879,145,868,6,18,970,277,2.1,0.21
2002,4,7,11,30,899,146,933,6,20,970,270,2.9000000000000004,0.21
2002,4,7,12,30,897,145,928,6,21,970,273,3.4000000000000004,0.21
2002,4,7,13,30,888,135,858,7,22,970,279,3.4000000000000004,0.21
2002,4,7,14,30,851,125,727,7,21,970,281,3.1,0.21
2002,4,7,15,30,787,109,547,7,20,970,283,2.8000000000000003,0.21
2002,4,7,16,30,668,87,335,7,19,970,286,2.2,0.21
2002,4,7,17,30,406,52,120,7,16,970,290,1.3,0.21
2002,4,7,18,30,0,0,0,8,14,970,289,0.6000000000000001,0.21
2002,4,7,19,30,0,0,0,8,14,970,276,0.4,0.21
2002,4,7,20,30,0,0,0,8,14,970,222,0.30000000000000004,0.21
2002,4,7,21,30,0,0,0,8,13,970,202,0.4,0.21
2002,4,7,22,30,0,0,0,8,12,970,221,0.6000000000000001,0.21
2002,4,7,23,30,0,0,0,8,11,970,243,0.8,0.21
2002,4,8,0,30,0,0,0,8,11,970,258,0.8,0.21
2002,4,8,1,30,0,0,0,8,11,970,271,0.6000000000000001,0.21
2002,4,8,2,30,0,0,0,8,11,970,288,0.30000000000000004,0.21
2002,4,8,3,30,0,0,0,8,11,970,332,0.2,0.21
2002,4,8,4,30,0,0,0,8,11,970,34,0.2,0.21
2002,4,8,5,30,0,0,0,8,11,970,77,0.2,0.21
2002,4,8,6,30,332,71,134,8,13,970,115,0.4,0.21
2002,4,8,7,30,590,114,346,8,16,970,292,1.4000000000000001,0.21
2002,4,8,8,30,734,134,556,8,19,970,295,2.5,0.21
2002,4,8,9,30,807,148,732,8,21,970,288,3.3000000000000003,0.21
2002,4,8,10,30,874,140,863,8,23,970,285,3.9000000000000004,0.21
2002,4,8,11,30,890,144,926,8,24,970,287,4.1000000000000005,0.21
2002,4,8,12,30,892,143,923,8,25,970,286,4.1000000000000005,0.21
2002,4,8,13,30,857,148,849,8,24,970,286,4.3,0.21
2002,4,8,14,30,818,137,718,8,24,970,290,4.2,0.21
2002,4,8,15,30,767,113,542,8,23,970,295,3.8000000000000003,0.21
2002,4,8,16,30,338,135,261,8,22,970,299,2.9000000000000004,0.21
2002,4,8,17,30,36,60,66,8,19,970,302,1.7000000000000002,0.21
2002,4,8,18,30,0,0,0,8,16,980,296,1.1,0.21
2002,4,8,19,30,0,0,0,8,15,980,294,1.1,0.21
2002,4,8,20,30,0,0,0,8,15,980,297,1,0.21
2002,4,8,21,30,0,0,0,8,14,980,299,1,0.21
2002,4,8,22,30,0,0,0,8,13,980,304,0.8,0.21
2002,4,8,23,30,0,0,0,8,13,980,332,0.7000000000000001,0.21
2002,4,9,0,30,0,0,0,8,12,980,351,0.8,0.21
2002,4,9,1,30,0,0,0,8,12,980,334,0.8,0.21
2002,4,9,2,30,0,0,0,8,12,980,326,0.8,0.21
2002,4,9,3,30,0,0,0,8,12,980,334,0.8,0.21
2002,4,9,4,30,0,0,0,8,11,980,339,0.8,0.21
2002,4,9,5,30,0,0,0,8,12,980,346,0.9,0.21
2002,4,9,6,30,341,70,137,8,14,980,354,1.2000000000000002,0.21
2002,4,9,7,30,591,114,349,8,16,980,346,1.5,0.21
2002,4,9,8,30,727,138,559,8,19,980,318,2,0.21
2002,4,9,9,30,803,153,737,8,21,980,300,2.8000000000000003,0.21
2002,4,9,10,30,870,149,870,8,23,980,298,3.1,0.21
2002,4,9,11,30,609,313,849,7,24,980,296,3.3000000000000003,0.21
2002,4,9,12,30,452,365,763,5,25,980,294,3.5,0.21
2002,4,9,13,30,555,300,756,5,26,980,295,3.6,0.21
2002,4,9,14,30,395,299,580,5,25,980,298,3.5,0.21
2002,4,9,15,30,389,218,436,5,24,980,302,3.4000000000000004,0.21
2002,4,9,16,30,371,130,270,6,23,980,304,2.9000000000000004,0.21
2002,4,9,17,30,340,51,110,6,20,980,307,1.8,0.21
2002,4,9,18,30,0,0,0,7,17,980,312,1.1,0.21
2002,4,9,19,30,0,0,0,7,16,980,313,1.1,0.21
2002,4,9,20,30,0,0,0,8,15,980,309,1,0.21
2002,4,9,21,30,0,0,0,8,14,980,305,1,0.21
2002,4,9,22,30,0,0,0,9,13,980,302,0.9,0.21
2002,4,9,23,30,0,0,0,9,13,980,302,0.7000000000000001,0.21
2002,4,10,0,30,0,0,0,9,12,980,303,0.7000000000000001,0.21
2002,4,10,1,30,0,0,0,9,12,980,299,0.7000000000000001,0.21
2002,4,10,2,30,0,0,0,9,12,980,299,1,0.21
2002,4,10,3,30,0,0,0,9,12,980,306,1,0.21
2002,4,10,4,30,0,0,0,9,12,980,313,0.7000000000000001,0.21
2002,4,10,5,30,0,0,0,9,12,980,318,1.2000000000000002,0.21
2002,4,10,6,30,344,70,139,9,14,980,319,2.5,0.21
2002,4,10,7,30,0,88,88,9,16,980,320,3.2,0.21
2002,4,10,8,30,46,241,268,9,18,980,319,3.4000000000000004,0.21
2002,4,10,9,30,11,232,241,9,20,980,313,3.6,0.21
2002,4,10,10,30,15,274,288,9,22,980,307,3.8000000000000003,0.21
2002,4,10,11,30,27,349,374,9,23,980,301,4,0.21
2002,4,10,12,30,222,446,642,8,24,980,299,4.1000000000000005,0.21
2002,4,10,13,30,29,327,351,8,24,980,297,4.2,0.21
2002,4,10,14,30,17,253,265,9,24,980,299,4.2,0.21
2002,4,10,15,30,31,220,238,9,23,980,303,4.1000000000000005,0.21
2002,4,10,16,30,0,112,112,9,21,980,309,3.8000000000000003,0.21
2002,4,10,17,30,0,37,37,9,19,980,314,2.4000000000000004,0.21
2002,4,10,18,30,0,0,0,9,16,980,314,1.2000000000000002,0.21
2002,4,10,19,30,0,0,0,9,15,980,319,1.1,0.21
2002,4,10,20,30,0,0,0,9,14,980,323,1.1,0.21
2002,4,10,21,30,0,0,0,8,13,980,324,1.1,0.21
2002,4,10,22,30,0,0,0,8,13,980,322,1.1,0.21
2002,4,10,23,30,0,0,0,8,12,980,321,1,0.21
2002,4,11,0,30,0,0,0,8,12,980,316,1,0.21
2002,4,11,1,30,0,0,0,8,11,980,310,1,0.21
2002,4,11,2,30,0,0,0,8,11,980,305,0.9,0.21
2002,4,11,3,30,0,0,0,8,11,980,303,0.8,0.21
2002,4,11,4,30,0,0,0,8,11,980,304,0.6000000000000001,0.21
2002,4,11,5,30,0,0,0,8,12,980,309,0.4,0.21
2002,4,11,6,30,390,67,147,8,14,980,46,0.7000000000000001,0.21
2002,4,11,7,30,639,102,361,8,17,980,358,1.3,0.21
2002,4,11,8,30,766,120,570,8,20,980,337,1.5,0.21
2002,4,11,9,30,840,130,746,7,23,980,316,1.9000000000000001,0.21
2002,4,11,10,30,890,129,873,6,26,980,302,2.6,0.21
2002,4,11,11,30,908,130,935,6,27,980,299,3.5,0.21
2002,4,11,12,30,908,128,930,5,28,980,300,4.1000000000000005,0.21
2002,4,11,13,30,865,137,851,5,27,980,303,4.5,0.21
2002,4,11,14,30,817,131,717,5,26,980,306,4.7,0.21
2002,4,11,15,30,737,119,536,5,25,980,309,4.5,0.21
2002,4,11,16,30,624,92,330,5,24,980,313,3.9000000000000004,0.21
2002,4,11,17,30,208,61,98,5,21,980,316,2.3000000000000003,0.21
2002,4,11,18,30,0,0,0,6,18,980,314,1.1,0.21
2002,4,11,19,30,0,0,0,6,17,980,316,1,0.21
2002,4,11,20,30,0,0,0,7,16,980,322,0.9,0.21
2002,4,11,21,30,0,0,0,7,16,980,325,0.9,0.21
2002,4,11,22,30,0,0,0,8,15,980,320,0.9,0.21
2002,4,11,23,30,0,0,0,9,14,980,312,0.9,0.21
2002,4,12,0,30,0,0,0,9,13,980,303,0.8,0.21
2002,4,12,1,30,0,0,0,9,13,980,288,0.6000000000000001,0.21
2002,4,12,2,30,0,0,0,9,13,980,247,0.5,0.21
2002,4,12,3,30,0,0,0,9,13,980,251,0.5,0.21
2002,4,12,4,30,0,0,0,9,13,980,277,0.6000000000000001,0.21
2002,4,12,5,30,0,0,0,9,13,980,290,0.9,0.21
2002,4,12,6,30,428,62,151,10,15,980,308,1.1,0.21
2002,4,12,7,30,202,169,252,10,17,980,323,1.3,0.21
2002,4,12,8,30,789,112,579,10,19,980,314,1.7000000000000002,0.21
2002,4,12,9,30,560,248,662,10,22,980,297,2.2,0.21
2002,4,12,10,30,895,129,880,10,25,980,288,2.4000000000000004,0.21
2002,4,12,11,30,907,134,941,9,27,980,283,2.4000000000000004,0.21
2002,4,12,12,30,904,134,936,8,29,970,279,2.7,0.21
2002,4,12,13,30,888,129,864,7,30,970,282,3.2,0.21
2002,4,12,14,30,854,118,733,7,29,970,289,3.7,0.21
2002,4,12,15,30,794,103,554,7,28,970,297,3.8000000000000003,0.21
2002,4,12,16,30,681,82,344,8,26,970,302,3.6,0.21
2002,4,12,17,30,435,52,130,8,22,970,308,2.6,0.21
2002,4,12,18,30,0,0,0,9,19,970,314,1.3,0.21
2002,4,12,19,30,0,0,0,10,17,980,333,0.9,0.21
2002,4,12,20,30,0,0,0,9,17,980,355,0.9,0.21
2002,4,12,21,30,0,0,0,9,17,980,15,0.8,0.21
2002,4,12,22,30,0,0,0,9,16,980,20,0.6000000000000001,0.21
2002,4,12,23,30,0,0,0,8,16,980,24,0.6000000000000001,0.21
2002,4,13,0,30,0,0,0,8,15,980,66,0.7000000000000001,0.21
2002,4,13,1,30,0,0,0,7,14,980,93,1,0.21
2002,4,13,2,30,0,0,0,6,13,980,99,1.1,0.21
2002,4,13,3,30,0,0,0,5,13,980,96,1.2000000000000002,0.21
2002,4,13,4,30,0,0,0,5,12,980,92,1.2000000000000002,0.21
2002,4,13,5,30,0,0,0,4,14,980,90,1.3,0.21
2002,4,13,6,30,484,62,165,4,18,980,86,1.8,0.21
2002,4,13,7,30,721,89,388,2,23,980,79,1.9000000000000001,0.21
2002,4,13,8,30,828,107,600,1,27,980,91,1.7000000000000002,0.21
2002,4,13,9,30,887,120,777,0,32,980,116,1.5,0.21
2002,4,13,10,30,922,126,903,0,34,980,142,1.2000000000000002,0.21
2002,4,13,11,30,518,362,825,0,35,980,171,1,0.21
2002,4,13,12,30,934,128,959,0,36,970,221,1.1,0.21
2002,4,13,13,30,908,129,883,0,36,970,262,1.7000000000000002,0.21
2002,4,13,14,30,869,121,749,0,35,970,283,2.6,0.21
2002,4,13,15,30,798,109,564,0,34,970,300,3.3000000000000003,0.21
2002,4,13,16,30,672,89,349,0,31,970,314,3.1,0.21
2002,4,13,17,30,416,57,133,3,26,970,325,1.9000000000000001,0.21
2002,4,13,18,30,0,0,0,5,23,970,336,1,0.21
2002,4,13,19,30,0,0,0,5,21,980,359,0.9,0.21
2002,4,13,20,30,0,0,0,5,20,980,20,0.8,0.21
2002,4,13,21,30,0,0,0,5,20,980,28,0.7000000000000001,0.21
2002,4,13,22,30,0,0,0,4,19,980,41,0.7000000000000001,0.21
2002,4,13,23,30,0,0,0,4,18,970,68,0.7000000000000001,0.21
2002,4,14,0,30,0,0,0,4,16,970,86,0.9,0.21
2002,4,14,1,30,0,0,0,4,16,970,93,1,0.21
2002,4,14,2,30,0,0,0,4,15,970,93,1,0.21
2002,4,14,3,30,0,0,0,4,14,970,89,1,0.21
2002,4,14,4,30,0,0,0,4,14,970,91,0.9,0.21
2002,4,14,5,30,0,0,0,4,15,970,95,1.2000000000000002,0.21
2002,4,14,6,30,45,79,89,5,18,970,99,1.2000000000000002,0.21
2002,4,14,7,30,308,160,289,5,21,970,87,0.9,0.21
2002,4,14,8,30,687,140,551,6,25,970,291,1.6,0.21
2002,4,14,9,30,549,257,666,6,28,970,288,2.7,0.21
2002,4,14,10,30,575,303,789,5,29,970,290,3.4000000000000004,0.21
2002,4,14,11,30,912,137,955,4,30,970,285,3.8000000000000003,0.21
2002,4,14,12,30,917,132,950,4,31,970,285,4,0.21
2002,4,14,13,30,887,135,874,3,31,970,288,4,0.21
2002,4,14,14,30,851,123,740,3,31,970,293,3.8000000000000003,0.21
2002,4,14,15,30,784,108,558,3,30,970,298,3.6,0.21
2002,4,14,16,30,655,90,344,4,28,970,301,3,0.21
2002,4,14,17,30,402,56,131,6,25,970,300,1.7000000000000002,0.21
2002,4,14,18,30,0,0,0,8,22,970,298,1.1,0.21
2002,4,14,19,30,0,0,0,9,21,970,301,1.6,0.21
2002,4,14,20,30,0,0,0,10,20,970,306,2.6,0.21
2002,4,14,21,30,0,0,0,10,18,970,308,2.9000000000000004,0.21
2002,4,14,22,30,0,0,0,10,16,970,303,2.8000000000000003,0.21
2002,4,14,23,30,0,0,0,10,15,970,299,3.2,0.21
2002,4,15,0,30,0,0,0,9,13,970,300,3.7,0.21
2002,4,15,1,30,0,0,0,7,11,970,302,3.8000000000000003,0.21
2002,4,15,2,30,0,0,0,5,10,970,305,3.7,0.21
2002,4,15,3,30,0,0,0,3,8,970,304,3.7,0.21
2002,4,15,4,30,0,0,0,2,7,970,304,3.6,0.21
2002,4,15,5,30,0,0,0,2,7,970,305,3.8000000000000003,0.21
2002,4,15,6,30,0,61,61,1,8,970,305,4.2,0.21
2002,4,15,7,30,0,112,112,0,9,970,306,4.6000000000000005,0.21
2002,4,15,8,30,0,145,145,0,11,970,305,4.9,0.21
2002,4,15,9,30,882,134,794,0,12,970,304,5.300000000000001,0.21
2002,4,15,10,30,191,428,591,-1,13,970,304,5.5,0.21
2002,4,15,11,30,957,130,990,-2,14,970,305,5.6000000000000005,0.21
2002,4,15,12,30,962,125,986,-3,15,970,305,5.7,0.21
2002,4,15,13,30,949,118,912,-2,16,970,304,5.800000000000001,0.21
2002,4,15,14,30,919,109,777,-2,15,970,304,5.6000000000000005,0.21
2002,4,15,15,30,861,96,592,-2,14,970,306,5.2,0.21
2002,4,15,16,30,752,79,373,-2,13,970,308,4.7,0.21
2002,4,15,17,30,520,51,149,-1,12,970,311,3.6,0.21
2002,4,15,18,30,0,0,0,-1,10,970,312,2.1,0.21
2002,4,15,19,30,0,0,0,0,8,970,313,1.4000000000000001,0.21
2002,4,15,20,30,0,0,0,0,7,970,318,1.2000000000000002,0.21
2002,4,15,21,30,0,0,0,0,7,970,324,1.1,0.21
2002,4,15,22,30,0,0,0,0,6,970,333,1,0.21
2002,4,15,23,30,0,0,0,0,6,970,346,1,0.21
2002,4,16,0,30,0,0,0,0,6,970,1,1,0.21
2002,4,16,1,30,0,0,0,0,5,970,6,1,0.21
2002,4,16,2,30,0,0,0,0,5,970,6,0.9,0.21
2002,4,16,3,30,0,0,0,0,5,970,8,0.8,0.21
2002,4,16,4,30,0,0,0,0,6,970,11,0.5,0.21
2002,4,16,5,30,0,0,0,0,7,970,39,0.4,0.21
2002,4,16,6,30,532,63,183,0,10,970,81,0.6000000000000001,0.21
2002,4,16,7,30,732,94,406,-1,13,970,102,0.7000000000000001,0.21
2002,4,16,8,30,837,112,620,-2,16,970,150,0.8,0.21
2002,4,16,9,30,895,124,797,-4,19,970,242,1.6,0.21
2002,4,16,10,30,934,128,923,-5,20,970,265,2.7,0.21
2002,4,16,11,30,947,130,984,-5,21,970,274,3.6,0.21
2002,4,16,12,30,945,128,976,-4,21,970,282,4,0.21
2002,4,16,13,30,924,125,900,-3,21,970,289,4.2,0.21
2002,4,16,14,30,886,117,764,-3,20,970,293,4.1000000000000005,0.21
2002,4,16,15,30,821,105,579,-2,19,970,300,3.9000000000000004,0.21
2002,4,16,16,30,700,87,363,-2,17,970,310,3.5,0.21
2002,4,16,17,30,462,56,144,-1,15,970,314,2.2,0.21
2002,4,16,18,30,0,0,0,0,12,970,312,1.1,0.21
2002,4,16,19,30,0,0,0,0,11,970,295,1.2000000000000002,0.21
2002,4,16,20,30,0,0,0,0,10,970,274,2.2,0.21
2002,4,16,21,30,0,0,0,1,9,970,273,2.9000000000000004,0.21
2002,4,16,22,30,0,0,0,2,8,970,284,2.4000000000000004,0.21
2002,4,16,23,30,0,0,0,3,7,980,292,1.8,0.21
2002,4,17,0,30,0,0,0,3,7,980,298,2,0.21
2002,4,17,1,30,0,0,0,4,7,980,299,2.3000000000000003,0.21
2002,4,17,2,30,0,0,0,4,7,980,295,1.9000000000000001,0.21
2002,4,17,3,30,0,0,0,4,7,980,290,1.8,0.21
2002,4,17,4,30,0,0,0,2,6,980,282,1.6,0.21
2002,4,17,5,30,10,9,9,2,6,980,274,1.7000000000000002,0.21
2002,4,17,6,30,0,48,48,3,8,980,263,2.9000000000000004,0.21
2002,4,17,7,30,377,154,316,3,9,980,267,3.8000000000000003,0.21
2002,4,17,8,30,305,262,448,3,11,980,280,4.4,0.21
2002,4,17,9,30,74,348,404,2,12,980,291,4.5,0.21
2002,4,17,10,30,205,429,605,1,13,980,297,4.5,0.21
2002,4,17,11,30,156,463,604,0,14,980,298,4.6000000000000005,0.21
2002,4,17,12,30,470,369,791,0,15,980,298,4.7,0.21
2002,4,17,13,30,474,334,732,0,15,980,297,4.800000000000001,0.21
2002,4,17,14,30,901,115,774,-1,15,980,298,4.7,0.21
2002,4,17,15,30,853,98,592,-1,14,980,301,4.5,0.21
2002,4,17,16,30,718,86,371,-1,13,980,304,4.1000000000000005,0.21
2002,4,17,17,30,481,56,149,-1,11,980,308,2.9000000000000004,0.21
2002,4,17,18,30,0,0,0,-1,9,980,312,1.5,0.21
2002,4,17,19,30,0,0,0,0,7,980,317,1,0.21
2002,4,17,20,30,0,0,0,0,7,980,318,1,0.21
2002,4,17,21,30,0,0,0,0,6,980,315,1.1,0.21
2002,4,17,22,30,0,0,0,0,6,980,311,1.3,0.21
2002,4,17,23,30,0,0,0,0,5,980,310,1.5,0.21
2002,4,18,0,30,0,0,0,1,5,980,311,1.4000000000000001,0.21
2002,4,18,1,30,0,0,0,1,4,980,312,1.2000000000000002,0.21
2002,4,18,2,30,0,0,0,1,4,980,312,1.1,0.21
2002,4,18,3,30,0,0,0,0,3,980,307,1,0.21
2002,4,18,4,30,0,0,0,0,3,980,304,0.9,0.21
2002,4,18,5,30,51,12,13,2,5,980,304,1.4000000000000001,0.21
2002,4,18,6,30,538,66,191,2,7,980,309,2.5,0.21
2002,4,18,7,30,29,164,177,1,9,980,310,3.3000000000000003,0.21
2002,4,18,8,30,123,280,356,0,11,980,302,3.8000000000000003,0.21
2002,4,18,9,30,17,263,276,-1,13,980,297,4.2,0.21
2002,4,18,10,30,27,337,361,-2,14,980,295,4.5,0.21
2002,4,18,11,30,301,443,716,-4,15,980,295,4.800000000000001,0.21
2002,4,18,12,30,41,389,427,-5,16,980,297,5.1000000000000005,0.21
2002,4,18,13,30,9,210,218,-5,16,980,299,5.300000000000001,0.21
2002,4,18,14,30,918,114,788,-6,15,980,300,5.5,0.21
2002,4,18,15,30,850,104,599,-6,14,980,302,5.4,0.21
2002,4,18,16,30,717,90,376,-5,13,980,306,5.1000000000000005,0.21
2002,4,18,17,30,481,58,152,-4,11,980,310,4,0.21
2002,4,18,18,30,0,0,0,-3,9,980,313,2.5,0.21
2002,4,18,19,30,0,0,0,-1,8,980,317,1.6,0.21
2002,4,18,20,30,0,0,0,0,7,980,321,1.2000000000000002,0.21
2002,4,18,21,30,0,0,0,0,6,980,320,1.1,0.21
2002,4,18,22,30,0,0,0,0,6,980,320,1,0.21
2002,4,18,23,30,0,0,0,0,5,980,322,1,0.21
2002,4,19,0,30,0,0,0,0,5,980,326,0.9,0.21
2002,4,19,1,30,0,0,0,0,4,970,321,0.9,0.21
2002,4,19,2,30,0,0,0,0,4,970,312,0.9,0.21
2002,4,19,3,30,0,0,0,0,4,970,300,0.9,0.21
2002,4,19,4,30,0,0,0,1,3,970,287,0.8,0.21
2002,4,19,5,30,66,13,15,1,5,980,273,1,0.21
2002,4,19,6,30,547,64,195,2,8,980,274,1.4000000000000001,0.21
2002,4,19,7,30,796,78,427,0,11,980,294,2,0.21
2002,4,19,8,30,893,91,642,-1,14,980,294,2.6,0.21
2002,4,19,9,30,944,100,818,-3,16,980,291,3.3000000000000003,0.21
2002,4,19,10,30,960,113,939,-4,17,980,291,3.8000000000000003,0.21
2002,4,19,11,30,967,118,998,-4,18,970,292,4.2,0.21
2002,4,19,12,30,961,120,989,-5,19,970,292,4.5,0.21
2002,4,19,13,30,954,111,917,-5,19,970,295,4.7,0.21
2002,4,19,14,30,921,104,782,-6,18,970,300,4.6000000000000005,0.21
2002,4,19,15,30,864,93,598,-6,18,970,308,4.4,0.21
2002,4,19,16,30,770,74,383,-6,17,970,314,3.9000000000000004,0.21
2002,4,19,17,30,556,49,159,-6,14,970,316,2.4000000000000004,0.21
2002,4,19,18,30,0,0,0,-4,11,970,312,1.1,0.21
2002,4,19,19,30,0,0,0,-3,10,970,312,1,0.21
2002,4,19,20,30,0,0,0,-3,10,970,315,1,0.21
2002,4,19,21,30,0,0,0,-3,10,970,303,0.8,0.21
2002,4,19,22,30,0,0,0,-3,9,970,272,0.7000000000000001,0.21
2002,4,19,23,30,0,0,0,-3,8,970,247,0.7000000000000001,0.21
2002,4,20,0,30,0,0,0,-2,8,970,229,0.6000000000000001,0.21
2002,4,20,1,30,0,0,0,-2,7,970,195,0.6000000000000001,0.21
2002,4,20,2,30,0,0,0,-1,6,970,155,0.8,0.21
2002,4,20,3,30,0,0,0,0,6,970,135,0.9,0.21
2002,4,20,4,30,0,0,0,0,5,970,123,0.9,0.21
2002,4,20,5,30,72,14,17,0,7,970,116,1,0.21
2002,4,20,6,30,536,67,197,0,11,980,114,1,0.21
2002,4,20,7,30,738,95,421,0,14,980,194,1.2000000000000002,0.21
2002,4,20,8,30,841,112,634,0,17,980,248,1.9000000000000001,0.21
2002,4,20,9,30,900,122,810,-2,18,980,269,2.7,0.21
2002,4,20,10,30,933,128,933,-2,19,980,279,3.2,0.21
2002,4,20,11,30,946,130,993,-3,20,980,282,3.5,0.21
2002,4,20,12,30,945,129,986,-3,21,980,283,3.8000000000000003,0.21
2002,4,20,13,30,934,122,913,-4,21,980,286,4,0.21
2002,4,20,14,30,894,116,777,-4,21,970,291,4,0.21
2002,4,20,15,30,822,108,591,-4,20,970,297,3.7,0.21
2002,4,20,16,30,679,96,371,-4,19,970,306,3,0.21
2002,4,20,17,30,162,72,105,-4,16,970,317,1.7000000000000002,0.21
2002,4,20,18,30,0,0,0,-2,13,970,335,1,0.21
2002,4,20,19,30,0,0,0,-2,13,970,350,1,0.21
2002,4,20,20,30,0,0,0,-2,13,980,341,1,0.21
2002,4,20,21,30,0,0,0,-1,12,980,320,0.9,0.21
2002,4,20,22,30,0,0,0,0,11,980,297,0.9,0.21
2002,4,20,23,30,0,0,0,0,10,980,286,0.7000000000000001,0.21
2002,4,21,0,30,0,0,0,1,10,980,292,0.4,0.21
2002,4,21,1,30,0,0,0,2,9,980,9,0.5,0.21
2002,4,21,2,30,0,0,0,3,8,980,68,0.8,0.21
2002,4,21,3,30,0,0,0,3,7,980,80,1,0.21
2002,4,21,4,30,0,0,0,3,7,980,87,1.1,0.21
2002,4,21,5,30,21,14,15,2,9,980,91,1.5,0.21
2002,4,21,6,30,408,86,186,1,13,980,91,2.3000000000000003,0.21
2002,4,21,7,30,634,123,405,0,18,980,93,2.7,0.21
2002,4,21,8,30,758,144,616,-2,21,980,107,2.8000000000000003,0.21
2002,4,21,9,30,829,157,793,-3,24,980,114,3,0.21
2002,4,21,10,30,911,140,928,-4,25,980,117,3.1,0.21
2002,4,21,11,30,929,142,991,-6,26,970,120,2.9000000000000004,0.21
2002,4,21,12,30,926,144,986,-7,27,970,125,2.4000000000000004,0.21
2002,4,21,13,30,888,153,908,-7,28,970,134,1.7000000000000002,0.21
2002,4,21,14,30,844,147,772,-8,28,970,150,1,0.21
2002,4,21,15,30,768,134,587,-8,27,970,208,0.9,0.21
2002,4,21,16,30,628,113,368,-9,25,970,282,1.2000000000000002,0.21
2002,4,21,17,30,371,73,148,-5,21,970,308,1.1,0.21
2002,4,21,18,30,0,0,0,-3,18,970,333,1.1,0.21
2002,4,21,19,30,0,0,0,-2,16,970,359,1.1,0.21
2002,4,21,20,30,0,0,0,-1,16,970,21,1,0.21
2002,4,21,21,30,0,0,0,-1,15,980,40,0.9,0.21
2002,4,21,22,30,0,0,0,-1,14,970,64,1,0.21
2002,4,21,23,30,0,0,0,-1,13,970,80,1.1,0.21
2002,4,22,0,30,0,0,0,-2,13,970,87,1.2000000000000002,0.21
2002,4,22,1,30,0,0,0,-2,12,970,88,1.3,0.21
2002,4,22,2,30,0,0,0,-2,11,970,87,1.3,0.21
2002,4,22,3,30,0,0,0,-2,11,980,87,1.4000000000000001,0.21
2002,4,22,4,30,0,0,0,-3,11,980,88,1.4000000000000001,0.21
2002,4,22,5,30,33,16,17,-4,13,980,88,1.3,0.21
2002,4,22,6,30,438,86,195,-2,17,980,89,1.8,0.21
2002,4,22,7,30,646,126,416,-5,22,980,89,2,0.21
2002,4,22,8,30,767,149,629,-7,26,980,99,1.6,0.21
2002,4,22,9,30,838,162,807,-8,28,980,120,1.2000000000000002,0.21
2002,4,22,10,30,903,154,938,-9,30,980,151,1.1,0.21
2002,4,22,11,30,922,155,1000,-9,31,980,182,1.1,0.21
2002,4,22,12,30,925,151,994,-10,32,970,217,1.4000000000000001,0.21
2002,4,22,13,30,911,144,920,-10,32,970,251,1.8,0.21
2002,4,22,14,30,878,132,784,-10,31,970,274,2.3000000000000003,0.21
2002,4,22,15,30,815,117,599,-9,30,970,292,2.7,0.21
2002,4,22,16,30,681,101,379,-8,28,970,308,2.7,0.21
2002,4,22,17,30,446,65,157,-5,24,970,322,1.9000000000000001,0.21
2002,4,22,18,30,0,0,0,-2,20,970,335,1.2000000000000002,0.21
2002,4,22,19,30,0,0,0,-1,19,970,351,1.1,0.21
2002,4,22,20,30,0,0,0,-1,19,980,4,1,0.21
2002,4,22,21,30,0,0,0,-1,19,980,18,0.7000000000000001,0.21
2002,4,22,22,30,0,0,0,-1,18,980,54,0.5,0.21
2002,4,22,23,30,0,0,0,-1,17,980,136,0.6000000000000001,0.21
2002,4,23,0,30,0,0,0,-1,15,980,155,0.7000000000000001,0.21
2002,4,23,1,30,0,0,0,-1,14,970,140,0.9,0.21
2002,4,23,2,30,0,0,0,-1,13,970,115,1,0.21
2002,4,23,3,30,0,0,0,-1,13,980,108,1.1,0.21
2002,4,23,4,30,0,0,0,-1,13,980,108,1.1,0.21
2002,4,23,5,30,133,18,24,-1,14,980,107,1.1,0.21
2002,4,23,6,30,591,65,214,0,18,980,109,1.2000000000000002,0.21
2002,4,23,7,30,743,99,435,-2,22,980,125,1,0.21
2002,4,23,8,30,848,114,648,-4,25,980,207,1.3,0.21
2002,4,23,9,30,904,124,823,-6,28,980,251,2,0.21
2002,4,23,10,30,940,126,945,-7,30,980,263,2.5,0.21
2002,4,23,11,30,951,127,1001,-8,31,980,266,2.9000000000000004,0.21
2002,4,23,12,30,946,126,990,-8,32,980,270,3.2,0.21
2002,4,23,13,30,922,124,911,-8,32,970,277,3.4000000000000004,0.21
2002,4,23,14,30,889,114,776,-6,31,970,286,3.4000000000000004,0.21
2002,4,23,15,30,830,101,593,-5,30,970,295,3.4000000000000004,0.21
2002,4,23,16,30,724,83,380,-4,29,970,305,3.1,0.21
2002,4,23,17,30,506,55,161,-2,25,970,314,2.1,0.21
2002,4,23,18,30,0,0,0,0,21,970,321,1.2000000000000002,0.21
2002,4,23,19,30,0,0,0,0,19,980,324,1.1,0.21
2002,4,23,20,30,0,0,0,1,18,980,322,1.1,0.21
2002,4,23,21,30,0,0,0,1,16,980,328,1,0.21
2002,4,23,22,30,0,0,0,2,15,980,336,1,0.21
2002,4,23,23,30,0,0,0,2,14,980,332,1,0.21
2002,4,24,0,30,0,0,0,3,13,980,331,0.9,0.21
2002,4,24,1,30,0,0,0,3,13,980,340,0.9,0.21
2002,4,24,2,30,0,0,0,4,12,980,342,0.9,0.21
2002,4,24,3,30,0,0,0,5,11,980,345,0.9,0.21
2002,4,24,4,30,0,0,0,5,11,980,340,0.8,0.21
2002,4,24,5,30,0,21,21,6,13,980,318,1.1,0.21
2002,4,24,6,30,0,84,84,6,15,980,323,1.6,0.21
2002,4,24,7,30,291,180,313,6,17,980,346,1.5,0.21
2002,4,24,8,30,126,291,371,5,20,980,320,1.2000000000000002,0.21
2002,4,24,9,30,50,339,378,4,23,980,290,1.4000000000000001,0.21
2002,4,24,10,30,273,427,666,2,25,980,255,1.8,0.21
2002,4,24,11,30,35,387,419,0,26,980,250,2,0.21
2002,4,24,12,30,436,381,780,0,26,980,251,2.2,0.21
2002,4,24,13,30,342,397,689,-1,27,980,261,2.3000000000000003,0.21
2002,4,24,14,30,175,361,492,-1,28,980,273,2.4000000000000004,0.21
2002,4,24,15,30,582,170,517,0,27,980,286,2.6,0.21
2002,4,24,16,30,663,100,374,0,25,980,298,2.8000000000000003,0.21
2002,4,24,17,30,0,71,71,1,22,980,311,2.2,0.21
2002,4,24,18,30,0,0,0,3,19,980,320,1.3,0.21
2002,4,24,19,30,0,0,0,5,17,980,323,1.1,0.21
2002,4,24,20,30,0,0,0,5,15,980,322,0.9,0.21
2002,4,24,21,30,0,0,0,6,14,980,319,0.8,0.21
2002,4,24,22,30,0,0,0,6,13,980,318,0.8,0.21
2002,4,24,23,30,0,0,0,7,12,980,317,0.8,0.21
2002,4,25,0,30,0,0,0,7,11,980,312,0.8,0.21
2002,4,25,1,30,0,0,0,7,10,980,307,0.7000000000000001,0.21
2002,4,25,2,30,0,0,0,6,9,980,312,0.6000000000000001,0.21
2002,4,25,3,30,0,0,0,6,9,980,323,0.8,0.21
2002,4,25,4,30,0,0,0,7,10,980,329,1,0.21
2002,4,25,5,30,78,21,25,7,10,980,325,1,0.21
2002,4,25,6,30,494,78,207,8,12,980,307,1,0.21
2002,4,25,7,30,0,136,136,8,13,980,290,1.2000000000000002,0.21
2002,4,25,8,30,267,283,453,8,15,980,272,1.7000000000000002,0.21
2002,4,25,9,30,825,153,795,8,19,970,260,2.2,0.21
2002,4,25,10,30,879,148,918,7,22,970,257,2.7,0.21
2002,4,25,11,30,897,148,976,6,23,970,263,3.1,0.21
2002,4,25,12,30,896,145,968,6,24,970,272,3.3000000000000003,0.21
2002,4,25,13,30,881,139,894,6,25,970,284,3.5,0.21
2002,4,25,14,30,841,131,761,6,24,970,295,3.8000000000000003,0.21
2002,4,25,15,30,591,169,522,5,23,970,301,4.1000000000000005,0.21
2002,4,25,16,30,591,117,362,6,22,970,303,4.3,0.21
2002,4,25,17,30,255,72,126,6,19,970,301,4.4,0.21
2002,4,25,18,30,0,0,0,7,17,970,297,4.5,0.21
2002,4,25,19,30,0,0,0,7,15,970,294,4.1000000000000005,0.21
2002,4,25,20,30,0,0,0,8,14,970,295,3.4000000000000004,0.21
2002,4,25,21,30,0,0,0,8,13,970,293,2.9000000000000004,0.21
2002,4,25,22,30,0,0,0,8,13,970,288,2.6,0.21
2002,4,25,23,30,0,0,0,8,12,970,279,2.7,0.21
2002,4,26,0,30,0,0,0,8,12,970,274,2.9000000000000004,0.21
2002,4,26,1,30,0,0,0,8,11,970,273,3.1,0.21
2002,4,26,2,30,0,0,0,8,11,970,272,3.3000000000000003,0.21
2002,4,26,3,30,0,0,0,8,11,970,271,3.4000000000000004,0.21
2002,4,26,4,30,0,0,0,7,10,970,270,3.4000000000000004,0.21
2002,4,26,5,30,0,1,1,7,10,970,271,3.4000000000000004,0.21
2002,4,26,6,30,0,12,12,7,10,970,273,3.5,0.21
2002,4,26,7,30,0,39,39,7,10,970,272,3.6,0.21
2002,4,26,8,30,0,60,60,7,11,970,276,3.8000000000000003,0.21
2002,4,26,9,30,0,142,142,7,13,970,283,3.9000000000000004,0.21
2002,4,26,10,30,9,205,213,6,14,970,290,4.1000000000000005,0.21
2002,4,26,11,30,5,161,166,6,15,970,295,4.4,0.21
2002,4,26,12,30,11,230,241,6,16,970,296,4.5,0.21
2002,4,26,13,30,3,153,156,6,16,970,297,4.6000000000000005,0.21
2002,4,26,14,30,0,135,135,6,15,970,298,4.7,0.21
2002,4,26,15,30,0,84,84,6,15,970,296,4.6000000000000005,0.21
2002,4,26,16,30,0,46,46,6,14,970,292,4.3,0.21
2002,4,26,17,30,0,6,6,6,13,970,286,3.9000000000000004,0.21
2002,4,26,18,30,0,0,0,6,11,970,279,3.8000000000000003,0.21
2002,4,26,19,30,0,0,0,6,10,970,272,4,0.21
2002,4,26,20,30,0,0,0,5,9,970,268,4,0.21
2002,4,26,21,30,0,0,0,5,9,970,267,3.9000000000000004,0.21
2002,4,26,22,30,0,0,0,5,9,970,271,3.9000000000000004,0.21
2002,4,26,23,30,0,0,0,5,9,970,276,3.8000000000000003,0.21
2002,4,27,0,30,0,0,0,5,8,970,279,3.6,0.21
2002,4,27,1,30,0,0,0,4,8,970,280,3.3000000000000003,0.21
2002,4,27,2,30,0,0,0,4,8,970,280,3.1,0.21
2002,4,27,3,30,0,0,0,4,8,970,279,2.9000000000000004,0.21
2002,4,27,4,30,0,0,0,4,8,970,278,2.8000000000000003,0.21
2002,4,27,5,30,0,2,2,6,9,970,278,3,0.21
2002,4,27,6,30,433,92,208,5,9,970,281,3.1,0.21
2002,4,27,7,30,0,96,96,5,10,970,286,3,0.21
2002,4,27,8,30,0,110,110,4,12,970,292,2.8000000000000003,0.21
2002,4,27,9,30,11,234,243,4,14,970,295,2.9000000000000004,0.21
2002,4,27,10,30,12,246,257,3,16,970,295,3.2,0.21
2002,4,27,11,30,897,150,982,2,17,970,289,3.3000000000000003,0.21
2002,4,27,12,30,232,466,681,2,18,970,285,3.3000000000000003,0.21
2002,4,27,13,30,885,139,902,2,19,970,282,3.3000000000000003,0.21
2002,4,27,14,30,855,127,770,2,18,970,284,3.3000000000000003,0.21
2002,4,27,15,30,151,274,365,2,17,970,287,3.2,0.21
2002,4,27,16,30,0,87,87,3,16,970,291,2.9000000000000004,0.21
2002,4,27,17,30,0,31,31,3,15,970,294,2.2,0.21
2002,4,27,18,30,0,0,0,5,13,970,298,1.4000000000000001,0.21
2002,4,27,19,30,0,0,0,5,12,970,301,1.6,0.21
2002,4,27,20,30,0,0,0,5,12,980,302,2.2,0.21
2002,4,27,21,30,0,0,0,5,11,980,304,2.5,0.21
2002,4,27,22,30,0,0,0,5,10,980,310,2.3000000000000003,0.21
2002,4,27,23,30,0,0,0,5,9,980,318,2,0.21
2002,4,28,0,30,0,0,0,5,9,980,325,1.6,0.21
2002,4,28,1,30,0,0,0,5,9,980,330,1.2000000000000002,0.21
2002,4,28,2,30,0,0,0,5,9,980,334,0.9,0.21
2002,4,28,3,30,0,0,0,5,9,980,342,0.7000000000000001,0.21
2002,4,28,4,30,0,0,0,5,8,980,353,0.6000000000000001,0.21
2002,4,28,5,30,67,26,31,5,9,980,6,0.7000000000000001,0.21
2002,4,28,6,30,462,88,213,5,11,980,356,0.8,0.21
2002,4,28,7,30,715,103,438,4,13,980,324,0.9,0.21
2002,4,28,8,30,810,122,644,4,15,980,283,1.4000000000000001,0.21
2002,4,28,9,30,869,132,815,4,18,980,260,1.9000000000000001,0.21
2002,4,28,10,30,908,134,936,3,20,980,254,2.3000000000000003,0.21
2002,4,28,11,30,919,139,995,2,22,980,252,2.6,0.21
2002,4,28,12,30,920,137,987,2,23,980,257,2.7,0.21
2002,4,28,13,30,914,127,916,1,24,980,265,2.7,0.21
2002,4,28,14,30,877,120,782,1,24,970,276,2.5,0.21
2002,4,28,15,30,809,110,598,1,23,970,285,2.3000000000000003,0.21
2002,4,28,16,30,717,86,389,1,22,970,294,2,0.21
2002,4,28,17,30,517,58,172,2,19,970,312,1.4000000000000001,0.21
2002,4,28,18,30,0,0,0,5,16,970,336,1,0.21
2002,4,28,19,30,0,0,0,5,14,970,353,1,0.21
2002,4,28,20,30,0,0,0,5,13,970,4,1,0.21
2002,4,28,21,30,0,0,0,4,13,970,12,0.9,0.21
2002,4,28,22,30,0,0,0,4,12,970,20,0.9,0.21
2002,4,28,23,30,0,0,0,4,11,970,24,0.9,0.21
2002,4,29,0,30,0,0,0,4,11,970,23,0.9,0.21
2002,4,29,1,30,0,0,0,4,10,970,20,0.9,0.21
2002,4,29,2,30,0,0,0,3,10,970,17,0.8,0.21
2002,4,29,3,30,0,0,0,3,10,970,14,0.8,0.21
2002,4,29,4,30,0,0,0,3,10,970,14,0.7000000000000001,0.21
2002,4,29,5,30,130,26,35,4,11,970,12,0.8,0.21
2002,4,29,6,30,519,78,220,4,13,970,350,1.1,0.21
2002,4,29,7,30,720,101,441,3,16,970,298,1.8,0.21
2002,4,29,8,30,829,114,650,3,18,970,288,2.4000000000000004,0.21
2002,4,29,9,30,881,125,820,2,20,970,284,2.7,0.21
2002,4,29,10,30,898,140,935,2,21,970,284,2.9000000000000004,0.21
2002,4,29,11,30,905,147,991,2,22,970,289,3.3000000000000003,0.21
2002,4,29,12,30,450,394,811,2,23,970,296,3.9000000000000004,0.21
2002,4,29,13,30,105,426,518,3,22,970,300,4.5,0.21
2002,4,29,14,30,168,366,494,3,21,970,303,4.7,0.21
2002,4,29,15,30,0,142,142,4,20,970,305,4.5,0.21
2002,4,29,16,30,119,177,227,4,18,970,307,4.2,0.21
2002,4,29,17,30,240,83,137,4,17,970,308,3.4000000000000004,0.21
2002,4,29,18,30,0,0,0,5,15,970,311,2.3000000000000003,0.21
2002,4,29,19,30,0,0,0,6,14,980,310,2,0.21
2002,4,29,20,30,0,0,0,6,13,980,303,2.3000000000000003,0.21
2002,4,29,21,30,0,0,0,6,12,980,293,2.2,0.21
2002,4,29,22,30,0,0,0,6,10,980,289,2,0.21
2002,4,29,23,30,0,0,0,6,10,980,290,1.9000000000000001,0.21
2002,4,30,0,30,0,0,0,6,10,970,292,1.8,0.21
2002,4,30,1,30,0,0,0,6,10,970,298,1.5,0.21
2002,4,30,2,30,0,0,0,6,10,970,303,1.6,0.21
2002,4,30,3,30,0,0,0,6,9,970,311,2.1,0.21
2002,4,30,4,30,0,0,0,5,9,970,313,2.4000000000000004,0.21
2002,4,30,5,30,0,1,1,5,9,970,313,2.8000000000000003,0.21
2002,4,30,6,30,0,32,32,4,9,970,311,3.2,0.21
2002,4,30,7,30,306,187,332,3,11,980,306,3.3000000000000003,0.21
2002,4,30,8,30,0,146,146,2,12,980,299,3.5,0.21
2002,4,30,9,30,4,165,168,2,14,980,292,3.7,0.21
2002,4,30,10,30,17,294,309,1,15,980,290,3.9000000000000004,0.21
2002,4,30,11,30,476,399,844,0,16,980,291,4.1000000000000005,0.21
2002,4,30,12,30,929,143,1005,-1,17,970,291,4.4,0.21
2002,4,30,13,30,933,126,935,-2,18,970,291,4.5,0.21
2002,4,30,14,30,908,112,800,-3,18,970,292,4.4,0.21
2002,4,30,15,30,843,102,614,-4,17,970,292,4.3,0.21
2002,4,30,16,30,650,110,387,-2,29,980,307,2.7,0.2
2002,4,30,17,30,419,75,170,3,24,980,325,1.8,0.2
2002,4,30,18,30,10,9,9,7,20,980,346,1.2000000000000002,0.2
2002,4,30,19,30,0,0,0,6,19,980,6,1.2000000000000002,0.2
2002,4,30,20,30,0,0,0,5,19,980,21,1,0.2
2002,4,30,21,30,0,0,0,4,19,980,26,0.7000000000000001,0.2
2002,4,30,22,30,0,0,0,3,19,980,6,0.4,0.2
2002,4,30,23,30,0,0,0,3,18,980,287,0.2,0.2
2000,5,1,0,30,0,0,0,4,16,980,288,0.2,0.2
2000,5,1,1,30,0,0,0,5,15,980,68,0.5,0.2
2000,5,1,2,30,0,0,0,6,13,980,84,0.8,0.2
2000,5,1,3,30,0,0,0,6,13,980,90,0.9,0.2
2000,5,1,4,30,0,0,0,6,13,980,93,0.9,0.2
2000,5,1,5,30,136,30,41,6,14,980,95,1,0.2
2000,5,1,6,30,523,82,230,7,18,980,93,0.9,0.2
2000,5,1,7,30,719,107,451,5,21,980,93,0.5,0.2
2000,5,1,8,30,815,124,656,4,25,980,154,0.5,0.2
2000,5,1,9,30,870,135,825,4,28,980,250,1.2000000000000002,0.2
2000,5,1,10,30,912,133,946,3,31,980,257,2.1,0.2
2000,5,1,11,30,924,136,1001,3,32,970,265,2.8000000000000003,0.2
2000,5,1,12,30,676,293,922,3,32,970,275,3.5,0.2
2000,5,1,13,30,613,296,830,4,31,970,286,4.1000000000000005,0.2
2000,5,1,14,30,401,318,623,4,30,970,298,4.5,0.2
2000,5,1,15,30,530,193,517,5,28,970,308,4.3,0.2
2000,5,1,16,30,681,98,391,5,27,970,315,3.5,0.2
2000,5,1,17,30,233,80,133,6,23,970,321,2,0.2
2000,5,1,18,30,31,11,12,9,20,970,323,1.1,0.2
2000,5,1,19,30,0,0,0,9,18,970,325,1.1,0.2
2000,5,1,20,30,0,0,0,9,17,970,322,1.1,0.2
2000,5,1,21,30,0,0,0,9,16,970,314,1.1,0.2
2000,5,1,22,30,0,0,0,8,15,970,310,1,0.2
2000,5,1,23,30,0,0,0,8,14,970,309,0.9,0.2
2000,5,2,0,30,0,0,0,7,13,970,306,0.8,0.2
2000,5,2,1,30,0,0,0,7,13,970,305,0.6000000000000001,0.2
2000,5,2,2,30,0,0,0,7,13,970,303,0.5,0.2
2000,5,2,3,30,0,0,0,7,12,970,309,0.4,0.2
2000,5,2,4,30,0,0,0,7,12,970,335,0.30000000000000004,0.2
2000,5,2,5,30,188,29,44,8,13,970,27,0.4,0.2
2000,5,2,6,30,558,74,234,8,16,970,0,0.9,0.2
2000,5,2,7,30,709,105,447,9,18,970,319,1.7000000000000002,0.2
2000,5,2,8,30,803,123,650,9,21,970,303,2.4000000000000004,0.2
2000,5,2,9,30,854,136,816,8,23,970,294,3,0.2
2000,5,2,10,30,887,142,934,8,24,970,292,3.7,0.2
2000,5,2,11,30,902,144,990,8,25,970,294,4.2,0.2
2000,5,2,12,30,903,141,982,7,26,970,298,4.4,0.2
2000,5,2,13,30,910,122,915,6,27,970,302,4.3,0.2
2000,5,2,14,30,882,113,786,6,27,970,305,4.1000000000000005,0.2
2000,5,2,15,30,830,100,609,6,26,970,307,4,0.2
2000,5,2,16,30,722,87,398,6,25,970,308,3.5,0.2
2000,5,2,17,30,514,62,181,6,22,970,308,2.2,0.2
2000,5,2,18,30,46,12,13,9,19,970,306,1.2000000000000002,0.2
2000,5,2,19,30,0,0,0,9,18,970,311,1.2000000000000002,0.2
2000,5,2,20,30,0,0,0,9,17,970,315,1.2000000000000002,0.2
2000,5,2,21,30,0,0,0,9,16,970,315,1.1,0.2
2000,5,2,22,30,0,0,0,9,15,970,312,1.1,0.2
2000,5,2,23,30,0,0,0,9,14,970,308,1.1,0.2
2000,5,3,0,30,0,0,0,9,14,970,306,1,0.2
2000,5,3,1,30,0,0,0,9,13,970,301,0.9,0.2
2000,5,3,2,30,0,0,0,9,12,970,295,0.8,0.2
2000,5,3,3,30,0,0,0,9,12,970,288,0.7000000000000001,0.2
2000,5,3,4,30,0,0,0,9,12,970,281,0.6000000000000001,0.2
2000,5,3,5,30,200,31,48,9,13,970,268,0.8,0.2
2000,5,3,6,30,575,76,242,9,15,970,290,1.3,0.2
2000,5,3,7,30,722,108,457,9,17,970,298,2.1,0.2
2000,5,3,8,30,822,122,663,9,20,970,298,3,0.2
2000,5,3,9,30,878,132,833,8,22,970,293,3.7,0.2
2000,5,3,10,30,927,126,955,8,24,970,289,4.3,0.2
2000,5,3,11,30,941,127,1012,8,25,970,290,4.6000000000000005,0.2
2000,5,3,12,30,944,124,1005,7,26,970,293,4.800000000000001,0.2
2000,5,3,13,30,919,127,929,6,27,970,296,4.6000000000000005,0.2
2000,5,3,14,30,894,116,800,5,27,970,300,4.4,0.2
2000,5,3,15,30,845,102,622,4,26,970,305,4.1000000000000005,0.2
2000,5,3,16,30,752,85,411,3,25,970,308,3.3000000000000003,0.2
2000,5,3,17,30,555,60,190,4,22,970,310,2,0.2
2000,5,3,18,30,72,13,15,7,19,970,309,1.3,0.2
2000,5,3,19,30,0,0,0,7,18,970,316,1.2000000000000002,0.2
2000,5,3,20,30,0,0,0,6,17,970,322,1.2000000000000002,0.2
2000,5,3,21,30,0,0,0,6,16,970,321,1.2000000000000002,0.2
2000,5,3,22,30,0,0,0,6,15,970,318,1.2000000000000002,0.2
2000,5,3,23,30,0,0,0,7,14,970,316,1.2000000000000002,0.2
2000,5,4,0,30,0,0,0,8,13,970,313,1.1,0.2
2000,5,4,1,30,0,0,0,8,12,970,309,1,0.2
2000,5,4,2,30,0,0,0,9,12,970,303,0.9,0.2
2000,5,4,3,30,0,0,0,9,12,970,298,0.6000000000000001,0.2
2000,5,4,4,30,0,0,0,9,12,970,292,0.30000000000000004,0.2
2000,5,4,5,30,168,34,49,9,13,970,333,0.5,0.2
2000,5,4,6,30,549,83,243,8,14,970,339,1.4000000000000001,0.2
2000,5,4,7,30,708,115,461,8,16,970,318,2.2,0.2
2000,5,4,8,30,808,132,666,8,19,970,307,2.6,0.2
2000,5,4,9,30,868,142,836,9,22,970,297,2.9000000000000004,0.2
2000,5,4,10,30,888,155,951,8,24,970,292,3.3000000000000003,0.2
2000,5,4,11,30,906,155,1009,7,26,970,289,3.6,0.2
2000,5,4,12,30,908,152,1000,6,27,970,289,3.6,0.2
2000,5,4,13,30,916,131,932,5,28,970,288,3.3000000000000003,0.2
2000,5,4,14,30,888,120,800,3,29,970,288,3.1,0.2
2000,5,4,15,30,835,105,620,2,28,970,289,3,0.2
2000,5,4,16,30,730,89,407,2,27,970,292,2.5,0.2
2000,5,4,17,30,525,64,188,5,23,970,297,1.6,0.2
2000,5,4,18,30,62,14,16,9,20,970,306,1.2000000000000002,0.2
2000,5,4,19,30,0,0,0,8,18,970,307,1.2000000000000002,0.2
2000,5,4,20,30,0,0,0,8,17,970,301,1.1,0.2
2000,5,4,21,30,0,0,0,8,16,970,297,1,0.2
2000,5,4,22,30,0,0,0,8,14,970,294,0.9,0.2
2000,5,4,23,30,0,0,0,8,14,970,298,0.8,0.2
2000,5,5,0,30,0,0,0,8,13,970,311,0.7000000000000001,0.2
2000,5,5,1,30,0,0,0,8,12,970,332,0.6000000000000001,0.2
2000,5,5,2,30,0,0,0,8,12,970,15,0.5,0.2
2000,5,5,3,30,0,0,0,8,11,970,336,0.7000000000000001,0.2
2000,5,5,4,30,0,0,0,7,11,970,325,0.7000000000000001,0.2
2000,5,5,5,30,1,29,29,7,11,970,10,0.8,0.2
2000,5,5,6,30,553,68,231,7,13,970,356,1.3,0.2
2000,5,5,7,30,482,156,393,7,14,970,319,1.7000000000000002,0.2
2000,5,5,8,30,688,160,616,6,16,970,316,1.7000000000000002,0.2
2000,5,5,9,30,882,117,824,6,17,970,309,1.7000000000000002,0.2
2000,5,5,10,30,889,136,935,5,19,970,301,1.9000000000000001,0.2
2000,5,5,11,30,898,143,991,5,22,970,291,2.7,0.2
2000,5,5,12,30,903,141,986,4,23,970,281,3.5,0.2
2000,5,5,13,30,878,144,913,3,24,970,283,3.6,0.2
2000,5,5,14,30,841,138,784,2,25,970,288,3.7,0.2
2000,5,5,15,30,637,170,564,2,24,970,294,3.8000000000000003,0.2
2000,5,5,16,30,558,116,360,2,23,970,299,3.5,0.2
2000,5,5,17,30,431,78,181,2,20,970,302,2.2,0.2
2000,5,5,18,30,0,15,15,5,17,970,304,1.2000000000000002,0.2
2000,5,5,19,30,0,0,0,6,15,970,306,1.2000000000000002,0.2
2000,5,5,20,30,0,0,0,6,15,970,304,1.2000000000000002,0.2
2000,5,5,21,30,0,0,0,6,14,970,303,1.3,0.2
2000,5,5,22,30,0,0,0,6,13,970,303,1.3,0.2
2000,5,5,23,30,0,0,0,7,12,970,305,1.2000000000000002,0.2
2000,5,6,0,30,0,0,0,7,11,970,303,1,0.2
2000,5,6,1,30,0,0,0,7,10,970,297,0.9,0.2
2000,5,6,2,30,0,0,0,7,10,970,293,0.9,0.2
2000,5,6,3,30,0,0,0,6,9,970,296,0.8,0.2
2000,5,6,4,30,0,0,0,6,9,970,298,0.7000000000000001,0.2
2000,5,6,5,30,196,35,53,6,11,970,298,0.9,0.2
2000,5,6,6,30,223,110,176,5,13,970,318,1.4000000000000001,0.2
2000,5,6,7,30,414,173,377,5,15,970,310,1.8,0.2
2000,5,6,8,30,498,228,559,4,18,970,300,2,0.2
2000,5,6,9,30,824,152,814,4,20,970,294,2.7,0.2
2000,5,6,10,30,883,140,935,3,22,970,293,3.4000000000000004,0.2
2000,5,6,11,30,905,135,990,2,23,970,295,3.9000000000000004,0.2
2000,5,6,12,30,906,131,981,2,24,970,296,4,0.2
2000,5,6,13,30,542,335,811,2,25,970,296,4.1000000000000005,0.2
2000,5,6,14,30,225,368,541,2,25,970,296,4.2,0.2
2000,5,6,15,30,375,248,481,2,24,970,296,4.3,0.2
2000,5,6,16,30,457,140,341,2,23,970,298,3.9000000000000004,0.2
2000,5,6,17,30,435,75,179,2,20,970,299,2.8000000000000003,0.2
2000,5,6,18,30,49,15,17,4,18,970,299,1.8,0.2
2000,5,6,19,30,0,0,0,5,16,980,300,1.5,0.2
2000,5,6,20,30,0,0,0,6,14,980,299,1.3,0.2
2000,5,6,21,30,0,0,0,6,13,980,295,1.1,0.2
2000,5,6,22,30,0,0,0,6,12,980,292,0.8,0.2
2000,5,6,23,30,0,0,0,6,11,980,292,0.7000000000000001,0.2
2000,5,7,0,30,0,0,0,6,11,980,296,0.7000000000000001,0.2
2000,5,7,1,30,0,0,0,6,11,980,298,0.6000000000000001,0.2
2000,5,7,2,30,0,0,0,6,10,980,299,0.5,0.2
2000,5,7,3,30,0,0,0,6,10,980,290,0.5,0.2
2000,5,7,4,30,0,0,0,6,10,980,287,0.6000000000000001,0.2
2000,5,7,5,30,157,36,52,7,11,980,302,0.9,0.2
2000,5,7,6,30,501,86,237,7,13,980,313,1.4000000000000001,0.2
2000,5,7,7,30,14,172,179,7,15,980,309,2.2,0.2
2000,5,7,8,30,48,280,312,8,18,980,302,3,0.2
2000,5,7,9,30,483,305,695,8,21,980,295,3.7,0.2
2000,5,7,10,30,611,313,864,8,22,980,293,4.2,0.2
2000,5,7,11,30,523,390,886,8,23,980,292,4.6000000000000005,0.2
2000,5,7,12,30,480,401,852,8,24,980,294,4.7,0.2
2000,5,7,13,30,183,442,603,8,24,980,293,4.800000000000001,0.2
2000,5,7,14,30,537,269,683,7,24,980,292,4.800000000000001,0.2
2000,5,7,15,30,386,246,486,7,23,980,292,4.800000000000001,0.2
2000,5,7,16,30,22,161,171,7,22,980,294,4.6000000000000005,0.21
2000,5,7,17,30,152,90,127,8,20,980,294,4.1000000000000005,0.21
2000,5,7,18,30,65,16,19,9,19,980,295,3.9000000000000004,0.21
2000,5,7,19,30,0,0,0,10,18,980,297,4,0.21
2000,5,7,20,30,0,0,0,11,17,980,297,3.9000000000000004,0.21
2000,5,7,21,30,0,0,0,12,16,980,295,3.6,0.21
2000,5,7,22,30,0,0,0,11,15,980,292,3.2,0.21
2000,5,7,23,30,0,0,0,11,14,980,293,2.8000000000000003,0.21
2000,5,8,0,30,0,0,0,11,14,980,293,2.4000000000000004,0.21
2000,5,8,1,30,0,0,0,11,14,980,292,2.2,0.21
2000,5,8,2,30,0,0,0,11,14,980,291,2.1,0.21
2000,5,8,3,30,0,0,0,9,13,980,290,2,0.21
2000,5,8,4,30,0,0,0,9,13,980,292,1.9000000000000001,0.21
2000,5,8,5,30,200,36,56,11,14,980,287,1.9000000000000001,0.21
2000,5,8,6,30,555,79,247,11,14,980,290,2.1,0.21
2000,5,8,7,30,0,46,46,11,15,980,292,2.3000000000000003,0.21
2000,5,8,8,30,0,107,107,11,17,980,293,2.5,0.21
2000,5,8,9,30,0,116,116,11,19,980,294,2.8000000000000003,0.21
2000,5,8,10,30,4,153,157,10,22,980,293,3.5,0.21
2000,5,8,11,30,11,219,229,10,23,980,293,4.3,0.21
2000,5,8,12,30,40,406,444,9,24,980,294,4.800000000000001,0.21
2000,5,8,13,30,11,220,230,9,25,980,297,5.1000000000000005,0.21
2000,5,8,14,30,493,284,665,9,24,980,301,5.1000000000000005,0.21
2000,5,8,15,30,770,125,606,8,23,970,306,4.9,0.21
2000,5,8,16,30,656,107,399,8,22,970,310,4.5,0.21
2000,5,8,17,30,466,74,188,8,20,970,313,3.3000000000000003,0.21
2000,5,8,18,30,62,17,20,9,17,980,313,1.8,0.21
2000,5,8,19,30,0,0,0,10,16,980,314,1.2000000000000002,0.21
2000,5,8,20,30,0,0,0,10,15,980,319,1.1,0.21
2000,5,8,21,30,0,0,0,10,15,980,319,1.1,0.21
2000,5,8,22,30,0,0,0,10,14,980,318,1.1,0.21
2000,5,8,23,30,0,0,0,10,14,980,319,1,0.21
2000,5,9,0,30,0,0,0,9,13,980,324,1,0.21
2000,5,9,1,30,0,0,0,9,12,980,324,1,0.21
2000,5,9,2,30,0,0,0,9,12,980,322,1,0.21
2000,5,9,3,30,0,0,0,9,12,980,319,0.9,0.21
2000,5,9,4,30,0,0,0,9,12,980,317,1,0.21
2000,5,9,5,30,216,38,60,9,13,980,316,1.7000000000000002,0.21
2000,5,9,6,30,564,81,254,10,15,980,319,2.4000000000000004,0.21
2000,5,9,7,30,356,189,366,9,17,980,315,2.9000000000000004,0.21
2000,5,9,8,30,269,301,481,8,19,980,308,3.3000000000000003,0.21
2000,5,9,9,30,907,113,847,8,21,980,302,3.8000000000000003,0.21
2000,5,9,10,30,928,122,962,6,23,970,302,4.3,0.21
2000,5,9,11,30,941,123,1017,5,24,970,302,4.6000000000000005,0.21
2000,5,9,12,30,941,122,1009,5,26,970,303,4.800000000000001,0.21
2000,5,9,13,30,917,124,933,4,27,970,302,5,0.21
2000,5,9,14,30,886,116,802,3,27,970,303,5.2,0.21
2000,5,9,15,30,830,105,624,4,26,970,304,5.4,0.21
2000,5,9,16,30,709,95,411,4,25,970,306,5.2,0.21
2000,5,9,17,30,517,68,196,5,22,970,309,3.7,0.21
2000,5,9,18,30,95,18,22,7,19,970,310,1.9000000000000001,0.21
2000,5,9,19,30,0,0,0,8,17,970,312,1.3,0.21
2000,5,9,20,30,0,0,0,8,16,970,315,1.2000000000000002,0.21
2000,5,9,21,30,0,0,0,8,15,970,315,1.2000000000000002,0.21
2000,5,9,22,30,0,0,0,9,14,970,311,1.2000000000000002,0.21
2000,5,9,23,30,0,0,0,9,13,970,307,1.2000000000000002,0.21
2000,5,10,0,30,0,0,0,9,12,970,309,1.1,0.21
2000,5,10,1,30,0,0,0,8,11,970,311,1,0.21
2000,5,10,2,30,0,0,0,8,11,970,312,1.1,0.21
2000,5,10,3,30,0,0,0,8,11,970,314,1.8,0.21
2000,5,10,4,30,0,0,0,8,11,970,316,2.7,0.21
2000,5,10,5,30,211,40,62,7,11,970,318,3.2,0.21
2000,5,10,6,30,557,83,255,6,11,970,319,3.6,0.21
2000,5,10,7,30,0,132,132,6,13,970,315,3.9000000000000004,0.21
2000,5,10,8,30,0,141,141,5,15,970,308,4.3,0.21
2000,5,10,9,30,11,231,241,4,17,970,304,4.800000000000001,0.21
2000,5,10,10,30,16,294,309,3,18,970,303,5.4,0.21
2000,5,10,11,30,61,446,504,2,19,970,302,5.9,0.21
2000,5,10,12,30,17,309,326,0,20,970,302,6.2,0.21
2000,5,10,13,30,63,409,465,0,21,970,303,6.4,0.21
2000,5,10,14,30,35,315,343,0,20,970,304,6.4,0.21
2000,5,10,15,30,424,238,504,0,19,970,306,6.4,0.21
2000,5,10,16,30,627,125,406,0,18,970,308,6.300000000000001,0.21
2000,5,10,17,30,459,80,195,0,16,970,312,6,0.21
2000,5,10,18,30,90,20,24,1,14,970,317,5.1000000000000005,0.21
2000,5,10,19,30,0,0,0,1,12,970,320,4.3,0.21
2000,5,10,20,30,0,0,0,0,11,970,318,3.5,0.21
2000,5,10,21,30,0,0,0,0,10,970,314,2.7,0.21
2000,5,10,22,30,0,0,0,0,8,970,310,2,0.21
2000,5,10,23,30,0,0,0,0,7,970,308,1.7000000000000002,0.21
2000,5,11,0,30,0,0,0,0,6,970,308,1.4000000000000001,0.21
2000,5,11,1,30,0,0,0,1,5,970,308,1.2000000000000002,0.21
2000,5,11,2,30,0,0,0,1,5,980,312,1.1,0.21
2000,5,11,3,30,0,0,0,1,5,980,316,1.1,0.21
2000,5,11,4,30,0,0,0,1,5,980,322,1.4000000000000001,0.21
2000,5,11,5,30,0,25,25,1,7,980,324,2.2,0.21
2000,5,11,6,30,611,82,272,1,9,980,324,3.2,0.21
2000,5,11,7,30,776,106,496,0,11,980,320,3.8000000000000003,0.21
2000,5,11,8,30,872,117,706,-1,14,980,312,4.3,0.21
2000,5,11,9,30,927,124,878,-2,16,980,306,4.800000000000001,0.21
2000,5,11,10,30,941,138,992,-3,17,980,303,5.300000000000001,0.21
2000,5,11,11,30,955,139,1049,-3,18,980,304,5.6000000000000005,0.21
2000,5,11,12,30,957,137,1041,-4,19,980,306,5.800000000000001,0.21
2000,5,11,13,30,933,139,965,-5,20,980,310,5.7,0.21
2000,5,11,14,30,894,135,830,-6,20,980,315,5.6000000000000005,0.21
2000,5,11,15,30,831,124,647,-6,19,980,319,5.5,0.21
2000,5,11,16,30,705,111,428,-6,18,980,322,5.1000000000000005,0.21
2000,5,11,17,30,489,81,204,-6,16,980,324,3.6,0.21
2000,5,11,18,30,65,21,24,-3,13,980,322,1.9000000000000001,0.21
2000,5,11,19,30,0,0,0,-1,10,980,325,1.2000000000000002,0.21
2000,5,11,20,30,0,0,0,-1,10,980,331,1,0.21
2000,5,11,21,30,0,0,0,0,10,980,340,0.9,0.21
2000,5,11,22,30,0,0,0,0,9,980,357,0.8,0.21
2000,5,11,23,30,0,0,0,0,9,980,28,0.8,0.21
2000,5,12,0,30,0,0,0,-1,8,980,58,0.9,0.21
2000,5,12,1,30,0,0,0,-1,8,980,66,1,0.21
2000,5,12,2,30,0,0,0,-2,8,980,69,1.1,0.21
2000,5,12,3,30,0,0,0,-2,7,980,79,1.2000000000000002,0.21
2000,5,12,4,30,0,0,0,-3,7,980,82,1.2000000000000002,0.21
2000,5,12,5,30,226,43,68,-2,9,980,84,1.5,0.21
2000,5,12,6,30,586,88,271,-3,14,980,84,2.1,0.21
2000,5,12,7,30,761,110,495,-6,19,980,90,2.9000000000000004,0.21
2000,5,12,8,30,837,133,700,-12,22,980,106,3.3000000000000003,0.21
2000,5,12,9,30,876,153,866,-13,25,980,118,3.2,0.21
2000,5,12,10,30,913,156,985,-14,26,980,124,3.1,0.21
2000,5,12,11,30,923,159,1040,-14,27,980,130,2.8000000000000003,0.21
2000,5,12,12,30,920,159,1029,-14,28,980,141,2.3000000000000003,0.21
2000,5,12,13,30,907,150,954,-13,29,980,156,1.7000000000000002,0.21
2000,5,12,14,30,873,141,820,-13,28,980,182,1.3,0.21
2000,5,12,15,30,814,125,639,-13,27,970,229,1.4000000000000001,0.21
2000,5,12,16,30,703,108,425,-13,26,970,277,1.5,0.21
2000,5,12,17,30,486,80,203,-8,22,970,308,1.2000000000000002,0.21
2000,5,12,18,30,78,21,26,0,18,970,335,1,0.21
2000,5,12,19,30,0,0,0,-1,17,980,355,1.1,0.21
2000,5,12,20,30,0,0,0,-1,16,980,13,0.9,0.21
2000,5,12,21,30,0,0,0,-1,16,980,29,0.8,0.21
2000,5,12,22,30,0,0,0,-2,15,980,51,0.8,0.21
2000,5,12,23,30,0,0,0,-2,14,980,78,0.9,0.21
2000,5,13,0,30,0,0,0,-1,13,970,86,1.1,0.21
2000,5,13,1,30,0,0,0,-1,12,970,88,1.2000000000000002,0.21
2000,5,13,2,30,0,0,0,-1,11,970,90,1.3,0.21
2000,5,13,3,30,0,0,0,-2,11,970,91,1.3,0.21
2000,5,13,4,30,0,0,0,-3,11,970,94,1.2000000000000002,0.21
2000,5,13,5,30,217,43,68,-2,14,970,98,1.2000000000000002,0.21
2000,5,13,6,30,548,92,264,-2,19,970,103,1.4000000000000001,0.21
2000,5,13,7,30,747,110,489,-5,23,970,136,1.5,0.21
2000,5,13,8,30,842,123,695,-8,26,970,203,1.9000000000000001,0.21
2000,5,13,9,30,900,130,864,-9,27,970,221,2.3000000000000003,0.21
2000,5,13,10,30,943,127,985,-9,29,970,235,2.6,0.21
2000,5,13,11,30,954,130,1041,-9,30,970,247,2.7,0.21
2000,5,13,12,30,950,132,1032,-9,30,970,254,2.7,0.21
2000,5,13,13,30,930,131,957,-9,31,970,261,2.7,0.21
2000,5,13,14,30,890,128,823,-9,30,970,268,2.8000000000000003,0.21
2000,5,13,15,30,827,118,641,-9,29,970,277,2.8000000000000003,0.21
2000,5,13,16,30,727,99,429,-9,28,970,287,2.8000000000000003,0.21
2000,5,13,17,30,539,71,209,-6,24,970,298,2,0.21
2000,5,13,18,30,123,21,28,0,20,970,307,1.4000000000000001,0.21
2000,5,13,19,30,0,0,0,0,17,970,310,1.3,0.21
2000,5,13,20,30,0,0,0,0,16,970,324,1.3,0.21
2000,5,13,21,30,0,0,0,0,15,970,350,1.2000000000000002,0.21
2000,5,13,22,30,0,0,0,1,13,970,13,1.1,0.21
2000,5,13,23,30,0,0,0,1,13,970,22,1,0.21
2000,5,14,0,30,0,0,0,0,13,970,9,1,0.21
2000,5,14,1,30,0,0,0,0,13,970,354,0.9,0.21
2000,5,14,2,30,0,0,0,1,12,970,360,0.9,0.21
2000,5,14,3,30,0,0,0,1,12,970,14,0.9,0.21
2000,5,14,4,30,0,0,0,0,12,970,23,0.8,0.21
2000,5,14,5,30,189,42,63,1,14,970,27,0.9,0.21
2000,5,14,6,30,0,95,95,1,16,970,21,1.2000000000000002,0.21
2000,5,14,7,30,3,158,160,0,18,970,5,1.1,0.21
2000,5,14,8,30,61,295,337,-1,20,970,328,1.2000000000000002,0.21
2000,5,14,9,30,396,346,669,-2,22,970,296,1.8,0.21
2000,5,14,10,30,541,356,849,-5,23,970,285,2.1,0.21
2000,5,14,11,30,647,322,941,-5,24,970,286,2.2,0.21
2000,5,14,12,30,223,481,693,-6,25,970,288,2.4000000000000004,0.21
2000,5,14,13,30,365,400,725,-6,26,970,294,2.8000000000000003,0.21
2000,5,14,14,30,486,289,670,-6,26,970,295,3.4000000000000004,0.21
2000,5,14,15,30,483,218,524,-6,25,970,303,3.8000000000000003,0.21
2000,5,14,16,30,536,127,372,-5,23,970,317,3.7,0.21
2000,5,14,17,30,557,56,201,-2,20,970,329,3.2,0.21
2000,5,14,18,30,0,16,16,1,18,970,330,2.3000000000000003,0.21
2000,5,14,19,30,0,0,0,2,16,970,327,1.7000000000000002,0.21
2000,5,14,20,30,0,0,0,3,15,970,327,1.3,0.21
2000,5,14,21,30,0,0,0,4,14,970,331,1,0.21
2000,5,14,22,30,0,0,0,5,13,970,341,0.8,0.21
2000,5,14,23,30,0,0,0,6,13,970,354,0.7000000000000001,0.21
2000,5,15,0,30,0,0,0,6,13,970,6,0.7000000000000001,0.21
2000,5,15,1,30,0,0,0,6,13,970,8,0.7000000000000001,0.21
2000,5,15,2,30,0,0,0,6,12,970,356,0.8,0.21
2000,5,15,3,30,0,0,0,6,12,970,348,0.8,0.21
2000,5,15,4,30,0,0,0,6,12,970,350,0.8,0.21
2000,5,15,5,30,0,35,35,6,14,970,354,1.3,0.21
2000,5,15,6,30,42,119,133,7,16,970,350,1.9000000000000001,0.21
2000,5,15,7,30,705,117,477,8,19,970,325,2.1,0.21
2000,5,15,8,30,789,136,673,9,20,970,301,2.3000000000000003,0.21
2000,5,15,9,30,831,153,833,8,22,970,283,2.5,0.21
2000,5,15,10,30,851,166,942,8,23,970,277,3,0.21
2000,5,15,11,30,851,177,992,7,24,970,277,3.4000000000000004,0.21
2000,5,15,12,30,860,169,986,7,25,970,280,4,0.21
2000,5,15,13,30,842,165,915,6,25,970,285,4.5,0.21
2000,5,15,14,30,24,293,312,5,24,970,285,5,0.21
2000,5,15,15,30,777,127,621,4,23,970,284,5.300000000000001,0.21
2000,5,15,16,30,140,193,257,4,21,970,284,5.2,0.21
2000,5,15,17,30,0,3,3,4,19,970,286,4.6000000000000005,0.21
2000,5,15,18,30,0,0,0,5,16,970,290,4.2,0.21
2000,5,15,19,30,0,0,0,6,14,970,293,4.3,0.21
2000,5,15,20,30,0,0,0,6,13,970,290,4.2,0.21
2000,5,15,21,30,0,0,0,7,11,970,289,3.7,0.21
2000,5,15,22,30,0,0,0,7,11,970,288,3.1,0.21
2000,5,15,23,30,0,0,0,7,11,970,286,2.9000000000000004,0.21
2000,5,16,0,30,0,0,0,7,10,970,281,3.1,0.21
2000,5,16,1,30,0,0,0,7,10,970,279,3.1,0.21
2000,5,16,2,30,0,0,0,7,10,970,276,3.2,0.21
2000,5,16,3,30,0,0,0,6,9,970,277,3.3000000000000003,0.21
2000,5,16,4,30,0,0,0,6,9,970,280,3.5,0.21
2000,5,16,5,30,312,39,76,6,9,970,285,3.9000000000000004,0.21
2000,5,16,6,30,0,43,43,6,10,970,285,4.2,0.21
2000,5,16,7,30,143,222,296,5,11,970,286,4.3,0.21
2000,5,16,8,30,89,309,371,5,12,970,290,4.3,0.21
2000,5,16,9,30,0,66,66,4,14,970,297,4.2,0.21
2000,5,16,10,30,123,458,571,3,16,970,296,4.5,0.21
2000,5,16,11,30,0,102,102,3,17,970,297,5.1000000000000005,0.21
2000,5,16,12,30,17,303,319,2,18,970,302,5.5,0.21
2000,5,16,13,30,321,420,707,2,18,970,305,5.5,0.21
2000,5,16,14,30,413,320,645,2,18,970,306,5.5,0.21
2000,5,16,15,30,462,227,522,2,18,970,307,5.4,0.21
2000,5,16,16,30,310,184,326,2,17,970,309,5.1000000000000005,0.21
2000,5,16,17,30,527,70,209,3,16,970,312,4.4,0.21
2000,5,16,18,30,125,24,32,3,14,970,313,3.3000000000000003,0.21
2000,5,16,19,30,0,0,0,4,13,980,315,2.7,0.21
2000,5,16,20,30,0,0,0,5,12,980,318,2.8000000000000003,0.21
2000,5,16,21,30,0,0,0,6,11,980,318,2.8000000000000003,0.21
2000,5,16,22,30,0,0,0,7,11,980,318,2.7,0.21
2000,5,16,23,30,0,0,0,7,11,980,313,2.7,0.21
2000,5,17,0,30,0,0,0,8,11,980,307,2.7,0.21
2000,5,17,1,30,0,0,0,8,10,980,305,2.8000000000000003,0.21
2000,5,17,2,30,0,0,0,7,10,980,307,2.8000000000000003,0.21
2000,5,17,3,30,0,0,0,7,10,980,310,2.8000000000000003,0.21
2000,5,17,4,30,0,0,0,7,10,980,311,2.8000000000000003,0.21
2000,5,17,5,30,0,13,13,7,10,980,313,2.8000000000000003,0.21
2000,5,17,6,30,0,49,49,7,11,980,312,3,0.21
2000,5,17,7,30,554,143,428,7,12,980,310,3.3000000000000003,0.21
2000,5,17,8,30,95,312,377,7,13,980,311,3.3000000000000003,0.21
2000,5,17,9,30,43,349,385,7,15,980,309,3.3000000000000003,0.21
2000,5,17,10,30,5,165,170,7,18,980,302,3.6,0.21
2000,5,17,11,30,403,421,808,7,20,980,296,4,0.21
2000,5,17,12,30,198,486,675,7,21,970,293,4.3,0.21
2000,5,17,13,30,72,421,485,6,22,970,293,4.6000000000000005,0.21
2000,5,17,14,30,50,341,381,6,22,970,295,4.800000000000001,0.21
2000,5,17,15,30,0,153,153,6,21,970,296,4.6000000000000005,0.21
2000,5,17,16,30,0,98,98,7,20,970,300,4.1000000000000005,0.21
2000,5,17,17,30,11,92,95,7,18,970,306,3,0.21
2000,5,17,18,30,105,25,32,8,15,970,308,1.5,0.21
2000,5,17,19,30,0,0,0,8,14,980,308,0.9,0.21
2000,5,17,20,30,0,0,0,8,13,980,316,0.9,0.21
2000,5,17,21,30,0,0,0,8,13,980,323,0.8,0.21
2000,5,17,22,30,0,0,0,8,13,980,326,0.7000000000000001,0.21
2000,5,17,23,30,0,0,0,8,13,980,330,0.6000000000000001,0.21
2000,5,18,0,30,0,0,0,8,12,980,350,0.6000000000000001,0.21
2000,5,18,1,30,0,0,0,7,11,970,34,0.7000000000000001,0.21
2000,5,18,2,30,0,0,0,7,11,970,71,0.9,0.21
2000,5,18,3,30,0,0,0,6,10,980,91,1,0.21
2000,5,18,4,30,0,0,0,6,10,980,98,1,0.21
2000,5,18,5,30,200,47,72,6,13,980,97,1.7000000000000002,0.21
2000,5,18,6,30,515,97,264,6,18,980,92,2.3000000000000003,0.21
2000,5,18,7,30,683,125,477,5,22,980,85,1.9000000000000001,0.21
2000,5,18,8,30,779,142,676,4,26,980,74,1,0.21
2000,5,18,9,30,835,153,839,3,29,980,327,1,0.21
2000,5,18,10,30,864,161,952,3,30,980,277,2,0.21
2000,5,18,11,30,867,171,1004,3,31,980,275,2.9000000000000004,0.21
2000,5,18,12,30,857,175,992,3,31,980,278,3.5,0.21
2000,5,18,13,30,842,168,921,3,30,980,282,3.9000000000000004,0.21
2000,5,18,14,30,806,158,793,3,29,980,286,4,0.21
2000,5,18,15,30,743,143,619,3,28,980,294,4.1000000000000005,0.21
2000,5,18,16,30,634,121,415,3,26,980,304,3.8000000000000003,0.21
2000,5,18,17,30,446,86,205,4,24,980,312,2.5,0.21
2000,5,18,18,30,76,26,31,5,20,980,318,1.2000000000000002,0.21
2000,5,18,19,30,0,0,0,6,19,980,344,0.9,0.21
2000,5,18,20,30,0,0,0,6,19,980,9,0.8,0.21
2000,5,18,21,30,0,0,0,5,19,980,21,0.5,0.21
2000,5,18,22,30,0,0,0,5,18,980,45,0.30000000000000004,0.21
2000,5,18,23,30,0,0,0,5,18,980,143,0.2,0.21
2000,5,19,0,30,0,0,0,5,17,980,185,0.2,0.21
2000,5,19,1,30,0,0,0,5,16,980,254,0.30000000000000004,0.21
2000,5,19,2,30,0,0,0,5,15,980,305,0.30000000000000004,0.21
2000,5,19,3,30,0,0,0,5,15,980,360,0.4,0.21
2000,5,19,4,30,0,0,0,5,15,980,102,0.7000000000000001,0.21
2000,5,19,5,30,199,47,73,6,16,980,109,1.1,0.21
2000,5,19,6,30,510,96,262,6,19,980,108,1.5,0.21
2000,5,19,7,30,667,126,471,6,22,980,96,1.3,0.21
2000,5,19,8,30,648,182,627,6,25,980,91,1,0.21
2000,5,19,9,30,685,226,790,5,28,980,114,0.9,0.21
2000,5,19,10,30,579,338,868,4,31,980,160,1,0.21
2000,5,19,11,30,549,383,911,3,33,980,206,1.3,0.21
2000,5,19,12,30,644,321,935,3,34,980,241,1.9000000000000001,0.21
2000,5,19,13,30,879,137,924,3,35,980,263,2.4000000000000004,0.21
2000,5,19,14,30,845,130,797,3,34,970,279,2.9000000000000004,0.21
2000,5,19,15,30,782,121,623,3,33,970,292,3.4000000000000004,0.21
2000,5,19,16,30,656,112,417,3,31,970,304,3.7,0.21
2000,5,19,17,30,470,81,208,4,28,980,315,3,0.21
2000,5,19,18,30,108,27,34,6,24,980,328,1.7000000000000002,0.21
2000,5,19,19,30,0,0,0,6,21,980,344,1,0.21
2000,5,19,20,30,0,0,0,6,21,980,0,0.9,0.21
2000,5,19,21,30,0,0,0,6,22,980,10,0.6000000000000001,0.21
2000,5,19,22,30,0,0,0,6,21,980,10,0.30000000000000004,0.21
2000,5,19,23,30,0,0,0,6,20,980,268,0.2,0.21
2000,5,20,0,30,0,0,0,6,19,980,214,0.2,0.21
2000,5,20,1,30,0,0,0,6,19,970,194,0.2,0.21
2000,5,20,2,30,0,0,0,6,18,970,98,0.30000000000000004,0.21
2000,5,20,3,30,0,0,0,6,17,970,85,0.6000000000000001,0.21
2000,5,20,4,30,0,0,0,6,17,980,95,0.7000000000000001,0.21
2000,5,20,5,30,159,51,71,6,19,980,101,1,0.21
2000,5,20,6,30,456,110,259,6,23,980,106,1.2000000000000002,0.21
2000,5,20,7,30,638,139,470,5,27,980,97,1,0.21
2000,5,20,8,30,741,158,668,5,31,980,119,0.8,0.21
2000,5,20,9,30,809,166,833,2,35,970,171,1.1,0.21
2000,5,20,10,30,856,164,949,2,36,970,215,1.6,0.21
2000,5,20,11,30,874,163,1004,2,37,970,241,2.1,0.21
2000,5,20,12,30,873,161,994,2,38,970,258,2.7,0.21
2000,5,20,13,30,872,144,926,2,38,970,272,3.3000000000000003,0.21
2000,5,20,14,30,833,138,796,2,37,970,286,3.9000000000000004,0.21
2000,5,20,15,30,770,126,622,3,36,970,299,4.3,0.21
2000,5,20,16,30,680,104,421,4,34,970,311,4.4,0.21
2000,5,20,17,30,371,90,191,4,31,970,322,3.2,0.21
2000,5,20,18,30,128,27,36,7,27,970,332,1.6,0.21
2000,5,20,19,30,0,0,0,7,24,970,346,1.1,0.21
2000,5,20,20,30,0,0,0,8,24,970,2,1,0.21
2000,5,20,21,30,0,0,0,7,24,970,13,0.7000000000000001,0.21
2000,5,20,22,30,0,0,0,7,24,970,7,0.30000000000000004,0.21
2000,5,20,23,30,0,0,0,8,23,970,262,0.2,0.21
2000,5,21,0,30,0,0,0,7,21,970,216,0.30000000000000004,0.21
2000,5,21,1,30,0,0,0,7,20,970,135,0.4,0.21
2000,5,21,2,30,0,0,0,7,19,970,93,0.7000000000000001,0.21
2000,5,21,3,30,0,0,0,7,19,970,90,1,0.21
2000,5,21,4,30,0,0,0,6,19,970,92,1,0.21
2000,5,21,5,30,239,47,78,7,22,970,95,1.2000000000000002,0.21
2000,5,21,6,30,546,93,272,6,26,970,99,1.4000000000000001,0.21
2000,5,21,7,30,715,115,487,5,30,970,98,1.1,0.21
2000,5,21,8,30,800,134,685,3,34,970,122,0.9,0.21
2000,5,21,9,30,850,145,846,1,37,970,186,1.1,0.21
2000,5,21,10,30,894,142,963,0,38,970,221,1.7000000000000002,0.21
2000,5,21,11,30,899,148,1014,0,39,970,244,2.3000000000000003,0.21
2000,5,21,12,30,891,150,1002,0,40,970,263,3,0.21
2000,5,21,13,30,871,146,928,1,40,970,280,3.9000000000000004,0.21
2000,5,21,14,30,832,139,797,1,39,970,295,4.7,0.21
2000,5,21,15,30,772,125,623,2,37,970,307,5,0.21
2000,5,21,16,30,681,104,423,3,36,970,317,4.800000000000001,0.21
2000,5,21,17,30,504,76,214,3,32,970,325,3.1,0.21
2000,5,21,18,30,137,28,38,6,28,970,330,1.4000000000000001,0.21
2000,5,21,19,30,0,0,0,7,27,970,344,1,0.21
2000,5,21,20,30,0,0,0,7,27,970,353,0.8,0.21
2000,5,21,21,30,0,0,0,7,26,970,353,0.4,0.21
2000,5,21,22,30,0,0,0,7,25,970,292,0.30000000000000004,0.21
2000,5,21,23,30,0,0,0,7,24,970,198,0.4,0.21
2000,5,22,0,30,0,0,0,7,23,970,174,0.4,0.21
2000,5,22,1,30,0,0,0,7,22,970,127,0.5,0.21
2000,5,22,2,30,0,0,0,7,21,970,99,0.6000000000000001,0.21
2000,5,22,3,30,0,0,0,8,20,970,91,0.7000000000000001,0.21
2000,5,22,4,30,0,0,0,8,20,970,91,0.7000000000000001,0.21
2000,5,22,5,30,286,43,81,8,23,970,94,0.8,0.21
2000,5,22,6,30,583,82,274,9,26,970,96,0.7000000000000001,0.21
2000,5,22,7,30,731,104,485,9,29,970,319,0.9,0.21
2000,5,22,8,30,815,119,682,9,32,970,297,1.6,0.21
2000,5,22,9,30,864,130,843,8,35,970,288,1.9000000000000001,0.21
2000,5,22,10,30,897,132,956,7,38,970,280,2.3000000000000003,0.21
2000,5,22,11,30,905,137,1009,6,39,970,272,3.1,0.21
2000,5,22,12,30,900,138,999,5,40,970,273,3.7,0.21
2000,5,22,13,30,877,138,926,5,40,970,280,4.2,0.21
2000,5,22,14,30,841,132,798,5,39,970,290,4.4,0.21
2000,5,22,15,30,782,120,626,5,38,970,299,4.4,0.21
2000,5,22,16,30,681,104,425,5,37,970,310,3.9000000000000004,0.21
2000,5,22,17,30,502,77,216,5,33,970,320,2.4000000000000004,0.21
2000,5,22,18,30,138,28,39,8,30,970,328,1.2000000000000002,0.21
2000,5,22,19,30,0,0,0,8,28,970,334,0.9,0.21
2000,5,22,20,30,0,0,0,8,27,970,323,0.7000000000000001,0.21
2000,5,22,21,30,0,0,0,8,26,970,296,0.7000000000000001,0.21
2000,5,22,22,30,0,0,0,8,24,970,297,0.7000000000000001,0.21
2000,5,22,23,30,0,0,0,8,24,970,309,0.6000000000000001,0.21
2000,5,23,0,30,0,0,0,8,23,970,342,0.5,0.21
2000,5,23,1,30,0,0,0,8,22,970,35,0.7000000000000001,0.21
2000,5,23,2,30,0,0,0,8,20,970,52,0.8,0.21
2000,5,23,3,30,0,0,0,9,20,970,61,0.9,0.21
2000,5,23,4,30,0,0,0,9,20,970,67,0.8,0.21
2000,5,23,5,30,268,45,81,9,22,970,85,1,0.21
2000,5,23,6,30,567,86,274,9,25,970,110,0.8,0.21
2000,5,23,7,30,699,116,481,9,29,970,194,1,0.21
2000,5,23,8,30,789,131,677,9,32,970,272,2.3000000000000003,0.21
2000,5,23,9,30,842,142,838,8,35,970,279,3.3000000000000003,0.21
2000,5,23,10,30,867,152,949,6,37,970,285,4.1000000000000005,0.21
2000,5,23,11,30,881,154,1004,5,38,970,286,4.5,0.21
2000,5,23,12,30,881,152,996,5,39,970,290,4.5,0.21
2000,5,23,13,30,854,155,923,4,39,970,296,4.4,0.21
2000,5,23,14,30,823,144,798,4,38,970,301,4.4,0.21
2000,5,23,15,30,767,130,626,4,37,970,304,4.6000000000000005,0.21
2000,5,23,16,30,669,110,425,4,36,970,308,4.6000000000000005,0.22
2000,5,23,17,30,496,79,217,4,33,970,312,3.4000000000000004,0.22
2000,5,23,18,30,151,29,41,6,29,970,314,1.7000000000000002,0.22
2000,5,23,19,30,0,0,0,8,26,970,306,1.1,0.22
2000,5,23,20,30,0,0,0,8,25,970,281,0.9,0.22
2000,5,23,21,30,0,0,0,9,24,970,263,0.8,0.22
2000,5,23,22,30,0,0,0,10,23,970,270,0.6000000000000001,0.22
2000,5,23,23,30,0,0,0,10,22,970,323,0.6000000000000001,0.22
2000,5,24,0,30,0,0,0,11,22,970,4,0.7000000000000001,0.22
2000,5,24,1,30,0,0,0,11,21,970,7,0.7000000000000001,0.22
2000,5,24,2,30,0,0,0,11,20,970,360,0.6000000000000001,0.22
2000,5,24,3,30,0,0,0,11,20,970,356,0.5,0.22
2000,5,24,4,30,0,0,0,11,20,970,358,0.4,0.22
2000,5,24,5,30,241,47,79,11,21,970,353,0.6000000000000001,0.22
2000,5,24,6,30,525,93,268,11,24,970,311,1.1,0.22
2000,5,24,7,30,679,119,475,11,26,970,292,1.6,0.22
2000,5,24,8,30,766,137,667,11,29,970,287,2.1,0.22
2000,5,24,9,30,817,150,826,11,31,970,285,2.9000000000000004,0.22
2000,5,24,10,30,875,138,943,11,32,970,286,3.7,0.22
2000,5,24,11,30,885,141,996,12,33,970,289,4.3,0.22
2000,5,24,12,30,881,142,987,11,34,970,292,4.7,0.22
2000,5,24,13,30,601,316,857,11,34,970,295,5,0.22
2000,5,24,14,30,470,301,674,11,33,970,300,5,0.22
2000,5,24,15,30,257,288,456,11,32,970,305,4.800000000000001,0.22
2000,5,24,16,30,288,187,323,12,30,970,306,4.5,0.22
2000,5,24,17,30,379,85,191,12,29,970,306,3.9000000000000004,0.22
2000,5,24,18,30,73,29,34,12,27,970,307,2.8000000000000003,0.22
2000,5,24,19,30,0,0,0,12,25,970,304,1.8,0.22
2000,5,24,20,30,0,0,0,13,23,970,297,1.4000000000000001,0.22
2000,5,24,21,30,0,0,0,13,22,970,286,1.7000000000000002,0.22
2000,5,24,22,30,0,0,0,13,21,970,286,2.1,0.22
2000,5,24,23,30,0,0,0,13,20,970,292,2.2,0.22
2000,5,25,0,30,0,0,0,13,18,970,299,2.2,0.22
2000,5,25,1,30,0,0,0,13,17,970,307,1.9000000000000001,0.22
2000,5,25,2,30,0,0,0,12,16,970,322,1.6,0.22
2000,5,25,3,30,0,0,0,12,16,970,336,1.5,0.22
2000,5,25,4,30,0,0,0,12,16,970,340,1.6,0.22
2000,5,25,5,30,284,47,85,11,16,970,330,2,0.22
2000,5,25,6,30,586,83,279,10,18,970,315,2.5,0.22
2000,5,25,7,30,744,100,490,10,20,970,306,2.7,0.22
2000,5,25,8,30,831,110,686,9,22,970,298,3,0.22
2000,5,25,9,30,882,117,848,7,25,970,291,3.6,0.22
2000,5,25,10,30,917,117,962,6,26,970,289,4.1000000000000005,0.22
2000,5,25,11,30,927,121,1017,6,27,970,291,4.4,0.22
2000,5,25,12,30,915,128,1006,5,28,970,291,4.7,0.22
2000,5,25,13,30,700,258,889,5,28,970,292,5.1000000000000005,0.22
2000,5,25,14,30,850,128,805,4,28,970,295,5.300000000000001,0.22
2000,5,25,15,30,833,99,641,4,27,970,298,5.4,0.22
2000,5,25,16,30,760,81,442,4,26,970,299,5.6000000000000005,0.22
2000,5,25,17,30,592,64,230,4,25,970,299,5.4,0.22
2000,5,25,18,30,227,28,47,5,23,970,301,4.7,0.22
2000,5,25,19,30,0,0,0,5,21,970,302,4.3,0.22
2000,5,25,20,30,0,0,0,6,20,970,304,4.5,0.22
2000,5,25,21,30,0,0,0,7,19,970,302,4.5,0.22
2000,5,25,22,30,0,0,0,8,18,970,301,4.1000000000000005,0.22
2000,5,25,23,30,0,0,0,8,16,970,307,3.2,0.22
2000,5,26,0,30,0,0,0,8,15,970,311,2.4000000000000004,0.22
2000,5,26,1,30,0,0,0,8,15,970,303,2.3000000000000003,0.22
2000,5,26,2,30,0,0,0,7,14,970,303,2.3000000000000003,0.22
2000,5,26,3,30,0,0,0,7,14,970,307,2,0.22
2000,5,26,4,30,0,0,0,7,14,970,311,1.6,0.22
2000,5,26,5,30,352,42,90,7,15,970,315,1.9000000000000001,0.22
2000,5,26,6,30,640,73,288,7,18,970,315,2.4000000000000004,0.22
2000,5,26,7,30,765,96,498,7,20,970,307,2.8000000000000003,0.22
2000,5,26,8,30,846,109,696,7,22,970,304,3,0.22
2000,5,26,9,30,895,116,858,8,25,970,297,3.4000000000000004,0.22
2000,5,26,10,30,928,115,971,7,27,970,294,4,0.22
2000,5,26,11,30,939,115,1023,7,28,970,294,4.5,0.22
2000,5,26,12,30,937,114,1014,7,29,970,298,4.800000000000001,0.22
2000,5,26,13,30,915,117,943,6,30,970,301,4.800000000000001,0.22
2000,5,26,14,30,883,112,817,6,30,970,304,4.800000000000001,0.22
2000,5,26,15,30,834,101,645,6,29,970,308,4.800000000000001,0.22
2000,5,26,16,30,730,93,441,6,28,970,312,4.800000000000001,0.22
2000,5,26,17,30,578,68,232,6,26,970,315,3.8000000000000003,0.22
2000,5,26,18,30,242,29,49,7,23,970,314,2,0.22
2000,5,26,19,30,0,0,0,7,21,970,310,1.1,0.22
2000,5,26,20,30,0,0,0,7,20,970,315,1,0.22
2000,5,26,21,30,0,0,0,8,19,970,318,1,0.22
2000,5,26,22,30,0,0,0,8,18,970,318,0.9,0.22
2000,5,26,23,30,0,0,0,8,18,970,318,0.8,0.22
2000,5,27,0,30,0,0,0,9,17,970,323,0.8,0.22
2000,5,27,1,30,0,0,0,9,17,970,330,0.7000000000000001,0.22
2000,5,27,2,30,0,0,0,10,16,970,338,0.7000000000000001,0.22
2000,5,27,3,30,0,0,0,10,16,970,347,0.6000000000000001,0.22
2000,5,27,4,30,0,0,0,10,16,970,2,0.6000000000000001,0.22
2000,5,27,5,30,347,42,90,10,18,970,25,0.8,0.22
2000,5,27,6,30,625,75,285,10,22,970,40,0.7000000000000001,0.22
2000,5,27,7,30,771,91,496,9,26,970,99,0.5,0.22
2000,5,27,8,30,842,105,689,9,30,970,173,0.8,0.22
2000,5,27,9,30,882,116,847,8,33,970,229,1.6,0.22
2000,5,27,10,30,908,119,957,7,36,970,248,2.4000000000000004,0.22
2000,5,27,11,30,915,123,1009,6,37,970,260,3,0.22
2000,5,27,12,30,912,123,999,6,38,970,273,3.7,0.22
2000,5,27,13,30,905,114,931,6,37,970,284,4.2,0.22
2000,5,27,14,30,875,107,806,7,36,970,295,4.5,0.22
2000,5,27,15,30,826,97,637,7,35,970,304,4.5,0.22
2000,5,27,16,30,748,82,440,7,34,970,311,4.2,0.22
2000,5,27,17,30,604,61,233,8,31,970,317,3,0.22
2000,5,27,18,30,282,27,52,8,28,970,325,1.6,0.22
2000,5,27,19,30,0,0,0,8,25,970,338,1,0.22
2000,5,27,20,30,0,0,0,8,24,970,352,1,0.22
2000,5,27,21,30,0,0,0,8,23,970,4,1,0.22
2000,5,27,22,30,0,0,0,7,22,970,357,1,0.22
2000,5,27,23,30,0,0,0,7,21,970,339,1,0.22
2000,5,28,0,30,0,0,0,7,20,970,337,0.9,0.22
2000,5,28,1,30,0,0,0,7,20,970,343,0.8,0.22
2000,5,28,2,30,0,0,0,8,19,970,353,0.5,0.22
2000,5,28,3,30,0,0,0,8,18,970,27,0.4,0.22
2000,5,28,4,30,0,0,0,9,18,970,89,0.5,0.22
2000,5,28,5,30,399,40,95,9,20,970,99,0.7000000000000001,0.22
2000,5,28,6,30,669,69,295,9,23,970,81,0.7000000000000001,0.22
2000,5,28,7,30,790,90,506,8,26,970,341,1.2000000000000002,0.22
2000,5,28,8,30,865,101,702,7,29,970,302,2.2,0.22
2000,5,28,9,30,907,110,863,7,31,970,291,3,0.22
2000,5,28,10,30,932,114,975,6,33,970,291,3.6,0.22
2000,5,28,11,30,942,116,1028,6,34,970,296,3.8000000000000003,0.22
2000,5,28,12,30,940,115,1019,6,35,970,302,3.9000000000000004,0.22
2000,5,28,13,30,925,112,949,5,36,970,304,3.8000000000000003,0.22
2000,5,28,14,30,901,103,824,4,36,970,306,3.7,0.22
2000,5,28,15,30,856,93,654,4,35,970,308,3.6,0.22
2000,5,28,16,30,788,76,455,3,34,970,309,3.5,0.22
2000,5,28,17,30,645,58,244,3,31,970,312,2.5,0.22
2000,5,28,18,30,308,28,55,4,28,970,318,1.4000000000000001,0.22
2000,5,28,19,30,0,0,0,4,25,970,326,1.2000000000000002,0.22
2000,5,28,20,30,0,0,0,4,24,970,328,1.2000000000000002,0.22
2000,5,28,21,30,0,0,0,4,23,970,326,1.2000000000000002,0.22
2000,5,28,22,30,0,0,0,4,22,970,326,1.2000000000000002,0.22
2000,5,28,23,30,0,0,0,4,21,970,331,1.1,0.22
2000,5,29,0,30,0,0,0,4,21,970,332,1,0.22
2000,5,29,1,30,0,0,0,4,20,970,327,0.9,0.22
2000,5,29,2,30,0,0,0,4,19,970,318,0.7000000000000001,0.22
2000,5,29,3,30,0,0,0,4,18,970,315,0.6000000000000001,0.22
2000,5,29,4,30,0,0,0,5,18,970,332,0.4,0.22
2000,5,29,5,30,430,38,98,5,19,970,22,0.5,0.22
2000,5,29,6,30,691,65,299,4,21,970,355,1.1,0.22
2000,5,29,7,30,801,86,509,2,24,970,314,1.9000000000000001,0.22
2000,5,29,8,30,872,99,705,2,27,970,302,2.5,0.22
2000,5,29,9,30,914,107,866,2,29,970,298,3.1,0.22
2000,5,29,10,30,938,113,980,2,31,970,294,3.6,0.22
2000,5,29,11,30,952,113,1036,2,33,970,292,4,0.22
2000,5,29,12,30,953,112,1029,2,34,970,293,4.2,0.22
2000,5,29,13,30,944,107,961,1,35,970,293,4.1000000000000005,0.22
2000,5,29,14,30,920,100,837,1,35,970,293,4.1000000000000005,0.22
2000,5,29,15,30,879,90,667,0,34,970,293,4,0.22
2000,5,29,16,30,542,134,395,0,33,970,296,3.8000000000000003,0.22
2000,5,29,17,30,671,58,252,0,30,970,301,2.6,0.22
2000,5,29,18,30,344,28,59,0,26,970,309,1.4000000000000001,0.22
2000,5,29,19,30,0,0,0,1,23,970,324,1.1,0.22
2000,5,29,20,30,0,0,0,1,22,970,332,1.1,0.22
2000,5,29,21,30,0,0,0,1,20,970,330,1.2000000000000002,0.22
2000,5,29,22,30,0,0,0,1,19,970,323,1.1,0.22
2000,5,29,23,30,0,0,0,1,18,970,316,1.1,0.22
2000,5,30,0,30,0,0,0,1,16,970,313,1,0.22
2000,5,30,1,30,0,0,0,1,15,970,312,0.9,0.22
2000,5,30,2,30,0,0,0,1,14,970,311,0.7000000000000001,0.22
2000,5,30,3,30,0,0,0,1,13,970,322,0.5,0.22
2000,5,30,4,30,0,0,0,1,13,970,354,0.5,0.22
2000,5,30,5,30,454,39,103,1,15,970,45,0.7000000000000001,0.22
2000,5,30,6,30,722,65,309,1,17,970,3,1.1,0.22
2000,5,30,7,30,848,80,528,0,20,970,326,1.6,0.22
2000,5,30,8,30,912,92,726,0,23,970,306,2.3000000000000003,0.22
2000,5,30,9,30,948,100,888,0,25,970,299,2.8000000000000003,0.22
2000,5,30,10,30,958,111,998,0,28,970,296,3.4000000000000004,0.22
2000,5,30,11,30,968,113,1052,-2,30,970,294,3.9000000000000004,0.22
2000,5,30,12,30,966,112,1043,-3,31,970,292,4.1000000000000005,0.22
2000,5,30,13,30,955,108,973,-4,32,970,293,4.2,0.22
2000,5,30,14,30,930,101,846,-4,31,970,294,4.2,0.22
2000,5,30,15,30,886,91,674,-5,30,970,297,4.2,0.22
2000,5,30,16,30,803,81,469,-5,29,970,300,4,0.22
2000,5,30,17,30,663,61,254,-5,26,970,304,2.8000000000000003,0.22
2000,5,30,18,30,335,29,60,-4,23,970,309,1.5,0.22
2000,5,30,19,30,0,0,0,-3,20,970,320,1.1,0.22
2000,5,30,20,30,0,0,0,-2,19,970,325,1.1,0.22
2000,5,30,21,30,0,0,0,-2,18,970,323,1.2000000000000002,0.22
2000,5,30,22,30,0,0,0,-1,17,970,316,1.1,0.22
2000,5,30,23,30,0,0,0,0,15,970,311,1,0.22
2000,5,31,0,30,0,0,0,0,14,970,309,1,0.22
2000,5,31,1,30,0,0,0,1,13,970,308,1,0.22
2000,5,31,2,30,0,0,0,1,13,970,308,0.9,0.22
2000,5,31,3,30,0,0,0,2,13,970,315,0.6000000000000001,0.22
2000,5,31,4,30,0,0,0,2,13,970,341,0.4,0.22
2000,5,31,5,30,434,40,102,2,15,970,67,0.4,0.22
2000,5,31,6,30,699,68,306,1,18,970,14,0.9,0.22
2000,5,31,7,30,822,87,521,0,21,970,321,1.8,0.22
2000,5,31,8,30,891,99,719,0,24,970,309,2.6,0.22
2000,5,31,9,30,929,108,881,-1,26,970,301,3.2,0.22
2000,5,31,10,30,946,117,992,-1,28,970,299,3.6,0.22
2000,5,31,11,30,955,119,1046,-1,29,970,299,3.8000000000000003,0.22
2000,5,31,12,30,952,120,1038,-1,30,970,298,3.9000000000000004,0.22
2000,5,31,13,30,926,125,965,-2,31,970,296,3.9000000000000004,0.22
2000,5,31,14,30,899,118,839,-2,31,970,296,3.8000000000000003,0.22
2000,5,31,15,30,852,106,668,-3,30,970,296,3.6,0.22
2000,5,31,16,30,631,113,419,6.800000000000001,24.6,975,308,2.3000000000000003,0.24
2000,5,31,17,30,404,91,209,6.800000000000001,23.5,975,313,1.5,0.24
2000,5,31,18,30,99,35,45,7.800000000000001,21.900000000000002,975,325,0.8,0.24
2000,5,31,19,30,0,0,0,7.9,20.700000000000003,975,197,0.6000000000000001,0.24
2000,5,31,20,30,0,0,0,7.7,20,976,81,0.5,0.24
2000,5,31,21,30,0,0,0,7.7,19.200000000000003,976,114,0.6000000000000001,0.24
2000,5,31,22,30,0,0,0,7.7,19,976,123,0.6000000000000001,0.24
2000,5,31,23,30,0,0,0,7.9,19,975,95,0.5,0.24
2020,6,1,0,30,0,0,0,8.200000000000001,18.6,975,51,0.6000000000000001,0.24
2020,6,1,1,30,0,0,0,8.5,17.900000000000002,975,33,0.7000000000000001,0.24
2020,6,1,2,30,0,0,0,8.700000000000001,17.5,975,27,0.8,0.24
2020,6,1,3,30,0,0,0,8.9,17.2,976,26,0.7000000000000001,0.24
2020,6,1,4,30,0,0,0,8.9,17.400000000000002,976,32,0.6000000000000001,0.24
2020,6,1,5,30,133,47,66,9.1,18.7,976,29,0.8,0.24
2020,6,1,6,30,463,92,250,8.6,20.700000000000003,977,184,1,0.24
2020,6,1,7,30,365,186,379,8.1,23.400000000000002,977,318,1.3,0.24
2020,6,1,8,30,597,200,616,6.9,26.400000000000002,977,282,1.8,0.24
2020,6,1,9,30,840,137,836,6.5,28.5,977,271,2.5,0.24
2020,6,1,10,30,777,198,917,6.7,30.1,977,273,3.1,0.24
2020,6,1,11,30,560,329,872,7,31,977,281,3.5,0.24
2020,6,1,12,30,401,424,811,7.300000000000001,31.400000000000002,976,292,3.8000000000000003,0.24
2020,6,1,13,30,519,330,801,7.6000000000000005,31.3,976,302,3.9000000000000004,0.24
2020,6,1,14,30,602,240,724,7.7,31.1,975,307,3.9000000000000004,0.24
2020,6,1,15,30,768,125,632,7.9,31,975,308,3.9000000000000004,0.24
2020,6,1,16,30,559,133,405,8,28.8,975,313,3.7,0.24
2020,6,1,17,30,274,100,181,8.6,26.8,975,318,3.1,0.24
2020,6,1,18,30,92,35,44,9.600000000000001,24.700000000000003,976,324,2.1,0.24
2020,6,1,19,30,0,0,0,10.3,23,976,333,1.2000000000000002,0.24
2020,6,1,20,30,0,0,0,10.700000000000001,21.700000000000003,976,344,0.9,0.24
2020,6,1,21,30,0,0,0,11,21,976,354,0.9,0.24
2020,6,1,22,30,0,0,0,11,20.6,975,179,0.8,0.24
2020,6,1,23,30,0,0,0,10.9,20.400000000000002,975,2,0.8,0.24
2020,6,2,0,30,0,0,0,10.700000000000001,20.1,975,8,0.7000000000000001,0.24
2020,6,2,1,30,0,0,0,10.4,19.700000000000003,975,19,0.7000000000000001,0.24
2020,6,2,2,30,0,0,0,10.100000000000001,19.400000000000002,975,33,0.7000000000000001,0.24
2020,6,2,3,30,0,0,0,9.700000000000001,19,975,50,0.6000000000000001,0.24
2020,6,2,4,30,0,0,0,9.4,19,976,71,0.6000000000000001,0.24
2020,6,2,5,30,263,50,88,9.3,20.6,976,88,0.9,0.24
2020,6,2,6,30,564,88,280,9,23.6,976,97,1.3,0.24
2020,6,2,7,30,202,206,313,8.3,27,976,103,1.6,0.24
2020,6,2,8,30,367,280,536,7.1000000000000005,30.3,976,116,1.9000000000000001,0.24
2020,6,2,9,30,389,344,668,5.9,32.9,976,140,2,0.24
2020,6,2,10,30,461,362,789,5.4,35.300000000000004,976,167,2.1,0.24
2020,6,2,11,30,578,327,888,5.300000000000001,37.4,976,191,2.1,0.24
2020,6,2,12,30,425,423,833,5.300000000000001,38.6,975,210,2.3000000000000003,0.24
2020,6,2,13,30,316,422,709,5.2,38.300000000000004,975,221,2.8000000000000003,0.24
2020,6,2,14,30,607,243,731,5.1000000000000005,37,975,229,3.2,0.24
2020,6,2,15,30,286,278,467,5.1000000000000005,36.1,975,233,3.2,0.24
2020,6,2,16,30,449,158,377,5.5,33.4,976,259,2.5,0.24
2020,6,2,17,30,242,106,178,7.2,30.700000000000003,976,281,1.4000000000000001,0.24
2020,6,2,18,30,117,36,48,9.8,28.3,977,303,0.8,0.24
2020,6,2,19,30,0,0,0,9.5,27.1,978,324,0.7000000000000001,0.24
2020,6,2,20,30,0,0,0,9.600000000000001,26.3,978,345,0.6000000000000001,0.24
2020,6,2,21,30,0,0,0,9.9,25.3,978,186,0.7000000000000001,0.24
2020,6,2,22,30,0,0,0,10,24.3,978,24,0.8,0.24
2020,6,2,23,30,0,0,0,10.200000000000001,23.400000000000002,978,39,0.9,0.24
2020,6,3,0,30,0,0,0,10.4,22.900000000000002,977,48,0.9,0.24
2020,6,3,1,30,0,0,0,10.5,22.8,977,52,0.9,0.24
2020,6,3,2,30,0,0,0,10.4,22.6,977,32,0.7000000000000001,0.24
2020,6,3,3,30,0,0,0,10.5,22.1,976,16,0.4,0.24
2020,6,3,4,30,0,0,0,10.8,21.8,977,56,1.4000000000000001,0.24
2020,6,3,5,30,152,61,83,10.8,23,978,92,3,0.24
2020,6,3,6,30,397,130,266,10.9,25.200000000000003,978,92,3.7,0.24
2020,6,3,7,30,575,164,469,10.600000000000001,27.8,978,89,3.9000000000000004,0.24
2020,6,3,8,30,705,174,666,9.600000000000001,31.8,977,79,3.5,0.24
2020,6,3,9,30,823,150,835,8.3,36.2,977,47,2.5,0.24
2020,6,3,10,30,902,124,959,6.1000000000000005,39.400000000000006,976,170,1.9000000000000001,0.24
2020,6,3,11,30,914,126,1013,4.6000000000000005,40.900000000000006,975,308,2.3000000000000003,0.24
2020,6,3,12,30,896,136,1001,4.4,41.300000000000004,975,296,3,0.24
2020,6,3,13,30,719,236,889,4.5,41.2,974,296,3.7,0.24
2020,6,3,14,30,814,144,800,5,40.400000000000006,974,302,4.3,0.24
2020,6,3,15,30,753,133,632,5.800000000000001,39.900000000000006,974,305,4.6000000000000005,0.24
2020,6,3,16,30,656,115,436,6.6000000000000005,37.7,974,312,4.800000000000001,0.24
2020,6,3,17,30,500,85,234,7.4,35.2,974,315,3.8000000000000003,0.24
2020,6,3,18,30,202,38,59,9,31.400000000000002,974,315,2.1,0.24
2020,6,3,19,30,0,0,0,10.100000000000001,28.6,974,320,1.2000000000000002,0.24
2020,6,3,20,30,0,0,0,10.5,27.900000000000002,975,330,1,0.24
2020,6,3,21,30,0,0,0,10.600000000000001,27.8,974,347,0.7000000000000001,0.24
2020,6,3,22,30,0,0,0,10.600000000000001,27.5,974,213,0.5,0.24
2020,6,3,23,30,0,0,0,10.600000000000001,26.6,974,85,0.4,0.24
2020,6,4,0,30,0,0,0,10.5,25.5,973,103,0.5,0.24
2020,6,4,1,30,0,0,0,10.4,24.1,973,102,0.7000000000000001,0.24
2020,6,4,2,30,0,0,0,10.3,22.6,973,102,0.9,0.24
2020,6,4,3,30,0,0,0,10,21.400000000000002,973,103,1,0.24
2020,6,4,4,30,0,0,0,9.700000000000001,21.8,973,103,1,0.24
2020,6,4,5,30,303,50,94,9.5,24.6,973,102,1.5,0.24
2020,6,4,6,30,568,89,283,8.700000000000001,28.5,973,100,1.6,0.24
2020,6,4,7,30,711,111,488,7.6000000000000005,32.300000000000004,972,116,1.1,0.24
2020,6,4,8,30,797,126,682,6.5,36.2,972,162,1,0.24
2020,6,4,9,30,852,133,842,4.800000000000001,39.2,972,211,1.5,0.24
2020,6,4,10,30,884,136,955,4.800000000000001,40.7,971,240,2.2,0.24
2020,6,4,11,30,894,140,1008,5,41.5,971,255,2.7,0.24
2020,6,4,12,30,893,139,1001,5.1000000000000005,41.800000000000004,970,266,3.1,0.24
2020,6,4,13,30,880,135,935,5,41.7,969,275,3.4000000000000004,0.24
2020,6,4,14,30,851,126,812,4.9,41.2,969,282,3.6,0.24
2020,6,4,15,30,800,114,645,4.800000000000001,40.800000000000004,968,286,3.7,0.24
2020,6,4,16,30,717,97,449,4.6000000000000005,38.7,968,297,3.6,0.24
2020,6,4,17,30,567,74,244,4.7,36,969,301,2.9000000000000004,0.24
2020,6,4,18,30,259,36,63,6.300000000000001,31.900000000000002,969,303,1.9000000000000001,0.24
2020,6,4,19,30,0,0,0,7.5,28.5,970,307,1.3,0.24
2020,6,4,20,30,0,0,0,8.700000000000001,26.6,971,322,1.1,0.24
2020,6,4,21,30,0,0,0,9.600000000000001,24.900000000000002,971,339,1,0.24
2020,6,4,22,30,0,0,0,10.100000000000001,23.5,971,347,0.8,0.24
2020,6,4,23,30,0,0,0,10.5,22.700000000000003,971,341,0.7000000000000001,0.24
2020,6,5,0,30,0,0,0,10.9,22.200000000000003,970,328,0.7000000000000001,0.24
2020,6,5,1,30,0,0,0,11.3,21.8,970,320,0.8,0.24
2020,6,5,2,30,0,0,0,11.700000000000001,21.3,970,321,0.9,0.24
2020,6,5,3,30,0,0,0,12,20.8,969,325,1.3,0.24
2020,6,5,4,30,0,0,0,12.3,20.700000000000003,969,325,1.9000000000000001,0.24
2020,6,5,5,30,10,43,44,12.5,21.1,970,317,2.6,0.24
2020,6,5,6,30,81,82,110,12.4,22,970,307,3.1,0.24
2020,6,5,7,30,133,198,269,12.100000000000001,23.1,970,303,3.5,0.24
2020,6,5,8,30,12,155,163,11.8,24.200000000000003,971,301,3.7,0.24
2020,6,5,9,30,19,225,241,11.5,25.400000000000002,971,297,3.7,0.24
2020,6,5,10,30,436,308,712,11.200000000000001,26.5,971,292,3.6,0.24
2020,6,5,11,30,785,199,962,11,27.8,970,291,3.6,0.24
2020,6,5,12,30,474,314,772,10.700000000000001,29,970,291,3.9000000000000004,0.24
2020,6,5,13,30,146,265,398,10.3,29.6,969,292,4.4,0.24
2020,6,5,14,30,0,43,43,9.9,29.400000000000002,969,293,4.9,0.24
2020,6,5,15,30,0,33,33,9.600000000000001,29.1,969,294,5.1000000000000005,0.24
2020,6,5,16,30,12,100,106,9.3,27,969,298,5.4,0.24
2020,6,5,17,30,237,109,180,9.200000000000001,25.1,970,298,5.5,0.24
2020,6,5,18,30,28,30,33,9.4,22.900000000000002,970,296,4.9,0.24
2020,6,5,19,30,0,0,0,10,21,971,295,4.1000000000000005,0.24
2020,6,5,20,30,0,0,0,10.600000000000001,19.400000000000002,971,292,3.6,0.24
2020,6,5,21,30,0,0,0,10.8,18,972,291,3.7,0.24
2020,6,5,22,30,0,0,0,10,16.900000000000002,972,293,3.6,0.24
2020,6,5,23,30,0,0,0,9.1,16,972,291,3.2,0.24
2020,6,6,0,30,0,0,0,8.3,15.100000000000001,971,287,2.8000000000000003,0.24
2020,6,6,1,30,0,0,0,8,14.200000000000001,972,284,2.7,0.24
2020,6,6,2,30,0,0,0,7.9,13.4,972,286,2.8000000000000003,0.24
2020,6,6,3,30,0,0,0,7.800000000000001,13,973,289,2.9000000000000004,0.24
2020,6,6,4,30,0,0,0,7.5,13.100000000000001,973,295,3.2,0.24
2020,6,6,5,30,145,45,66,7.1000000000000005,13.9,974,301,3.6,0.24
2020,6,6,6,30,568,87,282,6.7,15.5,975,303,4,0.24
2020,6,6,7,30,720,108,490,6.800000000000001,17.5,975,301,4.4,0.24
2020,6,6,8,30,524,214,580,7.2,19.3,975,299,4.7,0.24
2020,6,6,9,30,858,135,850,7.6000000000000005,20.900000000000002,975,298,4.9,0.24
2020,6,6,10,30,889,143,967,7.7,22.5,976,296,5,0.24
2020,6,6,11,30,909,144,1028,7.6000000000000005,23.8,975,293,5,0.24
2020,6,6,12,30,904,148,1022,7.4,24.8,975,290,5,0.24
2020,6,6,13,30,878,151,951,6.7,25.400000000000002,974,289,5.300000000000001,0.24
2020,6,6,14,30,847,144,828,6,25.6,974,291,5.4,0.24
2020,6,6,15,30,790,132,658,5.5,25.6,974,293,5.4,0.24
2020,6,6,16,30,699,113,458,5,24.8,974,298,5.6000000000000005,0.24
2020,6,6,17,30,544,84,249,4,23.5,974,300,5.1000000000000005,0.24
2020,6,6,18,30,241,41,67,3,21.3,974,302,3.8000000000000003,0.24
2020,6,6,19,30,0,0,0,2.4000000000000004,19.200000000000003,975,302,3.2,0.24
2020,6,6,20,30,0,0,0,2.2,17.8,975,304,3.5,0.24
2020,6,6,21,30,0,0,0,3.1,16.400000000000002,976,305,3.7,0.24
2020,6,6,22,30,0,0,0,4,15,976,305,3.6,0.24
2020,6,6,23,30,0,0,0,4.6000000000000005,13.600000000000001,976,305,3.3000000000000003,0.24
2020,6,7,0,30,0,0,0,5.1000000000000005,12.4,976,303,2.9000000000000004,0.24
2020,6,7,1,30,0,0,0,5.6000000000000005,11.5,976,298,2.5,0.24
2020,6,7,2,30,0,0,0,6,10.700000000000001,976,296,2.4000000000000004,0.24
2020,6,7,3,30,0,0,0,6.300000000000001,10.200000000000001,976,297,2.4000000000000004,0.24
2020,6,7,4,30,0,0,0,6.5,10.4,977,302,3,0.24
2020,6,7,5,30,368,50,104,6.300000000000001,11.700000000000001,977,308,3.9000000000000004,0.24
2020,6,7,6,30,662,80,307,4.5,13.5,977,309,4.5,0.24
2020,6,7,7,30,815,94,527,3,15.4,978,307,4.9,0.24
2020,6,7,8,30,233,266,429,1.8,17.3,978,306,5.2,0.24
2020,6,7,9,30,932,116,892,1.2000000000000002,19.3,978,305,5.5,0.24
2020,6,7,10,30,943,130,1004,0.4,21.1,978,304,5.7,0.24
2020,6,7,11,30,958,131,1062,-0.6000000000000001,22.6,977,304,6,0.24
2020,6,7,12,30,959,129,1056,-1.3,23.400000000000002,977,304,6.4,0.24
2020,6,7,13,30,947,124,987,-1.9000000000000001,23.700000000000003,976,304,6.6000000000000005,0.24
2020,6,7,14,30,924,115,862,-2.7,23.5,976,304,6.7,0.24
2020,6,7,15,30,878,105,690,-3.4000000000000004,23.3,976,304,6.6000000000000005,0.24
2020,6,7,16,30,807,89,488,-3.9000000000000004,21.900000000000002,976,306,6.300000000000001,0.25
2020,6,7,17,30,661,70,271,-4.2,20.3,976,308,5.5,0.25
2020,6,7,18,30,332,39,75,-4.1000000000000005,18.3,976,310,4.3,0.25
2020,6,7,19,30,0,0,0,-3.6,16.7,977,314,3.7,0.25
2020,6,7,20,30,0,0,0,-3.2,15.700000000000001,978,318,3.6,0.25
2020,6,7,21,30,0,0,0,-2.7,14.600000000000001,978,320,3.3000000000000003,0.25
2020,6,7,22,30,0,0,0,-1.8,13.3,978,322,2.6,0.25
2020,6,7,23,30,0,0,0,-0.7000000000000001,12,978,326,2,0.25
2020,6,8,0,30,0,0,0,0.4,11,979,331,1.6,0.25
2020,6,8,1,30,0,0,0,1.4000000000000001,10.200000000000001,979,335,1.3,0.25
2020,6,8,2,30,0,0,0,2.3000000000000003,9.700000000000001,979,338,1.2000000000000002,0.25
2020,6,8,3,30,0,0,0,2.9000000000000004,9.3,979,343,1.1,0.25
2020,6,8,4,30,0,0,0,3.2,10.100000000000001,979,351,1,0.25
2020,6,8,5,30,451,44,111,3.4000000000000004,12.600000000000001,980,183,1.1,0.25
2020,6,8,6,30,726,69,318,2.5,16.2,980,17,1.3,0.25
2020,6,8,7,30,855,82,536,-1.2000000000000002,19.900000000000002,980,26,1.3,0.25
2020,6,8,8,30,926,92,738,-5,22.900000000000002,980,191,1.3,0.25
2020,6,8,9,30,957,104,901,-7.5,25.400000000000002,980,328,1.4000000000000001,0.25
2020,6,8,10,30,895,154,983,-8.700000000000001,27.3,980,293,1.9000000000000001,0.25
2020,6,8,11,30,938,141,1053,-9,28.6,980,281,2.6,0.25
2020,6,8,12,30,750,252,978,-9,29.400000000000002,980,280,3.3000000000000003,0.25
2020,6,8,13,30,951,116,983,-8.6,29.400000000000002,980,285,3.7,0.25
2020,6,8,14,30,928,107,858,-8.1,28.900000000000002,980,291,3.9000000000000004,0.25
2020,6,8,15,30,885,96,687,-7.5,28.5,980,294,4,0.25
2020,6,8,16,30,811,83,485,-7.1000000000000005,26.3,980,306,3.7,0.25
2020,6,8,17,30,671,65,270,-6.6000000000000005,24.1,981,313,2.9000000000000004,0.25
2020,6,8,18,30,362,36,76,-4.6000000000000005,20.6,981,319,1.7000000000000002,0.25
2020,6,8,19,30,0,0,0,-3.6,18.1,982,329,1.1,0.25
2020,6,8,20,30,0,0,0,-3.6,17.6,982,344,1.1,0.25
2020,6,8,21,30,0,0,0,-3.9000000000000004,17.5,982,185,1,0.25
2020,6,8,22,30,0,0,0,-4,17.2,982,31,0.9,0.25
2020,6,8,23,30,0,0,0,-4.2,16.900000000000002,982,53,1,0.25
2020,6,9,0,30,0,0,0,-4.3,16.7,982,70,1,0.25
2020,6,9,1,30,0,0,0,-4.3,16.400000000000002,981,80,1.1,0.25
2020,6,9,2,30,0,0,0,-4.1000000000000005,15.9,981,83,1.2000000000000002,0.25
2020,6,9,3,30,0,0,0,-3.9000000000000004,15.3,981,84,1.3,0.25
2020,6,9,4,30,0,0,0,-3.8000000000000003,15.600000000000001,981,86,1.2000000000000002,0.25
2020,6,9,5,30,455,43,110,-2.9000000000000004,18.900000000000002,982,88,1.6,0.25
2020,6,9,6,30,705,68,310,-3.4000000000000004,23.8,982,89,2.4000000000000004,0.25
2020,6,9,7,30,824,86,523,-6.2,27.700000000000003,982,92,2.7,0.25
2020,6,9,8,30,890,99,720,-8.6,30.400000000000002,982,101,2.4000000000000004,0.25
2020,6,9,9,30,915,118,880,-9.1,32.300000000000004,982,114,1.7000000000000002,0.25
2020,6,9,10,30,920,136,989,-9.4,33.9,981,146,1.1,0.25
2020,6,9,11,30,931,140,1046,-9.4,35.1,981,208,1,0.25
2020,6,9,12,30,941,131,1042,-9.4,35.800000000000004,980,256,1.4000000000000001,0.25
2020,6,9,13,30,943,117,978,-9.200000000000001,36,980,273,1.9000000000000001,0.25
2020,6,9,14,30,918,110,854,-8.9,35.6,979,285,2.3000000000000003,0.25
2020,6,9,15,30,873,100,684,-8.5,35.300000000000004,979,291,2.5,0.25
2020,6,9,16,30,796,87,482,-7.9,33.2,979,307,2.9000000000000004,0.25
2020,6,9,17,30,655,67,268,-6.9,30.1,979,320,2.4000000000000004,0.25
2020,6,9,18,30,346,37,76,-2.9000000000000004,25.8,979,334,1.4000000000000001,0.25
2020,6,9,19,30,0,0,0,-1.9000000000000001,22.8,980,350,1.1,0.25
2020,6,9,20,30,0,0,0,-1.5,21.8,980,185,1.1,0.25
2020,6,9,21,30,0,0,0,-1.4000000000000001,21.5,980,21,1.1,0.25
2020,6,9,22,30,0,0,0,-1.5,21.200000000000003,980,37,1,0.25
2020,6,9,23,30,0,0,0,-1.4000000000000001,21.1,980,54,0.9,0.25
2020,6,10,0,30,0,0,0,-1.4000000000000001,21.1,979,74,0.8,0.25
2020,6,10,1,30,0,0,0,-1.4000000000000001,20.8,979,90,0.8,0.25
2020,6,10,2,30,0,0,0,-1.2000000000000002,20.3,979,98,0.8,0.25
2020,6,10,3,30,0,0,0,-1,19.400000000000002,979,100,0.9,0.25
2020,6,10,4,30,0,0,0,-0.8,19.6,979,100,1,0.25
2020,6,10,5,30,415,45,106,0.2,22.400000000000002,979,101,1.2000000000000002,0.25
2020,6,10,6,30,673,74,305,0.1,26.700000000000003,979,98,1.7000000000000002,0.25
2020,6,10,7,30,800,94,519,-2,30.900000000000002,979,98,2,0.25
2020,6,10,8,30,871,108,716,-4.7,34,979,112,2.2,0.25
2020,6,10,9,30,926,111,882,-5.6000000000000005,35.9,979,128,2.2,0.25
2020,6,10,10,30,965,106,1000,-6,37.4,978,142,2.1,0.25
2020,6,10,11,30,975,108,1057,-6.2,38.400000000000006,978,156,1.9000000000000001,0.25
2020,6,10,12,30,967,114,1050,-6.300000000000001,39,977,175,1.6,0.25
2020,6,10,13,30,944,117,979,-6.300000000000001,39.300000000000004,977,204,1.4000000000000001,0.25
2020,6,10,14,30,917,111,855,-6.300000000000001,39.1,976,239,1.4000000000000001,0.25
2020,6,10,15,30,869,102,684,-6.2,38.800000000000004,976,258,1.5,0.25
2020,6,10,16,30,788,90,482,-6,37.1,975,295,2.2,0.25
2020,6,10,17,30,643,70,268,-5,33.9,976,312,1.8,0.25
2020,6,10,18,30,340,37,76,-0.4,29.400000000000002,976,327,1.3,0.25
2020,6,10,19,30,0,0,0,0.2,26.400000000000002,977,338,1.2000000000000002,0.25
2020,6,10,20,30,0,0,0,0.8,25.3,978,343,1.2000000000000002,0.25
2020,6,10,21,30,0,0,0,1.2000000000000002,25,978,345,1,0.25
2020,6,10,22,30,0,0,0,1.5,24.700000000000003,978,181,0.7000000000000001,0.25
2020,6,10,23,30,0,0,0,2,23.900000000000002,978,55,0.6000000000000001,0.25
2020,6,11,0,30,0,0,0,2.5,22.5,978,93,0.8,0.25
2020,6,11,1,30,0,0,0,2.7,21.1,978,94,1,0.25
2020,6,11,2,30,0,0,0,2.8000000000000003,20.5,978,94,1.1,0.25
2020,6,11,3,30,0,0,0,2.8000000000000003,20.3,978,95,1.2000000000000002,0.25
2020,6,11,4,30,0,0,0,2.5,21.1,978,98,1.1,0.25
2020,6,11,5,30,411,44,105,2.7,24.1,978,103,1.3,0.25
2020,6,11,6,30,668,75,304,2.6,28.6,978,121,1.3,0.25
2020,6,11,7,30,793,95,516,0.1,32.4,978,163,1.2000000000000002,0.25
2020,6,11,8,30,865,110,714,-2,35.2,978,202,1.5,0.25
2020,6,11,9,30,899,125,874,-3.2,37.2,978,218,2,0.25
2020,6,11,10,30,913,139,985,-4,38.6,977,225,2.4000000000000004,0.25
2020,6,11,11,30,923,143,1041,-4.6000000000000005,39.6,977,230,2.8000000000000003,0.25
2020,6,11,12,30,932,134,1037,-5.1000000000000005,40.2,976,235,3,0.25
2020,6,11,13,30,934,122,975,-5.5,40.400000000000006,976,238,3.1,0.25
2020,6,11,14,30,907,115,852,-5.9,40.1,976,242,3.2,0.25
2020,6,11,15,30,858,107,682,-6.2,39.800000000000004,976,244,3.2,0.25
2020,6,11,16,30,765,96,478,-6.2,37.7,975,253,3.1,0.25
2020,6,11,17,30,613,74,264,-5.4,34.4,976,258,2.2,0.25
2020,6,11,18,30,310,39,75,-1.8,29.700000000000003,976,266,1.3,0.25
2020,6,11,19,30,0,0,0,0.4,26.700000000000003,977,279,1.1,0.25
2020,6,11,20,30,0,0,0,1.5,25.400000000000002,978,303,1,0.25
2020,6,11,21,30,0,0,0,2.3000000000000003,24.400000000000002,978,330,1,0.25
2020,6,11,22,30,0,0,0,2.7,23.400000000000002,979,346,1,0.25
2020,6,11,23,30,0,0,0,2.8000000000000003,22.6,978,352,1,0.25
2020,6,12,0,30,0,0,0,3,21.900000000000002,978,354,1,0.25
2020,6,12,1,30,0,0,0,3.1,21.3,978,356,1,0.25
2020,6,12,2,30,0,0,0,3.1,20.700000000000003,978,181,1,0.25
2020,6,12,3,30,0,0,0,3.1,20.200000000000003,978,181,0.9,0.25
2020,6,12,4,30,0,0,0,3.1,20.400000000000002,978,352,0.8,0.25
2020,6,12,5,30,368,46,100,3.4000000000000004,22.1,978,337,1,0.25
2020,6,12,6,30,649,76,299,3.5,24.8,978,314,1.4000000000000001,0.25
2020,6,12,7,30,724,111,495,2.1,27.5,978,289,1.8,0.25
2020,6,12,8,30,831,120,700,0.2,29.8,978,273,2.4000000000000004,0.25
2020,6,12,9,30,836,152,848,-1,31.6,978,271,3,0.25
2020,6,12,10,30,864,164,965,-1.7000000000000002,33,977,274,3.4000000000000004,0.25
2020,6,12,11,30,964,113,1051,-1.9000000000000001,34.1,976,279,3.6,0.25
2020,6,12,12,30,952,118,1041,-1.8,34.7,976,281,3.8000000000000003,0.25
2020,6,12,13,30,921,125,967,-1.5,34.800000000000004,975,282,4.3,0.25
2020,6,12,14,30,882,122,839,-0.8,34.1,974,283,5.2,0.25
2020,6,12,15,30,826,112,667,0.6000000000000001,33.5,974,283,5.7,0.25
2020,6,12,16,30,749,95,469,2.2,29.5,975,286,6.6000000000000005,0.25
2020,6,12,17,30,399,87,211,3.5,26.1,977,289,6.1000000000000005,0.25
2020,6,12,18,30,192,40,62,4.2,23.1,978,290,4.800000000000001,0.25
2020,6,12,19,30,0,0,0,4.800000000000001,21.200000000000003,978,292,3.9000000000000004,0.25
2020,6,12,20,30,0,0,0,5.4,20.1,979,299,3.9000000000000004,0.25
2020,6,12,21,30,0,0,0,6,18.900000000000002,979,309,3.7,0.25
2020,6,12,22,30,0,0,0,6.300000000000001,17.8,979,315,3.1,0.25
2020,6,12,23,30,0,0,0,6.5,16.900000000000002,978,317,2.7,0.25
2020,6,13,0,30,0,0,0,6.800000000000001,16.2,978,315,2.3000000000000003,0.25
2020,6,13,1,30,0,0,0,7,15.4,978,313,2.3000000000000003,0.25
2020,6,13,2,30,0,0,0,7.1000000000000005,14.8,978,312,2.3000000000000003,0.25
2020,6,13,3,30,0,0,0,7.300000000000001,14.200000000000001,977,308,2.2,0.25
2020,6,13,4,30,0,0,0,7.5,14.100000000000001,978,304,2.6,0.25
2020,6,13,5,30,322,49,97,7.5,15.3,978,306,3.5,0.25
2020,6,13,6,30,616,82,293,5.1000000000000005,17.2,978,307,4.2,0.25
2020,6,13,7,30,753,104,503,2.9000000000000004,19.1,978,305,4.4,0.25
2020,6,13,8,30,830,118,697,2,20.900000000000002,978,303,4.6000000000000005,0.25
2020,6,13,9,30,870,133,857,1.8,22.6,978,301,4.9,0.25
2020,6,13,10,30,896,140,970,1.5,24.200000000000003,978,299,4.9,0.25
2020,6,13,11,30,918,135,1029,1,25.6,977,298,5,0.25
2020,6,13,12,30,924,130,1026,0.5,26.6,976,297,5.2,0.25
2020,6,13,13,30,914,125,961,0.1,27,976,298,5.2,0.25
2020,6,13,14,30,892,115,841,-0.2,27,975,299,5.300000000000001,0.25
2020,6,13,15,30,847,105,674,-0.30000000000000004,26.8,975,300,5.300000000000001,0.25
2020,6,13,16,30,769,92,477,0,25.3,975,303,5.300000000000001,0.25
2020,6,13,17,30,621,73,266,0.4,23.700000000000003,975,305,4.9,0.25
2020,6,13,18,30,318,40,77,1.1,21.5,975,308,3.7,0.25
2020,6,13,19,30,0,0,0,1.9000000000000001,19.8,975,312,2.7,0.25
2020,6,13,20,30,0,0,0,2.6,18.7,975,314,2.3000000000000003,0.25
2020,6,13,21,30,0,0,0,3.2,17.7,975,314,2.2,0.25
2020,6,13,22,30,0,0,0,3.7,16.8,975,313,2.2,0.25
2020,6,13,23,30,0,0,0,4.2,15.8,975,312,2,0.25
2020,6,14,0,30,0,0,0,4.5,14.8,975,310,1.8,0.25
2020,6,14,1,30,0,0,0,4.9,13.9,975,308,1.5,0.25
2020,6,14,2,30,0,0,0,5.300000000000001,13.100000000000001,975,306,1.2000000000000002,0.25
2020,6,14,3,30,0,0,0,5.6000000000000005,12.600000000000001,975,305,1,0.25
2020,6,14,4,30,0,0,0,5.9,13.100000000000001,975,306,1.3,0.25
2020,6,14,5,30,362,47,101,6.300000000000001,14.8,976,311,2.1,0.25
2020,6,14,6,30,634,78,295,6.7,17.1,976,314,2.5,0.25
2020,6,14,7,30,768,96,503,6.7,19.5,977,311,2.5,0.25
2020,6,14,8,30,845,109,698,6.6000000000000005,22.3,977,304,2.6,0.25
2020,6,14,9,30,887,120,858,6.2,24.900000000000002,977,296,2.9000000000000004,0.25
2020,6,14,10,30,910,129,972,5.800000000000001,27,976,292,3.3000000000000003,0.25
2020,6,14,11,30,919,133,1028,5.300000000000001,28.6,976,291,3.7,0.25
2020,6,14,12,30,916,136,1024,4.7,29.6,976,291,4,0.25
2020,6,14,13,30,900,136,960,4,30.200000000000003,975,292,4.1000000000000005,0.25
2020,6,14,14,30,871,131,840,3.2,30.200000000000003,975,291,4.2,0.25
2020,6,14,15,30,820,120,672,2.3000000000000003,30.1,975,291,4.2,0.25
2020,6,14,16,30,748,100,476,1.6,28.5,975,298,4.1000000000000005,0.25
2020,6,14,17,30,609,76,266,1.1,26.5,975,302,3.1,0.25
2020,6,14,18,30,302,41,77,1.4000000000000001,23.3,975,302,1.7000000000000002,0.25
2020,6,14,19,30,0,0,0,1.6,21,976,303,1.1,0.25
2020,6,14,20,30,0,0,0,1.7000000000000002,20.3,976,311,1.1,0.25
2020,6,14,21,30,0,0,0,2,19.8,976,321,1.1,0.25
2020,6,14,22,30,0,0,0,2.4000000000000004,19.400000000000002,976,326,1.1,0.25
2020,6,14,23,30,0,0,0,2.8000000000000003,18.8,976,325,1,0.25
2020,6,15,0,30,0,0,0,3.3000000000000003,18,976,318,1,0.25
2020,6,15,1,30,0,0,0,4,17.2,975,308,0.9,0.25
2020,6,15,2,30,0,0,0,4.800000000000001,16.400000000000002,976,288,0.7000000000000001,0.25
2020,6,15,3,30,0,0,0,5.6000000000000005,15.8,976,245,0.6000000000000001,0.25
2020,6,15,4,30,0,0,0,6.4,16.1,976,191,0.6000000000000001,0.25
2020,6,15,5,30,323,49,97,7.2,18.1,976,160,0.6000000000000001,0.25
2020,6,15,6,30,594,85,288,7.9,21.1,976,216,0.6000000000000001,0.25
2020,6,15,7,30,730,107,494,8,24.3,977,280,1.3,0.25
2020,6,15,8,30,806,125,687,7.9,27,977,279,2.2,0.25
2020,6,15,9,30,849,139,846,7.800000000000001,29.200000000000003,977,278,3,0.25
2020,6,15,10,30,869,150,955,7.800000000000001,30.900000000000002,977,279,3.6,0.25
2020,6,15,11,30,879,155,1011,7.7,32.1,977,281,4,0.25
2020,6,15,12,30,876,155,1005,7.4,32.800000000000004,976,282,4.3,0.25
2020,6,15,13,30,861,151,939,7,33.1,976,286,4.5,0.25
2020,6,15,14,30,795,160,808,6.6000000000000005,33.1,976,292,4.4,0.25
2020,6,15,15,30,779,128,653,6.4,33,975,295,4.2,0.25
2020,6,15,16,30,302,193,345,6.4,32,975,302,3.8000000000000003,0.25
2020,6,15,17,30,154,97,145,7,30.200000000000003,975,304,3,0.25
2020,6,15,18,30,154,40,58,8.3,27.400000000000002,975,309,2.1,0.25
2020,6,15,19,30,0,0,0,9.3,25.6,975,316,2.4000000000000004,0.25
2020,6,15,20,30,0,0,0,9.600000000000001,24.6,976,323,3.1,0.25
2020,6,15,21,30,0,0,0,9.200000000000001,23.200000000000003,976,325,2.8000000000000003,0.25
2020,6,15,22,30,0,0,0,9,21.400000000000002,976,322,1.9000000000000001,0.25
2020,6,15,23,30,0,0,0,9,19.700000000000003,976,319,1.4000000000000001,0.25
2020,6,16,0,30,0,0,0,9.1,18.400000000000002,976,319,1.3,0.25
2020,6,16,1,30,0,0,0,9.1,17.3,976,319,1.1,0.25
2020,6,16,2,30,0,0,0,8.9,16.3,976,316,1,0.25
2020,6,16,3,30,0,0,0,8.700000000000001,15.4,976,313,0.9,0.25
2020,6,16,4,30,0,0,0,8.4,15.600000000000001,976,309,1.3,0.25
2020,6,16,5,30,359,45,98,7.7,17.1,977,307,2,0.25
2020,6,16,6,30,653,74,297,6.2,19.1,977,301,2.5,0.25
2020,6,16,7,30,786,92,508,5.9,21,977,295,2.8000000000000003,0.25
2020,6,16,8,30,857,107,704,6.2,22.8,977,296,3.5,0.25
2020,6,16,9,30,889,122,862,6.4,24.5,977,299,4.2,0.25
2020,6,16,10,30,901,136,971,6.4,26,977,302,4.7,0.25
2020,6,16,11,30,919,135,1030,6.1000000000000005,27.400000000000002,977,302,4.6000000000000005,0.25
2020,6,16,12,30,928,129,1029,5.6000000000000005,28.5,976,299,4.6000000000000005,0.25
2020,6,16,13,30,924,121,967,5.1000000000000005,29.3,975,298,4.7,0.25
2020,6,16,14,30,900,114,848,4.5,29.6,975,298,4.800000000000001,0.25
2020,6,16,15,30,854,105,681,3.9000000000000004,29.6,974,298,4.800000000000001,0.25
2020,6,16,16,30,777,91,482,3.7,28.400000000000002,974,300,4.7,0.25
2020,6,16,17,30,640,70,271,3.6,26.700000000000003,974,303,3.8000000000000003,0.25
2020,6,16,18,30,347,39,81,4.1000000000000005,23.6,974,306,2.3000000000000003,0.25
2020,6,16,19,30,0,0,0,4.5,21.1,974,307,1.5,0.25
2020,6,16,20,30,0,0,0,4.4,20,974,309,1.5,0.25
2020,6,16,21,30,0,0,0,4.1000000000000005,19.1,975,310,1.6,0.25
2020,6,16,22,30,0,0,0,3.6,18.1,975,309,1.5,0.25
2020,6,16,23,30,0,0,0,3.1,16.900000000000002,975,307,1.3,0.25
2020,6,17,0,30,0,0,0,2.9000000000000004,15.9,974,306,1.1,0.25
2020,6,17,1,30,0,0,0,3,15.3,974,301,0.9,0.25
2020,6,17,2,30,0,0,0,3.3000000000000003,14.8,975,278,0.7000000000000001,0.25
2020,6,17,3,30,0,0,0,3.7,14.200000000000001,975,230,0.5,0.25
2020,6,17,4,30,0,0,0,4.1000000000000005,14.600000000000001,975,179,0.6000000000000001,0.25
2020,6,17,5,30,432,43,106,4.5,16.7,976,148,0.7000000000000001,0.25
2020,6,17,6,30,695,69,306,4.5,19.8,976,193,0.5,0.25
2020,6,17,7,30,820,86,519,3.6,23.1,976,254,0.6000000000000001,0.25
2020,6,17,8,30,889,97,716,2.5,26.6,976,256,1.2000000000000002,0.25
2020,6,17,9,30,927,108,879,0.8,29.700000000000003,976,255,1.8,0.25
2020,6,17,10,30,945,115,990,0.1,31.8,976,260,2.3000000000000003,0.25
2020,6,17,11,30,956,117,1048,-0.30000000000000004,33.300000000000004,975,265,2.6,0.25
2020,6,17,12,30,954,115,1041,-0.6000000000000001,34.2,975,273,2.9000000000000004,0.25
2020,6,17,13,30,944,111,976,-0.8,34.4,974,283,3,0.25
2020,6,17,14,30,919,105,855,-0.9,34,974,293,3.2,0.25
2020,6,17,15,30,876,95,687,-0.9,33.6,974,298,3.2,0.25
2020,6,17,16,30,801,84,488,-0.7000000000000001,31.1,974,315,3.4000000000000004,0.25
2020,6,17,17,30,666,66,276,-0.4,28.6,974,326,3.1,0.25
2020,6,17,18,30,375,38,83,0.8,25,975,336,1.9000000000000001,0.25
2020,6,17,19,30,0,0,0,1.3,22.3,975,346,1,0.25
2020,6,17,20,30,0,0,0,1.3,21.700000000000003,976,177,1,0.25
2020,6,17,21,30,0,0,0,1.2000000000000002,21.3,976,177,0.9,0.25
2020,6,17,22,30,0,0,0,1.2000000000000002,20.6,976,345,0.9,0.25
2020,6,17,23,30,0,0,0,1.2000000000000002,19.700000000000003,976,335,1,0.25
2020,6,18,0,30,0,0,0,1.1,18.900000000000002,976,338,1,0.25
2020,6,18,1,30,0,0,0,1.2000000000000002,18.400000000000002,976,178,0.8,0.25
2020,6,18,2,30,0,0,0,1.3,18,976,51,0.6000000000000001,0.25
2020,6,18,3,30,0,0,0,1.4000000000000001,17.1,976,100,0.7000000000000001,0.25
2020,6,18,4,30,0,0,0,1.4000000000000001,17.2,976,114,0.8,0.25
2020,6,18,5,30,399,46,104,1.3,19.900000000000002,976,115,1.1,0.25
2020,6,18,6,30,676,73,303,0.1,24.1,976,102,1.4000000000000001,0.25
2020,6,18,7,30,810,90,518,-2.9000000000000004,27.900000000000002,976,82,1.1,0.25
2020,6,18,8,30,884,101,716,-5.300000000000001,31.1,976,165,1,0.25
2020,6,18,9,30,905,123,875,-6.4,33.5,976,256,1.7000000000000002,0.25
2020,6,18,10,30,903,147,983,-6.300000000000001,35,975,260,2.4000000000000004,0.25
2020,6,18,11,30,914,152,1042,-5.800000000000001,35.9,975,267,2.9000000000000004,0.25
2020,6,18,12,30,915,148,1036,-5.300000000000001,36.4,974,277,3.2,0.25
2020,6,18,13,30,906,140,971,-4.7,36.300000000000004,974,286,3.4000000000000004,0.25
2020,6,18,14,30,879,130,848,-4,35.7,974,296,3.6,0.25
2020,6,18,15,30,832,117,680,-3.4000000000000004,35.300000000000004,974,301,3.6,0.25
2020,6,18,16,30,750,101,480,-2.8000000000000003,33.2,973,312,3.6,0.25
2020,6,18,17,30,603,78,269,-2,30.700000000000003,974,318,2.8000000000000003,0.25
2020,6,18,18,30,305,43,80,-0.2,26.8,974,325,1.6,0.25
2020,6,18,19,30,0,0,0,1,24,975,329,1.1,0.25
2020,6,18,20,30,0,0,0,1.4000000000000001,23,975,329,1.1,0.25
2020,6,18,21,30,0,0,0,1.9000000000000001,22.1,975,325,1.1,0.25
2020,6,18,22,30,0,0,0,2.6,21.3,975,320,1,0.25
2020,6,18,23,30,0,0,0,3.4000000000000004,20.6,975,314,1,0.25
2020,6,19,0,30,0,0,0,4.2,20,975,307,0.9,0.25
2020,6,19,1,30,0,0,0,5.1000000000000005,19.5,975,301,0.9,0.25
2020,6,19,2,30,0,0,0,6,18.900000000000002,975,301,0.8,0.25
2020,6,19,3,30,0,0,0,6.800000000000001,18.3,975,318,0.7000000000000001,0.25
2020,6,19,4,30,0,0,0,7.300000000000001,18.7,975,342,0.7000000000000001,0.25
2020,6,19,5,30,336,49,98,7.5,20.700000000000003,975,348,0.9,0.25
2020,6,19,6,30,615,81,290,7.4,23.400000000000002,975,323,1.2000000000000002,0.25
2020,6,19,7,30,755,102,500,7.2,25.900000000000002,975,292,1.4000000000000001,0.25
2020,6,19,8,30,833,116,695,6.9,28.5,975,279,1.9000000000000001,0.25
2020,6,19,9,30,887,121,858,6.5,31,975,278,2.4000000000000004,0.25
2020,6,19,10,30,921,120,973,5.7,33.300000000000004,975,276,2.8000000000000003,0.25
2020,6,19,11,30,931,123,1029,4.6000000000000005,35,975,275,3.1,0.25
2020,6,19,12,30,928,124,1025,3.5,36.2,975,277,3.4000000000000004,0.25
2020,6,19,13,30,910,123,958,2.6,36.800000000000004,974,281,3.7,0.25
2020,6,19,14,30,881,117,837,2.4000000000000004,36.7,974,285,3.9000000000000004,0.25
2020,6,19,15,30,833,107,671,2.2,36.5,974,287,3.9000000000000004,0.25
2020,6,19,16,30,756,93,476,2.1,35,974,294,3.7,0.25
2020,6,19,17,30,615,73,268,2.2,32.7,974,301,2.7,0.25
2020,6,19,18,30,327,41,81,3,28.900000000000002,974,309,1.6,0.25
2020,6,19,19,30,0,0,0,3.3000000000000003,26.1,975,313,1.3,0.25
2020,6,19,20,30,0,0,0,3.7,24.700000000000003,976,313,1.2000000000000002,0.25
2020,6,19,21,30,0,0,0,4.5,23.3,976,320,1,0.25
2020,6,19,22,30,0,0,0,5.5,22,976,332,1,0.25
2020,6,19,23,30,0,0,0,6.5,20.8,976,345,0.9,0.25
2020,6,20,0,30,0,0,0,7.300000000000001,20,976,354,0.9,0.25
2020,6,20,1,30,0,0,0,8,19.400000000000002,976,184,0.7000000000000001,0.25
2020,6,20,2,30,0,0,0,8.4,18.900000000000002,976,21,0.5,0.25
2020,6,20,3,30,0,0,0,8.6,18.400000000000002,976,59,0.4,0.25
2020,6,20,4,30,0,0,0,8.700000000000001,18.6,977,101,0.4,0.25
2020,6,20,5,30,369,46,99,8.700000000000001,20.6,977,197,0.5,0.25
2020,6,20,6,30,630,76,290,7.6000000000000005,23.3,978,281,1,0.25
2020,6,20,7,30,760,98,498,7.2,26.1,978,281,1.8,0.25
2020,6,20,8,30,831,112,689,6.9,28.6,978,278,2.5,0.25
2020,6,20,9,30,876,122,850,6.7,30.8,978,279,3.1,0.25
2020,6,20,10,30,901,128,962,6.4,32.7,978,280,3.3000000000000003,0.25
2020,6,20,11,30,912,131,1019,6,34.300000000000004,978,281,3.5,0.25
2020,6,20,12,30,912,131,1016,5.7,35.6,977,281,3.6,0.25
2020,6,20,13,30,900,126,952,5.1000000000000005,36.4,976,282,3.7,0.25
2020,6,20,14,30,874,120,834,4.6000000000000005,36.7,976,285,3.8000000000000003,0.25
2020,6,20,15,30,829,110,671,4.2,36.6,976,286,3.8000000000000003,0.25
2020,6,20,16,30,749,95,475,3.8000000000000003,35.4,975,294,3.8000000000000003,0.25
2020,6,20,17,30,606,74,267,3.5,33,976,297,2.9000000000000004,0.25
2020,6,20,18,30,311,42,80,3.5,29,976,297,1.7000000000000002,0.25
2020,6,20,19,30,0,0,0,4,25.8,977,297,1.2000000000000002,0.25
2020,6,20,20,30,0,0,0,4.7,24.5,977,306,1,0.25
2020,6,20,21,30,0,0,0,5.7,23.5,978,324,0.8,0.25
2020,6,20,22,30,0,0,0,6.4,22.3,978,338,0.7000000000000001,0.25
2020,6,20,23,30,0,0,0,6.9,21.200000000000003,977,348,0.7000000000000001,0.25
2020,6,21,0,30,0,0,0,7.1000000000000005,20.200000000000003,977,181,0.7000000000000001,0.25
2020,6,21,1,30,0,0,0,7.300000000000001,19.5,977,13,0.6000000000000001,0.25
2020,6,21,2,30,0,0,0,7.5,19,976,32,0.5,0.25
2020,6,21,3,30,0,0,0,7.6000000000000005,18.3,976,92,0.4,0.25
2020,6,21,4,30,0,0,0,7.6000000000000005,18.400000000000002,976,143,0.5,0.25
2020,6,21,5,30,319,49,95,7.6000000000000005,20.200000000000003,977,171,0.7000000000000001,0.25
2020,6,21,6,30,599,83,286,6.9,23,977,228,1,0.25
2020,6,21,7,30,742,105,495,6.1000000000000005,25.8,977,267,1.6,0.25
2020,6,21,8,30,824,118,690,5.7,28.400000000000002,977,273,2.5,0.25
2020,6,21,9,30,879,123,853,5.4,30.700000000000003,977,276,3.1,0.25
2020,6,21,10,30,916,121,969,5,32.6,977,279,3.6,0.25
2020,6,21,11,30,930,123,1028,4.7,34,976,282,3.9000000000000004,0.25
2020,6,21,12,30,928,123,1024,4.4,35,976,284,4,0.25
2020,6,21,13,30,913,122,960,4.2,35.6,975,286,4,0.25
2020,6,21,14,30,890,114,842,4.1000000000000005,35.7,975,289,3.8000000000000003,0.25
2020,6,21,15,30,846,104,678,4,35.6,975,291,3.7,0.25
2020,6,21,16,30,770,90,481,3.8000000000000003,34.5,974,299,3.2,0.25
2020,6,21,17,30,633,70,272,3.8000000000000003,32.300000000000004,974,303,2.1,0.25
2020,6,21,18,30,341,40,82,4.6000000000000005,29.3,975,304,1.2000000000000002,0.25
2020,6,21,19,30,0,0,0,4.6000000000000005,27.5,975,297,1,0.25
2020,6,21,20,30,0,0,0,4.5,26.3,975,287,1,0.25
2020,6,21,21,30,0,0,0,5,24.8,976,283,1.1,0.25
2020,6,21,22,30,0,0,0,6,23.200000000000003,976,281,1.1,0.25
2020,6,21,23,30,0,0,0,7.2,22,976,281,1,0.25
2020,6,22,0,30,0,0,0,8.3,21,976,286,0.9,0.25
2020,6,22,1,30,0,0,0,9.5,20.3,976,307,0.7000000000000001,0.25
2020,6,22,2,30,0,0,0,10.3,19.700000000000003,976,166,0.5,0.25
2020,6,22,3,30,0,0,0,10.8,19.200000000000003,976,82,0.30000000000000004,0.25
2020,6,22,4,30,0,0,0,11.200000000000001,19.5,976,167,0.5,0.25
2020,6,22,5,30,342,45,94,11.5,21.6,976,205,0.8,0.25
2020,6,22,6,30,613,77,284,11.4,24.6,977,243,1.1,0.25
2020,6,22,7,30,752,96,491,11.100000000000001,28,977,262,1.5,0.25
2020,6,22,8,30,832,109,686,10.200000000000001,31.6,977,266,1.8,0.25
2020,6,22,9,30,881,117,848,8.9,35,977,261,1.9000000000000001,0.25
2020,6,22,10,30,912,121,965,7.6000000000000005,37.9,976,256,2,0.25
2020,6,22,11,30,925,124,1024,6.1000000000000005,40,976,256,2.2,0.25
2020,6,22,12,30,923,124,1020,4.9,41.300000000000004,975,261,2.4000000000000004,0.25
2020,6,22,13,30,907,124,957,4,41.800000000000004,975,268,2.6,0.25
2020,6,22,14,30,881,116,837,3.6,41.6,974,278,2.9000000000000004,0.25
2020,6,22,15,30,834,107,673,3.6,41.400000000000006,974,283,3,0.25
2020,6,22,16,30,753,93,476,4.2,39.1,974,299,3.6,0.25
2020,6,22,17,30,608,73,267,5.2,36.300000000000004,974,308,3.4000000000000004,0.25
2020,6,22,18,30,319,40,80,6.7,32.2,975,315,2.5,0.25
2020,6,22,19,30,0,0,0,7.6000000000000005,28.700000000000003,976,322,1.7000000000000002,0.25
2020,6,22,20,30,0,0,0,8.200000000000001,26.6,977,335,1.3,0.25
2020,6,22,21,30,0,0,0,8.6,25.1,977,351,1.1,0.25
2020,6,22,22,30,0,0,0,8.6,24.1,977,360,0.9,0.25
2020,6,22,23,30,0,0,0,8.6,23.400000000000002,976,353,0.9,0.25
2020,6,23,0,30,0,0,0,8.4,22.8,976,339,0.9,0.25
2020,6,23,1,30,0,0,0,8.4,22.3,976,336,0.7000000000000001,0.25
2020,6,23,2,30,0,0,0,8.5,21.700000000000003,975,206,0.5,0.25
2020,6,23,3,30,0,0,0,8.6,21,975,86,0.5,0.25
2020,6,23,4,30,0,0,0,8.6,21.200000000000003,975,108,0.6000000000000001,0.25
2020,6,23,5,30,383,43,98,8.6,23.3,975,136,0.7000000000000001,0.25
2020,6,23,6,30,647,73,291,8.1,26.3,976,183,0.8,0.25
2020,6,23,7,30,776,92,499,7.5,29.5,976,226,1,0.25
2020,6,23,8,30,847,105,692,7.300000000000001,32.7,976,245,1.6,0.25
2020,6,23,9,30,881,121,851,7.4,35.7,975,253,2.1,0.25
2020,6,23,10,30,893,135,961,7.300000000000001,38.2,975,259,2.6,0.25
2020,6,23,11,30,541,363,889,7.1000000000000005,39.900000000000006,975,267,2.9000000000000004,0.25
2020,6,23,12,30,803,207,987,7,40.800000000000004,974,275,3.2,0.25
2020,6,23,13,30,886,135,948,6.9,41.1,973,282,3.5,0.25
2020,6,23,14,30,855,127,827,6.9,40.5,973,289,3.7,0.25
2020,6,23,15,30,804,116,662,7.2,40,973,293,3.9000000000000004,0.25
2020,6,23,16,30,719,101,467,7.5,38.1,973,304,4.2,0.26
2020,6,23,17,30,548,81,256,8,35.9,973,311,3.9000000000000004,0.26
2020,6,23,18,30,229,42,71,8.700000000000001,32.5,974,320,3,0.26
2020,6,23,19,30,0,0,0,9.200000000000001,29.700000000000003,975,331,2,0.26
2020,6,23,20,30,0,0,0,9.4,27.8,975,345,1.4000000000000001,0.26
2020,6,23,21,30,0,0,0,9.5,26.400000000000002,975,181,1,0.26
2020,6,23,22,30,0,0,0,9.4,25.6,974,8,0.9,0.26
2020,6,23,23,30,0,0,0,9.3,25.3,974,177,0.8,0.26
2020,6,24,0,30,0,0,0,9.1,24.8,974,327,0.7000000000000001,0.26
2020,6,24,1,30,0,0,0,9,24,973,298,0.6000000000000001,0.26
2020,6,24,2,30,0,0,0,9,23.400000000000002,973,293,0.5,0.26
2020,6,24,3,30,0,0,0,8.9,22.900000000000002,973,171,0.30000000000000004,0.26
2020,6,24,4,30,0,0,0,8.8,22.900000000000002,973,74,0.4,0.26
2020,6,24,5,30,355,45,95,8.700000000000001,24.3,973,127,0.6000000000000001,0.26
2020,6,24,6,30,590,78,276,8.200000000000001,26.400000000000002,973,187,0.8,0.26
2020,6,24,7,30,511,156,424,7.5,28.3,973,236,1.1,0.26
2020,6,24,8,30,685,165,639,6.7,30,973,253,1.5,0.26
2020,6,24,9,30,509,304,726,6.2,31.700000000000003,973,263,1.8,0.26
2020,6,24,10,30,437,387,791,5.9,33.4,973,274,2.1,0.26
2020,6,24,11,30,681,280,943,5.9,34.9,973,283,2.4000000000000004,0.26
2020,6,24,12,30,434,425,846,6,36.2,972,289,2.9000000000000004,0.26
2020,6,24,13,30,549,336,840,6.2,36.5,972,293,3.3000000000000003,0.26
2020,6,24,14,30,644,239,766,6.5,35.800000000000004,971,296,3.4000000000000004,0.26
2020,6,24,15,30,553,208,584,6.800000000000001,35.2,971,298,3.3000000000000003,0.26
2020,6,24,16,30,432,164,384,7.1000000000000005,33.5,971,299,2.6,0.25
2020,6,24,17,30,626,68,268,7.5,31.8,971,300,1.8,0.25
2020,6,24,18,30,352,39,83,8,29,971,307,1.1,0.25
2020,6,24,19,30,0,0,0,8.3,27,972,319,1,0.25
2020,6,24,20,30,0,0,0,8.3,26.200000000000003,972,328,0.9,0.25
2020,6,24,21,30,0,0,0,8.4,25.400000000000002,972,340,0.8,0.25
2020,6,24,22,30,0,0,0,8.4,24.700000000000003,972,174,0.7000000000000001,0.25
2020,6,24,23,30,0,0,0,8.5,24.1,972,3,0.8,0.25
2020,6,25,0,30,0,0,0,8.700000000000001,23.400000000000002,971,10,0.9,0.25
2020,6,25,1,30,0,0,0,9.1,22.8,971,17,0.9,0.25
2020,6,25,2,30,0,0,0,9.4,22.5,971,15,0.8,0.25
2020,6,25,3,30,0,0,0,9.700000000000001,22.400000000000002,971,184,0.7000000000000001,0.25
2020,6,25,4,30,0,0,0,9.9,23.1,971,345,0.6000000000000001,0.25
2020,6,25,5,30,305,44,87,10.100000000000001,25,972,315,0.9,0.25
2020,6,25,6,30,294,117,216,10.100000000000001,27.700000000000003,972,291,1.7000000000000002,0.25
2020,6,25,7,30,608,130,448,9.700000000000001,30.3,972,284,2.4000000000000004,0.25
2020,6,25,8,30,809,113,672,9.4,33,972,281,2.8000000000000003,0.25
2020,6,25,9,30,877,115,841,9.1,35.4,972,282,3.3000000000000003,0.25
2020,6,25,10,30,890,130,952,8.700000000000001,37.2,972,287,3.7,0.25
2020,6,25,11,30,904,132,1011,8.6,38.400000000000006,971,294,4,0.25
2020,6,25,12,30,904,132,1010,8.5,38.900000000000006,971,300,4.3,0.25
2020,6,25,13,30,890,131,948,8.4,39,971,303,4.4,0.25
2020,6,25,14,30,866,123,832,8.1,38.6,970,307,4.6000000000000005,0.25
2020,6,25,15,30,818,111,667,7.7,38.300000000000004,970,309,4.7,0.25
2020,6,25,16,30,732,98,471,7.6000000000000005,36.2,971,318,5,0.26
2020,6,25,17,30,585,78,265,7.6000000000000005,33.9,972,321,4.4,0.26
2020,6,25,18,30,294,42,79,7.800000000000001,30.400000000000002,972,325,2.7,0.26
2020,6,25,19,30,0,0,0,8.1,27.200000000000003,973,335,1.3,0.26
2020,6,25,20,30,0,0,0,8.3,25.5,974,172,1.1,0.26
2020,6,25,21,30,0,0,0,8.5,24.400000000000002,974,4,1.1,0.26
2020,6,25,22,30,0,0,0,8.5,23.8,974,9,1,0.26
2020,6,25,23,30,0,0,0,8.5,23.400000000000002,974,6,0.9,0.26
2020,6,26,0,30,0,0,0,8.5,22.8,974,2,0.9,0.26
2020,6,26,1,30,0,0,0,8.6,21.8,974,6,0.9,0.26
2020,6,26,2,30,0,0,0,8.6,21.1,974,18,0.9,0.26
2020,6,26,3,30,0,0,0,8.6,20.8,975,36,0.8,0.26
2020,6,26,4,30,0,0,0,8.6,21.6,975,62,0.8,0.26
2020,6,26,5,30,283,46,86,8.5,24,975,91,0.7000000000000001,0.26
2020,6,26,6,30,547,85,268,8.3,27.400000000000002,975,152,0.8,0.26
2020,6,26,7,30,683,111,468,7.9,31.3,975,214,1.2000000000000002,0.26
2020,6,26,8,30,762,130,656,7.300000000000001,34.5,975,236,1.7000000000000002,0.26
2020,6,26,9,30,829,132,818,7.4,36.6,975,249,2.1,0.26
2020,6,26,10,30,881,122,936,7.6000000000000005,38.2,975,262,2.5,0.26
2020,6,26,11,30,890,127,993,7.7,39.300000000000004,975,273,2.9000000000000004,0.26
2020,6,26,12,30,873,139,987,8,39.900000000000006,974,282,3.1,0.26
2020,6,26,13,30,839,149,920,8.200000000000001,40,974,288,3.1,0.26
2020,6,26,14,30,805,144,804,8.5,39.7,973,290,2.9000000000000004,0.26
2020,6,26,15,30,751,133,644,8.6,39.5,973,290,2.8000000000000003,0.26
2020,6,26,16,30,668,113,454,8.6,38.1,973,283,2.8000000000000003,0.26
2020,6,26,17,30,526,86,255,8.700000000000001,36.2,973,281,2.4000000000000004,0.26
2020,6,26,18,30,249,45,76,9.1,32.9,973,286,1.7000000000000002,0.26
2020,6,26,19,30,0,0,0,9.5,30.200000000000003,974,295,1.3,0.26
2020,6,26,20,30,0,0,0,10,28.700000000000003,975,311,1.1,0.26
2020,6,26,21,30,0,0,0,10.4,27.3,975,334,0.9,0.26
2020,6,26,22,30,0,0,0,10.700000000000001,26.1,975,353,0.9,0.26
2020,6,26,23,30,0,0,0,10.8,25.1,975,186,0.8,0.26
2020,6,27,0,30,0,0,0,10.9,24.400000000000002,975,14,0.7000000000000001,0.26
2020,6,27,1,30,0,0,0,10.8,23.8,974,9,0.6000000000000001,0.26
2020,6,27,2,30,0,0,0,10.600000000000001,23.1,974,103,0.4,0.26
2020,6,27,3,30,0,0,0,10.5,22.200000000000003,974,188,0.4,0.26
2020,6,27,4,30,0,0,0,10.3,22.3,974,164,0.6000000000000001,0.26
2020,6,27,5,30,256,50,85,10,24.200000000000003,974,184,0.7000000000000001,0.26
2020,6,27,6,30,525,92,267,9.5,27,975,240,1,0.26
2020,6,27,7,30,670,119,468,9,30.1,975,270,1.9000000000000001,0.26
2020,6,27,8,30,754,138,658,8.700000000000001,33,974,275,2.7,0.26
2020,6,27,9,30,806,151,817,8.5,35.4,974,277,3.4000000000000004,0.26
2020,6,27,10,30,839,156,931,8.200000000000001,37.2,974,279,3.9000000000000004,0.26
2020,6,27,11,30,857,159,992,7.800000000000001,38.7,973,282,4.3,0.26
2020,6,27,12,30,872,148,995,7.2,39.800000000000004,973,285,4.5,0.26
2020,6,27,13,30,876,134,939,6.5,40.6,972,290,4.7,0.26
2020,6,27,14,30,850,126,823,5.800000000000001,40.800000000000004,972,294,4.800000000000001,0.26
2020,6,27,15,30,802,116,662,5.1000000000000005,40.7,971,296,4.9,0.26
2020,6,27,16,30,724,101,470,4.3,39.2,971,292,5.1000000000000005,0.26
2020,6,27,17,30,584,78,266,4,36.800000000000004,971,288,4.6000000000000005,0.26
2020,6,27,18,30,293,43,80,5.1000000000000005,33,971,287,3.5,0.26
2020,6,27,19,30,0,0,0,7.1000000000000005,29.400000000000002,972,291,2.4000000000000004,0.26
2020,6,27,20,30,0,0,0,8.6,27.1,973,298,1.6,0.26
2020,6,27,21,30,0,0,0,9.3,25.5,973,306,1.1,0.26
2020,6,27,22,30,0,0,0,9.700000000000001,24.5,973,316,1,0.26
2020,6,27,23,30,0,0,0,10,23.8,973,328,1.1,0.26
2020,6,28,0,30,0,0,0,10.4,22.8,972,338,1.1,0.26
2020,6,28,1,30,0,0,0,10.8,21.400000000000002,972,340,0.9,0.26
2020,6,28,2,30,0,0,0,11.100000000000001,20.3,972,337,0.9,0.26
2020,6,28,3,30,0,0,0,11.3,19.5,972,331,1,0.26
2020,6,28,4,30,0,0,0,11.5,19.8,972,327,1.3,0.26
2020,6,28,5,30,315,45,88,11.4,21.1,972,318,2,0.26
2020,6,28,6,30,444,94,241,10.9,22.900000000000002,972,306,2.5,0.26
2020,6,28,7,30,421,174,393,10.700000000000001,25.3,972,299,3.1,0.26
2020,6,28,8,30,860,93,685,10.3,27.6,971,297,3.8000000000000003,0.26
2020,6,28,9,30,899,99,842,9.5,29.6,971,298,4.5,0.26
2020,6,28,10,30,922,104,955,8.5,30.900000000000002,971,299,5.1000000000000005,0.26
2020,6,28,11,30,932,108,1014,7.1000000000000005,31.8,970,299,5.5,0.26
2020,6,28,12,30,931,110,1014,5.300000000000001,32.2,970,296,5.9,0.26
2020,6,28,13,30,921,110,956,2.9000000000000004,32.2,969,293,6.2,0.26
2020,6,28,14,30,902,103,842,0.5,31.5,969,292,6.4,0.26
2020,6,28,15,30,861,93,679,-0.9,31.1,969,292,6.4,0.26
2020,6,28,16,30,789,83,486,-1.3,28.200000000000003,969,292,6.1000000000000005,0.26
2020,6,28,17,30,660,66,278,-0.8,25.400000000000002,969,292,5.6000000000000005,0.26
2020,6,28,18,30,387,38,87,0.5,22.400000000000002,970,292,4.7,0.26
2020,6,28,19,30,0,0,0,2.3000000000000003,19.900000000000002,970,290,3.9000000000000004,0.26
2020,6,28,20,30,0,0,0,3.9000000000000004,18.3,971,287,3.2,0.26
2020,6,28,21,30,0,0,0,5.1000000000000005,17,971,285,2.4000000000000004,0.26
2020,6,28,22,30,0,0,0,5.800000000000001,15.9,971,283,1.5,0.26
2020,6,28,23,30,0,0,0,6.300000000000001,14.8,971,281,0.9,0.26
2020,6,29,0,30,0,0,0,6.6000000000000005,13.9,971,282,0.7000000000000001,0.26
2020,6,29,1,30,0,0,0,7.1000000000000005,13.100000000000001,971,291,0.7000000000000001,0.26
2020,6,29,2,30,0,0,0,7.5,12.4,971,307,0.6000000000000001,0.26
2020,6,29,3,30,0,0,0,7.800000000000001,11.9,972,319,0.6000000000000001,0.26
2020,6,29,4,30,0,0,0,8,12.4,972,326,1,0.26
2020,6,29,5,30,364,44,94,7.9,14.4,973,322,1.5,0.26
2020,6,29,6,30,650,76,291,6.9,17.1,973,308,2,0.26
2020,6,29,7,30,785,94,502,5.9,19.900000000000002,974,297,2.6,0.26
2020,6,29,8,30,856,109,698,5.6000000000000005,22.200000000000003,974,292,3.2,0.26
2020,6,29,9,30,897,120,860,5.9,24.200000000000003,974,291,3.8000000000000003,0.26
2020,6,29,10,30,923,125,976,6.300000000000001,25.900000000000002,974,292,4.3,0.26
2020,6,29,11,30,932,128,1034,6.300000000000001,27.200000000000003,973,292,4.5,0.26
2020,6,29,12,30,933,127,1033,5.9,28.200000000000003,973,292,4.4,0.26
2020,6,29,13,30,919,124,968,5.1000000000000005,28.900000000000002,973,293,4.3,0.26
2020,6,29,14,30,889,119,848,4.5,29,973,298,4.2,0.26
2020,6,29,15,30,841,110,682,4.2,28.900000000000002,973,301,4.2,0.26
2020,6,29,16,30,760,96,484,4.1000000000000005,27.6,973,309,3.6,0.26
2020,6,29,17,30,623,76,276,4.1000000000000005,25.8,973,316,2.7,0.26
2020,6,29,18,30,337,42,85,4.4,23.1,974,320,1.5,0.26
2020,6,29,19,30,0,0,0,4.7,21.400000000000002,974,320,0.9,0.26
2020,6,29,20,30,0,0,0,4.800000000000001,20.900000000000002,975,308,0.8,0.26
2020,6,29,21,30,0,0,0,4.9,20.200000000000003,975,286,0.7000000000000001,0.26
2020,6,29,22,30,0,0,0,5,19.5,975,264,0.7000000000000001,0.26
2020,6,29,23,30,0,0,0,5,19.1,975,255,0.6000000000000001,0.26
2020,6,30,0,30,0,0,0,5,18.7,975,213,0.30000000000000004,0.26
2020,6,30,1,30,0,0,0,5.2,17.900000000000002,975,141,0.4,0.26
2020,6,30,2,30,0,0,0,5.5,16.900000000000002,975,108,0.7000000000000001,0.26
2020,6,30,3,30,0,0,0,5.7,16.2,976,101,0.9,0.26
2020,6,30,4,30,0,0,0,5.7,16.900000000000002,976,97,0.9,0.26
2020,6,30,5,30,395,40,93,5.7,19.700000000000003,976,94,1.1,0.26
2020,6,30,6,30,669,67,288,5.2,23.700000000000003,976,105,1.2000000000000002,0.26
2020,6,30,7,30,801,84,499,3.8000000000000003,27.6,976,171,1,0.26
2020,6,30,8,30,874,94,695,2.2,30.8,976,241,1.4000000000000001,0.26
2020,6,30,9,30,916,103,859,1.1,32.800000000000004,976,263,2.3000000000000003,0.26
2020,6,30,10,30,939,110,976,0.6000000000000001,34.2,975,274,3,0.26
2020,6,30,11,30,951,112,1036,0.5,34.9,975,282,3.5,0.26
2020,6,30,12,30,946,114,1032,0.5,35.2,974,290,3.9000000000000004,0.26
2020,6,30,13,30,928,115,968,0.5,35,974,296,4.3,0.26
2020,6,30,14,30,903,110,850,0.5,34.5,974,300,4.4,0.26
2020,6,30,15,30,859,101,686,0.7000000000000001,34.1,973,301,4.3,0.26
2020,6,30,16,30,643,128,456,3,40,970,296,3.6,0.21
2020,6,30,17,30,490,95,253,4,37,970,305,3.3000000000000003,0.21
2020,6,30,18,30,223,44,72,6,33,970,313,2.1,0.21
2020,6,30,19,30,0,0,0,6,30,970,316,1.2000000000000002,0.21
2020,6,30,20,30,0,0,0,7,28,970,309,0.9,0.21
2020,6,30,21,30,0,0,0,8,26,970,279,0.8,0.21
2020,6,30,22,30,0,0,0,8,26,970,249,0.6000000000000001,0.21
2020,6,30,23,30,0,0,0,8,26,970,262,0.4,0.21
2002,7,1,0,30,0,0,0,9,25,970,13,0.5,0.21
2002,7,1,1,30,0,0,0,9,25,970,35,0.5,0.21
2002,7,1,2,30,0,0,0,9,24,970,56,0.5,0.21
2002,7,1,3,30,0,0,0,9,24,970,75,0.5,0.21
2002,7,1,4,30,0,0,0,9,24,970,76,0.6000000000000001,0.21
2002,7,1,5,30,322,41,84,9,25,970,72,0.6000000000000001,0.21
2002,7,1,6,30,600,76,274,9,28,970,62,0.5,0.21
2002,7,1,7,30,713,107,476,9,32,970,202,0.7000000000000001,0.21
2002,7,1,8,30,797,122,669,7,35,970,214,1.4000000000000001,0.21
2002,7,1,9,30,847,132,831,6,38,970,226,1.8,0.21
2002,7,1,10,30,871,142,945,4,41,970,230,1.9000000000000001,0.21
2002,7,1,11,30,889,143,1007,3,42,970,224,2.2,0.21
2002,7,1,12,30,891,142,1007,2,43,970,217,2.5,0.21
2002,7,1,13,30,848,160,939,1,43,970,214,3,0.21
2002,7,1,14,30,439,322,682,0,42,970,218,3.3000000000000003,0.21
2002,7,1,15,30,609,191,606,0,41,970,224,3.3000000000000003,0.21
2002,7,1,16,30,398,182,385,0,39,970,229,2.8000000000000003,0.21
2002,7,1,17,30,125,124,164,0,36,970,235,1.8,0.21
2002,7,1,18,30,11,41,42,1,33,970,256,1,0.21
2002,7,1,19,30,0,0,0,3,30,970,278,1,0.21
2002,7,1,20,30,0,0,0,4,28,970,303,0.9,0.21
2002,7,1,21,30,0,0,0,6,27,970,328,0.9,0.21
2002,7,1,22,30,0,0,0,7,26,970,353,0.9,0.21
2002,7,1,23,30,0,0,0,8,25,970,358,0.9,0.21
2002,7,2,0,30,0,0,0,9,25,970,346,0.8,0.21
2002,7,2,1,30,0,0,0,10,24,970,319,0.7000000000000001,0.21
2002,7,2,2,30,0,0,0,10,24,970,290,0.6000000000000001,0.21
2002,7,2,3,30,0,0,0,9,23,970,278,0.4,0.21
2002,7,2,4,30,0,0,0,9,23,970,304,0.4,0.21
2002,7,2,5,30,322,42,84,9,25,980,16,0.7000000000000001,0.21
2002,7,2,6,30,608,77,276,8,27,980,8,0.9,0.21
2002,7,2,7,30,754,96,486,7,31,980,332,1,0.21
2002,7,2,8,30,832,112,683,5,34,980,248,1.5,0.21
2002,7,2,9,30,876,126,848,4,37,980,247,2,0.21
2002,7,2,10,30,897,139,966,2,38,980,253,2.2,0.21
2002,7,2,11,30,909,146,1029,0,39,970,254,2.2,0.21
2002,7,2,12,30,909,147,1029,0,40,970,252,2.3000000000000003,0.21
2002,7,2,13,30,904,138,969,-2,41,970,252,2.5,0.21
2002,7,2,14,30,877,130,850,-3,40,970,254,2.6,0.21
2002,7,2,15,30,829,119,683,-4,39,970,261,2.5,0.21
2002,7,2,16,30,747,102,484,-3,38,970,271,2.5,0.21
2002,7,2,17,30,603,78,272,-3,35,970,286,1.9000000000000001,0.21
2002,7,2,18,30,317,40,80,-1,31,970,303,1.3,0.21
2002,7,2,19,30,0,0,0,0,28,970,314,1.2000000000000002,0.21
2002,7,2,20,30,0,0,0,1,27,970,313,1.1,0.21
2002,7,2,21,30,0,0,0,3,25,970,305,0.9,0.21
2002,7,2,22,30,0,0,0,4,23,970,298,0.7000000000000001,0.21
2002,7,2,23,30,0,0,0,5,22,970,298,0.6000000000000001,0.21
2002,7,3,0,30,0,0,0,5,21,970,332,0.6000000000000001,0.21
2002,7,3,1,30,0,0,0,5,20,970,30,0.6000000000000001,0.21
2002,7,3,2,30,0,0,0,5,20,970,42,0.5,0.21
2002,7,3,3,30,0,0,0,5,20,970,7,0.5,0.21
2002,7,3,4,30,0,0,0,5,20,970,312,0.7000000000000001,0.21
2002,7,3,5,30,339,40,85,5,22,970,281,1.3,0.21
2002,7,3,6,30,615,76,276,5,24,980,286,2.1,0.21
2002,7,3,7,30,756,96,486,4,26,980,294,2.5,0.21
2002,7,3,8,30,836,110,683,3,29,970,297,2.9000000000000004,0.21
2002,7,3,9,30,883,119,847,3,31,970,296,3.5,0.21
2002,7,3,10,30,901,131,961,2,33,970,292,4.1000000000000005,0.21
2002,7,3,11,30,915,133,1022,2,34,970,289,4.7,0.21
2002,7,3,12,30,916,132,1021,2,35,970,289,5.1000000000000005,0.21
2002,7,3,13,30,897,132,957,2,36,970,291,5.2,0.21
2002,7,3,14,30,869,125,838,2,36,970,295,5.2,0.21
2002,7,3,15,30,819,114,672,3,36,970,298,5.2,0.21
2002,7,3,16,30,739,98,476,3,35,970,301,5.1000000000000005,0.21
2002,7,3,17,30,601,75,268,4,33,970,302,4.1000000000000005,0.21
2002,7,3,18,30,324,39,79,4,29,970,299,2.4000000000000004,0.21
2002,7,3,19,30,0,0,0,4,26,970,291,1.4000000000000001,0.21
2002,7,3,20,30,0,0,0,4,24,970,288,1.2000000000000002,0.21
2002,7,3,21,30,0,0,0,4,23,970,292,1,0.21
2002,7,3,22,30,0,0,0,3,21,970,301,1,0.21
2002,7,3,23,30,0,0,0,2,20,970,300,0.9,0.21
2002,7,4,0,30,0,0,0,2,19,970,296,0.8,0.21
2002,7,4,1,30,0,0,0,2,18,970,297,0.5,0.21
2002,7,4,2,30,0,0,0,2,17,970,288,0.30000000000000004,0.21
2002,7,4,3,30,0,0,0,3,17,970,190,0.30000000000000004,0.21
2002,7,4,4,30,0,0,0,3,17,970,165,0.4,0.21
2002,7,4,5,30,404,36,88,3,19,970,156,0.4,0.21
2002,7,4,6,30,677,64,285,3,22,970,285,0.9,0.21
2002,7,4,7,30,809,81,497,3,25,970,295,1.9000000000000001,0.21
2002,7,4,8,30,878,93,693,3,27,970,289,2.7,0.21
2002,7,4,9,30,919,101,857,3,30,970,286,3.4000000000000004,0.21
2002,7,4,10,30,926,117,969,3,32,970,287,3.9000000000000004,0.21
2002,7,4,11,30,936,120,1029,3,33,970,289,4.1000000000000005,0.21
2002,7,4,12,30,386,429,803,2,34,970,292,4.3,0.21
2002,7,4,13,30,745,234,918,1,34,970,292,4.1000000000000005,0.21
2002,7,4,14,30,600,265,758,0,34,970,294,4,0.21
2002,7,4,15,30,667,169,623,0,34,970,297,3.8000000000000003,0.21
2002,7,4,16,30,796,81,488,-1,33,970,301,3.6,0.21
2002,7,4,17,30,670,63,278,-1,31,970,305,2.6,0.21
2002,7,4,18,30,214,40,67,-1,28,970,304,1.5,0.21
2002,7,4,19,30,0,0,0,-1,26,970,298,1.2000000000000002,0.21
2002,7,4,20,30,0,0,0,0,25,970,291,1.2000000000000002,0.21
2002,7,4,21,30,0,0,0,0,23,970,288,1.1,0.21
2002,7,4,22,30,0,0,0,1,22,970,289,0.9,0.21
2002,7,4,23,30,0,0,0,2,20,970,294,0.8,0.21
2002,7,5,0,30,0,0,0,3,20,970,302,0.6000000000000001,0.21
2002,7,5,1,30,0,0,0,4,20,970,302,0.5,0.21
2002,7,5,2,30,0,0,0,4,19,970,303,0.4,0.21
2002,7,5,3,30,0,0,0,4,18,970,310,0.4,0.21
2002,7,5,4,30,0,0,0,4,18,970,354,0.4,0.21
2002,7,5,5,30,402,34,85,4,20,970,22,0.6000000000000001,0.21
2002,7,5,6,30,669,60,277,4,23,970,316,1.1,0.21
2002,7,5,7,30,349,194,373,3,25,970,278,2,0.21
2002,7,5,8,30,102,310,380,3,27,970,277,2.6,0.21
2002,7,5,9,30,717,206,795,4,30,970,278,2.8000000000000003,0.21
2002,7,5,10,30,520,364,843,4,32,970,284,3.2,0.21
2002,7,5,11,30,518,401,904,4,34,970,288,3.5,0.21
2002,7,5,12,30,934,110,1016,4,35,970,293,3.6,0.21
2002,7,5,13,30,932,100,957,4,36,970,296,3.7,0.21
2002,7,5,14,30,583,273,751,4,36,970,299,3.8000000000000003,0.21
2002,7,5,15,30,865,87,677,4,35,970,300,3.9000000000000004,0.21
2002,7,5,16,30,793,77,482,4,34,970,303,3.8000000000000003,0.21
2002,7,5,17,30,667,60,274,3,32,970,305,2.9000000000000004,0.21
2002,7,5,18,30,394,33,82,3,29,970,306,1.7000000000000002,0.21
2002,7,5,19,30,0,0,0,3,26,970,306,1.2000000000000002,0.21
2002,7,5,20,30,0,0,0,3,24,970,309,1.1,0.21
2002,7,5,21,30,0,0,0,3,23,970,313,0.9,0.21
2002,7,5,22,30,0,0,0,4,22,970,310,0.8,0.21
2002,7,5,23,30,0,0,0,4,22,970,313,0.7000000000000001,0.21
2002,7,6,0,30,0,0,0,5,21,970,355,0.5,0.21
2002,7,6,1,30,0,0,0,6,21,970,20,0.5,0.21
2002,7,6,2,30,0,0,0,6,20,970,18,0.4,0.21
2002,7,6,3,30,0,0,0,7,19,970,348,0.30000000000000004,0.21
2002,7,6,4,30,0,0,0,7,19,970,302,0.30000000000000004,0.21
2002,7,6,5,30,393,34,84,7,20,970,307,0.4,0.21
2002,7,6,6,30,669,62,278,7,22,970,296,0.8,0.21
2002,7,6,7,30,357,191,374,7,25,970,303,1.5,0.21
2002,7,6,8,30,237,308,470,7,28,970,288,2.3000000000000003,0.21
2002,7,6,9,30,875,117,836,6,30,970,275,2.8000000000000003,0.21
2002,7,6,10,30,921,110,956,6,32,970,275,3,0.21
2002,7,6,11,30,931,113,1015,6,35,970,280,3.2,0.21
2002,7,6,12,30,931,112,1015,5,36,970,283,3.5,0.21
2002,7,6,13,30,922,108,954,5,37,970,286,3.7,0.21
2002,7,6,14,30,898,102,838,4,37,970,290,3.8000000000000003,0.21
2002,7,6,15,30,367,276,526,4,36,970,297,3.8000000000000003,0.21
2002,7,6,16,30,358,193,375,4,35,970,303,3.7,0.21
2002,7,6,17,30,672,60,275,4,33,970,308,2.7,0.21
2002,7,6,18,30,406,33,83,4,30,970,311,1.6,0.21
2002,7,6,19,30,0,0,0,3,27,970,313,1.3,0.21
2002,7,6,20,30,0,0,0,3,26,970,312,1.2000000000000002,0.21
2002,7,6,21,30,0,0,0,3,24,970,312,1.1,0.21
2002,7,6,22,30,0,0,0,4,23,970,307,0.9,0.21
2002,7,6,23,30,0,0,0,4,22,970,300,0.9,0.21
2002,7,7,0,30,0,0,0,5,21,970,303,0.8,0.21
2002,7,7,1,30,0,0,0,6,19,970,318,0.7000000000000001,0.21
2002,7,7,2,30,0,0,0,6,19,970,338,0.5,0.21
2002,7,7,3,30,0,0,0,7,18,970,14,0.4,0.21
2002,7,7,4,30,0,0,0,7,18,970,59,0.5,0.21
2002,7,7,5,30,407,33,84,8,20,970,79,0.7000000000000001,0.21
2002,7,7,6,30,678,60,277,7,22,980,13,1.1,0.21
2002,7,7,7,30,789,81,484,7,25,980,319,1.9000000000000001,0.21
2002,7,7,8,30,862,93,679,7,28,980,300,2.7,0.21
2002,7,7,9,30,904,101,842,7,30,980,293,3.4000000000000004,0.21
2002,7,7,10,30,918,113,956,7,32,980,290,3.8000000000000003,0.21
2002,7,7,11,30,931,115,1017,8,33,980,291,4,0.21
2002,7,7,12,30,933,114,1018,7,35,980,295,4,0.21
2002,7,7,13,30,932,105,961,6,36,970,296,4,0.21
2002,7,7,14,30,910,99,845,5,36,970,297,3.9000000000000004,0.21
2002,7,7,15,30,874,89,684,4,35,970,299,3.8000000000000003,0.21
2002,7,7,16,30,818,73,490,4,34,970,303,3.7,0.21
2002,7,7,17,30,701,57,281,3,32,970,309,2.7,0.21
2002,7,7,18,30,440,31,85,4,28,970,315,1.5,0.21
2002,7,7,19,30,0,0,0,4,25,980,326,1.2000000000000002,0.21
2002,7,7,20,30,0,0,0,5,24,980,332,1.3,0.21
2002,7,7,21,30,0,0,0,6,23,980,335,1.3,0.21
2002,7,7,22,30,0,0,0,7,22,980,335,1.2000000000000002,0.21
2002,7,7,23,30,0,0,0,8,21,980,334,1,0.21
2002,7,8,0,30,0,0,0,8,20,980,335,0.8,0.21
2002,7,8,1,30,0,0,0,8,19,980,339,0.8,0.21
2002,7,8,2,30,0,0,0,9,18,980,333,0.8,0.21
2002,7,8,3,30,0,0,0,9,17,980,329,0.8,0.21
2002,7,8,4,30,0,0,0,9,17,980,336,0.8,0.21
2002,7,8,5,30,450,31,86,10,19,980,349,0.9,0.21
2002,7,8,6,30,720,55,285,10,22,980,343,1.1,0.21
2002,7,8,7,30,850,66,499,9,25,980,321,1.3,0.21
2002,7,8,8,30,915,75,697,8,29,980,299,1.6,0.21
2002,7,8,9,30,952,81,861,7,32,980,285,1.8,0.21
2002,7,8,10,30,967,90,977,6,35,980,282,2,0.21
2002,7,8,11,30,973,94,1037,5,38,980,284,2.4000000000000004,0.21
2002,7,8,12,30,969,96,1035,4,39,980,285,3,0.21
2002,7,8,13,30,951,99,972,3,40,970,289,3.6,0.21
2002,7,8,14,30,926,95,854,3,40,970,294,4,0.21
2002,7,8,15,30,886,87,689,3,39,970,298,4.1000000000000005,0.21
2002,7,8,16,30,821,74,493,2,38,970,301,3.9000000000000004,0.21
2002,7,8,17,30,696,59,281,2,35,970,304,2.8000000000000003,0.21
2002,7,8,18,30,423,33,84,2,31,970,306,1.5,0.21
2002,7,8,19,30,0,0,0,2,28,970,318,1.2000000000000002,0.21
2002,7,8,20,30,0,0,0,2,27,970,338,1.1,0.21
2002,7,8,21,30,0,0,0,2,27,970,356,1,0.21
2002,7,8,22,30,0,0,0,2,27,970,8,0.8,0.21
2002,7,8,23,30,0,0,0,2,26,970,8,0.6000000000000001,0.21
2002,7,9,0,30,0,0,0,2,26,970,2,0.4,0.21
2002,7,9,1,30,0,0,0,2,25,970,4,0.30000000000000004,0.21
2002,7,9,2,30,0,0,0,2,24,970,52,0.4,0.21
2002,7,9,3,30,0,0,0,2,23,970,99,0.7000000000000001,0.21
2002,7,9,4,30,0,0,0,2,23,970,102,0.8,0.21
2002,7,9,5,30,384,34,80,2,26,980,101,1,0.21
2002,7,9,6,30,654,64,272,2,30,980,98,1.1,0.21
2002,7,9,7,30,781,84,481,2,34,980,103,0.7000000000000001,0.21
2002,7,9,8,30,847,100,675,1,38,970,152,0.7000000000000001,0.21
2002,7,9,9,30,885,112,836,0,42,970,219,1.2000000000000002,0.21
2002,7,9,10,30,905,121,951,0,45,970,233,2,0.21
2002,7,9,11,30,913,126,1010,0,46,970,257,2.7,0.21
2002,7,9,12,30,910,128,1009,0,47,970,276,3.3000000000000003,0.21
2002,7,9,13,30,898,124,948,0,47,970,289,4,0.21
2002,7,9,14,30,873,117,832,0,46,970,300,4.6000000000000005,0.21
2002,7,9,15,30,830,106,670,0,44,970,310,4.9,0.21
2002,7,9,16,30,755,91,476,0,43,970,316,4.7,0.21
2002,7,9,17,30,622,70,268,0,40,970,318,3.3000000000000003,0.21
2002,7,9,18,30,345,36,78,0,35,970,320,1.7000000000000002,0.21
2002,7,9,19,30,0,0,0,0,32,970,331,1.2000000000000002,0.21
2002,7,9,20,30,0,0,0,0,32,970,344,1.1,0.21
2002,7,9,21,30,0,0,0,0,31,970,345,0.8,0.21
2002,7,9,22,30,0,0,0,0,30,970,329,0.4,0.21
2002,7,9,23,30,0,0,0,0,29,970,210,0.4,0.21
2002,7,10,0,30,0,0,0,0,27,970,123,0.7000000000000001,0.21
2002,7,10,1,30,0,0,0,0,25,970,106,0.9,0.21
2002,7,10,2,30,0,0,0,0,25,970,105,0.9,0.21
2002,7,10,3,30,0,0,0,0,25,970,112,0.9,0.21
2002,7,10,4,30,0,0,0,0,25,970,117,0.8,0.21
2002,7,10,5,30,309,38,74,0,28,970,117,0.8,0.21
2002,7,10,6,30,570,79,259,0,32,970,123,1,0.21
2002,7,10,7,30,692,111,462,0,35,970,160,1.3,0.21
2002,7,10,8,30,774,131,656,0,39,970,192,1.6,0.21
2002,7,10,9,30,826,143,819,0,42,970,221,1.8,0.21
2002,7,10,10,30,867,144,938,0,44,970,252,2.2,0.21
2002,7,10,11,30,880,148,999,0,45,970,270,2.7,0.21
2002,7,10,12,30,876,150,998,0,46,970,278,3.2,0.21
2002,7,10,13,30,849,155,934,0,46,970,285,3.6,0.21
2002,7,10,14,30,813,150,816,0,46,970,291,4,0.21
2002,7,10,15,30,751,141,652,0,45,970,297,4.3,0.21
2002,7,10,16,30,671,118,460,0,43,970,303,4.6000000000000005,0.21
2002,7,10,17,30,522,89,255,0,41,970,306,4,0.21
2002,7,10,18,30,248,41,71,0,36,970,305,2.7,0.21
2002,7,10,19,30,0,0,0,1,33,970,303,1.7000000000000002,0.21
2002,7,10,20,30,0,0,0,3,31,970,307,1.2000000000000002,0.21
2002,7,10,21,30,0,0,0,4,29,970,323,0.9,0.21
2002,7,10,22,30,0,0,0,6,28,970,352,0.9,0.21
2002,7,10,23,30,0,0,0,6,27,970,6,0.9,0.21
2002,7,11,0,30,0,0,0,7,27,970,8,0.8,0.21
2002,7,11,1,30,0,0,0,7,27,970,5,0.6000000000000001,0.21
2002,7,11,2,30,0,0,0,8,26,970,2,0.30000000000000004,0.21
2002,7,11,3,30,0,0,0,8,26,970,352,0.1,0.21
2002,7,11,4,30,0,0,0,8,26,970,151,0.2,0.21
2002,7,11,5,30,37,40,44,8,28,970,119,0.2,0.21
2002,7,11,6,30,490,90,245,8,31,970,268,0.6000000000000001,0.21
2002,7,11,7,30,477,166,408,8,34,970,277,1.2000000000000002,0.21
2002,7,11,8,30,687,159,624,7,37,970,254,1.5,0.21
2002,7,11,9,30,680,223,778,6,40,970,247,1.8,0.21
2002,7,11,10,30,655,287,886,6,42,970,245,2.1,0.21
2002,7,11,11,30,526,394,903,5,43,970,247,2.3000000000000003,0.21
2002,7,11,12,30,516,400,900,5,44,970,256,2.5,0.21
2002,7,11,13,30,7,167,174,5,44,970,271,2.8000000000000003,0.21
2002,7,11,14,30,14,256,268,5,44,970,285,3.4000000000000004,0.21
2002,7,11,15,30,240,306,469,5,43,970,297,3.9000000000000004,0.21
2002,7,11,16,30,426,174,391,5,41,970,305,4.3,0.22
2002,7,11,17,30,352,103,214,6,38,970,307,4.2,0.22
2002,7,11,18,30,137,42,59,6,35,970,311,3.2,0.22
2002,7,11,19,30,0,0,0,7,32,970,322,1.9000000000000001,0.22
2002,7,11,20,30,0,0,0,8,30,970,334,1.1,0.22
2002,7,11,21,30,0,0,0,9,29,970,354,0.8,0.22
2002,7,11,22,30,0,0,0,9,29,970,8,0.6000000000000001,0.22
2002,7,11,23,30,0,0,0,9,28,970,2,0.4,0.22
2002,7,12,0,30,0,0,0,10,28,970,296,0.2,0.22
2002,7,12,1,30,0,0,0,10,27,970,225,0.2,0.22
2002,7,12,2,30,0,0,0,10,27,970,218,0.1,0.22
2002,7,12,3,30,0,0,0,10,27,970,205,0.2,0.22
2002,7,12,4,30,0,0,0,10,27,970,176,0.30000000000000004,0.22
2002,7,12,5,30,229,39,65,10,28,970,167,0.30000000000000004,0.22
2002,7,12,6,30,512,83,243,9,31,970,229,0.7000000000000001,0.22
2002,7,12,7,30,659,111,443,9,34,970,250,1.5,0.22
2002,7,12,8,30,745,130,633,9,37,970,247,2.2,0.22
2002,7,12,9,30,798,143,794,8,40,970,255,2.8000000000000003,0.22
2002,7,12,10,30,847,139,914,8,41,970,265,3.3000000000000003,0.22
2002,7,12,11,30,860,144,975,8,42,970,274,3.7,0.22
2002,7,12,12,30,859,145,977,8,43,970,283,4,0.22
2002,7,12,13,30,837,148,915,7,43,970,293,4.3,0.22
2002,7,12,14,30,806,141,801,7,43,970,302,4.4,0.22
2002,7,12,15,30,754,129,641,7,42,970,308,4.5,0.22
2002,7,12,16,30,662,113,449,7,41,970,312,4.4,0.22
2002,7,12,17,30,518,84,248,7,38,970,314,4,0.22
2002,7,12,18,30,244,40,69,7,35,970,313,2.8000000000000003,0.22
2002,7,12,19,30,0,0,0,8,33,970,313,1.7000000000000002,0.22
2002,7,12,20,30,0,0,0,8,31,970,319,1.1,0.22
2002,7,12,21,30,0,0,0,9,29,970,338,0.8,0.22
2002,7,12,22,30,0,0,0,10,28,970,356,0.8,0.22
2002,7,12,23,30,0,0,0,10,27,970,3,0.8,0.22
2002,7,13,0,30,0,0,0,11,26,970,4,0.7000000000000001,0.22
2002,7,13,1,30,0,0,0,11,26,970,0,0.5,0.22
2002,7,13,2,30,0,0,0,12,25,970,352,0.2,0.22
2002,7,13,3,30,0,0,0,12,24,970,106,0.2,0.22
2002,7,13,4,30,0,0,0,13,24,970,124,0.30000000000000004,0.22
2002,7,13,5,30,205,40,63,13,26,970,183,0.7000000000000001,0.22
2002,7,13,6,30,481,89,239,13,28,970,204,0.9,0.22
2002,7,13,7,30,620,124,436,13,31,970,240,1.2000000000000002,0.22
2002,7,13,8,30,706,148,624,13,34,970,254,1.8,0.22
2002,7,13,9,30,754,167,782,12,37,970,259,2.4000000000000004,0.22
2002,7,13,10,30,789,176,897,12,39,970,264,3,0.22
2002,7,13,11,30,804,180,957,12,40,970,276,3.5,0.22
2002,7,13,12,30,808,177,958,11,41,970,285,3.8000000000000003,0.22
2002,7,13,13,30,586,328,865,11,42,970,292,4,0.22
2002,7,13,14,30,585,271,750,11,42,970,297,4.3,0.22
2002,7,13,15,30,0,123,123,10,41,970,300,4.4,0.22
2002,7,13,16,30,307,199,354,10,40,970,302,4.5,0.22
2002,7,13,17,30,527,76,243,10,37,970,302,3.9000000000000004,0.22
2002,7,13,18,30,233,39,67,10,34,970,300,2.5,0.22
2002,7,13,19,30,0,0,0,11,32,970,298,1.3,0.22
2002,7,13,20,30,0,0,0,12,30,970,304,0.9,0.22
2002,7,13,21,30,0,0,0,13,29,970,321,0.7000000000000001,0.22
2002,7,13,22,30,0,0,0,13,28,970,349,0.6000000000000001,0.22
2002,7,13,23,30,0,0,0,13,27,970,8,0.5,0.22
2002,7,14,0,30,0,0,0,14,26,970,18,0.4,0.22
2002,7,14,1,30,0,0,0,14,26,970,23,0.2,0.22
2002,7,14,2,30,0,0,0,14,25,970,220,0.2,0.22
2002,7,14,3,30,0,0,0,14,24,970,209,0.30000000000000004,0.22
2002,7,14,4,30,0,0,0,13,24,970,197,0.5,0.22
2002,7,14,5,30,236,37,64,13,26,970,176,0.5,0.22
2002,7,14,6,30,528,80,244,12,28,970,176,0.5,0.22
2002,7,14,7,30,673,108,445,12,30,970,273,1.1,0.22
2002,7,14,8,30,760,126,637,12,33,970,280,2,0.22
2002,7,14,9,30,813,137,799,12,35,970,276,2.7,0.22
2002,7,14,10,30,871,126,922,11,38,970,280,3.1,0.22
2002,7,14,11,30,887,127,984,11,39,970,285,3.4000000000000004,0.22
2002,7,14,12,30,889,127,985,10,40,970,290,3.5,0.22
2002,7,14,13,30,868,130,924,10,41,970,295,3.5,0.22
2002,7,14,14,30,835,126,808,10,40,970,300,3.4000000000000004,0.22
2002,7,14,15,30,780,118,646,9,40,970,307,3.3000000000000003,0.22
2002,7,14,16,30,702,100,456,9,39,970,313,3.2,0.22
2002,7,14,17,30,559,76,252,8,36,970,317,2.3000000000000003,0.22
2002,7,14,18,30,285,36,70,8,33,970,320,1.4000000000000001,0.22
2002,7,14,19,30,0,0,0,7,31,970,323,1.1,0.22
2002,7,14,20,30,0,0,0,7,29,970,323,1,0.22
2002,7,14,21,30,0,0,0,7,28,970,322,0.9,0.22
2002,7,14,22,30,0,0,0,7,27,970,320,0.8,0.22
2002,7,14,23,30,0,0,0,7,26,970,320,0.5,0.22
2002,7,15,0,30,0,0,0,7,25,970,341,0.4,0.22
2002,7,15,1,30,0,0,0,7,24,970,70,0.5,0.22
2002,7,15,2,30,0,0,0,6,23,970,85,0.7000000000000001,0.22
2002,7,15,3,30,0,0,0,6,23,970,85,0.8,0.22
2002,7,15,4,30,0,0,0,6,23,970,86,0.8,0.22
2002,7,15,5,30,335,32,69,6,25,970,86,0.8,0.22
2002,7,15,6,30,628,64,258,6,29,970,96,0.9,0.22
2002,7,15,7,30,765,83,466,5,33,970,216,1.5,0.22
2002,7,15,8,30,840,96,661,4,36,970,242,2.4000000000000004,0.22
2002,7,15,9,30,882,106,823,4,37,970,255,2.9000000000000004,0.22
2002,7,15,10,30,911,109,940,4,39,970,267,3.4000000000000004,0.22
2002,7,15,11,30,917,114,999,4,40,970,279,3.9000000000000004,0.22
2002,7,15,12,30,909,119,996,4,40,970,292,4.3,0.22
2002,7,15,13,30,888,121,933,4,40,970,303,4.6000000000000005,0.22
2002,7,15,14,30,854,119,815,5,40,970,311,4.7,0.22
2002,7,15,15,30,801,111,652,5,39,970,316,4.7,0.22
2002,7,15,16,30,718,96,459,5,38,970,319,4.5,0.22
2002,7,15,17,30,574,74,254,4,35,970,321,3.7,0.22
2002,7,15,18,30,283,36,69,4,32,970,324,2.4000000000000004,0.22
2002,7,15,19,30,0,0,0,4,30,970,325,1.4000000000000001,0.22
2002,7,15,20,30,0,0,0,4,28,970,331,1.1,0.22
2002,7,15,21,30,0,0,0,5,26,970,344,0.9,0.22
2002,7,15,22,30,0,0,0,5,25,970,357,0.9,0.22
2002,7,15,23,30,0,0,0,5,25,970,3,1,0.22
2002,7,16,0,30,0,0,0,4,24,970,3,0.9,0.22
2002,7,16,1,30,0,0,0,4,23,970,355,0.9,0.22
2002,7,16,2,30,0,0,0,4,22,970,343,0.9,0.22
2002,7,16,3,30,0,0,0,3,21,970,342,0.8,0.22
2002,7,16,4,30,0,0,0,3,22,970,352,1,0.22
2002,7,16,5,30,223,37,61,3,24,970,5,1.4000000000000001,0.22
2002,7,16,6,30,521,82,242,4,26,970,352,1.7000000000000002,0.22
2002,7,16,7,30,671,110,444,5,29,970,317,1.7000000000000002,0.22
2002,7,16,8,30,758,128,637,5,31,970,283,2.1,0.22
2002,7,16,9,30,809,141,798,6,33,970,270,2.7,0.22
2002,7,16,10,30,865,131,920,6,35,970,273,3.2,0.22
2002,7,16,11,30,880,133,981,7,37,970,280,3.7,0.22
2002,7,16,12,30,880,133,982,6,38,970,287,4,0.22
2002,7,16,13,30,853,139,919,7,38,970,295,4.1000000000000005,0.22
2002,7,16,14,30,825,131,804,7,38,970,303,4.3,0.22
2002,7,16,15,30,775,119,643,7,37,970,310,4.3,0.22
2002,7,16,16,30,693,102,451,7,36,970,316,4.3,0.22
2002,7,16,17,30,551,76,248,8,34,970,320,3.8000000000000003,0.22
2002,7,16,18,30,264,36,66,9,31,970,325,2.7,0.22
2002,7,16,19,30,0,0,0,9,29,970,330,1.8,0.22
2002,7,16,20,30,0,0,0,10,27,970,335,1.3,0.22
2002,7,16,21,30,0,0,0,10,26,970,342,1,0.22
2002,7,16,22,30,0,0,0,10,25,970,351,0.9,0.22
2002,7,16,23,30,0,0,0,10,24,970,359,0.9,0.22
2002,7,17,0,30,0,0,0,10,23,970,359,0.9,0.22
2002,7,17,1,30,0,0,0,10,23,970,348,0.9,0.22
2002,7,17,2,30,0,0,0,10,22,970,336,0.8,0.22
2002,7,17,3,30,0,0,0,9,21,970,338,0.7000000000000001,0.22
2002,7,17,4,30,0,0,0,9,21,970,351,0.9,0.22
2002,7,17,5,30,246,35,61,8,23,970,4,1.2000000000000002,0.22
2002,7,17,6,30,552,76,244,8,26,970,338,1.4000000000000001,0.22
2002,7,17,7,30,718,95,451,8,29,970,296,1.8,0.22
2002,7,17,8,30,801,109,646,8,31,970,282,2.3000000000000003,0.22
2002,7,17,9,30,850,119,808,8,34,970,276,2.9000000000000004,0.22
2002,7,17,10,30,885,120,926,8,36,970,275,3.3000000000000003,0.22
2002,7,17,11,30,898,122,987,8,37,970,276,3.6,0.22
2002,7,17,12,30,898,122,987,8,38,970,281,3.7,0.22
2002,7,17,13,30,880,122,926,8,38,970,288,3.7,0.22
2002,7,17,14,30,851,117,810,8,38,970,296,3.7,0.22
2002,7,17,15,30,801,108,649,7,37,970,304,3.7,0.22
2002,7,17,16,30,726,91,457,7,36,970,311,3.7,0.22
2002,7,17,17,30,582,70,251,7,34,970,317,3.3000000000000003,0.22
2002,7,17,18,30,285,34,67,8,31,970,320,2.4000000000000004,0.22
2002,7,17,19,30,0,0,0,8,29,970,321,1.7000000000000002,0.22
2002,7,17,20,30,0,0,0,9,27,970,322,1.4000000000000001,0.22
2002,7,17,21,30,0,0,0,9,25,970,327,0.9,0.22
2002,7,17,22,30,0,0,0,9,24,970,340,0.6000000000000001,0.22
2002,7,17,23,30,0,0,0,9,23,970,351,0.6000000000000001,0.22
2002,7,18,0,30,0,0,0,9,23,970,358,0.5,0.22
2002,7,18,1,30,0,0,0,9,22,970,344,0.5,0.22
2002,7,18,2,30,0,0,0,9,22,970,315,0.5,0.22
2002,7,18,3,30,0,0,0,9,21,970,299,0.5,0.22
2002,7,18,4,30,0,0,0,8,21,980,299,0.5,0.22
2002,7,18,5,30,245,34,59,8,23,980,316,0.8,0.22
2002,7,18,6,30,552,73,240,7,25,980,315,1.1,0.22
2002,7,18,7,30,703,97,445,8,28,980,292,1.3,0.22
2002,7,18,8,30,790,111,639,8,31,980,273,1.8,0.22
2002,7,18,9,30,842,121,803,9,34,980,262,2.5,0.22
2002,7,18,10,30,876,125,922,10,35,970,259,3,0.22
2002,7,18,11,30,889,129,984,10,36,970,264,3.4000000000000004,0.22
2002,7,18,12,30,888,131,986,10,37,970,273,3.7,0.22
2002,7,18,13,30,881,125,928,10,37,970,282,3.9000000000000004,0.22
2002,7,18,14,30,857,117,815,10,36,970,289,4,0.22
2002,7,18,15,30,815,105,654,10,35,970,296,3.9000000000000004,0.22
2002,7,18,16,30,748,87,463,9,34,970,301,3.7,0.22
2002,7,18,17,30,613,66,256,9,33,970,307,3,0.22
2002,7,18,18,30,319,33,68,10,30,970,311,1.9000000000000001,0.22
2002,7,18,19,30,0,0,0,10,27,970,314,1.2000000000000002,0.22
2002,7,18,20,30,0,0,0,10,26,970,314,0.9,0.22
2002,7,18,21,30,0,0,0,10,25,970,323,0.8,0.22
2002,7,18,22,30,0,0,0,10,24,970,348,0.7000000000000001,0.22
2002,7,18,23,30,0,0,0,10,23,970,14,0.6000000000000001,0.22
2002,7,19,0,30,0,0,0,10,22,970,26,0.5,0.22
2002,7,19,1,30,0,0,0,9,22,970,34,0.4,0.22
2002,7,19,2,30,0,0,0,9,21,970,47,0.4,0.22
2002,7,19,3,30,0,0,0,9,20,970,65,0.4,0.22
2002,7,19,4,30,0,0,0,9,20,970,84,0.5,0.22
2002,7,19,5,30,278,32,60,10,22,970,96,0.5,0.22
2002,7,19,6,30,593,68,246,9,25,970,95,0.4,0.22
2002,7,19,7,30,755,85,458,9,28,970,282,0.8,0.22
2002,7,19,8,30,834,99,655,9,31,970,272,1.6,0.22
2002,7,19,9,30,880,109,821,9,33,970,269,2.4000000000000004,0.22
2002,7,19,10,30,906,116,939,9,35,970,272,3.1,0.22
2002,7,19,11,30,916,121,1001,9,36,970,278,3.6,0.22
2002,7,19,12,30,913,122,1001,9,37,970,282,3.8000000000000003,0.22
2002,7,19,13,30,901,120,941,8,37,970,286,3.9000000000000004,0.22
2002,7,19,14,30,875,114,825,8,37,970,290,3.9000000000000004,0.22
2002,7,19,15,30,832,103,663,7,36,970,295,3.8000000000000003,0.22
2002,7,19,16,30,758,88,468,6,35,970,300,3.7,0.22
2002,7,19,17,30,618,68,259,5,33,970,306,2.8000000000000003,0.22
2002,7,19,18,30,311,34,68,5,30,970,311,1.7000000000000002,0.22
2002,7,19,19,30,0,0,0,5,27,970,316,1.3,0.22
2002,7,19,20,30,0,0,0,5,26,970,316,1.1,0.22
2002,7,19,21,30,0,0,0,5,25,970,321,0.9,0.22
2002,7,19,22,30,0,0,0,6,24,970,338,0.8,0.22
2002,7,19,23,30,0,0,0,6,23,970,353,0.7000000000000001,0.22
2002,7,20,0,30,0,0,0,7,22,970,355,0.6000000000000001,0.22
2002,7,20,1,30,0,0,0,7,22,970,347,0.5,0.22
2002,7,20,2,30,0,0,0,8,22,970,315,0.5,0.22
2002,7,20,3,30,0,0,0,8,21,970,274,0.4,0.22
2002,7,20,4,30,0,0,0,8,21,970,246,0.2,0.22
2002,7,20,5,30,244,34,59,8,23,970,212,0.1,0.22
2002,7,20,6,30,573,76,247,8,25,970,256,0.2,0.22
2002,7,20,7,30,753,94,464,7,28,970,248,0.6000000000000001,0.22
2002,7,20,8,30,837,110,667,6,31,970,211,1.2000000000000002,0.22
2002,7,20,9,30,890,119,837,4,34,970,209,1.7000000000000002,0.22
2002,7,20,10,30,925,122,961,2,37,970,217,2,0.22
2002,7,20,11,30,940,124,1026,0,39,970,225,2.1,0.22
2002,7,20,12,30,739,258,969,-1,40,970,231,2.3000000000000003,0.22
2002,7,20,13,30,526,357,836,-2,40,970,240,2.5,0.22
2002,7,20,14,30,891,119,843,-2,39,970,251,2.7,0.22
2002,7,20,15,30,843,108,674,-2,38,970,268,3,0.22
2002,7,20,16,30,762,92,473,-1,37,970,286,3.4000000000000004,0.22
2002,7,20,17,30,613,70,259,0,35,970,302,3.2,0.22
2002,7,20,18,30,293,34,66,2,31,970,314,2.3000000000000003,0.22
2002,7,20,19,30,0,0,0,4,28,970,321,1.6,0.22
2002,7,20,20,30,0,0,0,5,26,970,332,1.4000000000000001,0.22
2002,7,20,21,30,0,0,0,6,24,970,344,1,0.22
2002,7,20,22,30,0,0,0,7,23,970,341,0.8,0.22
2002,7,20,23,30,0,0,0,7,22,970,319,0.7000000000000001,0.22
2002,7,21,0,30,0,0,0,8,21,970,300,0.7000000000000001,0.22
2002,7,21,1,30,0,0,0,8,21,970,299,0.7000000000000001,0.22
2002,7,21,2,30,0,0,0,9,20,970,313,0.7000000000000001,0.22
2002,7,21,3,30,0,0,0,9,19,970,323,0.8,0.22
2002,7,21,4,30,0,0,0,9,19,970,333,0.8,0.22
2002,7,21,5,30,264,33,58,9,21,970,344,1.3,0.22
2002,7,21,6,30,219,108,174,9,24,970,342,1.6,0.22
2002,7,21,7,30,766,90,466,8,26,970,328,1.2000000000000002,0.22
2002,7,21,8,30,852,104,669,7,29,970,276,1.1,0.22
2002,7,21,9,30,901,113,839,6,33,970,242,1.7000000000000002,0.22
2002,7,21,10,30,933,116,961,4,36,970,238,2.1,0.22
2002,7,21,11,30,945,119,1026,0,38,970,234,2.4000000000000004,0.22
2002,7,21,12,30,945,120,1028,-1,39,970,232,2.5,0.22
2002,7,21,13,30,935,116,967,-2,39,970,233,2.6,0.22
2002,7,21,14,30,912,109,849,-3,39,970,234,2.5,0.22
2002,7,21,15,30,872,97,682,-3,38,970,240,2.5,0.22
2002,7,21,16,30,798,83,480,-3,37,970,254,2.5,0.22
2002,7,21,17,30,655,64,264,-2,34,970,278,2,0.22
2002,7,21,18,30,338,32,67,0,30,970,300,1.4000000000000001,0.22
2002,7,21,19,30,0,0,0,3,27,970,306,1.4000000000000001,0.22
2002,7,21,20,30,0,0,0,5,25,970,317,1.5,0.22
2002,7,21,21,30,0,0,0,7,24,970,330,1.3,0.22
2002,7,21,22,30,0,0,0,8,22,970,334,1.1,0.22
2002,7,21,23,30,0,0,0,8,21,970,321,1,0.22
2002,7,22,0,30,0,0,0,8,20,970,312,1,0.22
2002,7,22,1,30,0,0,0,9,19,970,319,1,0.22
2002,7,22,2,30,0,0,0,9,18,970,333,0.9,0.22
2002,7,22,3,30,0,0,0,9,17,970,345,0.7000000000000001,0.22
2002,7,22,4,30,0,0,0,9,17,970,353,0.9,0.22
2002,7,22,5,30,296,30,59,9,19,970,359,1.2000000000000002,0.22
2002,7,22,6,30,625,66,250,9,21,970,343,1.4000000000000001,0.22
2002,7,22,7,30,795,80,469,9,24,970,312,1.5,0.22
2002,7,22,8,30,878,90,672,8,27,970,278,1.8,0.22
2002,7,22,9,30,924,98,842,8,30,970,264,2.2,0.22
2002,7,22,10,30,947,104,962,7,32,970,261,2.7,0.22
2002,7,22,11,30,958,106,1024,6,34,970,263,3.1,0.22
2002,7,22,12,30,957,105,1024,4,35,970,271,3.4000000000000004,0.22
2002,7,22,13,30,950,99,963,3,36,970,280,3.4000000000000004,0.22
2002,7,22,14,30,927,94,845,3,36,970,287,3.3000000000000003,0.22
2002,7,22,15,30,887,85,679,3,35,970,294,3.2,0.22
2002,7,22,16,30,818,73,480,2,34,970,302,2.9000000000000004,0.22
2002,7,22,17,30,687,57,266,2,32,970,310,2,0.22
2002,7,22,18,30,390,28,69,3,28,970,319,1.2000000000000002,0.22
2002,7,22,19,30,0,0,0,4,25,970,332,1.1,0.22
2002,7,22,20,30,0,0,0,4,24,970,342,1,0.22
2002,7,22,21,30,0,0,0,5,23,970,360,1,0.22
2002,7,22,22,30,0,0,0,5,22,970,17,1,0.22
2002,7,22,23,30,0,0,0,5,21,970,18,1,0.22
2002,7,23,0,30,0,0,0,5,21,970,11,1.1,0.22
2002,7,23,1,30,0,0,0,5,20,970,1,1.1,0.22
2002,7,23,2,30,0,0,0,5,20,970,358,1,0.22
2002,7,23,3,30,0,0,0,6,19,970,5,1,0.22
2002,7,23,4,30,0,0,0,6,20,970,15,0.9,0.22
2002,7,23,5,30,333,27,59,5,22,970,24,1.2000000000000002,0.22
2002,7,23,6,30,644,59,248,5,26,980,24,1.1,0.22
2002,7,23,7,30,785,76,459,5,29,980,24,0.6000000000000001,0.22
2002,7,23,8,30,856,90,655,4,33,980,237,1.1,0.22
2002,7,23,9,30,897,99,820,3,36,980,246,2.1,0.22
2002,7,23,10,30,912,111,936,1,39,970,252,2.9000000000000004,0.22
2002,7,23,11,30,925,112,999,1,40,970,264,3.3000000000000003,0.22
2002,7,23,12,30,926,112,1000,1,41,970,275,3.6,0.22
2002,7,23,13,30,919,106,940,2,41,970,286,3.9000000000000004,0.22
2002,7,23,14,30,892,101,823,2,40,970,296,4.1000000000000005,0.22
2002,7,23,15,30,847,93,659,2,39,970,304,4.3,0.22
2002,7,23,16,30,769,81,462,2,38,970,311,4.3,0.22
2002,7,23,17,30,630,62,252,3,35,970,317,3.6,0.22
2002,7,23,18,30,323,30,63,3,32,970,322,2.2,0.22
2002,7,23,19,30,0,0,0,3,29,980,327,1.4000000000000001,0.22
2002,7,23,20,30,0,0,0,3,27,980,331,1.1,0.22
2002,7,23,21,30,0,0,0,3,26,980,338,0.9,0.22
2002,7,23,22,30,0,0,0,3,25,980,351,0.8,0.22
2002,7,23,23,30,0,0,0,3,24,980,359,0.7000000000000001,0.22
2002,7,24,0,30,0,0,0,3,24,980,353,0.6000000000000001,0.22
2002,7,24,1,30,0,0,0,3,23,980,336,0.6000000000000001,0.22
2002,7,24,2,30,0,0,0,3,23,980,325,0.6000000000000001,0.22
2002,7,24,3,30,0,0,0,3,22,980,334,0.6000000000000001,0.22
2002,7,24,4,30,0,0,0,3,22,980,356,0.6000000000000001,0.22
2002,7,24,5,30,266,29,53,3,24,980,5,0.8,0.22
2002,7,24,6,30,588,64,236,3,26,980,350,1.1,0.22
2002,7,24,7,30,749,81,445,4,29,980,312,1.6,0.22
2002,7,24,8,30,827,95,641,4,32,980,293,2.2,0.22
2002,7,24,9,30,873,104,805,5,34,980,285,3,0.22
2002,7,24,10,30,890,117,921,5,37,980,284,3.7,0.22
2002,7,24,11,30,904,119,984,5,38,980,290,4.2,0.22
2002,7,24,12,30,904,119,985,6,39,980,299,4.7,0.22
2002,7,24,13,30,908,106,929,6,39,980,304,4.9,0.22
2002,7,24,14,30,884,100,814,6,38,980,307,4.800000000000001,0.22
2002,7,24,15,30,841,91,652,6,37,980,309,4.5,0.22
2002,7,24,16,30,776,76,459,5,36,980,309,4.2,0.22
2002,7,24,17,30,643,58,251,5,34,980,308,3.1,0.22
2002,7,24,18,30,342,28,63,4,31,980,308,1.7000000000000002,0.22
2002,7,24,19,30,0,0,0,3,28,980,313,1.2000000000000002,0.22
2002,7,24,20,30,0,0,0,2,27,980,317,1.1,0.22
2002,7,24,21,30,0,0,0,1,26,980,317,1.1,0.22
2002,7,24,22,30,0,0,0,1,26,980,313,1,0.22
2002,7,24,23,30,0,0,0,0,25,980,305,0.7000000000000001,0.22
2002,7,25,0,30,0,0,0,0,23,980,305,0.5,0.22
2002,7,25,1,30,0,0,0,0,22,980,322,0.4,0.22
2002,7,25,2,30,0,0,0,0,22,980,10,0.30000000000000004,0.22
2002,7,25,3,30,0,0,0,0,21,980,69,0.4,0.22
2002,7,25,4,30,0,0,0,0,21,980,97,0.5,0.22
2002,7,25,5,30,304,27,54,0,22,980,107,0.6000000000000001,0.22
2002,7,25,6,30,630,60,242,0,25,980,101,0.6000000000000001,0.22
2002,7,25,7,30,775,79,454,1,28,980,304,1.2000000000000002,0.22
2002,7,25,8,30,859,90,656,2,31,980,291,2.5,0.22
2002,7,25,9,30,909,98,826,2,34,980,286,3.3000000000000003,0.22
2002,7,25,10,30,908,123,942,2,35,980,289,4,0.22
2002,7,25,11,30,925,125,1009,0,36,980,294,4.5,0.22
2002,7,25,12,30,929,124,1013,0,37,980,299,4.7,0.22
2002,7,25,13,30,922,119,954,0,38,980,302,4.6000000000000005,0.22
2002,7,25,14,30,902,110,838,0,37,980,304,4.4,0.22
2002,7,25,15,30,864,98,673,0,36,980,303,4.1000000000000005,0.22
2002,7,25,16,30,799,81,474,-1,35,980,302,3.8000000000000003,0.22
2002,7,25,17,30,669,61,260,-1,33,980,303,2.5,0.22
2002,7,25,18,30,359,29,64,-1,29,980,303,1.3,0.22
2002,7,25,19,30,0,0,0,-1,26,980,299,1.2000000000000002,0.22
2002,7,25,20,30,0,0,0,-1,25,980,288,1.1,0.22
2002,7,25,21,30,0,0,0,0,24,980,271,0.9,0.22
2002,7,25,22,30,0,0,0,0,23,980,248,0.6000000000000001,0.22
2002,7,25,23,30,0,0,0,0,22,980,215,0.4,0.22
2002,7,26,0,30,0,0,0,1,21,980,166,0.30000000000000004,0.22
2002,7,26,1,30,0,0,0,2,20,980,106,0.2,0.22
2002,7,26,2,30,0,0,0,2,20,980,81,0.1,0.22
2002,7,26,3,30,0,0,0,2,20,980,322,0.1,0.22
2002,7,26,4,30,0,0,0,2,20,980,324,0.2,0.22
2002,7,26,5,30,323,27,55,3,21,980,9,0.4,0.22
2002,7,26,6,30,663,58,249,2,24,980,12,0.6000000000000001,0.22
2002,7,26,7,30,811,75,466,2,27,980,329,1.1,0.22
2002,7,26,8,30,890,86,671,2,30,980,295,1.8,0.22
2002,7,26,9,30,935,94,842,2,32,980,285,2.4000000000000004,0.22
2002,7,26,10,30,955,103,964,1,35,970,285,3,0.22
2002,7,26,11,30,968,106,1029,1,36,970,287,3.3000000000000003,0.22
2002,7,26,12,30,967,106,1031,0,37,970,292,3.6,0.22
2002,7,26,13,30,956,104,969,0,37,970,298,3.8000000000000003,0.22
2002,7,26,14,30,931,99,849,0,36,970,304,3.9000000000000004,0.22
2002,7,26,15,30,887,91,680,-1,36,970,307,3.8000000000000003,0.22
2002,7,26,16,30,815,78,477,-1,35,970,308,3.5,0.22
2002,7,26,17,30,673,60,260,-2,32,970,309,2.3000000000000003,0.22
2002,7,26,18,30,337,29,61,-1,28,970,311,1.2000000000000002,0.22
2002,7,26,19,30,0,0,0,-1,25,970,315,1.2000000000000002,0.22
2002,7,26,20,30,0,0,0,-1,25,970,311,1.1,0.22
2002,7,26,21,30,0,0,0,0,24,970,304,0.9,0.22
2002,7,26,22,30,0,0,0,0,23,970,295,0.7000000000000001,0.22
2002,7,26,23,30,0,0,0,1,23,970,304,0.5,0.22
2002,7,27,0,30,0,0,0,2,22,970,319,0.5,0.22
2002,7,27,1,30,0,0,0,3,21,970,318,0.5,0.22
2002,7,27,2,30,0,0,0,4,21,970,306,0.6000000000000001,0.22
2002,7,27,3,30,0,0,0,4,20,970,299,0.7000000000000001,0.22
2002,7,27,4,30,0,0,0,4,20,970,293,0.7000000000000001,0.22
2002,7,27,5,30,255,28,50,4,22,970,285,1.1,0.22
2002,7,27,6,30,602,67,239,5,24,970,280,1.8,0.22
2002,7,27,7,30,771,85,456,5,27,970,280,2.3000000000000003,0.22
2002,7,27,8,30,852,100,658,5,29,970,272,2.7,0.22
2002,7,27,9,30,899,110,828,5,31,970,274,3,0.22
2002,7,27,10,30,315,417,701,4,34,970,278,3.4000000000000004,0.22
2002,7,27,11,30,909,139,1006,4,35,970,283,3.5,0.22
2002,7,27,12,30,906,141,1006,3,36,970,288,3.7,0.22
2002,7,27,13,30,544,344,836,3,36,970,293,3.9000000000000004,0.22
2002,7,27,14,30,890,115,830,3,36,970,299,4.1000000000000005,0.22
2002,7,27,15,30,839,105,661,3,35,970,305,4.2,0.22
2002,7,27,16,30,764,87,461,3,34,970,310,4.1000000000000005,0.22
2002,7,27,17,30,477,77,217,4,31,970,315,3.5,0.22
2002,7,27,18,30,115,31,42,5,28,970,321,2.3000000000000003,0.22
2002,7,27,19,30,0,0,0,6,25,970,332,1.4000000000000001,0.22
2002,7,27,20,30,0,0,0,7,24,970,349,1,0.22
2002,7,27,21,30,0,0,0,7,23,970,9,0.8,0.22
2002,7,27,22,30,0,0,0,8,22,970,8,0.8,0.22
2002,7,27,23,30,0,0,0,8,22,970,341,0.9,0.22
2002,7,28,0,30,0,0,0,9,21,970,324,1,0.22
2002,7,28,1,30,0,0,0,10,20,970,319,1,0.22
2002,7,28,2,30,0,0,0,11,19,970,326,0.9,0.22
2002,7,28,3,30,0,0,0,11,18,970,333,0.8,0.22
2002,7,28,4,30,0,0,0,11,18,980,332,1,0.22
2002,7,28,5,30,168,29,43,12,20,980,320,1.7000000000000002,0.22
2002,7,28,6,30,511,78,223,11,22,980,310,2.4000000000000004,0.22
2002,7,28,7,30,679,108,433,11,24,980,300,2.6,0.22
2002,7,28,8,30,782,123,634,10,27,980,294,2.6,0.22
2002,7,28,9,30,841,133,803,10,31,980,286,2.8000000000000003,0.22
2002,7,28,10,30,840,160,915,9,34,980,278,3,0.22
2002,7,28,11,30,857,162,978,8,36,980,274,3.6,0.22
2002,7,28,12,30,857,162,979,8,37,970,275,4.1000000000000005,0.22
2002,7,28,13,30,804,181,907,7,37,970,279,4.6000000000000005,0.22
2002,7,28,14,30,766,172,787,7,37,970,285,5,0.22
2002,7,28,15,30,702,157,621,7,36,970,290,5,0.22
2002,7,28,16,30,569,142,419,7,35,970,296,4.800000000000001,0.22
2002,7,28,17,30,393,100,215,7,32,970,301,3.8000000000000003,0.22
2002,7,28,18,30,112,31,41,7,29,980,304,2.3000000000000003,0.22
2002,7,28,19,30,0,0,0,7,27,980,307,1.5,0.22
2002,7,28,20,30,0,0,0,8,25,980,313,1.1,0.22
2002,7,28,21,30,0,0,0,8,23,980,320,0.9,0.22
2002,7,28,22,30,0,0,0,9,22,980,318,0.8,0.22
2002,7,28,23,30,0,0,0,9,21,980,311,0.8,0.22
2002,7,29,0,30,0,0,0,10,20,980,314,0.8,0.22
2002,7,29,1,30,0,0,0,10,20,980,326,0.7000000000000001,0.22
2002,7,29,2,30,0,0,0,10,19,980,330,0.6000000000000001,0.22
2002,7,29,3,30,0,0,0,10,18,980,315,0.6000000000000001,0.22
2002,7,29,4,30,0,0,0,10,18,980,289,0.7000000000000001,0.22
2002,7,29,5,30,147,28,40,10,19,980,266,1.3,0.22
2002,7,29,6,30,482,83,219,9,22,980,286,2,0.22
2002,7,29,7,30,542,151,410,9,24,980,292,2.4000000000000004,0.22
2002,7,29,8,30,659,179,609,9,27,980,292,2.5,0.22
2002,7,29,9,30,730,197,778,8,30,980,286,2.6,0.22
2002,7,29,10,30,770,208,899,8,33,980,280,2.7,0.22
2002,7,29,11,30,794,209,964,7,36,970,271,2.9000000000000004,0.22
2002,7,29,12,30,800,204,967,6,37,970,267,3.3000000000000003,0.22
2002,7,29,13,30,754,217,896,5,38,970,269,3.8000000000000003,0.22
2002,7,29,14,30,719,201,778,5,38,970,276,4.1000000000000005,0.22
2002,7,29,15,30,657,179,613,5,37,970,284,4.2,0.22
2002,7,29,16,30,469,174,402,5,35,970,291,3.9000000000000004,0.22
2002,7,29,17,30,307,113,203,6,32,970,299,2.5,0.22
2002,7,29,18,30,73,28,34,6,28,970,310,1.2000000000000002,0.22
2002,7,29,19,30,0,0,0,7,27,970,328,1,0.22
2002,7,29,20,30,0,0,0,7,26,970,337,1,0.22
2002,7,29,21,30,0,0,0,7,25,970,337,0.9,0.22
2002,7,29,22,30,0,0,0,7,25,970,331,0.8,0.22
2002,7,29,23,30,0,0,0,7,24,970,309,0.8,0.22
2002,7,30,0,30,0,0,0,7,23,970,287,0.8,0.22
2002,7,30,1,30,0,0,0,7,21,970,285,0.7000000000000001,0.22
2002,7,30,2,30,0,0,0,7,21,970,294,0.6000000000000001,0.22
2002,7,30,3,30,0,0,0,7,20,970,311,0.30000000000000004,0.22
2002,7,30,4,30,0,0,0,7,20,970,4,0.2,0.22
2002,7,30,5,30,141,27,38,7,21,970,115,0.30000000000000004,0.22
2002,7,30,6,30,485,84,219,7,24,970,144,0.5,0.22
2002,7,30,7,30,587,139,418,7,27,970,239,1,0.22
2002,7,30,8,30,705,162,621,7,30,970,250,1.8,0.22
2002,7,30,9,30,778,174,792,7,33,970,261,2.5,0.22
2002,7,30,10,30,830,173,918,7,36,970,270,3,0.22
2002,7,30,11,30,860,167,984,7,37,970,277,3.5,0.22
2002,7,30,12,30,870,159,987,7,38,970,283,3.8000000000000003,0.22
2002,7,30,13,30,832,169,918,7,39,970,289,3.9000000000000004,0.22
2002,7,30,14,30,804,156,799,7,39,970,296,3.9000000000000004,0.22
2002,7,30,15,30,749,139,632,6,38,970,303,3.8000000000000003,0.22
2002,7,30,16,30,632,124,429,6,37,970,307,3.5,0.22
2002,7,30,17,30,466,87,222,6,34,970,309,2.3000000000000003,0.22
2002,7,30,18,30,151,30,43,7,30,970,310,1.2000000000000002,0.22
2002,7,30,19,30,0,0,0,7,28,970,314,1.1,0.22
2002,7,30,20,30,0,0,0,7,26,980,323,1,0.22
2002,7,30,21,30,0,0,0,7,25,980,338,0.9,0.22
2002,7,30,22,30,0,0,0,7,24,980,352,0.9,0.22
2002,7,30,23,30,0,0,0,7,23,980,4,0.9,0.22
2002,7,31,0,30,0,0,0,7,22,980,6,0.9,0.22
2002,7,31,1,30,0,0,0,7,21,980,2,0.8,0.22
2002,7,31,2,30,0,0,0,7,21,980,352,0.6000000000000001,0.22
2002,7,31,3,30,0,0,0,7,20,980,352,0.4,0.22
2002,7,31,4,30,0,0,0,7,20,980,46,0.4,0.22
2002,7,31,5,30,109,26,34,7,21,980,101,0.4,0.22
2002,7,31,6,30,410,92,206,7,23,980,137,0.6000000000000001,0.22
2002,7,31,7,30,597,129,411,7,26,980,255,1.2000000000000002,0.22
2002,7,31,8,30,704,152,609,8,29,980,277,2.2,0.22
2002,7,31,9,30,767,167,775,8,32,980,282,3,0.22
2002,7,31,10,30,825,162,901,9,34,980,286,3.6,0.22
2002,7,31,11,30,844,164,965,10,36,970,292,3.9000000000000004,0.22
2002,7,31,12,30,847,162,967,10,37,970,297,4.1000000000000005,0.22
2002,7,31,13,30,811,172,900,10,37,970,301,4.2,0.22
2002,7,31,14,30,781,160,784,9,37,970,303,4.2,0.22
2002,7,31,15,30,729,142,620,9,37,970,303,4.2,0.22
2002,7,31,16,30,740,85,442,3,37,970,305,4.1000000000000005,0.23
2002,7,31,17,30,592,63,233,2,35,970,308,2.8000000000000003,0.23
2002,7,31,18,30,260,26,48,2,31,970,309,1.5,0.23
2002,7,31,19,30,0,0,0,2,28,970,314,1.1,0.23
2002,7,31,20,30,0,0,0,2,26,970,322,1,0.23
2002,7,31,21,30,0,0,0,2,25,970,339,0.9,0.23
2002,7,31,22,30,0,0,0,2,24,970,359,0.9,0.23
2002,7,31,23,30,0,0,0,2,24,970,6,0.8,0.23
2007,8,1,0,30,0,0,0,2,23,970,357,0.7000000000000001,0.23
2007,8,1,1,30,0,0,0,2,23,970,330,0.5,0.23
2007,8,1,2,30,0,0,0,2,22,970,313,0.30000000000000004,0.23
2007,8,1,3,30,0,0,0,2,22,970,10,0.30000000000000004,0.23
2007,8,1,4,30,0,0,0,2,22,970,70,0.4,0.23
2007,8,1,5,30,212,25,40,3,23,970,87,0.4,0.23
2007,8,1,6,30,111,104,135,3,26,970,137,0.6000000000000001,0.23
2007,8,1,7,30,711,92,428,3,29,970,243,1.3,0.23
2007,8,1,8,30,800,108,627,3,32,970,270,2.1,0.23
2007,8,1,9,30,662,222,747,4,34,970,277,2.8000000000000003,0.23
2007,8,1,10,30,28,349,374,4,37,970,280,3.5,0.23
2007,8,1,11,30,314,454,752,3,38,970,287,4,0.23
2007,8,1,12,30,466,407,850,3,39,970,292,4.4,0.23
2007,8,1,13,30,633,276,844,2,39,970,295,4.4,0.23
2007,8,1,14,30,847,123,798,2,39,970,298,4.1000000000000005,0.23
2007,8,1,15,30,791,114,631,1,38,970,301,3.7,0.23
2007,8,1,16,30,632,106,409,1,37,970,304,3.1,0.23
2007,8,1,17,30,524,74,223,1,34,970,305,1.9000000000000001,0.23
2007,8,1,18,30,170,29,43,1,31,970,306,1,0.23
2007,8,1,19,30,0,0,0,1,29,970,313,1,0.23
2007,8,1,20,30,0,0,0,2,29,970,320,0.9,0.23
2007,8,1,21,30,0,0,0,2,28,970,330,0.6000000000000001,0.23
2007,8,1,22,30,0,0,0,3,28,970,5,0.4,0.23
2007,8,1,23,30,0,0,0,3,27,970,1,0.4,0.23
2007,8,2,0,30,0,0,0,3,26,970,295,0.6000000000000001,0.23
2007,8,2,1,30,0,0,0,4,24,970,280,0.7000000000000001,0.23
2007,8,2,2,30,0,0,0,4,23,970,284,0.6000000000000001,0.23
2007,8,2,3,30,0,0,0,4,22,970,305,0.5,0.23
2007,8,2,4,30,0,0,0,5,22,970,344,0.5,0.23
2007,8,2,5,30,149,26,36,6,23,970,22,0.5,0.23
2007,8,2,6,30,512,74,214,6,26,970,37,0.4,0.23
2007,8,2,7,30,704,96,427,6,28,970,283,0.8,0.23
2007,8,2,8,30,802,111,629,5,31,970,281,1.9000000000000001,0.23
2007,8,2,9,30,861,120,800,4,34,970,283,3,0.23
2007,8,2,10,30,896,123,924,3,36,970,286,3.9000000000000004,0.23
2007,8,2,11,30,917,123,990,2,37,970,290,4.6000000000000005,0.23
2007,8,2,12,30,924,119,994,2,38,970,295,4.9,0.23
2007,8,2,13,30,908,119,932,2,38,970,298,4.7,0.23
2007,8,2,14,30,886,110,814,1,38,970,301,4.3,0.23
2007,8,2,15,30,843,98,648,1,38,970,302,3.9000000000000004,0.23
2007,8,2,16,30,772,80,448,1,37,970,304,3.5,0.23
2007,8,2,17,30,623,60,235,0,34,970,305,2.2,0.23
2007,8,2,18,30,274,25,46,0,30,970,304,1.2000000000000002,0.23
2007,8,2,19,30,0,0,0,0,28,970,306,1.2000000000000002,0.23
2007,8,2,20,30,0,0,0,0,27,970,306,1.1,0.23
2007,8,2,21,30,0,0,0,0,26,970,309,1,0.23
2007,8,2,22,30,0,0,0,1,25,970,315,0.9,0.23
2007,8,2,23,30,0,0,0,2,24,970,319,0.5,0.23
2007,8,3,0,30,0,0,0,3,23,970,322,0.2,0.23
2007,8,3,1,30,0,0,0,4,23,970,128,0.1,0.23
2007,8,3,2,30,0,0,0,5,22,970,137,0.2,0.23
2007,8,3,3,30,0,0,0,5,22,970,143,0.2,0.23
2007,8,3,4,30,0,0,0,5,22,970,136,0.30000000000000004,0.23
2007,8,3,5,30,235,22,39,5,23,970,130,0.2,0.23
2007,8,3,6,30,596,60,222,5,26,970,232,0.5,0.23
2007,8,3,7,30,745,84,433,4,29,980,290,1.3,0.23
2007,8,3,8,30,830,98,633,4,32,980,290,2.1,0.23
2007,8,3,9,30,880,108,802,5,34,970,281,2.7,0.23
2007,8,3,10,30,903,118,923,5,36,970,275,3.3000000000000003,0.23
2007,8,3,11,30,918,121,988,5,38,970,278,3.9000000000000004,0.23
2007,8,3,12,30,919,121,990,5,39,970,284,4.2,0.23
2007,8,3,13,30,908,118,930,6,39,970,288,4.1000000000000005,0.23
2007,8,3,14,30,885,110,812,6,39,970,291,3.8000000000000003,0.23
2007,8,3,15,30,842,98,645,5,38,970,294,3.5,0.23
2007,8,3,16,30,775,79,447,5,37,970,300,3,0.23
2007,8,3,17,30,627,58,233,5,34,970,306,1.9000000000000001,0.23
2007,8,3,18,30,278,23,44,5,31,970,313,1.1,0.23
2007,8,3,19,30,0,0,0,5,29,970,321,1.1,0.23
2007,8,3,20,30,0,0,0,5,28,970,322,1,0.23
2007,8,3,21,30,0,0,0,4,27,970,328,0.8,0.23
2007,8,3,22,30,0,0,0,4,27,970,338,0.6000000000000001,0.23
2007,8,3,23,30,0,0,0,3,26,970,352,0.4,0.23
2007,8,4,0,30,0,0,0,3,25,970,26,0.30000000000000004,0.23
2007,8,4,1,30,0,0,0,3,25,970,109,0.4,0.23
2007,8,4,2,30,0,0,0,4,24,970,130,0.5,0.23
2007,8,4,3,30,0,0,0,4,22,970,135,0.6000000000000001,0.23
2007,8,4,4,30,0,0,0,4,22,970,134,0.6000000000000001,0.23
2007,8,4,5,30,242,22,38,4,24,970,129,0.8,0.23
2007,8,4,6,30,607,59,222,5,26,970,124,0.5,0.23
2007,8,4,7,30,762,79,435,4,30,970,0,1,0.23
2007,8,4,8,30,844,93,636,3,33,970,309,2.2,0.23
2007,8,4,9,30,890,103,804,3,35,970,298,3,0.23
2007,8,4,10,30,911,113,924,2,38,970,294,3.9000000000000004,0.23
2007,8,4,11,30,924,116,988,2,39,970,298,4.5,0.23
2007,8,4,12,30,925,116,989,2,40,970,297,4.6000000000000005,0.23
2007,8,4,13,30,903,119,925,2,40,970,295,4.5,0.23
2007,8,4,14,30,877,112,806,3,39,970,293,4.3,0.23
2007,8,4,15,30,826,103,638,3,38,970,294,4.1000000000000005,0.23
2007,8,4,16,30,345,175,338,3,37,970,297,3.9000000000000004,0.22
2007,8,4,17,30,567,67,223,2,34,970,301,2.6,0.22
2007,8,4,18,30,0,11,11,2,30,970,304,1.4000000000000001,0.22
2007,8,4,19,30,0,0,0,3,28,970,305,1.2000000000000002,0.22
2007,8,4,20,30,0,0,0,3,27,970,304,1.1,0.22
2007,8,4,21,30,0,0,0,4,26,970,306,0.9,0.22
2007,8,4,22,30,0,0,0,5,25,970,317,0.7000000000000001,0.22
2007,8,4,23,30,0,0,0,6,25,970,342,0.5,0.22
2007,8,5,0,30,0,0,0,6,24,970,6,0.5,0.22
2007,8,5,1,30,0,0,0,6,23,970,356,0.6000000000000001,0.22
2007,8,5,2,30,0,0,0,7,22,970,342,0.8,0.22
2007,8,5,3,30,0,0,0,8,20,970,348,1,0.22
2007,8,5,4,30,0,0,0,8,20,970,1,0.9,0.22
2007,8,5,5,30,79,22,27,8,22,970,9,1.5,0.22
2007,8,5,6,30,388,94,197,9,24,970,4,2.3000000000000003,0.22
2007,8,5,7,30,682,104,421,9,27,970,342,2.4000000000000004,0.22
2007,8,5,8,30,788,120,626,8,30,970,313,2.7,0.22
2007,8,5,9,30,846,133,798,6,33,970,290,3.3000000000000003,0.22
2007,8,5,10,30,896,130,926,6,34,970,284,3.8000000000000003,0.22
2007,8,5,11,30,915,131,992,5,35,970,288,4.1000000000000005,0.22
2007,8,5,12,30,920,128,995,5,36,970,294,4.4,0.22
2007,8,5,13,30,917,119,936,4,36,970,298,4.5,0.22
2007,8,5,14,30,895,110,816,3,35,970,301,4.5,0.22
2007,8,5,15,30,851,98,647,2,34,970,304,4.4,0.22
2007,8,5,16,30,788,77,448,1,33,970,308,4.1000000000000005,0.22
2007,8,5,17,30,640,57,231,1,30,970,314,3,0.22
2007,8,5,18,30,278,22,41,1,26,970,321,1.7000000000000002,0.22
2007,8,5,19,30,0,0,0,1,24,970,328,1.2000000000000002,0.22
2007,8,5,20,30,0,0,0,1,22,970,332,1,0.22
2007,8,5,21,30,0,0,0,1,20,970,342,0.8,0.22
2007,8,5,22,30,0,0,0,2,19,970,356,0.8,0.22
2007,8,5,23,30,0,0,0,3,18,970,3,0.8,0.22
2007,8,6,0,30,0,0,0,4,17,970,359,0.8,0.22
2007,8,6,1,30,0,0,0,5,17,970,351,0.8,0.22
2007,8,6,2,30,0,0,0,6,16,970,348,0.8,0.22
2007,8,6,3,30,0,0,0,6,15,970,353,0.7000000000000001,0.22
2007,8,6,4,30,0,0,0,7,15,970,3,0.8,0.22
2007,8,6,5,30,256,20,36,8,17,970,13,1.3,0.22
2007,8,6,6,30,640,54,224,8,20,980,357,1.7000000000000002,0.22
2007,8,6,7,30,799,72,441,7,23,980,315,2,0.22
2007,8,6,8,30,880,82,645,7,25,980,296,2.5,0.22
2007,8,6,9,30,924,89,814,6,27,980,289,3,0.22
2007,8,6,10,30,929,106,930,5,29,970,288,3.4000000000000004,0.22
2007,8,6,11,30,939,109,992,5,30,970,292,3.7,0.22
2007,8,6,12,30,935,111,991,4,31,970,297,3.8000000000000003,0.22
2007,8,6,13,30,924,107,928,4,32,970,300,3.9000000000000004,0.22
2007,8,6,14,30,900,99,808,4,31,970,302,4,0.22
2007,8,6,15,30,855,90,640,3,30,970,305,3.9000000000000004,0.22
2007,8,6,16,30,790,71,440,3,29,970,308,3.7,0.22
2007,8,6,17,30,643,53,226,3,27,970,312,2.8000000000000003,0.22
2007,8,6,18,30,285,20,39,4,24,970,315,1.7000000000000002,0.22
2007,8,6,19,30,0,0,0,4,22,970,317,1.4000000000000001,0.22
2007,8,6,20,30,0,0,0,4,21,970,312,1.2000000000000002,0.22
2007,8,6,21,30,0,0,0,5,20,970,307,1.1,0.22
2007,8,6,22,30,0,0,0,5,19,970,304,0.9,0.22
2007,8,6,23,30,0,0,0,6,18,970,308,0.7000000000000001,0.22
2007,8,7,0,30,0,0,0,7,17,970,317,0.7000000000000001,0.22
2007,8,7,1,30,0,0,0,7,16,970,325,0.6000000000000001,0.22
2007,8,7,2,30,0,0,0,7,15,970,329,0.6000000000000001,0.22
2007,8,7,3,30,0,0,0,8,15,970,339,0.5,0.22
2007,8,7,4,30,0,0,0,8,15,970,356,0.6000000000000001,0.22
2007,8,7,5,30,270,19,35,8,16,970,11,0.9,0.22
2007,8,7,6,30,652,50,222,8,18,970,345,1.5,0.22
2007,8,7,7,30,803,68,438,7,21,980,318,2,0.22
2007,8,7,8,30,885,79,643,7,23,970,306,2.4000000000000004,0.22
2007,8,7,9,30,932,86,815,6,26,970,297,2.9000000000000004,0.22
2007,8,7,10,30,942,101,935,6,27,970,291,3.4000000000000004,0.22
2007,8,7,11,30,956,102,1000,6,29,970,289,3.7,0.22
2007,8,7,12,30,957,101,1001,5,30,970,290,3.8000000000000003,0.22
2007,8,7,13,30,934,106,935,4,31,970,292,3.8000000000000003,0.22
2007,8,7,14,30,910,99,814,4,31,970,296,3.7,0.22
2007,8,7,15,30,864,89,643,4,30,970,301,3.4000000000000004,0.22
2007,8,7,16,30,793,73,441,3,29,970,306,3,0.22
2007,8,7,17,30,641,54,225,4,26,970,312,2.1,0.22
2007,8,7,18,30,268,20,37,4,23,970,318,1.1,0.22
2007,8,7,19,30,0,0,0,4,22,970,329,1,0.22
2007,8,7,20,30,0,0,0,4,21,970,327,1.1,0.22
2007,8,7,21,30,0,0,0,4,20,970,316,1.1,0.22
2007,8,7,22,30,0,0,0,4,19,970,307,1,0.22
2007,8,7,23,30,0,0,0,4,18,970,301,1,0.22
2007,8,8,0,30,0,0,0,4,17,970,298,0.9,0.22
2007,8,8,1,30,0,0,0,5,16,970,303,0.9,0.22
2007,8,8,2,30,0,0,0,5,15,970,309,0.8,0.22
2007,8,8,3,30,0,0,0,6,15,970,314,0.7000000000000001,0.22
2007,8,8,4,30,0,0,0,7,15,970,321,0.5,0.22
2007,8,8,5,30,253,19,33,7,16,970,331,0.8,0.22
2007,8,8,6,30,647,52,221,7,19,970,326,1.5,0.22
2007,8,8,7,30,820,66,442,6,22,970,315,2,0.22
2007,8,8,8,30,897,77,648,6,24,970,304,2.4000000000000004,0.22
2007,8,8,9,30,941,85,820,6,27,970,293,2.9000000000000004,0.22
2007,8,8,10,30,955,97,941,6,29,970,286,3.2,0.22
2007,8,8,11,30,967,99,1005,5,30,970,284,3.4000000000000004,0.22
2007,8,8,12,30,968,98,1006,5,31,970,284,3.5,0.22
2007,8,8,13,30,953,98,942,4,32,970,283,3.6,0.22
2007,8,8,14,30,927,92,819,3,32,970,283,3.5,0.22
2007,8,8,15,30,881,84,647,2,31,970,286,3.2,0.22
2007,8,8,16,30,808,70,443,2,30,970,290,2.7,0.22
2007,8,8,17,30,653,52,225,1,28,970,298,1.7000000000000002,0.22
2007,8,8,18,30,272,19,35,1,25,970,315,1.1,0.22
2007,8,8,19,30,0,0,0,1,23,970,338,1.1,0.22
2007,8,8,20,30,0,0,0,1,22,970,346,1.1,0.22
2007,8,8,21,30,0,0,0,1,21,970,348,1.1,0.22
2007,8,8,22,30,0,0,0,1,20,970,353,1,0.22
2007,8,8,23,30,0,0,0,1,19,970,6,0.8,0.22
2007,8,9,0,30,0,0,0,1,19,970,29,0.6000000000000001,0.22
2007,8,9,1,30,0,0,0,2,19,970,55,0.5,0.22
2007,8,9,2,30,0,0,0,2,18,970,76,0.30000000000000004,0.22
2007,8,9,3,30,0,0,0,3,18,970,104,0.2,0.22
2007,8,9,4,30,0,0,0,4,18,970,130,0.2,0.22
2007,8,9,5,30,236,18,31,4,19,970,118,0.1,0.22
2007,8,9,6,30,630,53,216,4,21,970,101,0.30000000000000004,0.22
2007,8,9,7,30,802,69,436,4,25,970,291,0.9,0.22
2007,8,9,8,30,885,80,642,4,28,970,285,1.8,0.22
2007,8,9,9,30,933,88,815,4,30,970,280,2.5,0.22
2007,8,9,10,30,941,105,936,3,33,970,283,3,0.22
2007,8,9,11,30,955,107,1001,3,34,970,283,3.2,0.22
2007,8,9,12,30,953,109,1001,2,35,970,286,3.4000000000000004,0.22
2007,8,9,13,30,928,114,933,2,36,970,290,3.5,0.22
2007,8,9,14,30,901,106,810,2,35,970,296,3.6,0.22
2007,8,9,15,30,850,96,637,2,34,970,300,3.5,0.22
2007,8,9,16,30,778,77,434,2,33,970,305,3.2,0.22
2007,8,9,17,30,618,56,217,2,30,970,313,2.1,0.22
2007,8,9,18,30,229,19,31,3,26,970,324,1.2000000000000002,0.22
2007,8,9,19,30,0,0,0,3,24,970,338,1.2000000000000002,0.22
2007,8,9,20,30,0,0,0,3,24,970,343,1.1,0.22
2007,8,9,21,30,0,0,0,4,23,970,350,1.1,0.22
2007,8,9,22,30,0,0,0,4,22,970,1,1,0.22
2007,8,9,23,30,0,0,0,5,21,970,22,0.8,0.22
2007,8,10,0,30,0,0,0,5,21,970,38,0.6000000000000001,0.22
2007,8,10,1,30,0,0,0,6,20,970,56,0.4,0.22
2007,8,10,2,30,0,0,0,7,19,970,100,0.30000000000000004,0.22
2007,8,10,3,30,0,0,0,7,18,970,122,0.4,0.22
2007,8,10,4,30,0,0,0,8,18,980,109,0.4,0.22
2007,8,10,5,30,235,17,29,8,19,980,99,0.6000000000000001,0.22
2007,8,10,6,30,634,52,215,8,22,980,99,0.30000000000000004,0.22
2007,8,10,7,30,807,68,435,7,25,980,340,0.6000000000000001,0.22
2007,8,10,8,30,888,79,641,6,28,980,286,1.6,0.22
2007,8,10,9,30,935,87,815,5,31,980,276,2.6,0.22
2007,8,10,10,30,943,104,935,4,34,970,277,3.3000000000000003,0.22
2007,8,10,11,30,957,106,1000,3,35,970,280,3.5,0.22
2007,8,10,12,30,958,105,1000,3,36,970,284,3.6,0.22
2007,8,10,13,30,944,103,935,3,36,970,289,3.6,0.22
2007,8,10,14,30,919,96,812,2,36,970,294,3.6,0.22
2007,8,10,15,30,873,86,640,2,35,970,298,3.5,0.22
2007,8,10,16,30,790,73,434,2,34,970,302,3.3000000000000003,0.22
2007,8,10,17,30,623,54,215,2,31,970,309,2.2,0.22
2007,8,10,18,30,226,18,29,2,27,970,318,1.3,0.22
2007,8,10,19,30,0,0,0,2,25,970,328,1.2000000000000002,0.22
2007,8,10,20,30,0,0,0,2,24,970,337,1.1,0.22
2007,8,10,21,30,0,0,0,3,23,970,346,1,0.22
2007,8,10,22,30,0,0,0,3,22,970,356,0.9,0.22
2007,8,10,23,30,0,0,0,4,21,970,2,0.8,0.22
2007,8,11,0,30,0,0,0,4,20,970,22,0.8,0.22
2007,8,11,1,30,0,0,0,5,20,970,52,0.8,0.22
2007,8,11,2,30,0,0,0,6,19,970,74,0.8,0.22
2007,8,11,3,30,0,0,0,6,18,970,89,0.8,0.22
2007,8,11,4,30,0,0,0,6,18,970,94,0.7000000000000001,0.22
2007,8,11,5,30,230,17,28,7,19,970,97,0.9,0.22
2007,8,11,6,30,640,52,215,7,22,970,91,1,0.22
2007,8,11,7,30,792,74,433,6,25,970,72,0.5,0.22
2007,8,11,8,30,881,85,641,5,29,970,194,0.7000000000000001,0.22
2007,8,11,9,30,929,93,814,4,32,970,253,1.7000000000000002,0.22
2007,8,11,10,30,953,100,938,3,35,970,262,2.3000000000000003,0.22
2007,8,11,11,30,967,102,1004,1,37,970,267,2.7,0.22
2007,8,11,12,30,967,103,1005,0,38,970,272,2.9000000000000004,0.22
2007,8,11,13,30,950,104,940,0,39,970,278,3.2,0.22
2007,8,11,14,30,921,99,815,0,38,970,286,3.3000000000000003,0.22
2007,8,11,15,30,871,91,641,0,37,970,295,3.3000000000000003,0.22
2007,8,11,16,30,772,81,431,0,35,970,305,3.1,0.22
2007,8,11,17,30,604,58,212,0,31,970,316,2.1,0.22
2007,8,11,18,30,194,17,27,0,28,970,333,1.2000000000000002,0.22
2007,8,11,19,30,0,0,0,0,26,970,351,1.1,0.22
2007,8,11,20,30,0,0,0,0,25,970,5,1.1,0.22
2007,8,11,21,30,0,0,0,1,24,970,13,1,0.22
2007,8,11,22,30,0,0,0,1,23,970,16,0.9,0.22
2007,8,11,23,30,0,0,0,1,22,970,9,0.9,0.22
2007,8,12,0,30,0,0,0,1,21,970,1,0.9,0.22
2007,8,12,1,30,0,0,0,2,20,970,3,0.8,0.22
2007,8,12,2,30,0,0,0,3,19,970,19,0.8,0.22
2007,8,12,3,30,0,0,0,4,18,970,38,0.7000000000000001,0.22
2007,8,12,4,30,0,0,0,4,18,970,48,0.6000000000000001,0.22
2007,8,12,5,30,193,17,26,4,19,980,55,0.7000000000000001,0.22
2007,8,12,6,30,606,55,208,5,22,980,48,0.6000000000000001,0.22
2007,8,12,7,30,769,77,424,4,25,980,30,0.30000000000000004,0.22
2007,8,12,8,30,857,89,629,3,28,980,197,0.5,0.22
2007,8,12,9,30,907,97,800,3,32,980,246,1.3,0.22
2007,8,12,10,30,932,104,922,2,35,980,261,2.1,0.22
2007,8,12,11,30,941,109,984,1,37,980,269,2.7,0.22
2007,8,12,12,30,930,115,981,0,38,970,275,3,0.22
2007,8,12,13,30,908,117,913,0,39,970,285,3.2,0.22
2007,8,12,14,30,875,111,789,0,38,970,294,3.3000000000000003,0.22
2007,8,12,15,30,816,102,615,0,37,970,301,3.3000000000000003,0.22
2007,8,12,16,30,742,80,414,0,36,970,308,3.1,0.22
2007,8,12,17,30,571,57,200,0,32,970,317,2.1,0.22
2007,8,12,18,30,165,16,24,1,28,970,330,1.2000000000000002,0.22
2007,8,12,19,30,0,0,0,1,26,970,348,1.1,0.22
2007,8,12,20,30,0,0,0,1,26,980,1,1,0.22
2007,8,12,21,30,0,0,0,1,25,980,7,0.9,0.22
2007,8,12,22,30,0,0,0,1,24,980,3,0.7000000000000001,0.22
2007,8,12,23,30,0,0,0,2,24,980,352,0.6000000000000001,0.22
2007,8,13,0,30,0,0,0,2,23,980,353,0.5,0.22
2007,8,13,1,30,0,0,0,3,22,980,16,0.4,0.22
2007,8,13,2,30,0,0,0,3,21,980,59,0.5,0.22
2007,8,13,3,30,0,0,0,3,20,980,77,0.6000000000000001,0.22
2007,8,13,4,30,0,0,0,3,20,980,82,0.6000000000000001,0.22
2007,8,13,5,30,157,16,23,4,21,980,82,0.7000000000000001,0.22
2007,8,13,6,30,558,59,198,4,24,980,62,0.8,0.22
2007,8,13,7,30,739,79,411,3,26,980,11,0.8,0.22
2007,8,13,8,30,830,91,612,2,29,980,308,1.4000000000000001,0.22
2007,8,13,9,30,882,100,781,2,32,980,289,2.3000000000000003,0.22
2007,8,13,10,30,907,107,902,1,34,980,289,2.9000000000000004,0.22
2007,8,13,11,30,921,108,964,1,35,980,290,3.2,0.22
2007,8,13,12,30,920,109,964,1,36,970,292,3.4000000000000004,0.22
2007,8,13,13,30,908,106,900,1,37,970,292,3.5,0.22
2007,8,13,14,30,878,100,778,1,38,970,293,3.5,0.22
2007,8,13,15,30,825,92,609,1,37,970,297,3.4000000000000004,0.22
2007,8,13,16,30,731,80,406,0,36,970,305,3,0.22
2007,8,13,17,30,563,56,195,0,32,970,318,2.1,0.22
2007,8,13,18,30,157,15,21,1,28,970,335,1.2000000000000002,0.22
2007,8,13,19,30,0,0,0,1,27,970,351,1.1,0.22
2007,8,13,20,30,0,0,0,1,27,970,2,1,0.22
2007,8,13,21,30,0,0,0,1,26,970,6,0.9,0.22
2007,8,13,22,30,0,0,0,1,26,970,6,0.7000000000000001,0.22
2007,8,13,23,30,0,0,0,1,25,970,350,0.6000000000000001,0.22
2007,8,14,0,30,0,0,0,1,24,970,317,0.6000000000000001,0.22
2007,8,14,1,30,0,0,0,1,23,970,302,0.6000000000000001,0.22
2007,8,14,2,30,0,0,0,1,22,970,300,0.5,0.22
2007,8,14,3,30,0,0,0,1,21,970,315,0.30000000000000004,0.22
2007,8,14,4,30,0,0,0,1,21,970,52,0.30000000000000004,0.22
2007,8,14,5,30,146,15,22,1,22,970,88,0.6000000000000001,0.22
2007,8,14,6,30,549,58,194,1,25,970,89,0.5,0.22
2007,8,14,7,30,718,83,404,1,28,970,87,0.5,0.22
2007,8,14,8,30,815,97,607,0,31,970,266,1.3,0.22
2007,8,14,9,30,871,106,778,0,34,970,273,2.3000000000000003,0.22
2007,8,14,10,30,860,140,892,0,36,970,278,3,0.22
2007,8,14,11,30,882,140,958,0,37,970,284,3.5,0.22
2007,8,14,12,30,886,138,959,0,38,970,289,3.8000000000000003,0.22
2007,8,14,13,30,815,170,882,0,39,970,295,4,0.22
2007,8,14,14,30,787,155,761,0,38,970,301,4,0.22
2007,8,14,15,30,730,136,591,0,37,970,305,3.8000000000000003,0.22
2007,8,14,16,30,683,95,398,0,36,970,309,3.2,0.22
2007,8,14,17,30,504,65,188,1,32,970,315,1.9000000000000001,0.22
2007,8,14,18,30,99,14,18,1,29,970,325,1.1,0.22
2007,8,14,19,30,0,0,0,1,28,970,342,1,0.22
2007,8,14,20,30,0,0,0,1,28,970,354,0.9,0.22
2007,8,14,21,30,0,0,0,1,27,970,353,0.6000000000000001,0.22
2007,8,14,22,30,0,0,0,1,26,970,327,0.5,0.22
2007,8,14,23,30,0,0,0,1,25,970,288,0.6000000000000001,0.22
2007,8,15,0,30,0,0,0,1,23,970,282,0.7000000000000001,0.22
2007,8,15,1,30,0,0,0,1,23,970,288,0.6000000000000001,0.22
2007,8,15,2,30,0,0,0,1,23,970,293,0.5,0.22
2007,8,15,3,30,0,0,0,1,22,970,292,0.2,0.22
2007,8,15,4,30,0,0,0,1,22,970,262,0.1,0.22
2007,8,15,5,30,126,15,20,1,23,970,218,0.2,0.22
2007,8,15,6,30,539,59,192,1,26,970,276,0.7000000000000001,0.22
2007,8,15,7,30,738,77,406,1,28,970,298,1.4000000000000001,0.22
2007,8,15,8,30,828,91,608,2,31,970,295,2.1,0.22
2007,8,15,9,30,879,101,778,2,33,970,285,2.8000000000000003,0.22
2007,8,15,10,30,851,144,887,2,35,970,281,3.4000000000000004,0.22
2007,8,15,11,30,866,148,950,2,36,970,283,3.8000000000000003,0.22
2007,8,15,12,30,866,148,949,2,37,970,286,4.1000000000000005,0.22
2007,8,15,13,30,857,139,886,2,38,970,289,4.1000000000000005,0.22
2007,8,15,14,30,827,129,763,2,37,970,293,4,0.22
2007,8,15,15,30,772,114,593,2,36,970,299,3.7,0.22
2007,8,15,16,30,644,104,388,3,35,970,305,3.1,0.22
2007,8,15,17,30,462,69,180,3,32,970,312,1.9000000000000001,0.22
2007,8,15,18,30,72,13,16,3,29,970,318,1.1,0.22
2007,8,15,19,30,0,0,0,3,28,970,330,1,0.22
2007,8,15,20,30,0,0,0,4,27,970,333,0.9,0.22
2007,8,15,21,30,0,0,0,4,26,970,320,1,0.22
2007,8,15,22,30,0,0,0,4,24,970,304,1,0.22
2007,8,15,23,30,0,0,0,4,23,970,301,1,0.22
2007,8,16,0,30,0,0,0,5,22,970,305,1,0.22
2007,8,16,1,30,0,0,0,5,21,970,309,0.9,0.22
2007,8,16,2,30,0,0,0,6,20,970,308,0.8,0.22
2007,8,16,3,30,0,0,0,6,20,970,308,0.7000000000000001,0.22
2007,8,16,4,30,0,0,0,6,20,970,305,0.4,0.22
2007,8,16,5,30,86,15,18,6,21,970,284,0.4,0.22
2007,8,16,6,30,479,68,184,6,23,970,298,0.9,0.22
2007,8,16,7,30,692,89,396,7,26,970,306,1.7000000000000002,0.22
2007,8,16,8,30,789,105,595,7,28,970,304,2.4000000000000004,0.22
2007,8,16,9,30,845,115,764,7,31,970,297,2.9000000000000004,0.22
2007,8,16,10,30,760,197,859,8,33,970,292,3.3000000000000003,0.22
2007,8,16,11,30,775,204,920,8,34,970,291,3.6,0.22
2007,8,16,12,30,775,204,919,8,35,970,292,3.9000000000000004,0.22
2007,8,16,13,30,748,203,853,8,36,970,295,4.1000000000000005,0.22
2007,8,16,14,30,713,188,733,7,36,970,298,4.3,0.22
2007,8,16,15,30,652,165,567,7,35,970,302,4.1000000000000005,0.22
2007,8,16,16,30,533,136,369,6,34,970,308,3.7,0.22
2007,8,16,17,30,346,85,167,6,31,970,313,2.5,0.22
2007,8,16,18,30,30,10,11,5,28,970,319,1.3,0.22
2007,8,16,19,30,0,0,0,4,26,970,330,1.1,0.22
2007,8,16,20,30,0,0,0,4,25,970,341,1,0.22
2007,8,16,21,30,0,0,0,4,24,970,347,1,0.22
2007,8,16,22,30,0,0,0,3,23,970,345,1,0.22
2007,8,16,23,30,0,0,0,3,23,970,330,0.9,0.22
2007,8,17,0,30,0,0,0,3,22,970,311,0.9,0.22
2007,8,17,1,30,0,0,0,3,21,970,300,0.8,0.22
2007,8,17,2,30,0,0,0,3,20,970,301,0.7000000000000001,0.22
2007,8,17,3,30,0,0,0,3,20,970,314,0.5,0.22
2007,8,17,4,30,0,0,0,3,20,970,8,0.4,0.22
2007,8,17,5,30,97,13,17,3,21,970,62,0.6000000000000001,0.22
2007,8,17,6,30,514,62,186,3,23,970,60,0.8,0.22
2007,8,17,7,30,723,81,400,4,25,970,28,0.8,0.22
2007,8,17,8,30,818,95,602,4,28,970,322,1.3,0.22
2007,8,17,9,30,870,104,771,4,31,970,292,2.1,0.22
2007,8,17,10,30,895,114,891,4,34,970,288,2.8000000000000003,0.22
2007,8,17,11,30,908,117,954,4,35,970,289,3.4000000000000004,0.22
2007,8,17,12,30,906,119,953,4,36,970,296,3.7,0.22
2007,8,17,13,30,858,138,881,4,37,970,301,3.9000000000000004,0.22
2007,8,17,14,30,825,130,757,4,36,970,305,3.8000000000000003,0.22
2007,8,17,15,30,763,117,586,4,35,970,312,3.6,0.22
2007,8,17,16,30,232,174,275,4,34,970,319,3.2,0.22
2007,8,17,17,30,85,86,106,4,31,970,329,2.1,0.22
2007,8,17,18,30,0,6,6,4,28,970,343,1.1,0.22
2007,8,17,19,30,0,0,0,4,26,970,3,1,0.22
2007,8,17,20,30,0,0,0,3,26,970,16,1,0.22
2007,8,17,21,30,0,0,0,3,26,970,29,0.9,0.22
2007,8,17,22,30,0,0,0,3,25,970,40,0.8,0.22
2007,8,17,23,30,0,0,0,3,25,970,42,0.6000000000000001,0.22
2007,8,18,0,30,0,0,0,3,24,970,42,0.4,0.22
2007,8,18,1,30,0,0,0,3,23,970,29,0.30000000000000004,0.22
2007,8,18,2,30,0,0,0,3,22,970,359,0.30000000000000004,0.22
2007,8,18,3,30,0,0,0,3,21,970,12,0.4,0.22
2007,8,18,4,30,0,0,0,2,20,970,69,0.5,0.22
2007,8,18,5,30,110,12,16,3,21,970,98,0.8,0.22
2007,8,18,6,30,542,59,189,3,23,970,102,0.9,0.22
2007,8,18,7,30,720,87,403,2,26,970,77,0.5,0.22
2007,8,18,8,30,820,103,610,2,30,970,328,0.8,0.22
2007,8,18,9,30,876,113,782,2,33,970,282,2,0.22
2007,8,18,10,30,909,118,906,1,35,970,282,2.9000000000000004,0.22
2007,8,18,11,30,924,121,970,1,36,970,284,3.4000000000000004,0.22
2007,8,18,12,30,924,121,970,1,37,970,288,3.7,0.22
2007,8,18,13,30,889,131,898,1,37,970,296,3.9000000000000004,0.22
2007,8,18,14,30,857,122,772,2,37,970,302,4,0.22
2007,8,18,15,30,797,111,597,2,36,970,307,3.9000000000000004,0.22
2007,8,18,16,30,713,87,394,2,34,970,315,3.4000000000000004,0.22
2007,8,18,17,30,529,58,180,2,31,970,326,2.1,0.22
2007,8,18,18,30,86,9,11,2,27,970,344,1.1,0.22
2007,8,18,19,30,0,0,0,2,26,970,9,1.1,0.22
2007,8,18,20,30,0,0,0,2,26,970,32,1,0.22
2007,8,18,21,30,0,0,0,2,26,970,54,0.7000000000000001,0.22
2007,8,18,22,30,0,0,0,2,25,970,59,0.5,0.22
2007,8,18,23,30,0,0,0,2,24,970,344,0.5,0.22
2007,8,19,0,30,0,0,0,2,23,970,315,0.7000000000000001,0.22
2007,8,19,1,30,0,0,0,3,21,970,319,0.6000000000000001,0.22
2007,8,19,2,30,0,0,0,3,20,970,348,0.5,0.22
2007,8,19,3,30,0,0,0,4,19,970,36,0.6000000000000001,0.22
2007,8,19,4,30,0,0,0,4,18,970,64,0.7000000000000001,0.22
2007,8,19,5,30,170,12,17,5,19,970,82,0.8,0.22
2007,8,19,6,30,628,50,199,6,21,970,88,1,0.22
2007,8,19,7,30,803,70,421,5,24,970,75,0.6000000000000001,0.22
2007,8,19,8,30,893,82,632,3,27,970,347,0.9,0.22
2007,8,19,9,30,944,90,809,2,30,970,295,2.1,0.22
2007,8,19,10,30,956,105,932,0,33,970,286,3,0.22
2007,8,19,11,30,972,106,998,0,34,970,287,3.4000000000000004,0.22
2007,8,19,12,30,970,107,995,-1,35,970,293,3.7,0.22
2007,8,19,13,30,519,321,768,-1,35,970,298,3.8000000000000003,0.22
2007,8,19,14,30,498,270,647,-1,34,970,304,3.8000000000000003,0.22
2007,8,19,15,30,500,199,503,-1,33,970,309,3.7,0.22
2007,8,19,16,30,758,79,402,0,32,970,316,3.3000000000000003,0.22
2007,8,19,17,30,571,54,182,0,28,970,329,2.1,0.22
2007,8,19,18,30,0,0,0,1,25,970,348,1.1,0.22
2007,8,19,19,30,0,0,0,1,24,970,12,1,0.22
2007,8,19,20,30,0,0,0,1,24,970,26,1,0.22
2007,8,19,21,30,0,0,0,1,24,970,26,0.8,0.22
2007,8,19,22,30,0,0,0,1,23,970,17,0.7000000000000001,0.22
2007,8,19,23,30,0,0,0,1,23,970,4,0.7000000000000001,0.22
2007,8,20,0,30,0,0,0,1,22,970,357,0.6000000000000001,0.22
2007,8,20,1,30,0,0,0,2,21,970,1,0.30000000000000004,0.22
2007,8,20,2,30,0,0,0,2,20,970,62,0.30000000000000004,0.22
2007,8,20,3,30,0,0,0,3,19,970,129,0.5,0.22
2007,8,20,4,30,0,0,0,4,18,970,126,0.6000000000000001,0.22
2007,8,20,5,30,185,12,16,5,19,980,109,0.9,0.22
2007,8,20,6,30,656,48,202,5,22,980,90,1,0.22
2007,8,20,7,30,817,69,425,5,25,980,54,0.9,0.22
2007,8,20,8,30,907,80,638,4,29,980,345,1.4000000000000001,0.22
2007,8,20,9,30,957,87,815,2,32,980,300,2.4000000000000004,0.22
2007,8,20,10,30,972,99,938,0,35,980,290,3.1,0.22
2007,8,20,11,30,985,101,1002,0,36,980,286,3.5,0.22
2007,8,20,12,30,982,101,998,0,36,970,289,3.8000000000000003,0.22
2007,8,20,13,30,960,102,925,0,36,970,295,3.8000000000000003,0.22
2007,8,20,14,30,928,96,794,1,35,970,301,3.6,0.22
2007,8,20,15,30,873,86,614,1,34,970,306,3.3000000000000003,0.22
2007,8,20,16,30,776,73,401,2,33,970,311,2.7,0.23
2007,8,20,17,30,590,50,180,3,29,970,320,1.5,0.23
2007,8,20,18,30,0,0,0,4,26,970,338,0.9,0.23
2007,8,20,19,30,0,0,0,5,25,970,7,0.8,0.23
2007,8,20,20,30,0,0,0,5,25,970,36,0.6000000000000001,0.23
2007,8,20,21,30,0,0,0,4,25,970,94,0.5,0.23
2007,8,20,22,30,0,0,0,4,24,970,159,0.5,0.23
2007,8,20,23,30,0,0,0,5,23,970,188,0.6000000000000001,0.23
2007,8,21,0,30,0,0,0,5,22,970,204,0.5,0.23
2007,8,21,1,30,0,0,0,6,22,970,206,0.4,0.23
2007,8,21,2,30,0,0,0,7,21,970,180,0.4,0.23
2007,8,21,3,30,0,0,0,8,20,970,137,0.5,0.23
2007,8,21,4,30,0,0,0,9,20,970,124,0.6000000000000001,0.23
2007,8,21,5,30,150,11,14,9,21,970,122,0.7000000000000001,0.23
2007,8,21,6,30,610,48,190,9,24,970,131,0.7000000000000001,0.23
2007,8,21,7,30,753,76,401,9,27,970,257,1.3,0.23
2007,8,21,8,30,844,90,607,9,30,970,282,2.3000000000000003,0.23
2007,8,21,9,30,895,99,778,9,33,970,286,2.9000000000000004,0.23
2007,8,21,10,30,920,108,899,9,35,970,285,3.4000000000000004,0.23
2007,8,21,11,30,932,110,962,9,37,970,285,3.7,0.23
2007,8,21,12,30,932,110,959,8,38,970,283,3.8000000000000003,0.23
2007,8,21,13,30,911,110,890,8,38,970,281,3.9000000000000004,0.23
2007,8,21,14,30,880,103,763,8,37,970,281,3.8000000000000003,0.23
2007,8,21,15,30,826,93,589,8,36,970,286,3.6,0.23
2007,8,21,16,30,721,79,381,9,35,970,294,3.1,0.23
2007,8,21,17,30,531,53,168,9,32,970,304,1.9000000000000001,0.23
2007,8,21,18,30,0,0,0,10,29,970,314,1,0.23
2007,8,21,19,30,0,0,0,10,28,970,327,0.8,0.23
2007,8,21,20,30,0,0,0,10,28,970,317,0.6000000000000001,0.23
2007,8,21,21,30,0,0,0,10,27,970,274,0.5,0.23
2007,8,21,22,30,0,0,0,10,25,970,253,0.6000000000000001,0.23
2007,8,21,23,30,0,0,0,10,24,970,256,0.6000000000000001,0.23
2007,8,22,0,30,0,0,0,10,23,970,261,0.6000000000000001,0.23
2007,8,22,1,30,0,0,0,10,23,970,257,0.5,0.23
2007,8,22,2,30,0,0,0,9,22,970,238,0.5,0.23
2007,8,22,3,30,0,0,0,9,22,970,216,0.5,0.23
2007,8,22,4,30,0,0,0,9,22,970,197,0.5,0.23
2007,8,22,5,30,111,10,12,9,23,970,185,0.6000000000000001,0.23
2007,8,22,6,30,579,49,182,9,26,970,191,0.9,0.23
2007,8,22,7,30,766,67,396,9,29,970,246,1.7000000000000002,0.23
2007,8,22,8,30,856,78,600,10,32,970,273,2.7,0.23
2007,8,22,9,30,907,86,772,9,35,970,282,3.4000000000000004,0.23
2007,8,22,10,30,926,97,892,9,37,970,288,3.8000000000000003,0.23
2007,8,22,11,30,940,99,955,9,38,970,293,3.9000000000000004,0.23
2007,8,22,12,30,940,99,953,9,39,970,297,3.8000000000000003,0.23
2007,8,22,13,30,931,94,888,9,39,970,300,3.8000000000000003,0.23
2007,8,22,14,30,905,87,763,9,38,970,303,3.9000000000000004,0.23
2007,8,22,15,30,854,79,589,9,37,970,306,3.9000000000000004,0.23
2007,8,22,16,30,755,68,381,9,36,970,308,3.8000000000000003,0.23
2007,8,22,17,30,568,46,167,9,33,970,310,2.6,0.23
2007,8,22,18,30,0,0,0,9,29,970,312,1.6,0.23
2007,8,22,19,30,0,0,0,9,27,970,313,1.3,0.23
2007,8,22,20,30,0,0,0,9,26,970,313,1.1,0.23
2007,8,22,21,30,0,0,0,9,24,970,318,0.9,0.23
2007,8,22,22,30,0,0,0,8,23,970,339,0.9,0.23
2007,8,22,23,30,0,0,0,8,22,970,2,0.8,0.23
2007,8,23,0,30,0,0,0,8,22,970,15,0.8,0.23
2007,8,23,1,30,0,0,0,7,22,970,20,0.7000000000000001,0.23
2007,8,23,2,30,0,0,0,7,22,970,23,0.6000000000000001,0.23
2007,8,23,3,30,0,0,0,7,21,970,20,0.5,0.23
2007,8,23,4,30,0,0,0,8,21,970,8,0.6000000000000001,0.23
2007,8,23,5,30,79,9,11,8,22,970,5,0.8,0.23
2007,8,23,6,30,549,54,179,9,24,970,355,1.2000000000000002,0.23
2007,8,23,7,30,740,77,394,9,27,970,318,1.6,0.23
2007,8,23,8,30,836,91,600,9,29,970,284,2.1,0.23
2007,8,23,9,30,891,100,772,9,32,970,271,2.5,0.23
2007,8,23,10,30,920,107,895,9,34,970,275,3,0.23
2007,8,23,11,30,933,110,958,9,36,970,285,3.3000000000000003,0.23
2007,8,23,12,30,930,111,955,9,37,970,296,3.6,0.23
2007,8,23,13,30,902,117,883,8,37,970,304,3.9000000000000004,0.23
2007,8,23,14,30,869,109,755,8,37,970,310,4,0.23
2007,8,23,15,30,809,98,579,8,36,970,313,3.9000000000000004,0.23
2007,8,23,16,30,712,80,373,8,34,970,317,3.7,0.23
2007,8,23,17,30,507,53,159,9,31,970,322,2.7,0.23
2007,8,23,18,30,0,0,0,9,28,970,328,1.7000000000000002,0.23
2007,8,23,19,30,0,0,0,9,26,970,336,1.3,0.23
2007,8,23,20,30,0,0,0,9,24,970,348,1,0.23
2007,8,23,21,30,0,0,0,9,23,970,358,0.8,0.23
2007,8,23,22,30,0,0,0,9,22,970,356,0.8,0.23
2007,8,23,23,30,0,0,0,9,22,970,338,0.8,0.23
2007,8,24,0,30,0,0,0,9,21,970,322,0.7000000000000001,0.23
2007,8,24,1,30,0,0,0,9,21,970,333,0.7000000000000001,0.23
2007,8,24,2,30,0,0,0,9,20,970,354,0.8,0.23
2007,8,24,3,30,0,0,0,9,20,970,358,0.9,0.23
2007,8,24,4,30,0,0,0,9,20,970,0,0.8,0.23
2007,8,24,5,30,0,0,0,9,21,970,7,0.7000000000000001,0.23
2007,8,24,6,30,564,53,180,9,24,970,17,0.5,0.23
2007,8,24,7,30,745,78,395,10,27,970,6,0.4,0.23
2007,8,24,8,30,846,90,603,9,31,970,230,0.8,0.23
2007,8,24,9,30,903,98,777,7,34,970,231,1.4000000000000001,0.23
2007,8,24,10,30,924,108,897,6,37,970,244,1.9000000000000001,0.23
2007,8,24,11,30,938,108,959,4,40,970,252,2.3000000000000003,0.23
2007,8,24,12,30,937,107,954,3,41,970,260,2.8000000000000003,0.23
2007,8,24,13,30,923,103,884,3,42,970,269,3.1,0.23
2007,8,24,14,30,889,97,755,3,41,970,279,3.4000000000000004,0.23
2007,8,24,15,30,830,88,578,4,40,970,290,3.7,0.23
2007,8,24,16,30,715,76,368,4,38,970,302,3.6,0.23
2007,8,24,17,30,506,51,155,5,34,970,314,2.6,0.23
2007,8,24,18,30,0,0,0,6,30,970,325,1.6,0.23
2007,8,24,19,30,0,0,0,7,28,970,333,1.2000000000000002,0.23
2007,8,24,20,30,0,0,0,7,27,970,337,0.9,0.23
2007,8,24,21,30,0,0,0,8,25,970,343,0.9,0.23
2007,8,24,22,30,0,0,0,8,25,970,349,0.9,0.23
2007,8,24,23,30,0,0,0,8,24,970,352,0.9,0.23
2007,8,25,0,30,0,0,0,8,23,970,350,1,0.23
2007,8,25,1,30,0,0,0,9,22,970,347,1,0.23
2007,8,25,2,30,0,0,0,10,22,970,347,1,0.23
2007,8,25,3,30,0,0,0,10,21,970,351,0.9,0.23
2007,8,25,4,30,0,0,0,10,21,970,357,0.8,0.23
2007,8,25,5,30,0,0,0,10,22,970,4,1.1,0.23
2007,8,25,6,30,474,59,165,10,25,970,12,1.5,0.23
2007,8,25,7,30,638,97,368,10,28,970,8,0.9,0.23
2007,8,25,8,30,745,117,567,9,32,970,289,0.9,0.23
2007,8,25,9,30,805,131,735,8,35,970,237,1.9000000000000001,0.23
2007,8,25,10,30,834,142,853,8,37,970,252,2.5,0.23
2007,8,25,11,30,849,145,913,7,39,970,262,3,0.23
2007,8,25,12,30,846,146,908,7,40,970,272,3.3000000000000003,0.23
2007,8,25,13,30,789,166,831,8,40,970,283,3.7,0.23
2007,8,25,14,30,743,157,704,8,39,970,294,4,0.23
2007,8,25,15,30,665,141,532,9,38,970,304,4.2,0.23
2007,8,25,16,30,474,121,312,9,37,970,312,4.1000000000000005,0.23
2007,8,25,17,30,267,74,127,9,34,970,319,3.4000000000000004,0.23
2007,8,25,18,30,0,0,0,9,31,970,326,2.4000000000000004,0.23
2007,8,25,19,30,0,0,0,10,29,970,332,1.8,0.23
2007,8,25,20,30,0,0,0,10,27,970,340,1.3,0.23
2007,8,25,21,30,0,0,0,10,26,970,350,1,0.23
2007,8,25,22,30,0,0,0,10,26,970,353,0.8,0.23
2007,8,25,23,30,0,0,0,10,25,970,341,0.6000000000000001,0.23
2007,8,26,0,30,0,0,0,10,24,970,320,0.6000000000000001,0.23
2007,8,26,1,30,0,0,0,10,24,970,309,0.6000000000000001,0.23
2007,8,26,2,30,0,0,0,10,23,970,322,0.6000000000000001,0.23
2007,8,26,3,30,0,0,0,11,22,970,2,0.6000000000000001,0.23
2007,8,26,4,30,0,0,0,11,22,970,46,0.7000000000000001,0.23
2007,8,26,5,30,0,0,0,11,22,970,65,0.9,0.23
2007,8,26,6,30,379,69,153,11,24,970,71,0.9,0.23
2007,8,26,7,30,559,116,352,10,26,970,74,0.4,0.23
2007,8,26,8,30,435,221,483,10,29,970,269,1,0.23
2007,8,26,9,30,192,351,495,9,31,970,278,2.2,0.23
2007,8,26,10,30,446,342,721,9,33,970,277,2.8000000000000003,0.23
2007,8,26,11,30,199,454,634,9,34,970,288,3.2,0.23
2007,8,26,12,30,485,368,804,9,35,970,300,3.8000000000000003,0.23
2007,8,26,13,30,515,319,753,9,35,970,308,4.1000000000000005,0.23
2007,8,26,14,30,481,266,619,9,35,970,313,4.3,0.23
2007,8,26,15,30,722,115,536,9,34,970,316,4.3,0.23
2007,8,26,16,30,499,114,314,9,33,970,317,4.1000000000000005,0.23
2007,8,26,17,30,343,64,131,9,30,970,317,3,0.23
2007,8,26,18,30,0,0,0,10,28,970,316,1.8,0.23
2007,8,26,19,30,0,0,0,11,27,970,320,1.4000000000000001,0.23
2007,8,26,20,30,0,0,0,11,26,970,323,1.1,0.23
2007,8,26,21,30,0,0,0,12,26,970,324,0.9,0.23
2007,8,26,22,30,0,0,0,13,25,970,328,0.7000000000000001,0.23
2007,8,26,23,30,0,0,0,14,25,970,336,0.6000000000000001,0.23
2007,8,27,0,30,0,0,0,14,24,970,347,0.6000000000000001,0.23
2007,8,27,1,30,0,0,0,13,24,970,2,0.6000000000000001,0.23
2007,8,27,2,30,0,0,0,13,24,970,24,0.4,0.23
2007,8,27,3,30,0,0,0,12,23,970,56,0.30000000000000004,0.23
2007,8,27,4,30,0,0,0,12,22,970,181,0.4,0.23
2007,8,27,5,30,0,0,0,12,23,970,186,0.8,0.23
2007,8,27,6,30,448,59,157,12,25,970,190,1.2000000000000002,0.23
2007,8,27,7,30,671,82,364,13,28,970,221,1.4000000000000001,0.23
2007,8,27,8,30,775,97,562,13,31,970,253,1.7000000000000002,0.23
2007,8,27,9,30,835,106,729,13,34,970,260,1.9000000000000001,0.23
2007,8,27,10,30,874,108,848,13,36,970,258,2,0.23
2007,8,27,11,30,885,112,907,13,37,970,260,2.2,0.23
2007,8,27,12,30,878,116,902,13,38,970,265,2.5,0.23
2007,8,27,13,30,847,122,831,12,38,970,270,2.8000000000000003,0.23
2007,8,27,14,30,788,127,702,12,37,970,279,3.1,0.23
2007,8,27,15,30,624,148,509,12,36,970,291,3.4000000000000004,0.23
2007,8,27,16,30,468,119,304,12,35,970,301,3.4000000000000004,0.23
2007,8,27,17,30,311,66,126,13,33,970,309,2.7,0.23
2007,8,27,18,30,0,0,0,13,31,970,312,1.9000000000000001,0.23
2007,8,27,19,30,0,0,0,13,30,970,314,1.5,0.23
2007,8,27,20,30,0,0,0,12,28,970,317,1.1,0.23
2007,8,27,21,30,0,0,0,12,26,970,324,0.8,0.23
2007,8,27,22,30,0,0,0,11,26,970,339,0.8,0.23
2007,8,27,23,30,0,0,0,11,25,970,356,0.7000000000000001,0.23
2007,8,28,0,30,0,0,0,11,25,970,358,0.6000000000000001,0.23
2007,8,28,1,30,0,0,0,10,25,970,343,0.5,0.23
2007,8,28,2,30,0,0,0,10,24,970,308,0.5,0.23
2007,8,28,3,30,0,0,0,10,24,970,283,0.4,0.23
2007,8,28,4,30,0,0,0,10,24,970,275,0.2,0.23
2007,8,28,5,30,0,0,0,10,25,970,234,0.1,0.23
2007,8,28,6,30,480,54,158,10,27,970,139,0.4,0.23
2007,8,28,7,30,692,77,366,11,30,970,297,0.9,0.23
2007,8,28,8,30,796,91,567,12,33,970,286,1.4000000000000001,0.23
2007,8,28,9,30,855,100,736,12,36,970,275,1.8,0.23
2007,8,28,10,30,888,105,856,12,38,970,270,2.2,0.23
2007,8,28,11,30,903,107,916,11,39,970,268,2.5,0.23
2007,8,28,12,30,902,107,912,11,40,970,268,3,0.23
2007,8,28,13,30,880,108,843,11,40,970,272,3.3000000000000003,0.23
2007,8,28,14,30,846,102,716,11,39,970,277,3.4000000000000004,0.23
2007,8,28,15,30,784,91,542,11,38,970,284,3.4000000000000004,0.23
2007,8,28,16,30,685,72,340,11,37,970,291,3.2,0.23
2007,8,28,17,30,464,46,133,11,34,970,300,2.2,0.23
2007,8,28,18,30,0,0,0,11,31,970,312,1.1,0.23
2007,8,28,19,30,0,0,0,11,29,970,328,0.9,0.23
2007,8,28,20,30,0,0,0,11,29,970,346,0.9,0.23
2007,8,28,21,30,0,0,0,11,28,970,0,0.9,0.23
2007,8,28,22,30,0,0,0,11,28,970,11,0.9,0.23
2007,8,28,23,30,0,0,0,11,27,970,23,0.8,0.23
2007,8,29,0,30,0,0,0,11,27,970,41,0.8,0.23
2007,8,29,1,30,0,0,0,11,26,970,61,0.8,0.23
2007,8,29,2,30,0,0,0,10,26,970,76,0.8,0.23
2007,8,29,3,30,0,0,0,10,25,970,85,0.9,0.23
2007,8,29,4,30,0,0,0,10,25,970,88,1,0.23
2007,8,29,5,30,0,0,0,10,26,970,88,1,0.23
2007,8,29,6,30,538,48,162,10,30,970,84,1,0.23
2007,8,29,7,30,731,70,373,10,34,970,81,0.7000000000000001,0.23
2007,8,29,8,30,828,83,575,9,37,970,194,0.9,0.23
2007,8,29,9,30,877,93,743,9,40,970,239,1.6,0.23
2007,8,29,10,30,904,98,861,8,42,970,246,2,0.23
2007,8,29,11,30,912,103,918,8,43,970,254,2.3000000000000003,0.23
2007,8,29,12,30,907,105,912,8,43,970,262,2.4000000000000004,0.23
2007,8,29,13,30,891,102,843,8,44,970,270,2.5,0.23
2007,8,29,14,30,856,97,716,8,43,970,280,2.7,0.23
2007,8,29,15,30,793,88,541,8,42,970,291,2.9000000000000004,0.23
2007,8,29,16,30,662,78,334,8,40,970,304,2.9000000000000004,0.23
2007,8,29,17,30,428,49,128,8,37,970,316,2.2,0.23
2007,8,29,18,30,0,0,0,9,34,970,325,1.4000000000000001,0.23
2007,8,29,19,30,0,0,0,9,32,970,332,1.1,0.23
2007,8,29,20,30,0,0,0,9,31,970,334,0.9,0.23
2007,8,29,21,30,0,0,0,10,31,970,337,0.8,0.23
2007,8,29,22,30,0,0,0,10,30,970,345,0.8,0.23
2007,8,29,23,30,0,0,0,10,30,970,349,0.7000000000000001,0.23
2007,8,30,0,30,0,0,0,11,29,970,346,0.6000000000000001,0.23
2007,8,30,1,30,0,0,0,11,29,970,322,0.6000000000000001,0.23
2007,8,30,2,30,0,0,0,12,28,970,304,0.7000000000000001,0.23
2007,8,30,3,30,0,0,0,12,28,970,313,0.7000000000000001,0.23
2007,8,30,4,30,0,0,0,13,27,970,328,0.7000000000000001,0.23
2007,8,30,5,30,0,0,0,13,28,980,345,1,0.23
2007,8,30,6,30,0,11,11,13,30,980,355,1.7000000000000002,0.23
2007,8,30,7,30,458,128,317,13,33,980,345,2.3000000000000003,0.23
2007,8,30,8,30,472,205,485,13,36,980,340,2,0.23
2007,8,30,9,30,51,318,356,14,39,970,336,1.5,0.23
2007,8,30,10,30,852,120,836,13,41,970,288,2,0.23
2007,8,30,11,30,867,123,895,13,42,970,277,2.8000000000000003,0.23
2007,8,30,12,30,862,125,890,14,43,970,283,3.5,0.23
2007,8,30,13,30,794,153,810,14,42,970,293,4,0.23
2007,8,30,14,30,751,144,684,14,41,970,303,4.4,0.23
2007,8,30,15,30,337,228,420,14,40,970,312,4.5,0.23
2007,8,30,16,30,454,116,290,14,39,970,320,4.2,0.23
2007,8,30,17,30,304,61,115,15,36,970,326,2.9000000000000004,0.23
2007,8,30,18,30,0,0,0,15,34,970,331,1.5,0.23
2007,8,30,19,30,0,0,0,15,32,970,341,1,0.23
2007,8,30,20,30,0,0,0,15,32,970,354,0.8,0.23
2007,8,30,21,30,0,0,0,15,32,970,10,0.7000000000000001,0.23
2007,8,30,22,30,0,0,0,15,31,970,57,0.8,0.23
2007,8,30,23,30,0,0,0,15,30,970,98,0.9,0.23
2007,8,31,0,30,0,0,0,15,29,970,110,1,0.23
2007,8,31,1,30,0,0,0,16,28,970,114,1.1,0.23
2007,8,31,2,30,0,0,0,16,28,970,116,1.1,0.23
2007,8,31,3,30,0,0,0,16,27,970,116,1,0.23
2007,8,31,4,30,0,0,0,16,27,970,112,0.9,0.23
2007,8,31,5,30,0,0,0,16,28,970,107,1.2000000000000002,0.23
2007,8,31,6,30,381,64,144,16,31,980,100,1.7000000000000002,0.23
2007,8,31,7,30,605,99,347,15,34,980,125,1.8,0.23
2007,8,31,8,30,733,115,548,14,37,980,176,1.8,0.23
2007,8,31,9,30,801,125,716,13,39,980,212,2,0.23
2007,8,31,10,30,863,116,840,12,40,970,239,2.5,0.23
2007,8,31,11,30,876,119,898,12,41,970,260,3,0.23
2007,8,31,12,30,869,122,890,12,42,970,274,3.4000000000000004,0.23
2007,8,31,13,30,855,116,822,13,41,970,286,3.6,0.23
2007,8,31,14,30,811,112,693,13,41,970,294,3.6,0.23
2007,8,31,15,30,738,103,519,13,40,970,302,3.5,0.23
2007,8,31,16,30,744,69,351,0.6000000000000001,35.800000000000004,975,318,2.6,0.26
2007,8,31,17,30,517,45,135,1,32.1,975,331,1.6,0.26
2007,8,31,18,30,17,3,2,1.4000000000000001,29.400000000000002,975,173,1.1,0.26
2007,8,31,19,30,0,0,0,1.5,28.8,975,21,0.9,0.26
2007,8,31,20,30,0,0,0,1.6,28.5,976,48,0.8,0.26
2007,8,31,21,30,0,0,0,1.6,28,976,56,0.7000000000000001,0.26
2007,8,31,22,30,0,0,0,1.7000000000000002,27.200000000000003,976,44,0.7000000000000001,0.26
2007,8,31,23,30,0,0,0,1.9000000000000001,26.200000000000003,976,32,0.7000000000000001,0.26
2019,9,1,0,30,0,0,0,2.3000000000000003,25,976,32,0.8,0.26
2019,9,1,1,30,0,0,0,2.9000000000000004,23.8,976,38,0.8,0.26
2019,9,1,2,30,0,0,0,3.6,23,976,46,0.9,0.26
2019,9,1,3,30,0,0,0,4.2,22.400000000000002,976,57,0.9,0.26
2019,9,1,4,30,0,0,0,4.7,21.900000000000002,976,70,0.9,0.26
2019,9,1,5,30,75,9,9,5.1000000000000005,23.1,977,80,1,0.26
2019,9,1,6,30,564,48,165,5.300000000000001,26.3,977,78,1.1,0.26
2019,9,1,7,30,762,70,381,4.9,30.3,977,194,1.2000000000000002,0.26
2019,9,1,8,30,856,82,586,3.3000000000000003,34.2,977,307,1.9000000000000001,0.26
2019,9,1,9,30,902,94,756,2.1,37.5,977,295,2.7,0.26
2019,9,1,10,30,923,103,874,1.7000000000000002,39.7,977,290,3.1,0.26
2019,9,1,11,30,934,106,933,1.7000000000000002,40.7,976,290,3.3000000000000003,0.26
2019,9,1,12,30,926,109,924,1.8,41.2,976,294,3.6,0.26
2019,9,1,13,30,903,109,850,1.9000000000000001,41.2,975,301,3.8000000000000003,0.26
2019,9,1,14,30,863,103,717,2.2,40.7,975,308,3.8000000000000003,0.26
2019,9,1,15,30,798,92,538,2.4000000000000004,40.400000000000006,975,312,3.7,0.26
2019,9,1,16,30,672,78,329,2.6,38.1,975,322,2.8000000000000003,0.26
2019,9,1,17,30,423,49,121,2.8000000000000003,34.4,975,332,1.7000000000000002,0.26
2019,9,1,18,30,0,0,0,3,31.1,975,344,1.2000000000000002,0.26
2019,9,1,19,30,0,0,0,3.1,30.200000000000003,976,355,1.1,0.26
2019,9,1,20,30,0,0,0,3.1,29.900000000000002,976,181,1.1,0.26
2019,9,1,21,30,0,0,0,3.1,29.6,976,180,1,0.26
2019,9,1,22,30,0,0,0,3.1,29,976,355,1,0.26
2019,9,1,23,30,0,0,0,3.2,28.3,977,351,1,0.26
2019,9,2,0,30,0,0,0,3.4000000000000004,27.6,977,176,1,0.26
2019,9,2,1,30,0,0,0,3.6,27.200000000000003,977,14,0.8,0.26
2019,9,2,2,30,0,0,0,3.8000000000000003,27,977,37,0.7000000000000001,0.26
2019,9,2,3,30,0,0,0,4.1000000000000005,26.8,977,56,0.6000000000000001,0.26
2019,9,2,4,30,0,0,0,4.3,26.5,977,74,0.6000000000000001,0.26
2019,9,2,5,30,33,6,6,4.6000000000000005,27,977,83,0.6000000000000001,0.26
2019,9,2,6,30,450,58,150,4.800000000000001,29.200000000000003,978,218,0.6000000000000001,0.26
2019,9,2,7,30,665,86,356,5.1000000000000005,32.300000000000004,978,326,1.1,0.26
2019,9,2,8,30,771,103,555,6.300000000000001,35.2,978,291,1.9000000000000001,0.26
2019,9,2,9,30,748,143,690,7.1000000000000005,37.2,978,283,2.4000000000000004,0.26
2019,9,2,10,30,743,179,798,7.300000000000001,38.5,978,282,2.7,0.26
2019,9,2,11,30,861,135,895,7.300000000000001,39.5,978,283,2.8000000000000003,0.26
2019,9,2,12,30,856,137,888,7.4,40.1,977,288,3,0.26
2019,9,2,13,30,834,136,818,7.300000000000001,40.300000000000004,976,294,3.3000000000000003,0.26
2019,9,2,14,30,424,268,568,7.300000000000001,39.900000000000006,976,302,3.6,0.26
2019,9,2,15,30,738,107,517,7.4,39.5,976,305,3.7,0.26
2019,9,2,16,30,625,84,315,7.6000000000000005,37.5,976,316,3.4000000000000004,0.26
2019,9,2,17,30,384,51,114,7.7,34.4,976,325,2.2,0.26
2019,9,2,18,30,0,0,0,7.9,31.400000000000002,977,329,1.2000000000000002,0.26
2019,9,2,19,30,0,0,0,8,30.1,977,325,1,0.26
2019,9,2,20,30,0,0,0,8,29.200000000000003,978,314,1,0.26
2019,9,2,21,30,0,0,0,8.200000000000001,28.400000000000002,978,312,1,0.26
2019,9,2,22,30,0,0,0,8.4,27.5,978,327,1,0.26
2019,9,2,23,30,0,0,0,8.5,26.6,978,344,1,0.26
2019,9,3,0,30,0,0,0,8.6,25.900000000000002,978,354,0.9,0.26
2019,9,3,1,30,0,0,0,9.4,25.5,978,180,0.9,0.26
2019,9,3,2,30,0,0,0,9.600000000000001,25.400000000000002,977,3,0.8,0.26
2019,9,3,3,30,0,0,0,9.3,25.400000000000002,977,8,0.7000000000000001,0.26
2019,9,3,4,30,0,0,0,8.700000000000001,25.3,977,20,0.5,0.26
2019,9,3,5,30,28,5,5,8.5,26,977,108,0.30000000000000004,0.26
2019,9,3,6,30,424,58,144,8.700000000000001,27.8,977,229,0.6000000000000001,0.26
2019,9,3,7,30,635,91,348,7.5,30.5,978,275,1.4000000000000001,0.26
2019,9,3,8,30,742,112,545,6.800000000000001,33.300000000000004,978,279,2.1,0.26
2019,9,3,9,30,806,124,712,6.800000000000001,35.6,977,278,2.6,0.26
2019,9,3,10,30,843,130,830,7.1000000000000005,37.5,977,279,3.1,0.26
2019,9,3,11,30,859,134,889,7.4,38.800000000000004,976,282,3.5,0.26
2019,9,3,12,30,868,126,885,7.7,39.5,976,287,3.8000000000000003,0.26
2019,9,3,13,30,863,115,818,7.9,39.6,975,291,3.9000000000000004,0.26
2019,9,3,14,30,831,105,690,8.200000000000001,39.1,975,295,3.8000000000000003,0.26
2019,9,3,15,30,615,136,475,8.5,38.800000000000004,975,297,3.7,0.26
2019,9,3,16,30,656,74,314,8.6,36.7,974,300,2.9000000000000004,0.26
2019,9,3,17,30,415,45,112,8.700000000000001,33.7,975,302,1.7000000000000002,0.26
2019,9,3,18,30,0,0,0,8.6,31,975,307,1,0.26
2019,9,3,19,30,0,0,0,8.6,30.3,975,312,0.9,0.26
2019,9,3,20,30,0,0,0,8.6,29.900000000000002,976,310,0.8,0.26
2019,9,3,21,30,0,0,0,8.5,29.6,976,298,0.6000000000000001,0.26
2019,9,3,22,30,0,0,0,8.3,29.200000000000003,976,269,0.5,0.26
2019,9,3,23,30,0,0,0,8,28.700000000000003,975,231,0.4,0.26
2019,9,4,0,30,0,0,0,7.6000000000000005,28.1,975,184,0.30000000000000004,0.26
2019,9,4,1,30,0,0,0,7.2,27.5,975,129,0.4,0.26
2019,9,4,2,30,0,0,0,6.800000000000001,26.6,975,101,0.6000000000000001,0.26
2019,9,4,3,30,0,0,0,6.5,25.8,975,100,0.7000000000000001,0.26
2019,9,4,4,30,0,0,0,6.2,25.1,975,105,0.8,0.26
2019,9,4,5,30,46,6,6,6.1000000000000005,26,975,110,0.9,0.26
2019,9,4,6,30,484,47,144,6.1000000000000005,28.8,976,124,0.9,0.26
2019,9,4,7,30,721,73,363,6.2,32.300000000000004,976,175,0.8,0.26
2019,9,4,8,30,817,89,564,7,35.7,976,228,1.2000000000000002,0.26
2019,9,4,9,30,865,102,731,7.6000000000000005,38.2,976,246,1.8,0.26
2019,9,4,10,30,892,111,849,7.7,39.900000000000006,975,254,2.2,0.26
2019,9,4,11,30,907,113,908,7.800000000000001,41.2,974,259,2.4000000000000004,0.26
2019,9,4,12,30,902,115,900,7.9,41.900000000000006,974,264,2.7,0.26
2019,9,4,13,30,877,115,826,7.9,42,973,271,3,0.26
2019,9,4,14,30,838,107,694,8,41.6,973,278,3.2,0.26
2019,9,4,15,30,770,95,516,8.1,41.2,973,282,3.2,0.26
2019,9,4,16,30,645,77,310,8.4,38.7,973,300,2.9000000000000004,0.26
2019,9,4,17,30,388,47,107,8.700000000000001,35.300000000000004,974,318,1.9000000000000001,0.26
2019,9,4,18,30,0,0,0,9.1,32.1,975,335,1.1,0.26
2019,9,4,19,30,0,0,0,9.4,31,975,348,1,0.26
2019,9,4,20,30,0,0,0,9.4,30.6,976,178,0.9,0.26
2019,9,4,21,30,0,0,0,9.4,30.1,976,4,0.8,0.26
2019,9,4,22,30,0,0,0,9.4,29.200000000000003,976,4,0.9,0.26
2019,9,4,23,30,0,0,0,9.4,28.200000000000003,976,5,1,0.26
2019,9,5,0,30,0,0,0,9.4,27.400000000000002,976,11,1,0.26
2019,9,5,1,30,0,0,0,9.4,27,976,18,1,0.26
2019,9,5,2,30,0,0,0,9.4,26.8,976,19,0.9,0.26
2019,9,5,3,30,0,0,0,9.5,26.900000000000002,976,188,0.7000000000000001,0.26
2019,9,5,4,30,0,0,0,9.700000000000001,26.8,976,351,0.4,0.26
2019,9,5,5,30,7,2,2,10,27.3,976,220,0.4,0.26
2019,9,5,6,30,164,66,98,10.4,29.400000000000002,977,105,0.6000000000000001,0.26
2019,9,5,7,30,196,136,214,10.4,33,978,128,1,0.26
2019,9,5,8,30,166,208,304,9.600000000000001,36.4,978,160,1.4000000000000001,0.26
2019,9,5,9,30,540,225,616,9.3,38.800000000000004,978,180,1.8,0.26
2019,9,5,10,30,849,127,827,9.3,40.400000000000006,977,183,2.2,0.26
2019,9,5,11,30,649,227,794,9.3,41.400000000000006,977,181,2.3000000000000003,0.26
2019,9,5,12,30,577,247,748,9.3,42,976,184,2.4000000000000004,0.26
2019,9,5,13,30,819,141,802,9.3,42,976,199,2.3000000000000003,0.26
2019,9,5,14,30,661,169,629,9.1,41.5,975,224,2.4000000000000004,0.26
2019,9,5,15,30,212,215,330,9,41.1,975,238,2.5,0.26
2019,9,5,16,30,2,67,68,9.200000000000001,38.900000000000006,975,271,2.7,0.26
2019,9,5,17,30,260,54,93,9.8,36.4,976,283,2.4000000000000004,0.26
2019,9,5,18,30,0,0,0,10.700000000000001,34,977,295,2.4000000000000004,0.26
2019,9,5,19,30,0,0,0,11.4,32.300000000000004,978,311,2.5,0.26
2019,9,5,20,30,0,0,0,11.5,30.700000000000003,979,331,2,0.26
2019,9,5,21,30,0,0,0,11.100000000000001,29.200000000000003,979,176,1.2000000000000002,0.26
2019,9,5,22,30,0,0,0,10.8,28.200000000000003,979,17,0.9,0.26
2019,9,5,23,30,0,0,0,10.5,27.5,979,26,0.8,0.26
2019,9,6,0,30,0,0,0,10.700000000000001,27,979,22,0.8,0.26
2019,9,6,1,30,0,0,0,11.4,26.6,979,13,0.8,0.26
2019,9,6,2,30,0,0,0,11.600000000000001,26,979,9,0.8,0.26
2019,9,6,3,30,0,0,0,11.4,25.400000000000002,979,15,0.8,0.26
2019,9,6,4,30,0,0,0,10.600000000000001,25,979,27,0.7000000000000001,0.26
2019,9,6,5,30,28,4,4,9.9,25.700000000000003,980,33,0.7000000000000001,0.26
2019,9,6,6,30,481,51,145,9.8,27.900000000000002,980,173,0.9,0.26
2019,9,6,7,30,695,76,352,7.7,30.900000000000002,980,301,1.8,0.26
2019,9,6,8,30,799,92,553,8.9,33.7,981,286,2.6,0.26
2019,9,6,9,30,845,108,718,9.5,35.5,981,283,3.2,0.26
2019,9,6,10,30,862,125,834,9.8,36.800000000000004,980,285,3.6,0.26
2019,9,6,11,30,880,126,892,10.100000000000001,37.7,980,289,3.9000000000000004,0.26
2019,9,6,12,30,877,128,886,10.3,38.2,979,293,4,0.26
2019,9,6,13,30,855,126,813,10.700000000000001,38.2,978,297,4,0.26
2019,9,6,14,30,822,115,684,11,37.800000000000004,978,303,4,0.26
2019,9,6,15,30,755,101,507,11.3,37.5,978,305,4,0.26
2019,9,6,16,30,633,79,302,11.600000000000001,35.5,978,310,3.7,0.25
2019,9,6,17,30,371,46,100,11.8,32.9,978,312,2.6,0.25
2019,9,6,18,30,0,0,0,12,30.6,979,312,1.7000000000000002,0.25
2019,9,6,19,30,0,0,0,12,29.400000000000002,979,310,1.5,0.25
2019,9,6,20,30,0,0,0,11.5,28.3,979,306,1.4000000000000001,0.25
2019,9,6,21,30,0,0,0,10.700000000000001,27.200000000000003,979,300,1.2000000000000002,0.25
2019,9,6,22,30,0,0,0,9.700000000000001,26.200000000000003,979,293,1,0.25
2019,9,6,23,30,0,0,0,8.9,25.400000000000002,979,290,1,0.25
2019,9,7,0,30,0,0,0,8.3,24.700000000000003,979,293,0.9,0.25
2019,9,7,1,30,0,0,0,8,24.1,978,296,0.7000000000000001,0.25
2019,9,7,2,30,0,0,0,7.9,23.400000000000002,978,293,0.7000000000000001,0.25
2019,9,7,3,30,0,0,0,7.9,22.700000000000003,978,292,0.8,0.25
2019,9,7,4,30,0,0,0,8,22,978,295,0.8,0.25
2019,9,7,5,30,35,6,5,8.3,22.400000000000002,979,297,1.1,0.25
2019,9,7,6,30,494,51,146,8.6,24.5,979,299,1.8,0.25
2019,9,7,7,30,714,75,357,8.5,26.900000000000002,979,294,2.5,0.25
2019,9,7,8,30,821,90,561,8.700000000000001,29.3,979,285,3,0.25
2019,9,7,9,30,887,95,733,9.1,31.5,979,282,3.5,0.25
2019,9,7,10,30,928,97,857,9.4,33.4,978,280,3.8000000000000003,0.25
2019,9,7,11,30,948,98,920,9.200000000000001,34.9,977,282,3.8000000000000003,0.25
2019,9,7,12,30,953,97,917,8.4,36,977,286,3.8000000000000003,0.25
2019,9,7,13,30,944,93,848,6.5,36.5,976,291,4,0.25
2019,9,7,14,30,921,86,720,4.1000000000000005,36.2,975,293,4.2,0.25
2019,9,7,15,30,868,76,539,1.7000000000000002,35.800000000000004,975,293,4.4,0.25
2019,9,7,16,30,760,61,325,0.1,32.7,975,289,4.4,0.25
2019,9,7,17,30,495,39,109,-0.1,29,975,285,3.3000000000000003,0.25
2019,9,7,18,30,0,0,0,1.1,25.6,976,280,2.4000000000000004,0.25
2019,9,7,19,30,0,0,0,2.9000000000000004,23.8,976,281,2.7,0.25
2019,9,7,20,30,0,0,0,5.1000000000000005,22.5,977,290,3.3000000000000003,0.25
2019,9,7,21,30,0,0,0,7.1000000000000005,21.1,977,301,3.6,0.25
2019,9,7,22,30,0,0,0,8.3,19.8,977,306,3.4000000000000004,0.25
2019,9,7,23,30,0,0,0,9.200000000000001,18.7,977,307,2.9000000000000004,0.25
2019,9,8,0,30,0,0,0,9.9,17.7,977,304,2.5,0.25
2019,9,8,1,30,0,0,0,10.4,16.900000000000002,977,296,2,0.25
2019,9,8,2,30,0,0,0,10.8,16.2,977,287,1.7000000000000002,0.25
2019,9,8,3,30,0,0,0,11.200000000000001,15.600000000000001,977,283,1.5,0.25
2019,9,8,4,30,0,0,0,11.600000000000001,15.200000000000001,977,284,1.4000000000000001,0.25
2019,9,8,5,30,29,5,4,11.9,16,977,290,2.1,0.25
2019,9,8,6,30,486,56,148,11.9,17.900000000000002,978,298,3.2,0.25
2019,9,8,7,30,722,81,364,11.3,20.1,978,301,3.7,0.25
2019,9,8,8,30,837,93,572,10.600000000000001,22.5,978,301,4,0.25
2019,9,8,9,30,896,102,744,9.9,24.8,978,300,4.4,0.25
2019,9,8,10,30,927,108,865,9.1,26.900000000000002,977,299,4.800000000000001,0.25
2019,9,8,11,30,944,108,924,8.4,28.5,977,298,5.1000000000000005,0.25
2019,9,8,12,30,939,110,915,8,29.6,976,298,5.300000000000001,0.25
2019,9,8,13,30,920,107,839,8.1,30,975,300,5.4,0.25
2019,9,8,14,30,887,98,705,8.200000000000001,29.900000000000002,975,303,5.300000000000001,0.25
2019,9,8,15,30,822,87,522,8.1,29.700000000000003,975,304,5.2,0.25
2019,9,8,16,30,696,71,309,8.1,27.8,974,310,4.3,0.25
2019,9,8,17,30,411,42,98,8.4,25,974,312,2.7,0.25
2019,9,8,18,30,0,0,0,9.1,22.5,974,316,1.5,0.25
2019,9,8,19,30,0,0,0,9.600000000000001,21.5,975,322,1.4000000000000001,0.25
2019,9,8,20,30,0,0,0,9.8,20.8,975,324,1.4000000000000001,0.25
2019,9,8,21,30,0,0,0,9.8,20.1,975,322,1.4000000000000001,0.25
2019,9,8,22,30,0,0,0,9.700000000000001,19.400000000000002,975,321,1.4000000000000001,0.25
2019,9,8,23,30,0,0,0,9.5,18.7,975,320,1.3,0.25
2019,9,9,0,30,0,0,0,9.200000000000001,18,975,317,1.3,0.25
2019,9,9,1,30,0,0,0,8.700000000000001,17.3,975,310,1.3,0.25
2019,9,9,2,30,0,0,0,8.200000000000001,16.6,975,305,1.3,0.25
2019,9,9,3,30,0,0,0,8,16,975,303,1.2000000000000002,0.25
2019,9,9,4,30,0,0,0,8.1,15.4,975,302,1.1,0.25
2019,9,9,5,30,22,4,3,8.4,16.400000000000002,976,302,1.5,0.25
2019,9,9,6,30,531,49,149,9,18.8,976,306,2.6,0.25
2019,9,9,7,30,754,73,367,10.200000000000001,21.200000000000003,976,308,3.4000000000000004,0.25
2019,9,9,8,30,858,89,577,10.600000000000001,23.5,976,302,3.9000000000000004,0.25
2019,9,9,9,30,910,100,750,10.200000000000001,25.400000000000002,976,296,4.1000000000000005,0.25
2019,9,9,10,30,940,106,871,9.4,27.1,975,294,4.2,0.25
2019,9,9,11,30,957,106,930,8.3,28.8,975,293,4.3,0.25
2019,9,9,12,30,955,106,921,6.7,30,974,295,4.4,0.25
2019,9,9,13,30,937,103,845,5.9,30.400000000000002,974,297,4.2,0.25
2019,9,9,14,30,903,94,708,5.2,30.200000000000003,973,298,4,0.25
2019,9,9,15,30,837,84,523,4.6000000000000005,30,973,298,3.8000000000000003,0.25
2019,9,9,16,30,709,67,306,4.4,27.700000000000003,973,303,3.1,0.25
2019,9,9,17,30,428,39,95,4.800000000000001,24.6,973,308,2,0.25
2019,9,9,18,30,0,0,0,5.6000000000000005,21.900000000000002,973,314,1.3,0.25
2019,9,9,19,30,0,0,0,6.300000000000001,20.900000000000002,973,318,1.3,0.25
2019,9,9,20,30,0,0,0,6.6000000000000005,20.1,973,320,1.3,0.25
2019,9,9,21,30,0,0,0,6.9,19.400000000000002,973,322,1.4000000000000001,0.25
2019,9,9,22,30,0,0,0,7.1000000000000005,18.6,974,323,1.5,0.25
2019,9,9,23,30,0,0,0,7.300000000000001,17.7,974,323,1.5,0.25
2019,9,10,0,30,0,0,0,8.1,16.8,974,321,1.3,0.25
2019,9,10,1,30,0,0,0,9.1,15.9,974,315,1.1,0.25
2019,9,10,2,30,0,0,0,10,15.3,974,304,1,0.25
2019,9,10,3,30,0,0,0,10.700000000000001,14.700000000000001,974,293,1,0.25
2019,9,10,4,30,0,0,0,11.4,14.3,974,285,1,0.25
2019,9,10,5,30,16,2,2,11.9,15.100000000000001,975,283,1.3,0.25
2019,9,10,6,30,492,51,142,11.9,17.3,975,293,2,0.25
2019,9,10,7,30,729,76,358,11,19.700000000000003,975,300,2.7,0.25
2019,9,10,8,30,839,91,566,10.100000000000001,21.900000000000002,976,297,3.2,0.25
2019,9,10,9,30,898,101,740,9.1,23.900000000000002,976,295,3.4000000000000004,0.25
2019,9,10,10,30,929,109,862,7.800000000000001,25.700000000000003,975,294,3.7,0.25
2019,9,10,11,30,946,110,922,6.2,27.1,975,295,4.1000000000000005,0.25
2019,9,10,12,30,944,110,913,5,27.900000000000002,974,297,4.4,0.25
2019,9,10,13,30,927,106,836,3.6,28.1,974,299,4.4,0.25
2019,9,10,14,30,895,97,701,2.4000000000000004,27.8,973,299,4.3,0.25
2019,9,10,15,30,830,85,517,1.6,27.5,973,300,4.2,0.25
2019,9,10,16,30,702,67,301,1.4000000000000001,25.5,973,300,3.5,0.25
2019,9,10,17,30,412,39,91,2.3000000000000003,22.700000000000003,973,300,2.3000000000000003,0.25
2019,9,10,18,30,0,0,0,3.6,20.3,974,302,1.5,0.25
2019,9,10,19,30,0,0,0,4.9,19.400000000000002,974,304,1.4000000000000001,0.25
2019,9,10,20,30,0,0,0,6.1000000000000005,18.6,975,304,1.4000000000000001,0.25
2019,9,10,21,30,0,0,0,7.300000000000001,17.8,975,300,1.3,0.25
2019,9,10,22,30,0,0,0,8.5,16.900000000000002,975,298,1.1,0.25
2019,9,10,23,30,0,0,0,9.4,16,976,297,1,0.25
2019,9,11,0,30,0,0,0,10.200000000000001,15.3,976,296,0.9,0.25
2019,9,11,1,30,0,0,0,10.600000000000001,14.700000000000001,976,289,0.9,0.25
2019,9,11,2,30,0,0,0,10.700000000000001,14.200000000000001,977,283,0.9,0.25
2019,9,11,3,30,0,0,0,10.9,13.9,977,282,0.8,0.25
2019,9,11,4,30,0,0,0,11.100000000000001,13.700000000000001,977,287,0.8,0.25
2019,9,11,5,30,17,3,2,11.200000000000001,14.700000000000001,978,298,0.7000000000000001,0.25
2019,9,11,6,30,498,51,142,11.200000000000001,17.400000000000002,978,315,1.3,0.25
2019,9,11,7,30,725,77,356,10.9,20.5,978,325,2,0.25
2019,9,11,8,30,832,94,563,10.3,23.5,979,319,2.2,0.25
2019,9,11,9,30,886,106,734,9.5,26.400000000000002,979,305,2.1,0.25
2019,9,11,10,30,915,113,852,8.6,29,979,293,2.2,0.25
2019,9,11,11,30,928,117,910,7.4,31,978,287,2.5,0.25
2019,9,11,12,30,924,116,898,6.4,32.2,978,287,2.9000000000000004,0.25
2019,9,11,13,30,908,110,822,5.7,32.4,977,291,3.2,0.25
2019,9,11,14,30,870,102,686,5.2,31.900000000000002,977,296,3.4000000000000004,0.25
2019,9,11,15,30,800,90,502,5,31.5,977,299,3.4000000000000004,0.25
2019,9,11,16,30,667,71,290,5.1000000000000005,28.700000000000003,977,305,2.9000000000000004,0.25
2019,9,11,17,30,369,39,84,5.4,25.200000000000003,977,312,1.8,0.25
2019,9,11,18,30,0,0,0,5.9,22.200000000000003,978,328,1,0.25
2019,9,11,19,30,0,0,0,6.1000000000000005,21.1,978,175,0.9,0.25
2019,9,11,20,30,0,0,0,6.1000000000000005,20.6,978,25,1,0.25
2019,9,11,21,30,0,0,0,6.1000000000000005,20.200000000000003,978,56,1,0.25
2019,9,11,22,30,0,0,0,6.1000000000000005,19.8,978,78,1.1,0.25
2019,9,11,23,30,0,0,0,6.1000000000000005,19.3,978,89,1.1,0.25
2019,9,12,0,30,0,0,0,6.1000000000000005,18.900000000000002,978,93,1.2000000000000002,0.25
2019,9,12,1,30,0,0,0,5.9,18.900000000000002,978,95,1.3,0.25
2019,9,12,2,30,0,0,0,5.7,19.1,978,94,1.3,0.25
2019,9,12,3,30,0,0,0,5.300000000000001,19.3,978,93,1.4000000000000001,0.25
2019,9,12,4,30,0,0,0,4.800000000000001,19.3,978,92,1.4000000000000001,0.25
2019,9,12,5,30,16,3,2,4.2,20.400000000000002,979,92,1.3,0.25
2019,9,12,6,30,491,51,139,3.8000000000000003,24.400000000000002,979,87,1.6,0.25
2019,9,12,7,30,725,79,356,2.9000000000000004,29.6,979,87,2.5,0.25
2019,9,12,8,30,836,96,565,-1.2000000000000002,33.4,979,97,2.9000000000000004,0.25
2019,9,12,9,30,905,102,741,-3.8000000000000003,35.7,979,107,2.8000000000000003,0.25
2019,9,12,10,30,949,102,866,-4.7,37.2,979,113,2.7,0.25
2019,9,12,11,30,961,105,923,-5.2,38.2,979,115,2.5,0.25
2019,9,12,12,30,958,105,913,-5.5,38.800000000000004,978,118,2.1,0.25
2019,9,12,13,30,938,103,835,-5.6000000000000005,38.800000000000004,978,125,1.4000000000000001,0.25
2019,9,12,14,30,902,96,697,-5.7,38.300000000000004,977,208,0.9,0.25
2019,9,12,15,30,835,84,510,-5.7,38,977,286,0.6000000000000001,0.25
2019,9,12,16,30,706,66,294,-5.7,34.6,977,307,1.2000000000000002,0.25
2019,9,12,17,30,405,37,84,-4.6000000000000005,30.6,977,316,1,0.25
2019,9,12,18,30,0,0,0,-3.8000000000000003,27.900000000000002,978,339,1.1,0.25
2019,9,12,19,30,0,0,0,-3,26.900000000000002,978,191,1.1,0.25
2019,9,12,20,30,0,0,0,-2.4000000000000004,26.5,979,40,1.1,0.25
2019,9,12,21,30,0,0,0,-2.2,26.3,979,65,1,0.25
2019,9,12,22,30,0,0,0,-2.1,25.900000000000002,979,81,0.9,0.25
2019,9,12,23,30,0,0,0,-2.1,25.1,979,86,0.9,0.25
2019,9,13,0,30,0,0,0,-1.9000000000000001,24.200000000000003,979,90,1,0.25
2019,9,13,1,30,0,0,0,-1.7000000000000002,23.5,978,96,1.1,0.25
2019,9,13,2,30,0,0,0,-1.4000000000000001,22.900000000000002,978,101,1.1,0.25
2019,9,13,3,30,0,0,0,-1.2000000000000002,22.400000000000002,979,102,1.1,0.25
2019,9,13,4,30,0,0,0,-1,21.900000000000002,979,103,1.2000000000000002,0.25
2019,9,13,5,30,16,3,2,-0.8,22.400000000000002,979,102,1.1,0.25
2019,9,13,6,30,489,50,137,-0.6000000000000001,25.5,980,102,1.4000000000000001,0.25
2019,9,13,7,30,722,78,352,-0.4,30.1,980,103,1.7000000000000002,0.25
2019,9,13,8,30,832,95,560,-1,34.2,980,112,1.3,0.25
2019,9,13,9,30,890,108,733,-2.6,37,979,167,0.8,0.25
2019,9,13,10,30,921,115,853,-3.1,38.7,979,233,1,0.25
2019,9,13,11,30,936,117,911,-3.3000000000000003,39.7,978,262,1.7000000000000002,0.25
2019,9,13,12,30,932,118,900,-3.4000000000000004,40.300000000000004,977,275,2.3000000000000003,0.25
2019,9,13,13,30,910,115,821,-3.4000000000000004,40.2,977,284,2.8000000000000003,0.25
2019,9,13,14,30,870,107,683,-3.3000000000000003,39.5,976,294,3.2,0.25
2019,9,13,15,30,797,95,498,-2.8000000000000003,38.900000000000006,976,298,3.4000000000000004,0.25
2019,9,13,16,30,606,78,271,-2,35.1,977,313,2.9000000000000004,0.25
2019,9,13,17,30,265,37,67,-1,30.700000000000003,977,324,1.8,0.25
2019,9,13,18,30,0,0,0,-0.4,27.6,978,338,1.2000000000000002,0.25
2019,9,13,19,30,0,0,0,0.1,26.900000000000002,978,173,1.1,0.25
2019,9,13,20,30,0,0,0,0.5,26.900000000000002,978,9,1,0.25
2019,9,13,21,30,0,0,0,0.7000000000000001,27.1,978,26,0.7000000000000001,0.25
2019,9,13,22,30,0,0,0,1,27.200000000000003,978,165,0.4,0.25
2019,9,13,23,30,0,0,0,1.2000000000000002,26.700000000000003,978,275,0.4,0.25
2019,9,14,0,30,0,0,0,1.4000000000000001,25.8,978,245,0.5,0.25
2019,9,14,1,30,0,0,0,1.7000000000000002,25,978,209,0.5,0.25
2019,9,14,2,30,0,0,0,1.9000000000000001,24.400000000000002,978,160,0.5,0.25
2019,9,14,3,30,0,0,0,2.2,23.6,978,131,0.7000000000000001,0.25
2019,9,14,4,30,0,0,0,2.5,22.900000000000002,978,122,0.8,0.25
2019,9,14,5,30,12,2,2,2.7,23.3,978,118,0.8,0.25
2019,9,14,6,30,466,50,132,3,25.8,979,117,0.9,0.25
2019,9,14,7,30,707,79,346,3.2,29.8,979,179,0.8,0.25
2019,9,14,8,30,787,105,543,2.6,33.800000000000004,979,257,1.1,0.25
2019,9,14,9,30,832,126,708,1.4000000000000001,36.6,979,273,2,0.25
2019,9,14,10,30,927,108,848,1.1,38.1,978,270,2.5,0.25
2019,9,14,11,30,843,156,868,0.8,39.2,977,272,2.7,0.25
2019,9,14,12,30,939,109,894,0.7000000000000001,39.7,977,277,2.9000000000000004,0.25
2019,9,14,13,30,922,104,816,0.5,39.800000000000004,976,284,3,0.25
2019,9,14,14,30,885,97,679,0.5,39.300000000000004,975,291,3.1,0.25
2019,9,14,15,30,814,85,493,0.6000000000000001,38.900000000000006,975,295,3.1,0.25
2019,9,14,16,30,678,67,279,0.8,35.6,975,309,2.2,0.25
2019,9,14,17,30,357,35,73,1.2000000000000002,31.8,975,323,1.3,0.25
2019,9,14,18,30,0,0,0,1.6,29.5,976,341,1.2000000000000002,0.25
2019,9,14,19,30,0,0,0,1.8,29.200000000000003,976,178,1.1,0.25
2019,9,14,20,30,0,0,0,1.8,28.8,976,12,1,0.25
2019,9,14,21,30,0,0,0,1.9000000000000001,28.3,976,28,0.8,0.25
2019,9,14,22,30,0,0,0,2,27.6,976,47,0.8,0.25
2019,9,14,23,30,0,0,0,2.1,26.900000000000002,976,60,0.8,0.25
2019,9,15,0,30,0,0,0,2.2,26.400000000000002,976,67,0.9,0.25
2019,9,15,1,30,0,0,0,2.1,25.700000000000003,975,75,1,0.25
2019,9,15,2,30,0,0,0,1.8,25.1,975,83,1,0.25
2019,9,15,3,30,0,0,0,1.4000000000000001,24.6,975,89,1.1,0.25
2019,9,15,4,30,0,0,0,1.1,24,975,94,1.1,0.25
2019,9,15,5,30,14,3,2,0.9,24,975,98,1,0.25
2019,9,15,6,30,356,53,114,0.8,26.200000000000003,975,106,1.2000000000000002,0.25
2019,9,15,7,30,705,79,343,0.8,29.900000000000002,975,138,1.5,0.25
2019,9,15,8,30,431,197,436,-0.7000000000000001,33.2,975,186,1.7000000000000002,0.25
2019,9,15,9,30,555,224,611,-2.5,35.300000000000004,975,221,2,0.25
2019,9,15,10,30,518,288,700,-2.9000000000000004,36.6,975,242,2.4000000000000004,0.25
2019,9,15,11,30,588,277,772,-2.8000000000000003,36.9,974,258,2.7,0.25
2019,9,15,12,30,369,367,674,-2.4000000000000004,36.300000000000004,974,271,3.1,0.25
2019,9,15,13,30,299,347,577,-1.9000000000000001,35.5,973,285,3.4000000000000004,0.25
2019,9,15,14,30,624,181,589,-1.4000000000000001,35,973,297,3.4000000000000004,0.25
2019,9,15,15,30,468,160,392,-1,34.9,973,302,3.4000000000000004,0.25
2019,9,15,16,30,440,94,230,-0.9,32.5,973,310,2.6,0.25
2019,9,15,17,30,50,36,41,-0.8,29.200000000000003,973,318,1.6,0.25
2019,9,15,18,30,0,0,0,-0.8,27,973,323,1.3,0.25
2019,9,15,19,30,0,0,0,-0.8,26,974,321,1.1,0.25
2019,9,15,20,30,0,0,0,-0.9,24.900000000000002,974,320,1.1,0.25
2019,9,15,21,30,0,0,0,-0.8,23.900000000000002,975,328,1,0.25
2019,9,15,22,30,0,0,0,-0.5,22.5,975,346,1,0.25
2019,9,15,23,30,0,0,0,-0.2,21.1,975,186,1,0.25
2019,9,16,0,30,0,0,0,0,20.1,975,22,1,0.25
2019,9,16,1,30,0,0,0,0.30000000000000004,19.400000000000002,975,32,1,0.25
2019,9,16,2,30,0,0,0,0.4,18.8,975,32,1,0.25
2019,9,16,3,30,0,0,0,0.5,18.1,975,24,1,0.25
2019,9,16,4,30,0,0,0,0.8,17.3,975,24,1,0.25
2019,9,16,5,30,0,0,0,1.3,18.1,976,40,1,0.25
2019,9,16,6,30,209,53,89,1.4000000000000001,21.1,976,55,1.2000000000000002,0.25
2019,9,16,7,30,680,79,332,0.8,24.700000000000003,976,155,1.2000000000000002,0.25
2019,9,16,8,30,452,191,440,-0.9,27.1,976,259,1.9000000000000001,0.25
2019,9,16,9,30,310,279,494,-1,27.700000000000003,976,274,2.7,0.25
2019,9,16,10,30,301,354,592,0,27.3,977,290,2.7,0.25
2019,9,16,11,30,204,411,582,1,27.1,976,305,2.5,0.25
2019,9,16,12,30,155,400,528,1.8,27.900000000000002,976,306,2.5,0.25
2019,9,16,13,30,518,262,658,2.4000000000000004,29.200000000000003,975,296,2.9000000000000004,0.25
2019,9,16,14,30,828,109,646,2.7,29.400000000000002,975,294,3.4000000000000004,0.25
2019,9,16,15,30,760,92,466,3.3000000000000003,29.1,975,297,3.7,0.25
2019,9,16,16,30,634,69,261,3.8000000000000003,26.6,975,311,3,0.25
2019,9,16,17,30,321,33,64,4.4,23.700000000000003,975,321,1.8,0.25
2019,9,16,18,30,0,0,0,5.2,21.3,975,325,1.1,0.25
2019,9,16,19,30,0,0,0,6,20.3,976,315,1.1,0.25
2019,9,16,20,30,0,0,0,6.9,19.5,976,303,1.1,0.25
2019,9,16,21,30,0,0,0,8.700000000000001,18.7,976,302,1.1,0.25
2019,9,16,22,30,0,0,0,10.4,18,976,307,1.1,0.25
2019,9,16,23,30,0,0,0,11.4,17.400000000000002,976,312,1,0.25
2019,9,17,0,30,0,0,0,11.8,17,976,313,1,0.25
2019,9,17,1,30,0,0,0,12,16.6,977,313,1,0.25
2019,9,17,2,30,0,0,0,12.100000000000001,16.2,977,316,1,0.25
2019,9,17,3,30,0,0,0,12,15.8,977,321,1,0.25
2019,9,17,4,30,0,0,0,11.700000000000001,15.200000000000001,977,325,0.9,0.25
2019,9,17,5,30,0,0,0,11.3,15.600000000000001,978,325,1,0.25
2019,9,17,6,30,467,48,126,10.8,18,978,324,1.4000000000000001,0.25
2019,9,17,7,30,718,75,340,10.100000000000001,20.900000000000002,979,317,1.9000000000000001,0.25
2019,9,17,8,30,835,89,547,8.5,23.6,979,304,2.3000000000000003,0.25
2019,9,17,9,30,894,100,718,6.7,25.8,978,294,2.8000000000000003,0.25
2019,9,17,10,30,924,106,835,5.1000000000000005,27.700000000000003,978,290,3.4000000000000004,0.25
2019,9,17,11,30,941,107,892,3.9000000000000004,28.900000000000002,977,291,3.9000000000000004,0.25
2019,9,17,12,30,938,107,880,3.2,29.3,977,294,4.2,0.25
2019,9,17,13,30,919,104,802,2.6,29.1,977,297,4.1000000000000005,0.25
2019,9,17,14,30,882,96,664,1.6,28.5,976,300,3.9000000000000004,0.25
2019,9,17,15,30,811,84,479,0.6000000000000001,28.1,976,301,3.7,0.25
2019,9,17,16,30,672,65,265,-0.4,25.400000000000002,976,303,2.7,0.25
2019,9,17,17,30,323,32,62,-0.8,22.200000000000003,976,307,1.6,0.25
2019,9,17,18,30,0,0,0,-0.7000000000000001,19.8,976,314,1.1,0.25
2019,9,17,19,30,0,0,0,-0.7000000000000001,19.1,976,319,1.1,0.25
2019,9,17,20,30,0,0,0,-0.7000000000000001,18.7,976,319,1.1,0.25
2019,9,17,21,30,0,0,0,-0.5,18.3,976,316,1,0.25
2019,9,17,22,30,0,0,0,-0.30000000000000004,17.8,976,312,1,0.25
2019,9,17,23,30,0,0,0,0,17,976,309,1.1,0.25
2019,9,18,0,30,0,0,0,0.30000000000000004,16.2,976,309,1.1,0.25
2019,9,18,1,30,0,0,0,0.7000000000000001,15.4,976,308,1.1,0.25
2019,9,18,2,30,0,0,0,1.1,14.9,976,304,1,0.25
2019,9,18,3,30,0,0,0,1.7000000000000002,14.700000000000001,976,289,0.8,0.25
2019,9,18,4,30,0,0,0,2.4000000000000004,14.5,976,249,0.7000000000000001,0.25
2019,9,18,5,30,0,0,0,3.1,15,976,209,0.6000000000000001,0.25
2019,9,18,6,30,512,44,128,3.7,17.3,977,236,0.9,0.25
2019,9,18,7,30,755,67,344,3.8000000000000003,20.5,977,286,1.7000000000000002,0.25
2019,9,18,8,30,865,81,553,2.8000000000000003,23.1,977,298,2.7,0.25
2019,9,18,9,30,918,92,724,2.2,25,977,299,3.2,0.25
2019,9,18,10,30,944,101,843,1.5,26.700000000000003,977,300,3.6,0.25
2019,9,18,11,30,958,100,896,0.6000000000000001,28.200000000000003,976,298,3.7,0.25
2019,9,18,12,30,956,100,884,-0.2,29.200000000000003,976,297,3.7,0.25
2019,9,18,13,30,934,97,802,-0.30000000000000004,29.400000000000002,975,296,3.7,0.25
2019,9,18,14,30,897,88,662,0,29,975,296,3.6,0.25
2019,9,18,15,30,824,77,474,0.4,28.6,975,296,3.5,0.25
2019,9,18,16,30,684,59,259,0.7000000000000001,25.900000000000002,974,300,2.5,0.25
2019,9,18,17,30,336,30,59,1.1,23.1,975,306,1.4000000000000001,0.25
2019,9,18,18,30,0,0,0,1.7000000000000002,21.3,975,311,1,0.25
2019,9,18,19,30,0,0,0,2.3000000000000003,20.8,975,300,0.9,0.25
2019,9,18,20,30,0,0,0,2.9000000000000004,20,975,283,1,0.25
2019,9,18,21,30,0,0,0,4,18.900000000000002,975,273,1.1,0.25
2019,9,18,22,30,0,0,0,6,17.8,975,271,1,0.25
2019,9,18,23,30,0,0,0,8.6,16.8,975,273,0.9,0.25
2019,9,19,0,30,0,0,0,11.100000000000001,16.3,975,281,0.9,0.25
2019,9,19,1,30,0,0,0,12.8,16.400000000000002,975,294,1,0.25
2019,9,19,2,30,0,0,0,13.4,16.400000000000002,975,305,1.3,0.25
2019,9,19,3,30,0,0,0,13.4,16.3,975,310,1.6,0.25
2019,9,19,4,30,0,0,0,13.100000000000001,16.1,975,313,1.9000000000000001,0.25
2019,9,19,5,30,0,0,0,12.700000000000001,16,975,314,2.2,0.25
2019,9,19,6,30,343,58,114,12,16.6,976,309,2.4000000000000004,0.25
2019,9,19,7,30,351,84,212,11.3,18.1,976,300,2.6,0.25
2019,9,19,8,30,15,164,172,10.600000000000001,20.3,976,294,3,0.25
2019,9,19,9,30,152,224,328,9.4,22.6,976,293,3.6,0.25
2019,9,19,10,30,105,354,436,7.9,24.400000000000002,975,295,4.2,0.25
2019,9,19,11,30,53,298,342,6.7,25.6,975,298,4.6000000000000005,0.25
2019,9,19,12,30,251,305,510,6,26.3,975,300,4.800000000000001,0.25
2019,9,19,13,30,351,259,523,5.6000000000000005,26.400000000000002,974,302,4.9,0.25
2019,9,19,14,30,715,134,588,5.4,25.900000000000002,974,302,4.800000000000001,0.25
2019,9,19,15,30,736,94,445,5,25.6,974,301,4.800000000000001,0.25
2019,9,19,16,30,674,62,256,4.800000000000001,23.5,973,302,3.8000000000000003,0.25
2019,9,19,17,30,306,30,55,5,20.900000000000002,973,304,2.4000000000000004,0.25
2019,9,19,18,30,0,0,0,6,18.8,974,310,1.6,0.25
2019,9,19,19,30,0,0,0,6.800000000000001,18,974,319,1.6,0.25
2019,9,19,20,30,0,0,0,7.300000000000001,17.2,974,325,1.4000000000000001,0.25
2019,9,19,21,30,0,0,0,7.7,16.400000000000002,974,330,1.2000000000000002,0.25
2019,9,19,22,30,0,0,0,8,15.700000000000001,975,337,1.1,0.25
2019,9,19,23,30,0,0,0,8.1,15.3,975,346,1.1,0.25
2019,9,20,0,30,0,0,0,8.200000000000001,15,975,353,1,0.25
2019,9,20,1,30,0,0,0,8.1,14.8,975,357,0.8,0.25
2019,9,20,2,30,0,0,0,8,14.700000000000001,975,183,0.7000000000000001,0.25
2019,9,20,3,30,0,0,0,8.1,14.5,975,19,0.5,0.25
2019,9,20,4,30,0,0,0,8.200000000000001,14.100000000000001,975,48,0.5,0.25
2019,9,20,5,30,0,0,0,8.4,14.3,976,75,0.5,0.25
2019,9,20,6,30,463,46,120,8.6,16.2,976,60,0.8,0.25
2019,9,20,7,30,714,74,332,8.700000000000001,19.200000000000003,977,187,1.2000000000000002,0.25
2019,9,20,8,30,831,91,539,7.6000000000000005,22.200000000000003,977,326,1.8,0.25
2019,9,20,9,30,890,102,709,5.6000000000000005,24.900000000000002,976,307,2.3000000000000003,0.25
2019,9,20,10,30,919,110,826,3.4000000000000004,27,976,297,2.7,0.25
2019,9,20,11,30,931,113,879,2.3000000000000003,28.400000000000002,976,292,3,0.25
2019,9,20,12,30,923,114,864,1.9000000000000001,29.200000000000003,975,289,3.2,0.25
2019,9,20,13,30,893,113,780,1.5,29.400000000000002,975,290,3.4000000000000004,0.25
2019,9,20,14,30,847,104,638,1.7000000000000002,28.8,974,294,3.5,0.25
2019,9,20,15,30,765,91,452,2,28.3,974,296,3.5,0.25
2019,9,20,16,30,606,68,240,2.3000000000000003,25.400000000000002,975,301,2.7,0.25
2019,9,20,17,30,232,29,47,3,22.200000000000003,975,304,1.6,0.25
2019,9,20,18,30,0,0,0,3.8000000000000003,19.8,976,313,1.1,0.25
2019,9,20,19,30,0,0,0,4.4,19.1,976,328,1.1,0.25
2019,9,20,20,30,0,0,0,4.800000000000001,18.7,976,347,1.1,0.25
2019,9,20,21,30,0,0,0,5.2,18.400000000000002,976,185,1.1,0.25
2019,9,20,22,30,0,0,0,5.4,18.1,976,20,1,0.25
2019,9,20,23,30,0,0,0,5.6000000000000005,18,976,36,0.9,0.25
2019,9,21,0,30,0,0,0,5.800000000000001,18.2,976,55,0.8,0.25
2019,9,21,1,30,0,0,0,5.800000000000001,18.2,976,74,0.7000000000000001,0.25
2019,9,21,2,30,0,0,0,5.800000000000001,17.900000000000002,976,82,0.7000000000000001,0.25
2019,9,21,3,30,0,0,0,5.7,17.2,976,84,0.8,0.25
2019,9,21,4,30,0,0,0,5.6000000000000005,16.5,976,87,0.9,0.25
2019,9,21,5,30,0,0,0,5.5,16.8,976,88,0.9,0.25
2019,9,21,6,30,461,44,116,5.300000000000001,19.400000000000002,976,85,1.1,0.25
2019,9,21,7,30,718,71,328,5.1000000000000005,23.700000000000003,977,92,1.2000000000000002,0.25
2019,9,21,8,30,837,86,535,3.1,27.6,977,132,1.1,0.25
2019,9,21,9,30,901,94,706,0.1,30.400000000000002,976,174,1.3,0.25
2019,9,21,10,30,939,99,827,-1.3,32.2,976,190,1.5,0.25
2019,9,21,11,30,951,103,882,-2.1,33.5,975,195,1.6,0.25
2019,9,21,12,30,948,102,868,-2.5,34.2,974,204,1.5,0.25
2019,9,21,13,30,931,99,790,-3,34.4,974,220,1.5,0.25
2019,9,21,14,30,888,92,648,-3.5,34,973,240,1.5,0.25
2019,9,21,15,30,811,80,459,-3.8000000000000003,33.7,973,250,1.6,0.25
2019,9,21,16,30,659,62,245,-3.9000000000000004,30.1,973,279,1.2000000000000002,0.25
2019,9,21,17,30,270,28,47,-3.2,26.5,974,307,0.9,0.25
2019,9,21,18,30,0,0,0,-2.3000000000000003,24.400000000000002,974,168,1,0.25
2019,9,21,19,30,0,0,0,-1.6,23.5,975,31,1,0.25
2019,9,21,20,30,0,0,0,-1.4000000000000001,23,975,60,1,0.25
2019,9,21,21,30,0,0,0,-1.5,22.8,975,77,1.1,0.25
2019,9,21,22,30,0,0,0,-1.7000000000000002,22.3,975,85,1.1,0.25
2019,9,21,23,30,0,0,0,-1.9000000000000001,21.5,975,88,1.2000000000000002,0.25
2019,9,22,0,30,0,0,0,-2.2,20.8,975,90,1.3,0.25
2019,9,22,1,30,0,0,0,-2.4000000000000004,20.200000000000003,975,93,1.3,0.25
2019,9,22,2,30,0,0,0,-2.5,19.5,975,91,1.3,0.25
2019,9,22,3,30,0,0,0,-2.5,19,975,89,1.4000000000000001,0.25
2019,9,22,4,30,0,0,0,-2.6,18.8,975,90,1.4000000000000001,0.25
2019,9,22,5,30,0,0,0,-2.6,19.400000000000002,976,92,1.3,0.25
2019,9,22,6,30,251,49,88,-2.4000000000000004,22.400000000000002,976,93,1.5,0.25
2019,9,22,7,30,506,96,276,-2.2,26.6,976,98,2.1,0.25
2019,9,22,8,30,531,162,445,-2.5,29.8,976,113,2.3000000000000003,0.25
2019,9,22,9,30,580,206,598,-4.1000000000000005,31.900000000000002,976,137,2.1,0.25
2019,9,22,10,30,581,255,703,-4.3,33.2,976,162,1.8,0.25
2019,9,22,11,30,570,284,749,-3.9000000000000004,34,976,187,1.6,0.25
2019,9,22,12,30,519,297,714,-3.4000000000000004,34.5,975,214,1.7000000000000002,0.25
2019,9,22,13,30,578,236,662,-3,34.7,975,238,1.9000000000000001,0.25
2019,9,22,14,30,463,220,508,-2.4000000000000004,34.5,974,256,2.3000000000000003,0.25
2019,9,22,15,30,702,101,426,-1.7000000000000002,34.300000000000004,974,264,2.5,0.25
2019,9,22,16,30,611,65,232,-1.1,31,974,291,1.7000000000000002,0.24
2019,9,22,17,30,215,26,40,-0.5,27.200000000000003,975,316,1.1,0.24
2019,9,22,18,30,0,0,0,0,25.1,975,336,1.2000000000000002,0.24
2019,9,22,19,30,0,0,0,0.2,24.700000000000003,976,345,1.1,0.24
2019,9,22,20,30,0,0,0,0.1,24.700000000000003,976,344,0.9,0.24
2019,9,22,21,30,0,0,0,0.1,24.5,976,268,0.5,0.24
2019,9,22,22,30,0,0,0,0.2,23.900000000000002,976,186,0.4,0.24
2019,9,22,23,30,0,0,0,0.30000000000000004,23.200000000000003,976,179,0.5,0.24
2019,9,23,0,30,0,0,0,0.6000000000000001,22.6,976,178,0.5,0.24
2019,9,23,1,30,0,0,0,1.2000000000000002,21.8,976,167,0.5,0.24
2019,9,23,2,30,0,0,0,2,21,975,151,0.6000000000000001,0.24
2019,9,23,3,30,0,0,0,2.7,20.3,976,131,0.7000000000000001,0.24
2019,9,23,4,30,0,0,0,3.2,19.5,976,110,0.7000000000000001,0.24
2019,9,23,5,30,0,0,0,3.6,19.200000000000003,976,94,0.7000000000000001,0.24
2019,9,23,6,30,387,47,106,3.9000000000000004,21.3,977,85,0.8,0.24
2019,9,23,7,30,662,79,313,4.3,24.700000000000003,977,153,0.8,0.24
2019,9,23,8,30,791,96,516,4.3,28,977,237,1.4000000000000001,0.24
2019,9,23,9,30,867,105,688,3.7,30.3,977,257,2.4000000000000004,0.24
2019,9,23,10,30,910,108,807,3.7,31.6,976,271,3,0.24
2019,9,23,11,30,930,108,863,3.9000000000000004,32.4,976,284,3.4000000000000004,0.24
2019,9,23,12,30,929,106,849,4.1000000000000005,32.800000000000004,975,296,3.6,0.24
2019,9,23,13,30,913,101,770,4.2,32.6,975,306,3.6,0.24
2019,9,23,14,30,872,92,630,4.3,31.900000000000002,974,315,3.4000000000000004,0.24
2019,9,23,15,30,791,80,442,4.2,31.5,974,318,3.2,0.24
2019,9,23,16,30,610,64,227,4.3,28.5,975,320,2.1,0.24
2019,9,23,17,30,188,25,37,4.6000000000000005,25.1,975,313,1.2000000000000002,0.24
2019,9,23,18,30,0,0,0,5,22.8,976,311,1,0.24
2019,9,23,19,30,0,0,0,5.300000000000001,21.8,976,318,1,0.24
2019,9,23,20,30,0,0,0,5.4,21,977,324,1,0.24
2019,9,23,21,30,0,0,0,5.4,20.6,977,325,1,0.24
2019,9,23,22,30,0,0,0,5.5,20.400000000000002,977,327,0.8,0.24
2019,9,23,23,30,0,0,0,5.5,20.200000000000003,977,204,0.5,0.24
2019,9,24,0,30,0,0,0,5.300000000000001,19.700000000000003,977,89,0.7000000000000001,0.24
2019,9,24,1,30,0,0,0,5.1000000000000005,19.1,977,100,1,0.24
2019,9,24,2,30,0,0,0,4.9,18.900000000000002,977,97,1.1,0.24
2019,9,24,3,30,0,0,0,4.6000000000000005,18.8,977,95,1.2000000000000002,0.24
2019,9,24,4,30,0,0,0,4.4,18.7,977,96,1.2000000000000002,0.24
2019,9,24,5,30,0,0,0,4.3,19.3,978,99,1.2000000000000002,0.24
2019,9,24,6,30,397,47,106,4.3,22.5,978,103,1.4000000000000001,0.24
2019,9,24,7,30,676,75,312,4.4,27.5,979,98,1.9000000000000001,0.24
2019,9,24,8,30,805,90,515,3.7,31.700000000000003,979,81,2.1,0.24
2019,9,24,9,30,873,99,683,2.9000000000000004,34.5,978,51,1.7000000000000002,0.24
2019,9,24,10,30,909,105,800,2.4000000000000004,36.2,978,178,1.4000000000000001,0.24
2019,9,24,11,30,924,107,853,1.8,37.4,977,316,1.9000000000000001,0.24
2019,9,24,12,30,920,105,837,1.4000000000000001,37.800000000000004,976,304,2.6,0.24
2019,9,24,13,30,897,102,756,1.3,37.7,975,300,3.2,0.24
2019,9,24,14,30,853,94,616,1.2000000000000002,37.1,975,298,3.4000000000000004,0.24
2019,9,24,15,30,772,82,431,1.3,36.7,975,297,3.5,0.24
2019,9,24,16,30,610,61,221,1.4000000000000001,32.9,975,297,2.5,0.24
2019,9,24,17,30,202,23,34,2.1,28.700000000000003,975,302,1.4000000000000001,0.24
2019,9,24,18,30,0,0,0,2.9000000000000004,26,975,316,1.1,0.24
2019,9,24,19,30,0,0,0,3.5,25,975,331,1.1,0.24
2019,9,24,20,30,0,0,0,3.8000000000000003,24.5,975,336,1.1,0.24
2019,9,24,21,30,0,0,0,4,24.1,975,330,1,0.24
2019,9,24,22,30,0,0,0,4.2,23.6,975,318,0.8,0.24
2019,9,24,23,30,0,0,0,4.4,23.3,974,302,0.6000000000000001,0.24
2019,9,25,0,30,0,0,0,4.6000000000000005,22.900000000000002,974,237,0.5,0.24
2019,9,25,1,30,0,0,0,5.1000000000000005,22.1,973,165,0.6000000000000001,0.24
2019,9,25,2,30,0,0,0,5.800000000000001,21.3,973,138,0.8,0.24
2019,9,25,3,30,0,0,0,6.5,21,973,124,1,0.24
2019,9,25,4,30,0,0,0,7,20.6,973,114,1.1,0.24
2019,9,25,5,30,0,0,0,7.4,21.1,973,107,1.1,0.24
2019,9,25,6,30,430,41,104,7.7,24.1,973,104,1.6,0.24
2019,9,25,7,30,692,69,309,7.9,28.700000000000003,974,98,2.5,0.24
2019,9,25,8,30,808,84,508,6.9,33.1,974,91,3.5,0.24
2019,9,25,9,30,866,95,672,4.9,36.2,973,90,3.8000000000000003,0.24
2019,9,25,10,30,894,102,783,5,37.800000000000004,973,91,3.4000000000000004,0.24
2019,9,25,11,30,905,105,833,5.4,38.800000000000004,972,90,2.9000000000000004,0.24
2019,9,25,12,30,898,105,816,5.7,39.5,971,80,2,0.24
2019,9,25,13,30,875,100,734,5.7,39.800000000000004,971,205,1.4000000000000001,0.24
2019,9,25,14,30,514,181,493,5.6000000000000005,39.5,970,325,1.9000000000000001,0.24
2019,9,25,15,30,567,111,365,5.5,39.2,970,313,2.5,0.24
2019,9,25,16,30,543,63,203,5.4,35.800000000000004,970,316,2.4000000000000004,0.24
2019,9,25,17,30,155,22,30,5.6000000000000005,32.1,971,325,1.4000000000000001,0.24
2019,9,25,18,30,0,0,0,5.9,29.6,972,335,1,0.24
2019,9,25,19,30,0,0,0,6.4,28.5,972,328,0.9,0.24
2019,9,25,20,30,0,0,0,7.2,27.6,973,284,0.8,0.24
2019,9,25,21,30,0,0,0,8.1,26.3,973,242,0.9,0.24
2019,9,25,22,30,0,0,0,9.1,25,973,232,0.9,0.24
2019,9,25,23,30,0,0,0,10.200000000000001,24.3,973,232,0.9,0.24
2019,9,26,0,30,0,0,0,11.200000000000001,23.8,973,227,0.8,0.24
2019,9,26,1,30,0,0,0,11.8,23.200000000000003,973,214,0.8,0.24
2019,9,26,2,30,0,0,0,12.4,22.5,974,193,0.9,0.24
2019,9,26,3,30,0,0,0,12.9,21.900000000000002,974,171,1,0.24
2019,9,26,4,30,0,0,0,13.3,21.400000000000002,975,156,1,0.24
2019,9,26,5,30,0,0,0,13.600000000000001,21.6,975,146,1.2000000000000002,0.24
2019,9,26,6,30,290,49,91,13.8,23.5,976,149,1.5,0.24
2019,9,26,7,30,558,90,282,14.5,26.1,977,190,1.5,0.24
2019,9,26,8,30,691,115,475,15.200000000000001,28.5,977,243,1.5,0.24
2019,9,26,9,30,709,146,616,15.100000000000001,30.400000000000002,977,269,2.1,0.24
2019,9,26,10,30,203,332,486,14.600000000000001,31.900000000000002,976,282,2.8000000000000003,0.24
2019,9,26,11,30,590,243,715,14,32.800000000000004,976,291,3.4000000000000004,0.24
2019,9,26,12,30,676,191,723,13.600000000000001,33,975,297,3.9000000000000004,0.24
2019,9,26,13,30,312,281,506,13.4,32.9,975,299,4.2,0.24
2019,9,26,14,30,770,111,575,12.9,32.6,975,299,4.3,0.24
2019,9,26,15,30,677,95,395,12.3,32.300000000000004,974,299,4.3,0.24
2019,9,26,16,30,510,67,196,11.8,30,975,301,3.5,0.24
2019,9,26,17,30,122,19,25,11.600000000000001,27.200000000000003,975,302,2.2,0.24
2019,9,26,18,30,0,0,0,11.8,25,976,303,1.5,0.24
2019,9,26,19,30,0,0,0,11.9,23.8,976,305,1.4000000000000001,0.24
2019,9,26,20,30,0,0,0,12.100000000000001,22.8,977,311,1.4000000000000001,0.24
2019,9,26,21,30,0,0,0,12.5,21.8,977,321,1.4000000000000001,0.24
2019,9,26,22,30,0,0,0,13.100000000000001,20.900000000000002,977,330,1.5,0.24
2019,9,26,23,30,0,0,0,13.600000000000001,20.1,977,335,1.6,0.24
2019,9,27,0,30,0,0,0,14,19.400000000000002,977,336,1.6,0.24
2019,9,27,1,30,0,0,0,14.100000000000001,18.6,976,332,1.4000000000000001,0.24
2019,9,27,2,30,0,0,0,14.4,18.3,976,325,1.6,0.24
2019,9,27,3,30,0,0,0,14.700000000000001,18.2,976,317,2.1,0.24
2019,9,27,4,30,0,0,0,15,18.1,976,310,2.4000000000000004,0.24
2019,9,27,5,30,0,0,0,15,18.1,976,306,2.7,0.24
2019,9,27,6,30,280,53,92,14.9,19,977,306,3.3000000000000003,0.24
2019,9,27,7,30,564,94,287,14.600000000000001,20.6,977,306,3.8000000000000003,0.24
2019,9,27,8,30,727,111,488,14.200000000000001,22.400000000000002,976,302,3.8000000000000003,0.24
2019,9,27,9,30,826,111,656,14.100000000000001,24.3,976,296,3.7,0.24
2019,9,27,10,30,886,107,775,14,26.3,975,291,3.8000000000000003,0.24
2019,9,27,11,30,910,105,829,13.4,28.1,974,289,4,0.24
2019,9,27,12,30,906,105,814,12.600000000000001,29.400000000000002,973,290,4.1000000000000005,0.24
2019,9,27,13,30,877,105,732,11.600000000000001,29.900000000000002,972,293,4.2,0.24
2019,9,27,14,30,837,94,594,10.700000000000001,29.700000000000003,972,296,4.1000000000000005,0.24
2019,9,27,15,30,754,80,410,10.100000000000001,29.5,971,297,4.1000000000000005,0.24
2019,9,27,16,30,584,59,203,10,26.900000000000002,971,301,2.8000000000000003,0.24
2019,9,27,17,30,148,19,25,10.100000000000001,24,971,303,1.6,0.24
2019,9,27,18,30,0,0,0,10.4,21.900000000000002,971,301,1.1,0.24
2019,9,27,19,30,0,0,0,10.5,21,971,296,1.2000000000000002,0.24
2019,9,27,20,30,0,0,0,10.700000000000001,20.200000000000003,971,293,1.3,0.24
2019,9,27,21,30,0,0,0,11.3,19.3,971,295,1.3,0.24
2019,9,27,22,30,0,0,0,12.3,18.400000000000002,971,301,1.3,0.24
2019,9,27,23,30,0,0,0,13.4,17.6,971,309,1.3,0.24
2019,9,28,0,30,0,0,0,14,17.6,971,315,1.7000000000000002,0.24
2019,9,28,1,30,0,0,0,14.4,17.7,971,315,2.2,0.24
2019,9,28,2,30,0,0,0,14.600000000000001,17.6,971,316,2.3000000000000003,0.24
2019,9,28,3,30,0,0,0,14.4,17.3,971,320,2.3000000000000003,0.24
2019,9,28,4,30,0,0,0,14,17,971,324,2.1,0.24
2019,9,28,5,30,0,0,0,13.700000000000001,16.900000000000002,971,327,2.1,0.24
2019,9,28,6,30,239,43,76,13.4,17.2,971,324,2.3000000000000003,0.24
2019,9,28,7,30,81,66,93,13,18.2,971,316,2.7,0.24
2019,9,28,8,30,31,194,210,12.600000000000001,19.400000000000002,972,310,3,0.24
2019,9,28,9,30,400,233,495,12.100000000000001,20.6,971,306,3.2,0.24
2019,9,28,10,30,709,187,719,11.200000000000001,22,971,302,3.4000000000000004,0.24
2019,9,28,11,30,838,141,805,10,23.5,971,299,3.7,0.24
2019,9,28,12,30,931,103,828,8.5,24.400000000000002,970,298,4.1000000000000005,0.24
2019,9,28,13,30,921,96,750,6.7,24.700000000000003,969,297,4.3,0.24
2019,9,28,14,30,886,86,611,4.9,24.3,969,295,4.4,0.24
2019,9,28,15,30,807,74,423,2.9000000000000004,24,968,293,4.4,0.24
2019,9,28,16,30,641,55,210,1.2000000000000002,21.5,968,285,3.7,0.24
2019,9,28,17,30,175,18,25,0.4,18.8,969,281,2.8000000000000003,0.24
2019,9,28,18,30,0,0,0,0.9,16.8,970,279,3,0.24
2019,9,28,19,30,0,0,0,2.2,15.3,970,282,3.8000000000000003,0.24
2019,9,28,20,30,0,0,0,4.2,13.8,971,287,3.7,0.24
2019,9,28,21,30,0,0,0,5.1000000000000005,12.600000000000001,971,291,2.9000000000000004,0.24
2019,9,28,22,30,0,0,0,5.5,11.600000000000001,972,290,2,0.24
2019,9,28,23,30,0,0,0,5.9,10.8,972,289,1.4000000000000001,0.24
2019,9,29,0,30,0,0,0,6.4,10.3,972,286,1.2000000000000002,0.24
2019,9,29,1,30,0,0,0,6.7,9.9,972,280,1.1,0.24
2019,9,29,2,30,0,0,0,7.1000000000000005,9.600000000000001,973,275,1,0.24
2019,9,29,3,30,0,0,0,7.4,9.4,973,275,0.9,0.24
2019,9,29,4,30,0,0,0,7.6000000000000005,9.4,973,279,0.9,0.24
2019,9,29,5,30,0,0,0,7.6000000000000005,10.100000000000001,973,282,1.3,0.24
2019,9,29,6,30,332,51,96,7.6000000000000005,11.700000000000001,974,287,2,0.24
2019,9,29,7,30,661,84,306,6.300000000000001,13.8,974,293,2.5,0.24
2019,9,29,8,30,414,172,384,4.800000000000001,16,975,297,3,0.24
2019,9,29,9,30,54,271,306,3.6,18,975,299,3.5,0.24
2019,9,29,10,30,847,141,773,2.8000000000000003,19.6,975,299,3.8000000000000003,0.24
2019,9,29,11,30,950,106,855,2,20.8,974,298,4.1000000000000005,0.24
2019,9,29,12,30,952,104,841,0.9,21.6,974,297,4.2,0.24
2019,9,29,13,30,928,101,756,-0.30000000000000004,21.8,973,297,4,0.24
2019,9,29,14,30,890,90,613,-1.2000000000000002,21.3,973,296,3.7,0.24
2019,9,29,15,30,811,76,423,-1.9000000000000001,21,973,295,3.6,0.24
2019,9,29,16,30,635,56,207,-2.4000000000000004,18.400000000000002,973,294,2.5,0.24
2019,9,29,17,30,144,16,21,-2.4000000000000004,15.700000000000001,973,292,1.5,0.24
2019,9,29,18,30,0,0,0,-1.8,13.9,973,289,1.2000000000000002,0.24
2019,9,29,19,30,0,0,0,-1.4000000000000001,13.200000000000001,974,288,1.2000000000000002,0.24
2019,9,29,20,30,0,0,0,-1.2000000000000002,12.600000000000001,974,289,1.2000000000000002,0.24
2019,9,29,21,30,0,0,0,-1,11.9,974,294,1.2000000000000002,0.24
2019,9,29,22,30,0,0,0,-0.8,11,974,301,1.1,0.24
2019,9,29,23,30,0,0,0,-0.6000000000000001,10.200000000000001,974,305,1.1,0.24
2019,9,30,0,30,0,0,0,-0.5,9.5,974,301,1.1,0.24
2019,9,30,1,30,0,0,0,-0.2,9.1,974,294,1,0.24
2019,9,30,2,30,0,0,0,0.6000000000000001,8.9,974,287,0.9,0.24
2019,9,30,3,30,0,0,0,1.6,8.700000000000001,975,279,0.8,0.24
2019,9,30,4,30,0,0,0,2.7,8.5,975,272,0.6000000000000001,0.24
2019,9,30,5,30,0,0,0,3.8000000000000003,8.9,976,274,0.6000000000000001,0.24
2019,9,30,6,30,445,40,99,4.7,11,976,294,1.2000000000000002,0.24
2019,9,30,7,30,729,67,310,4.6000000000000005,14.100000000000001,976,310,2.3000000000000003,0.24
2019,9,30,8,30,852,83,517,3,16.8,976,308,3.2,0.24
2019,9,30,9,30,915,92,686,1.8,18.900000000000002,976,304,3.7,0.24
2019,9,30,10,30,947,96,799,1.1,20.400000000000002,975,300,4,0.24
2019,9,30,11,30,964,95,851,0.6000000000000001,21.5,974,297,4.2,0.24
2019,9,30,12,30,960,95,834,0.2,22.1,974,296,4.3,0.24
2019,9,30,13,30,938,91,749,0,22.1,973,297,4.3,0.24
2019,9,30,14,30,894,84,605,0.2,21.5,973,300,4.4,0.24
2019,9,30,15,30,810,72,414,0.5,21.1,973,301,4.4,0.24
2019,9,30,16,30,246,80,137,9,35,970,124,2.6,0.22
2019,9,30,17,30,19,9,9,8,31,970,148,1.1,0.22
2019,9,30,18,30,0,0,0,9,29,970,178,0.9,0.22
2019,9,30,19,30,0,0,0,10,28,970,165,0.9,0.22
2019,9,30,20,30,0,0,0,11,27,970,114,1,0.22
2019,9,30,21,30,0,0,0,10,25,970,92,1.1,0.22
2019,9,30,22,30,0,0,0,10,25,970,84,1.2000000000000002,0.22
2019,9,30,23,30,0,0,0,9,25,970,82,1.2000000000000002,0.22
2001,10,1,0,30,0,0,0,8,24,970,87,1.2000000000000002,0.22
2001,10,1,1,30,0,0,0,8,24,970,93,1.2000000000000002,0.22
2001,10,1,2,30,0,0,0,8,23,970,99,1.2000000000000002,0.22
2001,10,1,3,30,0,0,0,8,22,970,108,1.2000000000000002,0.22
2001,10,1,4,30,0,0,0,8,21,970,114,1.3,0.22
2001,10,1,5,30,0,0,0,7,21,970,117,1.3,0.22
2001,10,1,6,30,181,51,74,7,24,970,119,1.9000000000000001,0.22
2001,10,1,7,30,535,96,272,7,29,970,119,2.8000000000000003,0.22
2001,10,1,8,30,676,125,466,7,32,970,123,2.9000000000000004,0.22
2001,10,1,9,30,753,143,628,7,35,970,134,2.6,0.22
2001,10,1,10,30,835,132,748,7,36,970,142,2.1,0.22
2001,10,1,11,30,843,139,796,6,37,970,146,1.4000000000000001,0.22
2001,10,1,12,30,832,142,777,5,38,970,149,0.7000000000000001,0.22
2001,10,1,13,30,770,153,688,4,39,970,172,0.5,0.22
2001,10,1,14,30,704,141,547,4,38,970,235,0.7000000000000001,0.22
2001,10,1,15,30,591,119,364,4,37,970,262,1.1,0.22
2001,10,1,16,30,301,74,142,4,34,970,278,1,0.22
2001,10,1,17,30,0,0,0,4,31,970,296,0.8,0.22
2001,10,1,18,30,0,0,0,4,30,970,317,0.6000000000000001,0.22
2001,10,1,19,30,0,0,0,4,30,970,358,0.30000000000000004,0.22
2001,10,1,20,30,0,0,0,4,29,970,102,0.4,0.22
2001,10,1,21,30,0,0,0,4,27,970,158,0.6000000000000001,0.22
2001,10,1,22,30,0,0,0,4,26,970,164,0.6000000000000001,0.22
2001,10,1,23,30,0,0,0,5,24,970,156,0.6000000000000001,0.22
2001,10,2,0,30,0,0,0,6,22,970,144,0.7000000000000001,0.22
2001,10,2,1,30,0,0,0,6,21,970,140,0.8,0.22
2001,10,2,2,30,0,0,0,7,21,970,136,0.8,0.22
2001,10,2,3,30,0,0,0,7,20,970,133,0.8,0.22
2001,10,2,4,30,0,0,0,8,20,970,131,0.9,0.22
2001,10,2,5,30,0,0,0,7,20,970,127,0.9,0.22
2001,10,2,6,30,324,41,81,7,22,970,122,1.4000000000000001,0.22
2001,10,2,7,30,614,81,280,7,27,970,122,2,0.22
2001,10,2,8,30,752,102,479,6,31,970,123,2.1,0.22
2001,10,2,9,30,825,115,643,4,34,970,117,1.7000000000000002,0.22
2001,10,2,10,30,865,121,756,2,37,970,134,1.2000000000000002,0.22
2001,10,2,11,30,875,127,804,2,38,970,192,1.4000000000000001,0.22
2001,10,2,12,30,861,130,784,1,39,970,251,2.3000000000000003,0.22
2001,10,2,13,30,833,124,699,1,39,970,272,3.2,0.22
2001,10,2,14,30,764,118,554,2,38,970,286,3.7,0.22
2001,10,2,15,30,655,100,369,3,36,970,299,3.8000000000000003,0.22
2001,10,2,16,30,475,64,168,3,32,970,311,2.6,0.22
2001,10,2,17,30,0,0,0,4,28,970,322,1.3,0.22
2001,10,2,18,30,0,0,0,5,26,970,334,1,0.22
2001,10,2,19,30,0,0,0,5,26,970,340,0.8,0.22
2001,10,2,20,30,0,0,0,5,26,970,329,0.6000000000000001,0.22
2001,10,2,21,30,0,0,0,6,25,970,249,0.6000000000000001,0.22
2001,10,2,22,30,0,0,0,6,24,970,219,0.8,0.22
2001,10,2,23,30,0,0,0,6,23,970,223,0.8,0.22
2001,10,3,0,30,0,0,0,6,23,970,226,0.6000000000000001,0.22
2001,10,3,1,30,0,0,0,6,23,970,211,0.5,0.22
2001,10,3,2,30,0,0,0,5,22,970,166,0.5,0.22
2001,10,3,3,30,0,0,0,5,21,970,141,0.7000000000000001,0.22
2001,10,3,4,30,0,0,0,5,20,970,134,0.8,0.22
2001,10,3,5,30,0,0,0,5,20,970,126,0.9,0.22
2001,10,3,6,30,338,39,80,4,23,970,120,1.1,0.22
2001,10,3,7,30,635,76,280,4,26,980,122,1.1,0.22
2001,10,3,8,30,771,96,479,4,30,980,135,0.9,0.22
2001,10,3,9,30,841,108,643,4,33,980,246,1.7000000000000002,0.22
2001,10,3,10,30,883,112,756,3,35,970,266,2.9000000000000004,0.22
2001,10,3,11,30,896,115,805,3,36,970,272,3.7,0.22
2001,10,3,12,30,890,114,786,3,37,970,280,4.1000000000000005,0.22
2001,10,3,13,30,851,116,699,4,36,970,287,4.3,0.22
2001,10,3,14,30,796,106,557,4,35,970,294,4.1000000000000005,0.22
2001,10,3,15,30,693,90,371,4,34,970,298,3.5,0.22
2001,10,3,16,30,470,63,164,3,32,970,303,2.2,0.22
2001,10,3,17,30,0,0,0,3,28,970,307,1.2000000000000002,0.22
2001,10,3,18,30,0,0,0,3,26,970,314,1.2000000000000002,0.22
2001,10,3,19,30,0,0,0,3,25,970,308,1.1,0.22
2001,10,3,20,30,0,0,0,3,24,970,295,1,0.22
2001,10,3,21,30,0,0,0,3,23,970,277,0.7000000000000001,0.22
2001,10,3,22,30,0,0,0,3,22,970,256,0.6000000000000001,0.22
2001,10,3,23,30,0,0,0,3,21,970,241,0.6000000000000001,0.22
2001,10,4,0,30,0,0,0,3,21,970,244,0.7000000000000001,0.22
2001,10,4,1,30,0,0,0,3,20,970,275,0.8,0.22
2001,10,4,2,30,0,0,0,2,20,970,297,0.8,0.22
2001,10,4,3,30,0,0,0,2,19,970,312,0.9,0.22
2001,10,4,4,30,0,0,0,2,18,980,320,0.9,0.22
2001,10,4,5,30,0,0,0,2,18,980,325,0.9,0.22
2001,10,4,6,30,339,38,78,3,19,980,329,1.2000000000000002,0.22
2001,10,4,7,30,649,74,281,3,22,980,331,1.7000000000000002,0.22
2001,10,4,8,30,786,93,482,3,24,980,310,2,0.22
2001,10,4,9,30,857,105,648,4,27,980,282,2.5,0.22
2001,10,4,10,30,902,108,762,3,29,970,278,3,0.22
2001,10,4,11,30,916,110,811,3,31,970,285,3.7,0.22
2001,10,4,12,30,912,109,793,3,32,970,292,4.1000000000000005,0.22
2001,10,4,13,30,868,113,704,2,32,970,299,4.1000000000000005,0.22
2001,10,4,14,30,821,101,562,2,31,970,308,4,0.22
2001,10,4,15,30,727,84,375,2,30,970,312,3.8000000000000003,0.22
2001,10,4,16,30,517,57,166,1,28,970,312,2.5,0.22
2001,10,4,17,30,0,0,0,2,24,970,312,1.3,0.22
2001,10,4,18,30,0,0,0,2,22,970,317,1.2000000000000002,0.22
2001,10,4,19,30,0,0,0,3,21,970,319,1.1,0.22
2001,10,4,20,30,0,0,0,3,20,970,318,1.1,0.22
2001,10,4,21,30,0,0,0,5,19,970,322,1,0.22
2001,10,4,22,30,0,0,0,6,18,970,334,0.9,0.22
2001,10,4,23,30,0,0,0,7,17,970,336,0.8,0.22
2001,10,5,0,30,0,0,0,8,17,970,332,0.8,0.22
2001,10,5,1,30,0,0,0,8,16,970,324,0.8,0.22
2001,10,5,2,30,0,0,0,9,15,970,312,0.8,0.22
2001,10,5,3,30,0,0,0,9,14,970,304,0.8,0.22
2001,10,5,4,30,0,0,0,9,14,970,307,0.8,0.22
2001,10,5,5,30,0,0,0,10,14,970,317,0.8,0.22
2001,10,5,6,30,10,38,39,10,15,970,324,1.2000000000000002,0.22
2001,10,5,7,30,654,70,276,10,18,970,314,1.9000000000000001,0.22
2001,10,5,8,30,783,90,475,10,20,970,300,2.3000000000000003,0.22
2001,10,5,9,30,854,101,639,9,22,970,287,2.6,0.22
2001,10,5,10,30,865,121,745,9,24,970,282,2.7,0.22
2001,10,5,11,30,882,123,794,8,25,970,281,2.8000000000000003,0.22
2001,10,5,12,30,876,121,775,7,26,970,283,3,0.22
2001,10,5,13,30,854,114,691,6,27,970,290,3.2,0.22
2001,10,5,14,30,800,103,548,6,26,970,298,3.2,0.22
2001,10,5,15,30,696,87,362,6,25,970,303,3,0.22
2001,10,5,16,30,479,59,156,6,23,970,306,2.1,0.22
2001,10,5,17,30,0,0,0,6,21,970,306,1.2000000000000002,0.22
2001,10,5,18,30,0,0,0,6,19,970,310,1.1,0.22
2001,10,5,19,30,0,0,0,7,18,970,309,1.1,0.22
2001,10,5,20,30,0,0,0,7,17,970,310,1.2000000000000002,0.22
2001,10,5,21,30,0,0,0,8,16,970,312,1.1,0.22
2001,10,5,22,30,0,0,0,8,15,970,319,1,0.22
2001,10,5,23,30,0,0,0,9,14,970,325,0.8,0.22
2001,10,6,0,30,0,0,0,9,14,970,328,0.8,0.22
2001,10,6,1,30,0,0,0,10,14,970,329,0.8,0.22
2001,10,6,2,30,0,0,0,10,14,970,331,1,0.22
2001,10,6,3,30,0,0,0,10,14,970,334,1.3,0.22
2001,10,6,4,30,0,0,0,10,14,970,333,1.3,0.22
2001,10,6,5,30,0,0,0,10,14,970,327,1.4000000000000001,0.22
2001,10,6,6,30,222,43,68,10,14,970,316,1.7000000000000002,0.22
2001,10,6,7,30,499,100,256,10,15,980,306,2,0.22
2001,10,6,8,30,659,129,451,10,17,980,299,2.4000000000000004,0.22
2001,10,6,9,30,752,143,613,10,18,980,284,2.6,0.22
2001,10,6,10,30,834,132,731,10,20,980,272,2.7,0.22
2001,10,6,11,30,857,131,780,10,22,970,265,2.7,0.22
2001,10,6,12,30,861,125,763,9,23,970,262,2.7,0.22
2001,10,6,13,30,843,114,680,9,24,970,263,2.8000000000000003,0.22
2001,10,6,14,30,621,145,487,9,24,970,269,2.7,0.22
2001,10,6,15,30,694,84,355,8,23,970,279,2.4000000000000004,0.22
2001,10,6,16,30,484,55,152,8,21,970,290,1.6,0.22
2001,10,6,17,30,0,0,0,8,19,970,299,0.9,0.22
2001,10,6,18,30,0,0,0,8,17,970,313,0.9,0.22
2001,10,6,19,30,0,0,0,8,17,970,323,0.9,0.22
2001,10,6,20,30,0,0,0,8,16,970,326,1,0.22
2001,10,6,21,30,0,0,0,9,16,970,325,0.9,0.22
2001,10,6,22,30,0,0,0,9,15,970,324,0.8,0.22
2001,10,6,23,30,0,0,0,9,15,970,323,0.6000000000000001,0.22
2001,10,7,0,30,0,0,0,9,14,970,318,0.4,0.22
2001,10,7,1,30,0,0,0,9,14,970,302,0.4,0.22
2001,10,7,2,30,0,0,0,9,13,970,289,0.4,0.22
2001,10,7,3,30,0,0,0,9,13,970,289,0.4,0.22
2001,10,7,4,30,0,0,0,9,12,980,289,0.4,0.22
2001,10,7,5,30,0,0,0,9,12,980,293,0.4,0.22
2001,10,7,6,30,246,40,67,10,14,980,301,0.7000000000000001,0.22
2001,10,7,7,30,528,92,256,10,16,980,320,0.9,0.22
2001,10,7,8,30,693,116,452,9,19,980,310,0.9,0.22
2001,10,7,9,30,781,129,615,9,22,980,277,1.2000000000000002,0.22
2001,10,7,10,30,844,127,729,8,25,980,262,1.8,0.22
2001,10,7,11,30,859,130,777,7,27,980,260,2.4000000000000004,0.22
2001,10,7,12,30,854,128,757,6,28,980,264,2.9000000000000004,0.22
2001,10,7,13,30,852,110,677,6,28,980,272,3.2,0.22
2001,10,7,14,30,797,99,535,5,27,970,281,3.4000000000000004,0.22
2001,10,7,15,30,693,82,350,6,26,970,292,3.4000000000000004,0.22
2001,10,7,16,30,502,51,149,6,24,980,301,2.6,0.23
2001,10,7,17,30,0,0,0,7,20,980,308,1.4000000000000001,0.23
2001,10,7,18,30,0,0,0,7,19,980,319,0.9,0.23
2001,10,7,19,30,0,0,0,7,19,980,335,0.8,0.23
2001,10,7,20,30,0,0,0,7,19,980,344,0.5,0.23
2001,10,7,21,30,0,0,0,7,18,980,319,0.4,0.23
2001,10,7,22,30,0,0,0,7,17,980,258,0.5,0.23
2001,10,7,23,30,0,0,0,7,17,980,248,0.5,0.23
2001,10,8,0,30,0,0,0,8,16,980,247,0.4,0.23
2001,10,8,1,30,0,0,0,8,15,980,240,0.2,0.23
2001,10,8,2,30,0,0,0,8,14,980,243,0.1,0.23
2001,10,8,3,30,0,0,0,8,14,980,42,0.1,0.23
2001,10,8,4,30,0,0,0,9,13,980,37,0.2,0.23
2001,10,8,5,30,0,0,0,9,13,980,348,0.30000000000000004,0.23
2001,10,8,6,30,26,36,39,9,14,980,324,0.7000000000000001,0.23
2001,10,8,7,30,502,96,249,9,16,980,310,1.4000000000000001,0.23
2001,10,8,8,30,665,124,443,9,18,980,300,1.7000000000000002,0.23
2001,10,8,9,30,764,135,608,9,20,980,286,2,0.23
2001,10,8,10,30,867,116,731,9,22,980,276,2.6,0.23
2001,10,8,11,30,888,116,780,8,23,980,278,3.4000000000000004,0.23
2001,10,8,12,30,890,111,762,8,24,980,287,3.9000000000000004,0.23
2001,10,8,13,30,861,107,676,7,25,970,296,4.1000000000000005,0.23
2001,10,8,14,30,807,96,533,7,24,970,303,3.9000000000000004,0.23
2001,10,8,15,30,701,80,347,6,23,970,309,3.4000000000000004,0.23
2001,10,8,16,30,482,52,144,6,21,970,312,2.2,0.23
2001,10,8,17,30,0,0,0,6,19,970,313,1.1,0.23
2001,10,8,18,30,0,0,0,7,18,970,317,0.9,0.23
2001,10,8,19,30,0,0,0,7,17,970,309,0.9,0.23
2001,10,8,20,30,0,0,0,7,16,970,299,1.1,0.23
2001,10,8,21,30,0,0,0,6,15,970,293,1.2000000000000002,0.23
2001,10,8,22,30,0,0,0,6,15,970,287,1.1,0.23
2001,10,8,23,30,0,0,0,6,14,970,285,1,0.23
2001,10,9,0,30,0,0,0,6,13,970,286,0.9,0.23
2001,10,9,1,30,0,0,0,6,13,970,282,0.7000000000000001,0.23
2001,10,9,2,30,0,0,0,6,14,970,271,0.4,0.23
2001,10,9,3,30,0,0,0,6,14,970,261,0.2,0.23
2001,10,9,4,30,0,0,0,6,13,980,38,0.30000000000000004,0.23
2001,10,9,5,30,0,0,0,6,13,980,29,0.4,0.23
2001,10,9,6,30,269,39,66,6,14,980,34,0.6000000000000001,0.23
2001,10,9,7,30,680,69,275,5,17,980,34,0.7000000000000001,0.23
2001,10,9,8,30,832,83,480,5,20,980,30,0.4,0.23
2001,10,9,9,30,904,91,647,4,23,980,232,0.9,0.23
2001,10,9,10,30,930,101,757,1,26,980,259,2.1,0.23
2001,10,9,11,30,942,103,804,0,27,980,270,2.9000000000000004,0.23
2001,10,9,12,30,935,102,782,0,28,970,279,3.4000000000000004,0.23
2001,10,9,13,30,901,100,692,1,27,970,291,3.8000000000000003,0.23
2001,10,9,14,30,841,93,544,1,26,970,301,3.8000000000000003,0.23
2001,10,9,15,30,732,79,354,2,24,970,306,3.4000000000000004,0.23
2001,10,9,16,30,503,52,145,3,21,980,307,2.1,0.23
2001,10,9,17,30,0,0,0,4,19,980,309,1.1,0.23
2001,10,9,18,30,0,0,0,4,17,980,327,0.8,0.23
2001,10,9,19,30,0,0,0,4,17,980,352,0.5,0.23
2001,10,9,20,30,0,0,0,4,16,980,19,0.30000000000000004,0.23
2001,10,9,21,30,0,0,0,4,15,980,171,0.5,0.23
2001,10,9,22,30,0,0,0,4,15,980,171,0.6000000000000001,0.23
2001,10,9,23,30,0,0,0,4,14,980,146,0.7000000000000001,0.23
2001,10,10,0,30,0,0,0,3,14,980,109,0.9,0.23
2001,10,10,1,30,0,0,0,2,13,980,101,1.1,0.23
2001,10,10,2,30,0,0,0,2,13,980,99,1.2000000000000002,0.23
2001,10,10,3,30,0,0,0,1,12,980,102,1.2000000000000002,0.23
2001,10,10,4,30,0,0,0,0,12,980,104,1.3,0.23
2001,10,10,5,30,0,0,0,0,12,980,103,1.3,0.23
2001,10,10,6,30,359,32,68,-1,14,980,100,1.9000000000000001,0.23
2001,10,10,7,30,687,66,272,-2,19,980,97,2.9000000000000004,0.23
2001,10,10,8,30,826,85,476,-5,23,980,95,3.2,0.23
2001,10,10,9,30,896,96,643,-8,26,980,99,2.6,0.23
2001,10,10,10,30,927,104,754,-9,28,980,125,1.6,0.23
2001,10,10,11,30,938,107,801,-9,29,980,183,1.5,0.23
2001,10,10,12,30,396,307,594,-9,30,980,238,2,0.23
2001,10,10,13,30,909,99,692,-9,30,980,264,2.4000000000000004,0.23
2001,10,10,14,30,858,88,545,-8,29,980,281,2.6,0.23
2001,10,10,15,30,754,73,353,-7,28,980,292,2.3000000000000003,0.23
2001,10,10,16,30,521,48,142,-6,24,980,304,1.5,0.23
2001,10,10,17,30,0,0,0,-4,21,980,328,1,0.23
2001,10,10,18,30,0,0,0,-3,19,980,358,1.1,0.23
2001,10,10,19,30,0,0,0,-3,19,980,23,1.1,0.23
2001,10,10,20,30,0,0,0,-3,18,980,43,0.9,0.23
2001,10,10,21,30,0,0,0,-2,18,980,60,0.6000000000000001,0.23
2001,10,10,22,30,0,0,0,-2,18,980,72,0.4,0.23
2001,10,10,23,30,0,0,0,-2,17,980,134,0.4,0.23
2001,10,11,0,30,0,0,0,-2,16,980,166,0.7000000000000001,0.23
2001,10,11,1,30,0,0,0,-1,15,980,161,0.8,0.23
2001,10,11,2,30,0,0,0,-1,15,980,151,0.8,0.23
2001,10,11,3,30,0,0,0,-1,15,980,141,0.8,0.23
2001,10,11,4,30,0,0,0,0,14,980,132,0.7000000000000001,0.23
2001,10,11,5,30,0,0,0,0,15,980,121,0.6000000000000001,0.23
2001,10,11,6,30,346,30,64,0,17,980,90,0.4,0.23
2001,10,11,7,30,347,99,202,0,20,980,32,1,0.23
2001,10,11,8,30,415,168,363,-1,23,980,302,2.3000000000000003,0.23
2001,10,11,9,30,354,253,468,-1,26,980,296,3.4000000000000004,0.23
2001,10,11,10,30,688,184,664,0,27,980,294,4.3,0.23
2001,10,11,11,30,518,265,646,0,28,980,298,4.7,0.23
2001,10,11,12,30,609,225,663,0,28,980,298,4.9,0.23
2001,10,11,13,30,637,181,593,0,28,980,307,4.9,0.23
2001,10,11,14,30,363,208,399,0,28,970,308,4.5,0.23
2001,10,11,15,30,315,135,250,0,27,970,301,4.2,0.23
2001,10,11,16,30,25,61,66,0,24,970,308,2.8000000000000003,0.23
2001,10,11,17,30,0,0,0,1,20,970,313,1.5,0.23
2001,10,11,18,30,0,0,0,2,18,970,313,1.4000000000000001,0.23
2001,10,11,19,30,0,0,0,3,18,970,325,1.4000000000000001,0.23
2001,10,11,20,30,0,0,0,4,17,970,331,1.2000000000000002,0.23
2001,10,11,21,30,0,0,0,4,17,970,332,0.9,0.23
2001,10,11,22,30,0,0,0,5,17,970,325,0.5,0.23
2001,10,11,23,30,0,0,0,6,16,970,352,0.4,0.23
2001,10,12,0,30,0,0,0,6,15,970,104,0.8,0.23
2001,10,12,1,30,0,0,0,6,14,970,108,1,0.23
2001,10,12,2,30,0,0,0,6,14,970,110,1.1,0.23
2001,10,12,3,30,0,0,0,6,13,970,104,1.2000000000000002,0.23
2001,10,12,4,30,0,0,0,6,13,980,102,1.2000000000000002,0.23
2001,10,12,5,30,0,0,0,5,13,980,103,1.5,0.23
2001,10,12,6,30,361,29,63,3,16,980,100,2.5,0.23
2001,10,12,7,30,698,59,263,0,20,980,97,3.7,0.23
2001,10,12,8,30,832,75,463,-3,23,980,91,3.7,0.23
2001,10,12,9,30,897,84,625,-5,26,980,92,2.7,0.23
2001,10,12,10,30,919,94,732,-5,29,980,108,2,0.23
2001,10,12,11,30,936,95,779,-5,30,980,140,1.8,0.23
2001,10,12,12,30,934,93,759,-5,31,980,174,1.9000000000000001,0.23
2001,10,12,13,30,900,93,671,-5,32,980,203,2.2,0.23
2001,10,12,14,30,844,85,526,-5,32,970,227,2.5,0.23
2001,10,12,15,30,736,71,337,-5,31,980,244,2.3000000000000003,0.23
2001,10,12,16,30,524,44,133,-4,27,980,256,1.4000000000000001,0.23
2001,10,12,17,30,0,0,0,-2,24,980,280,0.8,0.23
2001,10,12,18,30,0,0,0,-1,23,980,328,0.6000000000000001,0.23
2001,10,12,19,30,0,0,0,0,23,980,58,0.7000000000000001,0.23
2001,10,12,20,30,0,0,0,-1,22,980,117,0.8,0.23
2001,10,12,21,30,0,0,0,-1,21,980,141,0.8,0.23
2001,10,12,22,30,0,0,0,-1,20,980,146,0.8,0.23
2001,10,12,23,30,0,0,0,-1,20,980,139,0.8,0.23
2001,10,13,0,30,0,0,0,0,19,980,118,0.8,0.23
2001,10,13,1,30,0,0,0,0,19,980,106,0.9,0.23
2001,10,13,2,30,0,0,0,1,18,980,100,1,0.23
2001,10,13,3,30,0,0,0,1,18,980,96,1.1,0.23
2001,10,13,4,30,0,0,0,1,18,980,96,1.2000000000000002,0.23
2001,10,13,5,30,0,0,0,1,18,980,97,1.2000000000000002,0.23
2001,10,13,6,30,370,27,61,1,19,980,101,1.1,0.23
2001,10,13,7,30,725,55,265,1,23,980,103,1.2000000000000002,0.23
2001,10,13,8,30,858,69,466,3,26,980,126,1.1,0.23
2001,10,13,9,30,924,78,632,3,29,980,209,1.2000000000000002,0.23
2001,10,13,10,30,955,84,742,2,31,970,241,1.7000000000000002,0.23
2001,10,13,11,30,967,86,789,1,32,970,259,2.2,0.23
2001,10,13,12,30,961,86,767,0,33,970,275,2.7,0.23
2001,10,13,13,30,916,90,675,0,33,970,287,3,0.23
2001,10,13,14,30,862,82,528,0,32,970,296,3.2,0.23
2001,10,13,15,30,756,68,337,0,30,970,303,2.8000000000000003,0.23
2001,10,13,16,30,546,41,131,0,26,970,307,1.7000000000000002,0.23
2001,10,13,17,30,0,0,0,1,23,970,319,0.9,0.23
2001,10,13,18,30,0,0,0,2,21,970,357,0.9,0.23
2001,10,13,19,30,0,0,0,3,21,970,49,0.9,0.23
2001,10,13,20,30,0,0,0,3,20,970,87,1.1,0.23
2001,10,13,21,30,0,0,0,3,19,970,105,1.2000000000000002,0.23
2001,10,13,22,30,0,0,0,3,18,970,109,1.2000000000000002,0.23
2001,10,13,23,30,0,0,0,2,17,970,106,1.3,0.23
2001,10,14,0,30,0,0,0,1,17,970,102,1.3,0.23
2001,10,14,1,30,0,0,0,0,16,970,101,1.4000000000000001,0.23
2001,10,14,2,30,0,0,0,0,16,970,102,1.4000000000000001,0.23
2001,10,14,3,30,0,0,0,-1,16,970,102,1.5,0.23
2001,10,14,4,30,0,0,0,-2,15,970,103,1.5,0.23
2001,10,14,5,30,0,0,0,-3,15,970,103,1.6,0.23
2001,10,14,6,30,236,29,50,-3,18,970,103,2.2,0.23
2001,10,14,7,30,520,73,222,-2,23,970,102,3.3000000000000003,0.23
2001,10,14,8,30,470,152,368,-1,28,970,102,3.6,0.23
2001,10,14,9,30,526,196,509,-1,31,970,113,3,0.23
2001,10,14,10,30,943,93,739,-2,34,970,142,2.5,0.23
2001,10,14,11,30,954,96,785,-3,35,970,175,2.3000000000000003,0.23
2001,10,14,12,30,947,95,762,-4,36,970,207,2.1,0.23
2001,10,14,13,30,919,91,673,-4,36,970,239,2.1,0.23
2001,10,14,14,30,867,81,526,-5,35,970,268,2.2,0.23
2001,10,14,15,30,768,66,335,-5,33,970,291,1.7000000000000002,0.23
2001,10,14,16,30,52,57,66,-4,29,970,312,1.2000000000000002,0.23
2001,10,14,17,30,0,0,0,-3,26,970,346,1.1,0.23
2001,10,14,18,30,0,0,0,-2,24,970,14,1.2000000000000002,0.23
2001,10,14,19,30,0,0,0,-2,24,970,36,1.2000000000000002,0.23
2001,10,14,20,30,0,0,0,-2,24,970,50,1,0.23
2001,10,14,21,30,0,0,0,-3,24,970,50,0.8,0.23
2001,10,14,22,30,0,0,0,-3,24,970,50,0.7000000000000001,0.23
2001,10,14,23,30,0,0,0,-3,23,970,57,0.6000000000000001,0.23
2001,10,15,0,30,0,0,0,-2,22,970,74,0.7000000000000001,0.23
2001,10,15,1,30,0,0,0,-2,21,970,86,0.9,0.23
2001,10,15,2,30,0,0,0,-2,20,970,91,1.2000000000000002,0.23
2001,10,15,3,30,0,0,0,-2,19,970,96,1.4000000000000001,0.23
2001,10,15,4,30,0,0,0,-3,18,970,99,1.5,0.23
2001,10,15,5,30,0,0,0,-4,18,970,101,1.4000000000000001,0.23
2001,10,15,6,30,329,28,56,-4,20,980,102,1.5,0.23
2001,10,15,7,30,685,62,256,-5,24,980,103,2.3000000000000003,0.23
2001,10,15,8,30,825,80,456,-5,28,980,106,3.2,0.23
2001,10,15,9,30,899,89,621,-6,32,980,118,3.2,0.23
2001,10,15,10,30,829,121,686,-6,34,980,136,3.2,0.23
2001,10,15,11,30,811,141,723,-6,35,980,147,3.1,0.23
2001,10,15,12,30,625,211,648,-7,36,980,148,3,0.23
2001,10,15,13,30,698,155,593,-7,36,970,144,3,0.23
2001,10,15,14,30,825,75,493,-7,35,970,140,2.9000000000000004,0.23
2001,10,15,15,30,518,95,275,-7,33,970,137,2,0.23
2001,10,15,16,30,88,56,70,-6,30,970,133,1.2000000000000002,0.22
2001,10,15,17,30,0,0,0,-6,27,980,125,1.2000000000000002,0.22
2001,10,15,18,30,0,0,0,-6,26,980,118,1.3,0.22
2001,10,15,19,30,0,0,0,-5,25,980,112,1.3,0.22
2001,10,15,20,30,0,0,0,-5,24,980,101,1.3,0.22
2001,10,15,21,30,0,0,0,-5,23,980,91,1.3,0.22
2001,10,15,22,30,0,0,0,-5,23,980,86,1.3,0.22
2001,10,15,23,30,0,0,0,-5,22,980,84,1.3,0.22
2001,10,16,0,30,0,0,0,-5,22,980,85,1.3,0.22
2001,10,16,1,30,0,0,0,-5,22,980,88,1.3,0.22
2001,10,16,2,30,0,0,0,-5,21,980,93,1.3,0.22
2001,10,16,3,30,0,0,0,-5,21,980,96,1.3,0.22
2001,10,16,4,30,0,0,0,-6,20,980,96,1.3,0.22
2001,10,16,5,30,0,0,0,-6,20,980,96,1.3,0.22
2001,10,16,6,30,10,27,28,-6,21,980,95,1.1,0.22
2001,10,16,7,30,72,109,129,-6,24,980,96,1.5,0.22
2001,10,16,8,30,706,89,408,-6,28,980,99,1.7000000000000002,0.22
2001,10,16,9,30,740,122,557,-5,31,980,141,1.5,0.22
2001,10,16,10,30,862,108,692,-4,34,980,202,1.8,0.22
2001,10,16,11,30,922,106,764,-4,35,980,218,2,0.22
2001,10,16,12,30,916,105,741,-5,36,980,232,2.1,0.22
2001,10,16,13,30,895,97,654,-5,36,970,246,2.2,0.22
2001,10,16,14,30,833,88,507,-5,35,970,264,2.3000000000000003,0.22
2001,10,16,15,30,714,73,317,-5,33,970,285,2.1,0.22
2001,10,16,16,30,469,43,114,-4,29,970,308,1.4000000000000001,0.22
2001,10,16,17,30,0,0,0,-3,24,970,332,1.1,0.22
2001,10,16,18,30,0,0,0,-2,23,980,346,1.1,0.22
2001,10,16,19,30,0,0,0,-2,22,980,347,1,0.22
2001,10,16,20,30,0,0,0,-1,21,980,345,0.8,0.22
2001,10,16,21,30,0,0,0,0,20,980,347,0.8,0.22
2001,10,16,22,30,0,0,0,0,20,980,0,0.8,0.22
2001,10,16,23,30,0,0,0,0,19,980,10,0.8,0.22
2001,10,17,0,30,0,0,0,0,19,980,14,0.7000000000000001,0.22
2001,10,17,1,30,0,0,0,1,18,970,16,0.6000000000000001,0.22
2001,10,17,2,30,0,0,0,1,18,970,13,0.6000000000000001,0.22
2001,10,17,3,30,0,0,0,1,17,970,11,0.7000000000000001,0.22
2001,10,17,4,30,0,0,0,1,16,970,17,0.8,0.22
2001,10,17,5,30,0,0,0,1,16,980,26,0.9,0.22
2001,10,17,6,30,316,26,51,1,17,980,31,1,0.22
2001,10,17,7,30,683,59,247,1,20,980,34,0.9,0.22
2001,10,17,8,30,824,76,445,2,22,980,9,0.9,0.22
2001,10,17,9,30,892,87,608,2,25,980,286,1.6,0.22
2001,10,17,10,30,928,93,717,0,27,980,274,2.6,0.22
2001,10,17,11,30,937,97,761,0,28,980,275,3.1,0.22
2001,10,17,12,30,927,97,738,0,28,980,285,3.3000000000000003,0.22
2001,10,17,13,30,616,176,557,0,28,980,296,3.2,0.22
2001,10,17,14,30,869,66,499,0,27,970,305,3,0.22
2001,10,17,15,30,728,68,313,0,26,970,315,2.6,0.22
2001,10,17,16,30,343,43,94,0,24,980,329,1.7000000000000002,0.22
2001,10,17,17,30,0,0,0,0,21,980,345,0.9,0.22
2001,10,17,18,30,0,0,0,1,20,980,2,0.9,0.22
2001,10,17,19,30,0,0,0,1,19,980,10,0.9,0.22
2001,10,17,20,30,0,0,0,2,18,980,352,0.8,0.22
2001,10,17,21,30,0,0,0,2,18,980,335,0.7000000000000001,0.22
2001,10,17,22,30,0,0,0,2,17,980,327,0.6000000000000001,0.22
2001,10,17,23,30,0,0,0,3,17,980,332,0.4,0.22
2001,10,18,0,30,0,0,0,3,16,980,5,0.2,0.22
2001,10,18,1,30,0,0,0,4,16,980,357,0.30000000000000004,0.22
2001,10,18,2,30,0,0,0,4,16,980,305,0.4,0.22
2001,10,18,3,30,0,0,0,4,15,980,314,0.5,0.22
2001,10,18,4,30,0,0,0,4,15,980,328,0.4,0.22
2001,10,18,5,30,0,0,0,4,15,980,30,0.4,0.22
2001,10,18,6,30,307,25,48,4,16,980,90,0.6000000000000001,0.22
2001,10,18,7,30,652,59,237,4,18,980,95,0.6000000000000001,0.22
2001,10,18,8,30,799,76,431,4,21,980,75,0.5,0.22
2001,10,18,9,30,870,87,591,4,24,980,285,0.8,0.22
2001,10,18,10,30,899,95,696,3,27,980,261,1.4000000000000001,0.22
2001,10,18,11,30,914,96,740,3,29,980,258,2,0.22
2001,10,18,12,30,907,95,717,2,30,980,266,2.5,0.22
2001,10,18,13,30,876,91,629,2,31,980,277,2.8000000000000003,0.22
2001,10,18,14,30,815,82,485,2,30,980,288,2.8000000000000003,0.22
2001,10,18,15,30,699,67,300,2,28,980,298,2.5,0.22
2001,10,18,16,30,442,40,103,3,24,980,309,1.6,0.22
2001,10,18,17,30,0,0,0,4,21,980,326,0.9,0.22
2001,10,18,18,30,0,0,0,5,20,980,359,0.9,0.22
2001,10,18,19,30,0,0,0,5,19,980,26,0.9,0.22
2001,10,18,20,30,0,0,0,6,19,980,37,0.9,0.22
2001,10,18,21,30,0,0,0,6,19,980,40,0.8,0.22
2001,10,18,22,30,0,0,0,5,19,980,53,0.7000000000000001,0.22
2001,10,18,23,30,0,0,0,5,19,980,58,0.6000000000000001,0.22
2001,10,19,0,30,0,0,0,5,18,980,51,0.6000000000000001,0.22
2001,10,19,1,30,0,0,0,5,17,980,60,0.7000000000000001,0.22
2001,10,19,2,30,0,0,0,5,17,980,66,0.9,0.22
2001,10,19,3,30,0,0,0,5,16,980,67,1,0.22
2001,10,19,4,30,0,0,0,4,16,980,69,1.1,0.22
2001,10,19,5,30,0,0,0,4,16,980,76,1.2000000000000002,0.22
2001,10,19,6,30,328,23,47,3,18,980,85,1.2000000000000002,0.22
2001,10,19,7,30,130,105,140,2,22,980,90,1.7000000000000002,0.22
2001,10,19,8,30,364,165,325,1,26,980,95,2.1,0.22
2001,10,19,9,30,409,224,460,0,30,980,129,1.8,0.22
2001,10,19,10,30,293,301,496,-1,32,980,190,1.9000000000000001,0.22
2001,10,19,11,30,608,218,644,-1,33,970,237,2.5,0.22
2001,10,19,12,30,553,227,604,-1,33,970,263,2.9000000000000004,0.22
2001,10,19,13,30,347,258,469,0,32,970,284,3.1,0.22
2001,10,19,14,30,272,205,338,0,30,970,300,3,0.22
2001,10,19,15,30,204,129,196,1,27,970,314,2.1,0.22
2001,10,19,16,30,478,36,102,3,24,970,328,1,0.22
2001,10,19,17,30,0,0,0,3,22,970,342,0.8,0.22
2001,10,19,18,30,0,0,0,4,21,970,348,0.7000000000000001,0.22
2001,10,19,19,30,0,0,0,4,20,970,359,0.5,0.22
2001,10,19,20,30,0,0,0,4,19,970,76,0.5,0.22
2001,10,19,21,30,0,0,0,4,19,970,120,0.7000000000000001,0.22
2001,10,19,22,30,0,0,0,5,18,970,136,0.7000000000000001,0.22
2001,10,19,23,30,0,0,0,6,18,970,153,0.5,0.22
2001,10,20,0,30,0,0,0,6,17,970,158,0.4,0.22
2001,10,20,1,30,0,0,0,6,16,970,97,0.5,0.22
2001,10,20,2,30,0,0,0,6,15,970,82,0.8,0.22
2001,10,20,3,30,0,0,0,6,15,970,88,0.9,0.22
2001,10,20,4,30,0,0,0,6,15,970,98,0.9,0.22
2001,10,20,5,30,0,0,0,5,15,970,112,0.9,0.22
2001,10,20,6,30,355,21,46,4,16,970,114,0.9,0.22
2001,10,20,7,30,86,104,127,3,19,970,106,0.9,0.22
2001,10,20,8,30,834,67,432,2,22,970,111,1,0.22
2001,10,20,9,30,900,76,591,1,25,970,271,1.8,0.22
2001,10,20,10,30,909,92,692,1,27,970,277,2.8000000000000003,0.22
2001,10,20,11,30,509,250,604,0,28,970,287,3.8000000000000003,0.22
2001,10,20,12,30,406,281,556,0,29,970,295,4.1000000000000005,0.22
2001,10,20,13,30,274,271,436,-1,28,970,304,3.8000000000000003,0.22
2001,10,20,14,30,505,157,401,-2,27,970,307,3.3000000000000003,0.22
2001,10,20,15,30,153,130,180,-2,25,970,305,2.1,0.22
2001,10,20,16,30,198,46,72,-2,23,970,307,1,0.22
2001,10,20,17,30,0,0,0,-1,21,970,329,0.6000000000000001,0.22
2001,10,20,18,30,0,0,0,-1,20,970,35,0.5,0.22
2001,10,20,19,30,0,0,0,-1,20,970,108,0.5,0.22
2001,10,20,20,30,0,0,0,-1,20,970,134,0.6000000000000001,0.22
2001,10,20,21,30,0,0,0,-1,19,970,154,0.5,0.22
2001,10,20,22,30,0,0,0,-1,19,970,189,0.4,0.22
2001,10,20,23,30,0,0,0,0,19,970,198,0.30000000000000004,0.22
2001,10,21,0,30,0,0,0,0,19,970,87,0.30000000000000004,0.22
2001,10,21,1,30,0,0,0,0,18,970,62,0.5,0.22
2001,10,21,2,30,0,0,0,0,17,970,48,0.5,0.22
2001,10,21,3,30,0,0,0,1,16,970,35,0.5,0.22
2001,10,21,4,30,0,0,0,1,15,970,41,0.5,0.22
2001,10,21,5,30,0,0,0,1,15,970,60,0.6000000000000001,0.22
2001,10,21,6,30,0,18,18,1,16,970,71,0.9,0.22
2001,10,21,7,30,23,96,102,1,18,970,77,1.1,0.22
2001,10,21,8,30,442,147,338,1,21,970,48,1.2000000000000002,0.22
2001,10,21,9,30,314,242,420,1,24,970,318,2.1,0.22
2001,10,21,10,30,742,148,634,1,26,970,305,3,0.22
2001,10,21,11,30,905,95,720,2,27,970,300,3.4000000000000004,0.22
2001,10,21,12,30,586,212,606,2,28,970,295,3.4000000000000004,0.22
2001,10,21,13,30,250,272,422,2,28,970,296,3.4000000000000004,0.22
2001,10,21,14,30,361,185,359,2,27,970,300,3.5,0.22
2001,10,21,15,30,681,66,283,3,26,970,302,3.2,0.22
2001,10,21,16,30,405,37,90,3,23,970,306,2,0.22
2001,10,21,17,30,0,0,0,3,20,970,308,1,0.22
2001,10,21,18,30,0,0,0,3,19,970,317,1,0.22
2001,10,21,19,30,0,0,0,4,18,970,316,1,0.22
2001,10,21,20,30,0,0,0,4,17,970,304,1,0.22
2001,10,21,21,30,0,0,0,4,16,970,295,1,0.22
2001,10,21,22,30,0,0,0,5,15,970,290,0.9,0.22
2001,10,21,23,30,0,0,0,5,14,970,285,0.8,0.22
2001,10,22,0,30,0,0,0,6,13,970,283,0.7000000000000001,0.22
2001,10,22,1,30,0,0,0,7,12,970,281,0.6000000000000001,0.22
2001,10,22,2,30,0,0,0,7,11,970,285,0.5,0.22
2001,10,22,3,30,0,0,0,7,11,970,302,0.30000000000000004,0.22
2001,10,22,4,30,0,0,0,7,10,970,308,0.2,0.22
2001,10,22,5,30,0,0,0,7,10,980,122,0.4,0.22
2001,10,22,6,30,271,22,39,6,11,980,118,0.5,0.22
2001,10,22,7,30,611,64,222,6,14,980,98,0.5,0.22
2001,10,22,8,30,775,83,416,6,16,980,313,0.9,0.22
2001,10,22,9,30,854,93,575,5,19,980,283,1.9000000000000001,0.22
2001,10,22,10,30,903,95,683,5,20,980,283,2.6,0.22
2001,10,22,11,30,922,94,727,5,21,980,284,3,0.22
2001,10,22,12,30,920,90,704,5,22,980,284,3.3000000000000003,0.22
2001,10,22,13,30,862,97,610,5,22,980,290,3.4000000000000004,0.22
2001,10,22,14,30,806,84,467,4,21,970,296,3.2,0.22
2001,10,22,15,30,692,65,283,5,20,970,298,2.8000000000000003,0.22
2001,10,22,16,30,409,37,88,5,18,970,299,1.8,0.22
2001,10,22,17,30,0,0,0,5,15,980,292,0.9,0.22
2001,10,22,18,30,0,0,0,6,15,980,283,0.7000000000000001,0.22
2001,10,22,19,30,0,0,0,6,14,980,257,0.6000000000000001,0.22
2001,10,22,20,30,0,0,0,6,14,980,239,0.7000000000000001,0.22
2001,10,22,21,30,0,0,0,6,14,970,233,0.8,0.22
2001,10,22,22,30,0,0,0,5,13,970,237,0.8,0.22
2001,10,22,23,30,0,0,0,5,13,970,252,0.8,0.22
2001,10,23,0,30,0,0,0,5,12,970,272,0.8,0.22
2001,10,23,1,30,0,0,0,5,12,970,288,0.9,0.22
2001,10,23,2,30,0,0,0,6,12,970,296,0.9,0.22
2001,10,23,3,30,0,0,0,6,11,970,302,0.9,0.22
2001,10,23,4,30,0,0,0,6,11,970,307,0.9,0.22
2001,10,23,5,30,0,0,0,7,11,970,312,0.8,0.22
2001,10,23,6,30,275,20,36,7,12,970,311,0.8,0.22
2001,10,23,7,30,644,53,217,8,14,970,313,1.4000000000000001,0.22
2001,10,23,8,30,788,70,405,8,16,970,313,2.1,0.22
2001,10,23,9,30,872,76,564,8,18,970,302,2.8000000000000003,0.22
2001,10,23,10,30,910,82,671,8,19,970,297,3.3000000000000003,0.22
2001,10,23,11,30,933,83,720,8,20,970,296,3.7,0.22
2001,10,23,12,30,937,83,704,8,21,970,298,4,0.22
2001,10,23,13,30,906,84,619,8,22,970,303,4.2,0.22
2001,10,23,14,30,852,75,476,8,22,970,306,4.1000000000000005,0.22
2001,10,23,15,30,734,60,288,8,21,970,309,3.6,0.22
2001,10,23,16,30,442,34,88,8,19,970,308,2.2,0.22
2001,10,23,17,30,0,0,0,9,16,970,302,1.2000000000000002,0.22
2001,10,23,18,30,0,0,0,9,15,970,311,1,0.22
2001,10,23,19,30,0,0,0,9,14,970,319,1,0.22
2001,10,23,20,30,0,0,0,9,14,970,322,0.9,0.22
2001,10,23,21,30,0,0,0,9,14,970,326,0.8,0.22
2001,10,23,22,30,0,0,0,8,14,970,344,0.6000000000000001,0.22
2001,10,23,23,30,0,0,0,7,13,970,53,0.8,0.22
2001,10,24,0,30,0,0,0,6,12,970,98,1.1,0.22
2001,10,24,1,30,0,0,0,5,12,970,107,1.2000000000000002,0.22
2001,10,24,2,30,0,0,0,4,11,970,105,1.2000000000000002,0.22
2001,10,24,3,30,0,0,0,2,11,970,95,1.2000000000000002,0.22
2001,10,24,4,30,0,0,0,1,11,970,87,1.3,0.22
2001,10,24,5,30,0,0,0,0,11,970,86,1.4000000000000001,0.22
2001,10,24,6,30,0,20,20,-1,13,970,86,1.9000000000000001,0.22
2001,10,24,7,30,60,96,112,-3,18,970,87,2.9000000000000004,0.22
2001,10,24,8,30,404,149,320,-4,22,970,90,3.5,0.22
2001,10,24,9,30,900,82,582,-7,26,970,98,3.3000000000000003,0.22
2001,10,24,10,30,844,106,649,-9,29,970,110,2.8000000000000003,0.22
2001,10,24,11,30,611,207,621,-10,30,970,128,2.3000000000000003,0.22
2001,10,24,12,30,691,169,624,-10,31,970,152,1.8,0.22
2001,10,24,13,30,611,173,531,-9,31,970,192,1.6,0.22
2001,10,24,14,30,432,164,366,-8,30,970,238,1.8,0.22
2001,10,24,15,30,196,120,180,-8,28,970,271,1.4000000000000001,0.22
2001,10,24,16,30,233,41,68,-6,24,970,298,1,0.22
2001,10,24,17,30,0,0,0,-4,21,970,333,1,0.22
2001,10,24,18,30,0,0,0,-3,19,980,9,1,0.22
2001,10,24,19,30,0,0,0,-2,19,980,40,1.1,0.22
2001,10,24,20,30,0,0,0,-2,18,980,54,1.1,0.22
2001,10,24,21,30,0,0,0,-2,18,980,62,1.1,0.22
2001,10,24,22,30,0,0,0,-2,17,980,66,1.2000000000000002,0.22
2001,10,24,23,30,0,0,0,-2,17,980,68,1.2000000000000002,0.22
2001,10,25,0,30,0,0,0,-1,17,980,71,1.2000000000000002,0.22
2001,10,25,1,30,0,0,0,-1,17,980,75,1.3,0.22
2001,10,25,2,30,0,0,0,-2,17,980,79,1.3,0.22
2001,10,25,3,30,0,0,0,-2,17,980,82,1.3,0.22
2001,10,25,4,30,0,0,0,-2,16,980,85,1.4000000000000001,0.22
2001,10,25,5,30,0,0,0,-2,16,980,89,1.5,0.22
2001,10,25,6,30,191,21,31,-2,17,980,91,1.4000000000000001,0.22
2001,10,25,7,30,647,57,217,-2,20,980,90,2,0.22
2001,10,25,8,30,808,74,412,-3,25,980,94,2.5,0.22
2001,10,25,9,30,885,85,573,-4,28,980,109,2.1,0.22
2001,10,25,10,30,924,90,680,-5,31,980,133,1.8,0.22
2001,10,25,11,30,937,93,724,-5,32,980,161,1.6,0.22
2001,10,25,12,30,930,93,701,-5,32,980,178,1.5,0.22
2001,10,25,13,30,774,111,562,-5,33,980,193,1.2000000000000002,0.22
2001,10,25,14,30,770,77,433,-6,32,980,216,1.1,0.22
2001,10,25,15,30,494,83,232,-6,30,980,249,0.9,0.22
2001,10,25,16,30,64,40,47,-5,27,980,294,0.9,0.22
2001,10,25,17,30,0,0,0,-4,24,980,345,1,0.22
2001,10,25,18,30,0,0,0,-4,22,980,30,1.1,0.22
2001,10,25,19,30,0,0,0,-4,22,980,67,1.2000000000000002,0.22
2001,10,25,20,30,0,0,0,-4,21,980,92,1.3,0.22
2001,10,25,21,30,0,0,0,-5,20,980,101,1.4000000000000001,0.22
2001,10,25,22,30,0,0,0,-5,18,980,102,1.4000000000000001,0.22
2001,10,25,23,30,0,0,0,-5,17,980,100,1.4000000000000001,0.22
2001,10,26,0,30,0,0,0,-6,16,980,99,1.5,0.22
2001,10,26,1,30,0,0,0,-7,16,980,100,1.5,0.22
2001,10,26,2,30,0,0,0,-7,16,980,101,1.5,0.22
2001,10,26,3,30,0,0,0,-8,16,980,100,1.5,0.22
2001,10,26,4,30,0,0,0,-9,16,980,99,1.5,0.22
2001,10,26,5,30,0,0,0,-9,16,980,98,1.5,0.22
2001,10,26,6,30,173,20,28,-10,17,980,98,1.5,0.22
2001,10,26,7,30,612,61,211,-10,19,980,98,1.8,0.22
2001,10,26,8,30,783,81,405,-9,23,980,99,2.6,0.22
2001,10,26,9,30,872,90,567,-9,27,980,102,3,0.22
2001,10,26,10,30,917,94,675,-9,30,980,118,3,0.22
2001,10,26,11,30,940,93,722,-9,31,980,133,2.9000000000000004,0.22
2001,10,26,12,30,939,90,700,-9,32,980,138,2.9000000000000004,0.22
2001,10,26,13,30,896,90,608,-10,32,980,140,2.8000000000000003,0.22
2001,10,26,14,30,840,78,462,-10,31,980,140,2.5,0.22
2001,10,26,15,30,623,63,248,-10,29,980,136,1.7000000000000002,0.22
2001,10,26,16,30,66,38,45,-9,25,980,129,1,0.22
2001,10,26,17,30,0,0,0,-9,23,980,115,1.1,0.22
2001,10,26,18,30,0,0,0,-9,22,980,101,1.2000000000000002,0.22
2001,10,26,19,30,0,0,0,-8,22,980,91,1.1,0.22
2001,10,26,20,30,0,0,0,-8,22,980,86,1.1,0.22
2001,10,26,21,30,0,0,0,-8,22,980,74,1.1,0.22
2001,10,26,22,30,0,0,0,-7,22,980,60,1.1,0.22
2001,10,26,23,30,0,0,0,-7,22,980,44,1.1,0.22
2001,10,27,0,30,0,0,0,-7,22,980,30,1,0.22
2001,10,27,1,30,0,0,0,-7,21,980,11,0.8,0.22
2001,10,27,2,30,0,0,0,-7,20,980,339,0.8,0.22
2001,10,27,3,30,0,0,0,-6,19,980,325,0.8,0.22
2001,10,27,4,30,0,0,0,-6,19,980,340,0.8,0.22
2001,10,27,5,30,0,0,0,-5,19,980,3,0.8,0.22
2001,10,27,6,30,0,23,23,-4,19,980,24,0.8,0.22
2001,10,27,7,30,479,64,180,-4,20,980,43,0.7000000000000001,0.22
2001,10,27,8,30,142,179,238,-4,22,980,58,0.5,0.22
2001,10,27,9,30,660,134,492,-3,24,980,60,0.8,0.22
2001,10,27,10,30,433,249,521,0,27,980,244,1.5,0.22
2001,10,27,11,30,282,306,493,1,28,980,248,2.1,0.22
2001,10,27,12,30,514,229,560,1,29,970,255,2.4000000000000004,0.22
2001,10,27,13,30,598,165,508,2,29,970,262,2.5,0.22
2001,10,27,14,30,511,142,373,2,28,970,272,2.5,0.22
2001,10,27,15,30,356,98,203,3,26,970,289,2.1,0.22
2001,10,27,16,30,279,35,64,3,23,970,312,1.4000000000000001,0.22
2001,10,27,17,30,0,0,0,4,20,970,332,1,0.22
2001,10,27,18,30,0,0,0,4,19,970,346,0.9,0.22
2001,10,27,19,30,0,0,0,5,18,970,355,0.9,0.22
2001,10,27,20,30,0,0,0,5,17,980,349,1,0.22
2001,10,27,21,30,0,0,0,6,17,980,342,0.9,0.22
2001,10,27,22,30,0,0,0,6,16,980,345,0.9,0.22
2001,10,27,23,30,0,0,0,6,15,980,359,0.9,0.22
2001,10,28,0,30,0,0,0,7,14,980,11,1,0.22
2001,10,28,1,30,0,0,0,7,14,980,15,1,0.22
2001,10,28,2,30,0,0,0,7,14,980,7,1,0.22
2001,10,28,3,30,0,0,0,7,13,980,356,0.9,0.22
2001,10,28,4,30,0,0,0,7,13,980,0,0.9,0.22
2001,10,28,5,30,0,0,0,7,13,980,7,0.8,0.22
2001,10,28,6,30,187,17,26,7,13,980,1,0.9,0.22
2001,10,28,7,30,611,58,203,7,15,980,356,1.4000000000000001,0.22
2001,10,28,8,30,780,77,394,8,18,980,347,1.6,0.22
2001,10,28,9,30,862,88,553,7,20,980,327,1.6,0.22
2001,10,28,10,30,903,94,658,6,23,980,305,1.9000000000000001,0.22
2001,10,28,11,30,917,95,700,4,24,980,287,2.3000000000000003,0.22
2001,10,28,12,30,912,91,676,4,25,980,285,2.6,0.22
2001,10,28,13,30,877,87,586,3,26,980,290,2.7,0.22
2001,10,28,14,30,502,142,367,3,25,980,301,2.7,0.22
2001,10,28,15,30,684,62,259,3,24,980,310,2.5,0.22
2001,10,28,16,30,248,34,59,4,20,980,322,1.6,0.22
2001,10,28,17,30,0,0,0,5,17,980,342,0.9,0.22
2001,10,28,18,30,0,0,0,5,16,980,6,0.9,0.22
2001,10,28,19,30,0,0,0,6,15,980,16,0.9,0.22
2001,10,28,20,30,0,0,0,6,15,980,12,1,0.22
2001,10,28,21,30,0,0,0,6,15,980,9,0.9,0.22
2001,10,28,22,30,0,0,0,6,14,980,350,0.9,0.22
2001,10,28,23,30,0,0,0,7,14,980,338,0.8,0.22
2001,10,29,0,30,0,0,0,7,14,980,352,0.7000000000000001,0.22
2001,10,29,1,30,0,0,0,7,14,980,1,0.7000000000000001,0.22
2001,10,29,2,30,0,0,0,7,13,980,3,0.7000000000000001,0.22
2001,10,29,3,30,0,0,0,7,13,980,351,0.7000000000000001,0.22
2001,10,29,4,30,0,0,0,8,12,980,342,0.8,0.22
2001,10,29,5,30,0,0,0,8,11,980,344,0.9,0.22
2001,10,29,6,30,0,24,24,8,12,980,357,0.9,0.22
2001,10,29,7,30,406,70,165,8,14,980,21,1.1,0.22
2001,10,29,8,30,487,125,321,8,16,980,14,1.2000000000000002,0.22
2001,10,29,9,30,278,231,380,8,18,980,358,1.1,0.22
2001,10,29,10,30,300,276,463,7,20,980,332,1.1,0.22
2001,10,29,11,30,0,142,142,7,21,980,304,1.6,0.22
2001,10,29,12,30,292,287,473,6,21,980,295,2,0.22
2001,10,29,13,30,433,214,458,7,21,980,293,2.1,0.22
2001,10,29,14,30,0,50,50,7,20,980,294,1.7000000000000002,0.22
2001,10,29,15,30,7,101,103,7,18,980,303,1,0.22
2001,10,29,16,30,0,26,26,8,17,980,342,0.6000000000000001,0.22
2001,10,29,17,30,0,0,0,8,15,980,34,0.6000000000000001,0.22
2001,10,29,18,30,0,0,0,9,15,980,57,0.8,0.22
2001,10,29,19,30,0,0,0,8,15,980,66,0.9,0.22
2001,10,29,20,30,0,0,0,7,15,980,70,0.8,0.22
2001,10,29,21,30,0,0,0,7,16,980,69,0.5,0.22
2001,10,29,22,30,0,0,0,7,16,980,39,0.4,0.22
2001,10,29,23,30,0,0,0,7,16,980,335,0.6000000000000001,0.22
2001,10,30,0,30,0,0,0,7,15,980,349,0.7000000000000001,0.22
2001,10,30,1,30,0,0,0,7,15,980,9,0.8,0.22
2001,10,30,2,30,0,0,0,7,15,980,25,0.8,0.22
2001,10,30,3,30,0,0,0,6,15,980,52,0.8,0.22
2001,10,30,4,30,0,0,0,6,15,980,80,0.8,0.22
2001,10,30,5,30,0,0,0,6,15,980,109,0.7000000000000001,0.22
2001,10,30,6,30,0,6,6,6,15,980,163,0.4,0.22
2001,10,30,7,30,0,19,19,7,16,980,200,0.4,0.22
2001,10,30,8,30,0,41,41,8,17,980,16,0.7000000000000001,0.22
2001,10,30,9,30,0,88,88,8,17,980,10,1,0.22
2001,10,30,10,30,0,115,115,9,17,980,41,1,0.22
2001,10,30,11,30,0,115,115,10,17,980,80,1,0.22
2001,10,30,12,30,0,147,147,11,18,980,117,1.1,0.22
2001,10,30,13,30,0,58,58,11,18,980,151,1.2000000000000002,0.22
2001,10,30,14,30,0,117,117,12,18,980,192,1.4000000000000001,0.22
2001,10,30,15,30,0,61,61,13,17,980,272,2,0.22
2001,10,30,16,30,0,19,19,13,16,980,311,2.6,0.22
2001,10,30,17,30,0,0,0,11,15,980,325,2.6,0.22
2001,10,30,18,30,0,0,0,11,14,980,341,1.8,0.22
2001,10,30,19,30,0,0,0,9,13,980,14,1,0.22
2001,10,30,20,30,0,0,0,9,13,980,57,0.8,0.22
2001,10,30,21,30,0,0,0,7,12,980,86,0.8,0.22
2001,10,30,22,30,0,0,0,5,12,980,108,0.7000000000000001,0.22
2001,10,30,23,30,0,0,0,5,12,980,122,0.4,0.22
2001,10,31,0,30,0,0,0,4,12,980,169,0.30000000000000004,0.22
2001,10,31,1,30,0,0,0,4,11,980,227,0.30000000000000004,0.22
2001,10,31,2,30,0,0,0,5,11,980,231,0.2,0.22
2001,10,31,3,30,0,0,0,6,10,980,157,0.30000000000000004,0.22
2001,10,31,4,30,0,0,0,6,10,980,150,0.4,0.22
2001,10,31,5,30,0,0,0,6,10,980,160,0.4,0.22
2001,10,31,6,30,184,14,20,7,10,980,162,0.4,0.22
2001,10,31,7,30,587,56,189,8,12,980,165,0.7000000000000001,0.22
2001,10,31,8,30,21,148,157,9,14,980,294,1.5,0.22
2001,10,31,9,30,0,84,84,10,16,980,302,2.3000000000000003,0.22
2001,10,31,10,30,0,141,141,9,18,980,298,2.8000000000000003,0.22
2001,10,31,11,30,0,144,144,8,19,980,293,3.3000000000000003,0.22
2001,10,31,12,30,18,229,241,8,20,980,291,3.5,0.22
2001,10,31,13,30,182,254,356,8,20,980,292,3.4000000000000004,0.22
2001,10,31,14,30,32,170,185,8,19,980,293,3.1,0.22
2001,10,31,15,30,73,109,129,8,18,980,294,2.6,0.22
2001,10,31,16,30,267,31,55,7,18,970,183,1.1,0.21
2001,10,31,17,30,0,0,0,8,16,970,172,0.9,0.21
2001,10,31,18,30,0,0,0,9,16,970,181,0.8,0.21
2001,10,31,19,30,0,0,0,10,15,970,199,0.7000000000000001,0.21
2001,10,31,20,30,0,0,0,11,15,970,200,0.6000000000000001,0.21
2001,10,31,21,30,0,0,0,11,14,970,190,0.7000000000000001,0.21
2001,10,31,22,30,0,0,0,11,14,970,190,1.2000000000000002,0.21
2001,10,31,23,30,0,0,0,11,14,970,189,1.4000000000000001,0.21
2014,11,1,0,30,0,0,0,10,14,970,196,1.7000000000000002,0.21
2014,11,1,1,30,0,0,0,9,13,970,224,2.6,0.21
2014,11,1,2,30,0,0,0,9,12,970,256,3.7,0.21
2014,11,1,3,30,0,0,0,8,11,970,270,4.1000000000000005,0.21
2014,11,1,4,30,0,0,0,8,10,970,278,3.7,0.21
2014,11,1,5,30,0,0,0,7,10,970,282,3,0.21
2014,11,1,6,30,0,4,4,7,10,970,285,2.7,0.21
2014,11,1,7,30,0,45,45,7,10,970,288,2.6,0.21
2014,11,1,8,30,73,162,191,6,11,970,285,2.6,0.21
2014,11,1,9,30,34,209,227,6,11,970,280,2.6,0.21
2014,11,1,10,30,763,126,591,5,12,970,285,2.6,0.21
2014,11,1,11,30,545,215,566,5,13,970,291,2.8000000000000003,0.21
2014,11,1,12,30,39,259,283,5,14,970,290,3,0.21
2014,11,1,13,30,348,229,421,5,14,970,293,3.1,0.21
2014,11,1,14,30,25,165,176,4,13,970,301,3.1,0.21
2014,11,1,15,30,38,104,115,4,12,970,308,2.8000000000000003,0.21
2014,11,1,16,30,0,17,17,4,11,970,312,1.9000000000000001,0.21
2014,11,1,17,30,0,0,0,5,10,970,309,1.1,0.21
2014,11,1,18,30,0,0,0,5,10,970,306,1.1,0.21
2014,11,1,19,30,0,0,0,5,9,970,305,1.2000000000000002,0.21
2014,11,1,20,30,0,0,0,5,8,970,302,1.2000000000000002,0.21
2014,11,1,21,30,0,0,0,4,8,970,300,1.2000000000000002,0.21
2014,11,1,22,30,0,0,0,4,7,970,301,1.1,0.21
2014,11,1,23,30,0,0,0,4,7,970,298,1,0.21
2014,11,2,0,30,0,0,0,4,6,970,295,0.9,0.21
2014,11,2,1,30,0,0,0,2,6,970,289,0.9,0.21
2014,11,2,2,30,0,0,0,2,6,970,285,0.9,0.21
2014,11,2,3,30,0,0,0,2,6,970,285,0.9,0.21
2014,11,2,4,30,0,0,0,2,6,970,283,0.9,0.21
2014,11,2,5,30,0,0,0,2,6,980,288,0.8,0.21
2014,11,2,6,30,0,4,4,4,7,980,299,1,0.21
2014,11,2,7,30,0,46,46,5,9,980,310,1.7000000000000002,0.21
2014,11,2,8,30,720,88,367,5,11,980,322,2.5,0.21
2014,11,2,9,30,0,103,103,5,14,980,312,2.9000000000000004,0.21
2014,11,2,10,30,0,99,99,4,15,980,300,3.3000000000000003,0.21
2014,11,2,11,30,427,257,530,4,16,980,292,3.7,0.21
2014,11,2,12,30,1,170,171,4,17,980,291,3.9000000000000004,0.21
2014,11,2,13,30,0,142,142,4,17,980,293,3.8000000000000003,0.21
2014,11,2,14,30,0,116,116,3,16,980,297,3.5,0.21
2014,11,2,15,30,104,107,135,3,15,980,301,2.9000000000000004,0.21
2014,11,2,16,30,358,26,56,3,12,980,302,1.7000000000000002,0.21
2014,11,2,17,30,0,0,0,4,10,980,301,1,0.21
2014,11,2,18,30,0,0,0,4,9,980,311,1,0.21
2014,11,2,19,30,0,0,0,4,9,980,330,1,0.21
2014,11,2,20,30,0,0,0,4,9,980,346,1,0.21
2014,11,2,21,30,0,0,0,3,8,980,355,0.9,0.21
2014,11,2,22,30,0,0,0,3,8,980,360,0.9,0.21
2014,11,2,23,30,0,0,0,3,8,980,357,0.9,0.21
2014,11,3,0,30,0,0,0,2,8,980,4,0.7000000000000001,0.21
2014,11,3,1,30,0,0,0,2,8,980,34,0.6000000000000001,0.21
2014,11,3,2,30,0,0,0,2,7,980,97,0.7000000000000001,0.21
2014,11,3,3,30,0,0,0,1,7,980,110,0.8,0.21
2014,11,3,4,30,0,0,0,1,7,980,113,1,0.21
2014,11,3,5,30,0,0,0,0,6,980,107,1.2000000000000002,0.21
2014,11,3,6,30,190,11,16,-1,7,980,108,1.1,0.21
2014,11,3,7,30,673,47,193,0,10,980,107,1.5,0.21
2014,11,3,8,30,836,64,386,-2,14,980,108,1.5,0.21
2014,11,3,9,30,905,76,543,-5,17,980,114,1.1,0.21
2014,11,3,10,30,928,88,645,-6,18,980,241,1.5,0.21
2014,11,3,11,30,931,93,684,-5,19,980,255,2.1,0.21
2014,11,3,12,30,920,91,658,-5,20,980,262,2.4000000000000004,0.21
2014,11,3,13,30,887,85,568,-4,21,980,271,2.5,0.21
2014,11,3,14,30,816,75,422,-4,20,980,279,2.5,0.21
2014,11,3,15,30,673,59,238,-3,18,980,285,2,0.21
2014,11,3,16,30,318,26,51,1,14,980,296,1.3,0.21
2014,11,3,17,30,0,0,0,2,11,980,318,1.1,0.21
2014,11,3,18,30,0,0,0,2,11,980,350,1,0.21
2014,11,3,19,30,0,0,0,1,11,980,23,0.9,0.21
2014,11,3,20,30,0,0,0,1,11,980,57,0.9,0.21
2014,11,3,21,30,0,0,0,1,10,980,91,1.1,0.21
2014,11,3,22,30,0,0,0,0,10,980,106,1.2000000000000002,0.21
2014,11,3,23,30,0,0,0,0,9,980,106,1.3,0.21
2014,11,4,0,30,0,0,0,0,9,980,100,1.3,0.21
2014,11,4,1,30,0,0,0,0,9,980,96,1.3,0.21
2014,11,4,2,30,0,0,0,-1,10,980,91,1.3,0.21
2014,11,4,3,30,0,0,0,-1,9,980,87,1.3,0.21
2014,11,4,4,30,0,0,0,-2,9,980,91,1.4000000000000001,0.21
2014,11,4,5,30,0,0,0,-2,8,980,98,1.5,0.21
2014,11,4,6,30,109,11,13,-3,9,980,102,1.3,0.21
2014,11,4,7,30,611,51,181,0,13,980,100,1.5,0.21
2014,11,4,8,30,787,70,369,-2,18,980,98,1.6,0.21
2014,11,4,9,30,867,81,524,-5,21,980,108,1.1,0.21
2014,11,4,10,30,913,83,628,-6,24,980,172,1.1,0.21
2014,11,4,11,30,923,86,668,-6,25,980,235,1.6,0.21
2014,11,4,12,30,914,84,643,-5,26,980,254,1.9000000000000001,0.21
2014,11,4,13,30,878,80,555,-5,26,980,266,1.9000000000000001,0.21
2014,11,4,14,30,811,71,412,-4,25,980,269,1.8,0.21
2014,11,4,15,30,276,94,167,-3,22,980,271,1.2000000000000002,0.21
2014,11,4,16,30,320,25,49,5,18,980,290,0.9,0.21
2014,11,4,17,30,0,0,0,3,16,980,328,1,0.21
2014,11,4,18,30,0,0,0,2,15,980,14,0.9,0.21
2014,11,4,19,30,0,0,0,2,15,980,41,0.8,0.21
2014,11,4,20,30,0,0,0,1,15,980,69,0.6000000000000001,0.21
2014,11,4,21,30,0,0,0,1,14,980,96,0.6000000000000001,0.21
2014,11,4,22,30,0,0,0,1,13,980,91,0.7000000000000001,0.21
2014,11,4,23,30,0,0,0,1,13,980,86,0.9,0.21
2014,11,5,0,30,0,0,0,1,13,980,89,1.1,0.21
2014,11,5,1,30,0,0,0,0,13,980,90,1.2000000000000002,0.21
2014,11,5,2,30,0,0,0,0,13,980,87,1.2000000000000002,0.21
2014,11,5,3,30,0,0,0,0,14,980,84,1.2000000000000002,0.21
2014,11,5,4,30,0,0,0,0,14,980,85,1.2000000000000002,0.21
2014,11,5,5,30,0,0,0,0,14,980,85,1.2000000000000002,0.21
2014,11,5,6,30,134,10,12,0,14,980,85,1.1,0.21
2014,11,5,7,30,631,45,178,3,17,980,93,1.4000000000000001,0.21
2014,11,5,8,30,806,62,365,2,21,980,107,2.1,0.21
2014,11,5,9,30,888,70,520,0,25,980,119,2.5,0.21
2014,11,5,10,30,923,76,623,2,28,980,130,2.5,0.21
2014,11,5,11,30,936,78,664,3,29,980,136,2.3000000000000003,0.21
2014,11,5,12,30,927,77,640,3,30,980,140,2,0.21
2014,11,5,13,30,883,78,551,3,30,980,143,1.8,0.21
2014,11,5,14,30,817,69,410,3,29,980,144,1.4000000000000001,0.21
2014,11,5,15,30,680,54,230,4,26,980,149,0.8,0.21
2014,11,5,16,30,324,24,47,9,24,980,166,0.5,0.21
2014,11,5,17,30,0,0,0,5,22,980,156,0.6000000000000001,0.21
2014,11,5,18,30,0,0,0,5,21,980,116,0.8,0.21
2014,11,5,19,30,0,0,0,5,19,980,104,1,0.21
2014,11,5,20,30,0,0,0,4,19,980,106,1.2000000000000002,0.21
2014,11,5,21,30,0,0,0,4,18,980,109,1.3,0.21
2014,11,5,22,30,0,0,0,4,17,980,109,1.4000000000000001,0.21
2014,11,5,23,30,0,0,0,4,17,980,105,1.4000000000000001,0.21
2014,11,6,0,30,0,0,0,4,17,980,101,1.5,0.21
2014,11,6,1,30,0,0,0,4,17,980,94,1.5,0.21
2014,11,6,2,30,0,0,0,3,17,980,91,1.5,0.21
2014,11,6,3,30,0,0,0,3,16,980,91,1.5,0.21
2014,11,6,4,30,0,0,0,3,16,980,94,1.5,0.21
2014,11,6,5,30,0,0,0,3,15,980,100,1.6,0.21
2014,11,6,6,30,0,0,0,3,16,980,105,1.5,0.21
2014,11,6,7,30,592,51,173,5,19,980,108,2,0.21
2014,11,6,8,30,779,70,360,4,23,980,110,3,0.21
2014,11,6,9,30,865,80,516,2,26,980,111,3.1,0.21
2014,11,6,10,30,919,81,622,1,28,980,113,2.4000000000000004,0.21
2014,11,6,11,30,932,83,663,1,29,980,116,1.2000000000000002,0.21
2014,11,6,12,30,925,81,639,1,30,980,127,0.7000000000000001,0.21
2014,11,6,13,30,896,75,552,1,30,980,283,1.2000000000000002,0.21
2014,11,6,14,30,830,66,410,1,29,980,294,1.6,0.21
2014,11,6,15,30,693,51,229,3,26,980,301,1.2000000000000002,0.21
2014,11,6,16,30,336,22,46,9,22,980,310,1,0.21
2014,11,6,17,30,0,0,0,7,20,980,329,1,0.21
2014,11,6,18,30,0,0,0,6,20,980,4,1,0.21
2014,11,6,19,30,0,0,0,6,19,980,39,0.9,0.21
2014,11,6,20,30,0,0,0,6,19,980,63,0.8,0.21
2014,11,6,21,30,0,0,0,5,19,980,81,0.8,0.21
2014,11,6,22,30,0,0,0,5,19,980,94,0.7000000000000001,0.21
2014,11,6,23,30,0,0,0,4,19,980,96,0.5,0.21
2014,11,7,0,30,0,0,0,4,18,980,80,0.5,0.21
2014,11,7,1,30,0,0,0,4,17,980,51,0.5,0.21
2014,11,7,2,30,0,0,0,4,16,980,46,0.6000000000000001,0.21
2014,11,7,3,30,0,0,0,4,16,980,56,0.7000000000000001,0.21
2014,11,7,4,30,0,0,0,4,15,980,72,0.8,0.21
2014,11,7,5,30,0,0,0,4,14,980,89,0.8,0.21
2014,11,7,6,30,0,0,0,4,14,980,100,0.9,0.21
2014,11,7,7,30,622,46,172,6,17,980,104,1,0.21
2014,11,7,8,30,801,63,359,5,20,980,102,0.9,0.21
2014,11,7,9,30,885,73,515,4,23,980,98,0.6000000000000001,0.21
2014,11,7,10,30,922,80,619,3,26,980,304,1,0.21
2014,11,7,11,30,937,82,661,2,27,980,286,1.9000000000000001,0.21
2014,11,7,12,30,930,80,638,2,28,980,284,2.5,0.21
2014,11,7,13,30,891,78,549,2,27,980,285,2.7,0.21
2014,11,7,14,30,822,69,407,3,26,980,285,2.7,0.21
2014,11,7,15,30,679,54,225,4,23,980,286,1.8,0.21
2014,11,7,16,30,311,22,43,8,19,980,290,1,0.21
2014,11,7,17,30,0,0,0,8,17,980,310,0.8,0.21
2014,11,7,18,30,0,0,0,7,16,980,4,0.8,0.21
2014,11,7,19,30,0,0,0,7,16,980,48,0.9,0.21
2014,11,7,20,30,0,0,0,7,16,980,67,1,0.21
2014,11,7,21,30,0,0,0,6,16,980,78,1.1,0.21
2014,11,7,22,30,0,0,0,6,16,980,82,1.2000000000000002,0.21
2014,11,7,23,30,0,0,0,6,16,980,84,1.2000000000000002,0.21
2014,11,8,0,30,0,0,0,5,15,980,88,1.3,0.21
2014,11,8,1,30,0,0,0,5,15,980,91,1.4000000000000001,0.21
2014,11,8,2,30,0,0,0,4,15,980,91,1.5,0.21
2014,11,8,3,30,0,0,0,4,14,980,91,1.5,0.21
2014,11,8,4,30,0,0,0,3,14,980,92,1.5,0.21
2014,11,8,5,30,0,0,0,3,14,980,91,1.6,0.21
2014,11,8,6,30,0,0,0,2,15,980,92,1.5,0.21
2014,11,8,7,30,577,49,164,4,19,980,92,1.5,0.21
2014,11,8,8,30,764,68,348,5,24,980,93,2.1,0.21
2014,11,8,9,30,849,80,500,2,27,980,99,2.6,0.21
2014,11,8,10,30,889,86,603,1,30,980,113,2.5,0.21
2014,11,8,11,30,902,89,643,0,31,980,131,2.2,0.21
2014,11,8,12,30,891,88,619,0,32,980,147,1.9000000000000001,0.21
2014,11,8,13,30,859,82,533,0,32,980,155,1.6,0.21
2014,11,8,14,30,787,73,393,0,31,980,165,1,0.21
2014,11,8,15,30,637,56,215,3,28,980,191,0.5,0.21
2014,11,8,16,30,252,23,39,9,26,980,263,0.4,0.22
2014,11,8,17,30,0,0,0,4,24,980,10,0.6000000000000001,0.22
2014,11,8,18,30,0,0,0,5,22,980,66,1,0.22
2014,11,8,19,30,0,0,0,5,21,980,87,1.2000000000000002,0.22
2014,11,8,20,30,0,0,0,5,20,980,98,1.3,0.22
2014,11,8,21,30,0,0,0,4,19,980,98,1.4000000000000001,0.22
2014,11,8,22,30,0,0,0,4,18,980,94,1.4000000000000001,0.22
2014,11,8,23,30,0,0,0,4,18,980,90,1.4000000000000001,0.22
2014,11,9,0,30,0,0,0,4,17,980,88,1.4000000000000001,0.22
2014,11,9,1,30,0,0,0,4,17,980,86,1.3,0.22
2014,11,9,2,30,0,0,0,4,16,980,84,1.3,0.22
2014,11,9,3,30,0,0,0,3,16,970,85,1.4000000000000001,0.22
2014,11,9,4,30,0,0,0,3,16,970,86,1.4000000000000001,0.22
2014,11,9,5,30,0,0,0,2,16,970,88,1.4000000000000001,0.22
2014,11,9,6,30,0,0,0,2,16,970,90,1.2000000000000002,0.22
2014,11,9,7,30,557,50,159,4,19,970,92,1.4000000000000001,0.22
2014,11,9,8,30,753,70,342,3,23,970,95,1.7000000000000002,0.22
2014,11,9,9,30,843,82,496,1,27,970,109,1.2000000000000002,0.22
2014,11,9,10,30,899,83,602,0,29,970,201,1.1,0.22
2014,11,9,11,30,916,85,644,-1,30,970,252,1.9000000000000001,0.22
2014,11,9,12,30,911,82,621,-1,30,970,272,2.5,0.22
2014,11,9,13,30,883,76,536,0,29,970,286,3,0.22
2014,11,9,14,30,818,66,396,0,28,970,300,3.1,0.22
2014,11,9,15,30,682,50,218,1,25,970,312,2.3000000000000003,0.22
2014,11,9,16,30,324,20,40,5,20,970,321,1.2000000000000002,0.22
2014,11,9,17,30,0,0,0,7,18,970,335,1,0.22
2014,11,9,18,30,0,0,0,6,18,970,354,0.7000000000000001,0.22
2014,11,9,19,30,0,0,0,5,18,970,20,0.4,0.22
2014,11,9,20,30,0,0,0,4,17,970,180,0.6000000000000001,0.22
2014,11,9,21,30,0,0,0,4,16,970,196,0.8,0.22
2014,11,9,22,30,0,0,0,4,15,970,202,0.8,0.22
2014,11,9,23,30,0,0,0,4,15,970,218,0.7000000000000001,0.22
2014,11,10,0,30,0,0,0,5,14,970,253,0.7000000000000001,0.22
2014,11,10,1,30,0,0,0,5,14,970,287,0.5,0.22
2014,11,10,2,30,0,0,0,5,13,970,328,0.30000000000000004,0.22
2014,11,10,3,30,0,0,0,5,12,970,88,0.5,0.22
2014,11,10,4,30,0,0,0,5,11,970,115,0.7000000000000001,0.22
2014,11,10,5,30,0,0,0,5,11,970,129,0.7000000000000001,0.22
2014,11,10,6,30,0,0,0,5,12,970,139,0.6000000000000001,0.22
2014,11,10,7,30,621,43,162,6,14,970,140,0.5,0.22
2014,11,10,8,30,798,61,347,6,17,970,283,1.2000000000000002,0.22
2014,11,10,9,30,880,72,501,6,19,970,293,2.2,0.22
2014,11,10,10,30,921,78,605,6,20,970,287,2.6,0.22
2014,11,10,11,30,938,80,649,6,21,970,284,2.7,0.22
2014,11,10,12,30,934,78,628,6,22,970,289,2.7,0.22
2014,11,10,13,30,899,75,541,6,22,970,296,2.8000000000000003,0.22
2014,11,10,14,30,831,67,399,6,21,970,303,2.7,0.22
2014,11,10,15,30,685,51,218,6,19,970,308,2,0.22
2014,11,10,16,30,302,20,38,7,16,970,312,1.2000000000000002,0.22
2014,11,10,17,30,0,0,0,8,15,970,329,0.8,0.22
2014,11,10,18,30,0,0,0,7,14,970,6,0.6000000000000001,0.22
2014,11,10,19,30,0,0,0,7,14,970,52,0.5,0.22
2014,11,10,20,30,0,0,0,7,14,970,106,0.5,0.22
2014,11,10,21,30,0,0,0,7,13,970,168,0.5,0.22
2014,11,10,22,30,0,0,0,8,13,970,207,0.6000000000000001,0.22
2014,11,10,23,30,0,0,0,8,12,970,247,0.6000000000000001,0.22
2014,11,11,0,30,0,0,0,8,12,970,277,0.7000000000000001,0.22
2014,11,11,1,30,0,0,0,8,11,970,293,0.7000000000000001,0.22
2014,11,11,2,30,0,0,0,8,11,970,304,0.8,0.22
2014,11,11,3,30,0,0,0,8,11,970,314,0.9,0.22
2014,11,11,4,30,0,0,0,8,11,970,322,0.9,0.22
2014,11,11,5,30,0,0,0,8,11,970,328,0.9,0.22
2014,11,11,6,30,0,0,0,8,11,970,329,0.9,0.22
2014,11,11,7,30,368,70,140,9,13,970,334,1.5,0.22
2014,11,11,8,30,246,141,228,10,15,970,329,2.2,0.22
2014,11,11,9,30,406,182,378,10,16,970,322,2.6,0.22
2014,11,11,10,30,562,178,498,10,17,970,317,2.9000000000000004,0.22
2014,11,11,11,30,428,239,497,10,18,970,309,3.1,0.22
2014,11,11,12,30,318,254,440,10,17,970,304,3,0.22
2014,11,11,13,30,335,212,384,10,17,970,306,2.7,0.22
2014,11,11,14,30,319,153,280,10,16,970,313,2.4000000000000004,0.22
2014,11,11,15,30,0,40,40,10,15,970,319,2,0.22
2014,11,11,16,30,0,6,6,10,14,970,322,1.4000000000000001,0.22
2014,11,11,17,30,0,0,0,9,13,970,327,1.2000000000000002,0.22
2014,11,11,18,30,0,0,0,9,13,970,338,1.1,0.22
2014,11,11,19,30,0,0,0,9,13,970,345,0.9,0.22
2014,11,11,20,30,0,0,0,9,12,970,0,0.5,0.22
2014,11,11,21,30,0,0,0,9,12,970,313,0.6000000000000001,0.22
2014,11,11,22,30,0,0,0,9,12,970,276,1.1,0.22
2014,11,11,23,30,0,0,0,9,12,970,274,1.4000000000000001,0.22
2014,11,12,0,30,0,0,0,9,12,970,286,1.7000000000000002,0.22
2014,11,12,1,30,0,0,0,9,12,970,290,1.8,0.22
2014,11,12,2,30,0,0,0,9,12,970,290,1.7000000000000002,0.22
2014,11,12,3,30,0,0,0,9,12,970,287,1.6,0.22
2014,11,12,4,30,0,0,0,9,12,970,283,1.6,0.22
2014,11,12,5,30,0,0,0,9,12,970,283,1.5,0.22
2014,11,12,6,30,0,0,0,9,13,970,285,1.5,0.22
2014,11,12,7,30,401,65,139,9,13,970,290,1.7000000000000002,0.22
2014,11,12,8,30,0,98,98,10,14,970,308,1.9000000000000001,0.22
2014,11,12,9,30,125,213,274,9,15,970,310,2,0.22
2014,11,12,10,30,32,226,244,9,16,970,296,2.3000000000000003,0.22
2014,11,12,11,30,114,279,348,9,17,970,294,2.6,0.22
2014,11,12,12,30,46,245,272,9,18,970,294,2.7,0.22
2014,11,12,13,30,53,217,245,8,18,970,298,2.7,0.22
2014,11,12,14,30,777,73,379,8,18,970,302,2.4000000000000004,0.22
2014,11,12,15,30,635,54,204,7,17,970,305,1.9000000000000001,0.22
2014,11,12,16,30,250,19,33,8,14,970,305,1.2000000000000002,0.22
2014,11,12,17,30,0,0,0,8,12,970,312,0.8,0.22
2014,11,12,18,30,0,0,0,8,12,970,326,0.6000000000000001,0.22
2014,11,12,19,30,0,0,0,8,11,970,330,0.30000000000000004,0.22
2014,11,12,20,30,0,0,0,8,11,980,231,0.30000000000000004,0.22
2014,11,12,21,30,0,0,0,8,11,980,194,0.5,0.22
2014,11,12,22,30,0,0,0,8,11,980,204,0.6000000000000001,0.22
2014,11,12,23,30,0,0,0,7,11,980,212,0.6000000000000001,0.22
2014,11,13,0,30,0,0,0,7,11,980,217,0.6000000000000001,0.22
2014,11,13,1,30,0,0,0,7,11,980,234,0.6000000000000001,0.22
2014,11,13,2,30,0,0,0,7,11,980,266,0.6000000000000001,0.22
2014,11,13,3,30,0,0,0,7,10,980,290,0.7000000000000001,0.22
2014,11,13,4,30,0,0,0,6,10,980,337,0.7000000000000001,0.22
2014,11,13,5,30,0,0,0,6,10,980,353,0.8,0.22
2014,11,13,6,30,0,0,0,5,11,980,351,0.8,0.22
2014,11,13,7,30,0,53,53,6,13,980,0,0.9,0.22
2014,11,13,8,30,698,73,315,7,15,980,10,1.5,0.22
2014,11,13,9,30,788,88,463,9,16,980,315,2.3000000000000003,0.22
2014,11,13,10,30,272,249,402,10,17,980,310,2.7,0.22
2014,11,13,11,30,431,234,490,10,17,980,320,2.7,0.22
2014,11,13,12,30,274,258,416,11,17,980,323,2.6,0.22
2014,11,13,13,30,367,202,388,11,17,980,318,2.2,0.22
2014,11,13,14,30,700,89,363,11,17,980,310,2,0.22
2014,11,13,15,30,561,63,195,11,16,980,294,1.6,0.22
2014,11,13,16,30,150,21,29,11,15,980,291,1,0.22
2014,11,13,17,30,0,0,0,11,14,980,299,0.8,0.22
2014,11,13,18,30,0,0,0,11,14,980,303,0.8,0.22
2014,11,13,19,30,0,0,0,9,13,980,300,0.7000000000000001,0.22
2014,11,13,20,30,0,0,0,9,13,980,294,0.6000000000000001,0.22
2014,11,13,21,30,0,0,0,9,13,980,297,0.6000000000000001,0.22
2014,11,13,22,30,0,0,0,9,13,980,320,0.6000000000000001,0.22
2014,11,13,23,30,0,0,0,9,13,980,327,0.6000000000000001,0.22
2014,11,14,0,30,0,0,0,9,13,980,313,0.7000000000000001,0.22
2014,11,14,1,30,0,0,0,9,13,970,299,1,0.22
2014,11,14,2,30,0,0,0,9,13,970,296,1.3,0.22
2014,11,14,3,30,0,0,0,9,13,970,308,1.7000000000000002,0.22
2014,11,14,4,30,0,0,0,9,13,980,314,1.8,0.22
2014,11,14,5,30,0,0,0,9,12,980,312,1.8,0.22
2014,11,14,6,30,0,0,0,9,12,980,309,2,0.22
2014,11,14,7,30,0,27,27,9,13,980,313,2.4000000000000004,0.22
2014,11,14,8,30,0,70,70,10,14,980,317,2.7,0.22
2014,11,14,9,30,0,126,126,9,16,980,314,3,0.22
2014,11,14,10,30,4,176,178,9,18,980,309,3.4000000000000004,0.22
2014,11,14,11,30,7,191,196,8,19,980,303,3.8000000000000003,0.22
2014,11,14,12,30,0,152,152,8,19,980,301,4.1000000000000005,0.22
2014,11,14,13,30,58,215,245,7,20,980,303,4.2,0.22
2014,11,14,14,30,798,68,377,7,19,970,306,4,0.22
2014,11,14,15,30,138,89,121,7,18,970,308,3,0.22
2014,11,14,16,30,218,19,29,7,15,980,308,1.6,0.22
2014,11,14,17,30,0,0,0,7,13,980,307,1.2000000000000002,0.22
2014,11,14,18,30,0,0,0,7,12,980,310,1.2000000000000002,0.22
2014,11,14,19,30,0,0,0,7,11,980,313,1.2000000000000002,0.22
2014,11,14,20,30,0,0,0,7,11,980,316,1.2000000000000002,0.22
2014,11,14,21,30,0,0,0,7,11,980,321,1.1,0.22
2014,11,14,22,30,0,0,0,7,11,980,328,1,0.22
2014,11,14,23,30,0,0,0,8,10,980,328,1,0.22
2014,11,15,0,30,0,0,0,7,10,980,320,0.9,0.22
2014,11,15,1,30,0,0,0,6,9,980,304,0.9,0.22
2014,11,15,2,30,0,0,0,6,9,980,294,0.9,0.22
2014,11,15,3,30,0,0,0,6,9,980,296,0.9,0.22
2014,11,15,4,30,0,0,0,6,9,980,298,0.8,0.22
2014,11,15,5,30,0,0,0,7,10,980,294,0.8,0.22
2014,11,15,6,30,0,0,0,7,10,980,300,0.9,0.22
2014,11,15,7,30,391,61,129,8,11,980,312,1.2000000000000002,0.22
2014,11,15,8,30,4,119,121,8,12,980,308,2,0.22
2014,11,15,9,30,162,208,284,7,14,980,309,2.8000000000000003,0.22
2014,11,15,10,30,55,240,270,7,15,980,305,3.4000000000000004,0.22
2014,11,15,11,30,862,98,605,6,16,980,301,3.9000000000000004,0.22
2014,11,15,12,30,856,95,583,5,17,980,301,4.1000000000000005,0.22
2014,11,15,13,30,848,79,504,5,17,980,302,4.1000000000000005,0.22
2014,11,15,14,30,66,160,185,4,16,980,302,4,0.22
2014,11,15,15,30,49,87,98,4,15,980,304,3.2,0.22
2014,11,15,16,30,211,18,28,4,12,980,306,2,0.22
2014,11,15,17,30,0,0,0,5,10,980,306,1.4000000000000001,0.22
2014,11,15,18,30,0,0,0,4,10,980,308,1.4000000000000001,0.22
2014,11,15,19,30,0,0,0,4,10,980,308,1.3,0.22
2014,11,15,20,30,0,0,0,4,9,980,306,1.3,0.22
2014,11,15,21,30,0,0,0,4,9,980,306,1.2000000000000002,0.22
2014,11,15,22,30,0,0,0,4,9,980,310,1.1,0.22
2014,11,15,23,30,0,0,0,4,9,980,327,0.8,0.22
2014,11,16,0,30,0,0,0,5,9,980,349,0.30000000000000004,0.22
2014,11,16,1,30,0,0,0,5,8,980,305,0.30000000000000004,0.22
2014,11,16,2,30,0,0,0,4,8,980,187,0.7000000000000001,0.22
2014,11,16,3,30,0,0,0,4,8,980,166,1,0.22
2014,11,16,4,30,0,0,0,4,7,980,143,1.1,0.22
2014,11,16,5,30,0,0,0,2,6,980,126,1.2000000000000002,0.22
2014,11,16,6,30,0,0,0,2,7,980,116,1.4000000000000001,0.22
2014,11,16,7,30,585,43,143,0,10,980,117,2.6,0.22
2014,11,16,8,30,807,61,332,-3,13,980,116,4.1000000000000005,0.22
2014,11,16,9,30,903,71,491,-12,16,980,107,4.3,0.22
2014,11,16,10,30,938,79,595,-17,19,980,109,3.9000000000000004,0.22
2014,11,16,11,30,953,81,639,-19,20,980,116,3.3000000000000003,0.22
2014,11,16,12,30,945,81,616,-20,21,980,126,2.7,0.22
2014,11,16,13,30,924,72,532,-20,21,980,134,2.2,0.22
2014,11,16,14,30,854,64,390,-19,20,980,144,1.5,0.22
2014,11,16,15,30,704,48,208,-10,18,980,160,1,0.22
2014,11,16,16,30,0,30,30,-4,14,980,174,1.1,0.21
2014,11,16,17,30,0,0,0,-7,13,980,165,1.1,0.21
2014,11,16,18,30,0,0,0,-5,13,980,148,1.1,0.21
2014,11,16,19,30,0,0,0,-5,12,980,135,1.2000000000000002,0.21
2014,11,16,20,30,0,0,0,-6,11,980,121,1.2000000000000002,0.21
2014,11,16,21,30,0,0,0,-7,11,980,111,1.2000000000000002,0.21
2014,11,16,22,30,0,0,0,-6,11,980,105,1.2000000000000002,0.21
2014,11,16,23,30,0,0,0,-7,10,980,103,1.2000000000000002,0.21
2014,11,17,0,30,0,0,0,-8,9,980,101,1.3,0.21
2014,11,17,1,30,0,0,0,-9,8,980,99,1.4000000000000001,0.21
2014,11,17,2,30,0,0,0,-10,8,980,98,1.5,0.21
2014,11,17,3,30,0,0,0,-11,8,980,100,1.5,0.21
2014,11,17,4,30,0,0,0,-11,8,980,104,1.7000000000000002,0.21
2014,11,17,5,30,0,0,0,-12,8,980,106,1.9000000000000001,0.21
2014,11,17,6,30,0,0,0,-13,9,980,106,2.4000000000000004,0.21
2014,11,17,7,30,571,42,137,-14,12,980,106,3.7,0.21
2014,11,17,8,30,780,61,320,-16,16,980,106,4.6000000000000005,0.21
2014,11,17,9,30,873,71,474,-18,19,980,104,4.4,0.21
2014,11,17,10,30,920,76,579,-17,21,980,108,3.6,0.21
2014,11,17,11,30,937,79,623,-17,22,980,119,2.8000000000000003,0.21
2014,11,17,12,30,930,78,602,-16,23,980,137,2.1,0.21
2014,11,17,13,30,881,80,516,-15,23,980,157,1.6,0.21
2014,11,17,14,30,807,71,377,-15,22,980,168,1.2000000000000002,0.21
2014,11,17,15,30,363,71,153,-10,19,980,164,0.9,0.21
2014,11,17,16,30,0,20,20,-3,15,980,144,1.1,0.21
2014,11,17,17,30,0,0,0,-6,13,980,124,1.3,0.21
2014,11,17,18,30,0,0,0,-6,11,980,117,1.4000000000000001,0.21
2014,11,17,19,30,0,0,0,-7,11,980,112,1.4000000000000001,0.21
2014,11,17,20,30,0,0,0,-7,11,980,109,1.4000000000000001,0.21
2014,11,17,21,30,0,0,0,-7,10,980,108,1.4000000000000001,0.21
2014,11,17,22,30,0,0,0,-8,10,980,109,1.5,0.21
2014,11,17,23,30,0,0,0,-8,9,980,110,1.6,0.21
2014,11,18,0,30,0,0,0,-9,9,980,111,1.7000000000000002,0.21
2014,11,18,1,30,0,0,0,-9,9,980,109,1.8,0.21
2014,11,18,2,30,0,0,0,-10,8,980,107,1.8,0.21
2014,11,18,3,30,0,0,0,-10,8,980,108,1.9000000000000001,0.21
2014,11,18,4,30,0,0,0,-10,8,980,108,2.1,0.21
2014,11,18,5,30,0,0,0,-11,9,980,106,2.3000000000000003,0.21
2014,11,18,6,30,0,0,0,-11,10,980,105,2.8000000000000003,0.21
2014,11,18,7,30,571,41,135,-11,13,980,104,3.8000000000000003,0.21
2014,11,18,8,30,286,124,218,-11,17,980,105,4.9,0.21
2014,11,18,9,30,388,172,350,-10,20,980,103,5.6000000000000005,0.21
2014,11,18,10,30,553,171,471,-11,22,980,107,5.7,0.21
2014,11,18,11,30,400,232,464,-12,23,980,112,5.6000000000000005,0.21
2014,11,18,12,30,119,258,325,-12,23,980,116,5.4,0.21
2014,11,18,13,30,142,221,291,-12,22,980,116,4.9,0.21
2014,11,18,14,30,419,128,286,-11,21,980,114,3.8000000000000003,0.21
2014,11,18,15,30,175,84,123,-9,18,980,111,2.5,0.21
2014,11,18,16,30,0,15,15,-7,16,980,108,1.9000000000000001,0.21
2014,11,18,17,30,0,0,0,-7,14,980,105,1.9000000000000001,0.21
2014,11,18,18,30,0,0,0,-7,14,980,104,2,0.21
2014,11,18,19,30,0,0,0,-8,13,980,103,2.1,0.21
2014,11,18,20,30,0,0,0,-8,13,980,103,2,0.21
2014,11,18,21,30,0,0,0,-8,12,980,104,1.9000000000000001,0.21
2014,11,18,22,30,0,0,0,-8,11,980,105,1.8,0.21
2014,11,18,23,30,0,0,0,-8,11,980,107,1.6,0.21
2014,11,19,0,30,0,0,0,-7,10,980,111,1.5,0.21
2014,11,19,1,30,0,0,0,-7,10,980,110,1.4000000000000001,0.21
2014,11,19,2,30,0,0,0,-7,10,980,108,1.4000000000000001,0.21
2014,11,19,3,30,0,0,0,-7,11,980,107,1.3,0.21
2014,11,19,4,30,0,0,0,-7,11,980,110,1.3,0.21
2014,11,19,5,30,0,0,0,-6,11,980,113,1.3,0.21
2014,11,19,6,30,0,0,0,-6,11,980,118,1.2000000000000002,0.21
2014,11,19,7,30,0,35,35,-4,14,980,118,1.3,0.21
2014,11,19,8,30,34,126,137,-3,17,980,120,1.7000000000000002,0.21
2014,11,19,9,30,330,181,331,-7,20,980,148,1.8,0.21
2014,11,19,10,30,24,208,221,-10,22,980,201,1.9000000000000001,0.21
2014,11,19,11,30,45,242,268,-8,23,980,240,2.3000000000000003,0.21
2014,11,19,12,30,343,234,426,-6,23,980,267,2.8000000000000003,0.21
2014,11,19,13,30,859,79,499,-4,22,980,287,3.2,0.21
2014,11,19,14,30,0,59,59,-4,21,980,301,3.1,0.21
2014,11,19,15,30,131,84,113,-2,18,980,316,2.2,0.21
2014,11,19,16,30,193,15,23,0,15,980,329,1.4000000000000001,0.21
2014,11,19,17,30,0,0,0,0,13,980,338,1.1,0.21
2014,11,19,18,30,0,0,0,0,12,980,343,1.1,0.21
2014,11,19,19,30,0,0,0,0,11,980,339,1.2000000000000002,0.21
2014,11,19,20,30,0,0,0,0,10,980,330,1.2000000000000002,0.21
2014,11,19,21,30,0,0,0,0,10,980,329,1.1,0.21
2014,11,19,22,30,0,0,0,1,10,980,332,1,0.21
2014,11,19,23,30,0,0,0,2,10,980,340,0.8,0.21
2014,11,20,0,30,0,0,0,4,10,980,349,0.5,0.21
2014,11,20,1,30,0,0,0,5,10,980,345,0.30000000000000004,0.21
2014,11,20,2,30,0,0,0,6,10,980,265,0.30000000000000004,0.21
2014,11,20,3,30,0,0,0,7,10,980,207,0.30000000000000004,0.21
2014,11,20,4,30,0,0,0,7,10,980,164,0.30000000000000004,0.21
2014,11,20,5,30,0,0,0,7,10,980,169,0.30000000000000004,0.21
2014,11,20,6,30,0,0,0,7,10,980,157,0.6000000000000001,0.21
2014,11,20,7,30,447,50,120,8,12,980,144,0.9,0.21
2014,11,20,8,30,670,80,295,8,14,980,153,0.7000000000000001,0.21
2014,11,20,9,30,799,89,449,8,16,980,259,1.2000000000000002,0.21
2014,11,20,10,30,435,202,435,7,18,980,283,2.5,0.21
2014,11,20,11,30,409,227,461,7,18,980,292,3.1,0.21
2014,11,20,12,30,321,237,416,7,18,980,301,3.3000000000000003,0.21
2014,11,20,13,30,321,200,356,8,17,980,310,3.1,0.21
2014,11,20,14,30,0,91,91,8,15,980,321,2.7,0.21
2014,11,20,15,30,0,53,53,9,14,980,329,2,0.21
2014,11,20,16,30,0,6,6,9,13,980,342,1.4000000000000001,0.21
2014,11,20,17,30,0,0,0,9,13,970,26,0.9,0.21
2014,11,20,18,30,0,0,0,9,13,970,42,0.7000000000000001,0.21
2014,11,20,19,30,0,0,0,9,12,970,334,0.9,0.21
2014,11,20,20,30,0,0,0,9,12,970,303,1.4000000000000001,0.21
2014,11,20,21,30,0,0,0,8,11,970,297,1.3,0.21
2014,11,20,22,30,0,0,0,8,11,970,297,1,0.21
2014,11,20,23,30,0,0,0,8,11,970,296,1.2000000000000002,0.21
2014,11,21,0,30,0,0,0,8,11,970,299,1.8,0.21
2014,11,21,1,30,0,0,0,8,11,970,298,2.2,0.21
2014,11,21,2,30,0,0,0,8,11,970,299,2.3000000000000003,0.21
2014,11,21,3,30,0,0,0,8,11,970,300,2.3000000000000003,0.21
2014,11,21,4,30,0,0,0,8,11,970,297,2.3000000000000003,0.21
2014,11,21,5,30,0,0,0,8,10,970,302,2.4000000000000004,0.21
2014,11,21,6,30,0,0,0,8,10,970,310,2.3000000000000003,0.21
2014,11,21,7,30,414,50,114,8,11,970,318,2.4000000000000004,0.21
2014,11,21,8,30,0,52,52,8,12,980,324,2.7,0.21
2014,11,21,9,30,67,190,220,8,14,980,323,3,0.21
2014,11,21,10,30,116,243,305,7,15,980,313,3.2,0.21
2014,11,21,11,30,6,186,189,6,16,980,303,3.5,0.21
2014,11,21,12,30,0,137,137,6,17,980,298,3.7,0.21
2014,11,21,13,30,0,45,45,6,17,970,295,4,0.21
2014,11,21,14,30,0,42,42,6,16,980,295,4.1000000000000005,0.21
2014,11,21,15,30,0,48,48,6,15,980,300,3.6,0.21
2014,11,21,16,30,89,15,19,7,13,980,308,2.1,0.21
2014,11,21,17,30,0,0,0,7,12,980,312,1,0.21
2014,11,21,18,30,0,0,0,7,11,980,321,0.8,0.21
2014,11,21,19,30,0,0,0,7,11,980,317,0.8,0.21
2014,11,21,20,30,0,0,0,7,10,980,298,0.8,0.21
2014,11,21,21,30,0,0,0,7,10,980,287,0.9,0.21
2014,11,21,22,30,0,0,0,6,9,980,283,0.9,0.21
2014,11,21,23,30,0,0,0,6,9,980,281,0.9,0.21
2014,11,22,0,30,0,0,0,6,8,980,284,0.9,0.21
2014,11,22,1,30,0,0,0,6,8,980,285,0.8,0.21
2014,11,22,2,30,0,0,0,6,9,980,283,0.6000000000000001,0.21
2014,11,22,3,30,0,0,0,6,9,980,277,0.30000000000000004,0.21
2014,11,22,4,30,0,0,0,6,9,980,251,0.2,0.21
2014,11,22,5,30,0,0,0,6,9,980,163,0.30000000000000004,0.21
2014,11,22,6,30,0,0,0,6,9,980,148,0.5,0.21
2014,11,22,7,30,473,41,112,6,10,980,155,0.7000000000000001,0.21
2014,11,22,8,30,708,62,285,5,13,980,254,1.5,0.21
2014,11,22,9,30,807,74,433,4,15,980,297,3,0.21
2014,11,22,10,30,852,83,534,5,17,980,306,4,0.21
2014,11,22,11,30,869,87,578,6,18,980,306,4.2,0.21
2014,11,22,12,30,862,87,559,7,18,980,307,4.1000000000000005,0.21
2014,11,22,13,30,842,77,482,7,18,980,307,4.1000000000000005,0.21
2014,11,22,14,30,398,127,273,7,17,980,309,4.2,0.21
2014,11,22,15,30,634,47,183,7,16,980,312,3.5,0.21
2014,11,22,16,30,208,14,21,7,14,980,312,2.2,0.21
2014,11,22,17,30,0,0,0,8,13,980,312,1.7000000000000002,0.21
2014,11,22,18,30,0,0,0,8,12,980,316,1.8,0.21
2014,11,22,19,30,0,0,0,8,12,980,317,1.7000000000000002,0.21
2014,11,22,20,30,0,0,0,9,12,980,306,1.6,0.21
2014,11,22,21,30,0,0,0,9,12,980,307,1.8,0.21
2014,11,22,22,30,0,0,0,9,12,980,311,1.8,0.21
2014,11,22,23,30,0,0,0,8,11,980,317,1.6,0.21
2014,11,23,0,30,0,0,0,8,11,980,325,1.2000000000000002,0.21
2014,11,23,1,30,0,0,0,8,11,980,327,1.2000000000000002,0.21
2014,11,23,2,30,0,0,0,8,11,980,327,1.3,0.21
2014,11,23,3,30,0,0,0,8,11,980,323,1.2000000000000002,0.21
2014,11,23,4,30,0,0,0,8,10,980,321,1.2000000000000002,0.21
2014,11,23,5,30,0,0,0,7,10,980,321,1.1,0.21
2014,11,23,6,30,0,0,0,7,10,980,322,0.6000000000000001,0.21
2014,11,23,7,30,432,47,110,7,11,980,322,0.2,0.21
2014,11,23,8,30,0,76,76,7,13,980,113,0.2,0.21
2014,11,23,9,30,0,130,130,7,15,980,129,0.30000000000000004,0.21
2014,11,23,10,30,23,202,214,5,18,980,258,0.8,0.21
2014,11,23,11,30,63,246,282,3,19,980,266,1.6,0.21
2014,11,23,12,30,62,238,272,2,20,980,265,2.5,0.21
2014,11,23,13,30,16,177,185,1,20,980,283,2.9000000000000004,0.21
2014,11,23,14,30,84,152,183,1,19,980,295,2.9000000000000004,0.21
2014,11,23,15,30,228,77,125,2,16,980,303,2.3000000000000003,0.21
2014,11,23,16,30,0,14,14,3,13,980,317,1.4000000000000001,0.21
2014,11,23,17,30,0,0,0,3,10,980,333,1,0.21
2014,11,23,18,30,0,0,0,3,10,980,346,0.9,0.21
2014,11,23,19,30,0,0,0,2,10,980,356,0.7000000000000001,0.21
2014,11,23,20,30,0,0,0,2,10,980,355,0.5,0.21
2014,11,23,21,30,0,0,0,1,10,980,314,0.5,0.21
2014,11,23,22,30,0,0,0,0,10,980,284,0.5,0.21
2014,11,23,23,30,0,0,0,0,10,980,276,0.30000000000000004,0.21
2014,11,24,0,30,0,0,0,0,9,980,275,0.2,0.21
2014,11,24,1,30,0,0,0,0,9,980,344,0.4,0.21
2014,11,24,2,30,0,0,0,0,8,980,343,0.6000000000000001,0.21
2014,11,24,3,30,0,0,0,0,8,980,345,0.6000000000000001,0.21
2014,11,24,4,30,0,0,0,0,8,980,349,0.6000000000000001,0.21
2014,11,24,5,30,0,0,0,0,7,980,349,0.6000000000000001,0.21
2014,11,24,6,30,0,0,0,-1,7,980,15,0.5,0.21
2014,11,24,7,30,527,38,114,-1,9,980,61,0.5,0.21
2014,11,24,8,30,755,60,293,-1,12,980,73,0.30000000000000004,0.21
2014,11,24,9,30,851,73,445,-1,15,980,352,0.30000000000000004,0.21
2014,11,24,10,30,888,84,548,-2,18,980,236,0.7000000000000001,0.21
2014,11,24,11,30,908,87,594,-5,21,980,209,0.8,0.21
2014,11,24,12,30,903,85,575,-6,22,980,203,0.9,0.21
2014,11,24,13,30,875,78,495,-7,22,980,219,1.1,0.21
2014,11,24,14,30,803,68,359,-7,21,980,246,1.4000000000000001,0.21
2014,11,24,15,30,642,50,185,-6,18,980,264,1.1,0.21
2014,11,24,16,30,187,14,20,-1,14,980,288,0.8,0.21
2014,11,24,17,30,0,0,0,-3,12,990,336,0.9,0.21
2014,11,24,18,30,0,0,0,-3,12,990,37,1.1,0.21
2014,11,24,19,30,0,0,0,-3,12,990,71,1.2000000000000002,0.21
2014,11,24,20,30,0,0,0,-4,12,990,92,1.3,0.21
2014,11,24,21,30,0,0,0,-5,11,990,98,1.4000000000000001,0.21
2014,11,24,22,30,0,0,0,-6,11,990,99,1.4000000000000001,0.21
2014,11,24,23,30,0,0,0,-7,12,990,96,1.5,0.21
2014,11,25,0,30,0,0,0,-8,12,990,97,1.5,0.21
2014,11,25,1,30,0,0,0,-9,12,990,96,1.5,0.21
2014,11,25,2,30,0,0,0,-10,11,990,93,1.5,0.21
2014,11,25,3,30,0,0,0,-11,11,990,92,1.5,0.21
2014,11,25,4,30,0,0,0,-11,10,990,90,1.6,0.21
2014,11,25,5,30,0,0,0,-11,10,990,94,1.6,0.21
2014,11,25,6,30,0,0,0,-12,10,990,101,1.5,0.21
2014,11,25,7,30,572,35,116,-10,13,990,106,1.4000000000000001,0.21
2014,11,25,8,30,794,54,296,-7,17,990,110,1.7000000000000002,0.21
2014,11,25,9,30,887,65,450,-13,20,990,121,1.4000000000000001,0.21
2014,11,25,10,30,931,70,554,-13,22,990,190,1.1,0.21
2014,11,25,11,30,946,72,598,-13,23,990,280,2,0.21
2014,11,25,12,30,937,71,577,-12,24,990,294,2.6,0.21
2014,11,25,13,30,888,72,492,-11,23,990,299,2.7,0.21
2014,11,25,14,30,812,63,356,-10,22,990,299,2.4000000000000004,0.21
2014,11,25,15,30,651,47,183,-9,18,990,298,1.5,0.21
2014,11,25,16,30,202,13,19,-3,15,990,300,0.7000000000000001,0.21
2014,11,25,17,30,0,0,0,-4,13,990,339,0.5,0.21
2014,11,25,18,30,0,0,0,-5,12,990,60,0.6000000000000001,0.21
2014,11,25,19,30,0,0,0,-5,12,990,84,0.7000000000000001,0.21
2014,11,25,20,30,0,0,0,-5,13,990,107,0.7000000000000001,0.21
2014,11,25,21,30,0,0,0,-5,12,990,125,0.7000000000000001,0.21
2014,11,25,22,30,0,0,0,-5,12,990,125,0.9,0.21
2014,11,25,23,30,0,0,0,-6,13,990,120,1,0.21
2014,11,26,0,30,0,0,0,-6,13,980,109,1.2000000000000002,0.21
2014,11,26,1,30,0,0,0,-5,13,980,109,1.3,0.21
2014,11,26,2,30,0,0,0,-5,13,980,110,1.4000000000000001,0.21
2014,11,26,3,30,0,0,0,-5,13,980,111,1.5,0.21
2014,11,26,4,30,0,0,0,-5,13,980,111,1.6,0.21
2014,11,26,5,30,0,0,0,-5,12,980,112,1.6,0.21
2014,11,26,6,30,0,0,0,-5,12,980,111,1.5,0.21
2014,11,26,7,30,552,34,110,-4,15,980,108,1.4000000000000001,0.21
2014,11,26,8,30,781,54,289,-2,19,980,107,1.8,0.21
2014,11,26,9,30,880,64,443,-5,23,980,112,2,0.21
2014,11,26,10,30,928,68,548,-6,26,980,132,1.4000000000000001,0.21
2014,11,26,11,30,945,70,593,-5,28,980,199,1.4000000000000001,0.21
2014,11,26,12,30,940,69,574,-5,29,980,232,1.6,0.21
2014,11,26,13,30,905,66,493,-4,28,980,238,1.5,0.21
2014,11,26,14,30,836,57,357,-4,27,980,236,1,0.21
2014,11,26,15,30,683,43,185,1,24,980,237,0.4,0.21
2014,11,26,16,30,244,12,19,0,21,980,203,0.6000000000000001,0.21
2014,11,26,17,30,0,0,0,-1,19,980,113,1.1,0.21
2014,11,26,18,30,0,0,0,-1,18,980,111,1.4000000000000001,0.21
2014,11,26,19,30,0,0,0,-2,17,980,110,1.5,0.21
2014,11,26,20,30,0,0,0,-3,17,980,109,1.5,0.21
2014,11,26,21,30,0,0,0,-3,17,980,108,1.5,0.21
2014,11,26,22,30,0,0,0,-4,17,980,106,1.5,0.21
2014,11,26,23,30,0,0,0,-4,17,980,103,1.5,0.21
2014,11,27,0,30,0,0,0,-4,17,980,104,1.5,0.21
2014,11,27,1,30,0,0,0,-4,16,980,102,1.5,0.21
2014,11,27,2,30,0,0,0,-4,16,980,98,1.5,0.21
2014,11,27,3,30,0,0,0,-4,16,980,95,1.5,0.21
2014,11,27,4,30,0,0,0,-4,15,980,92,1.6,0.21
2014,11,27,5,30,0,0,0,-4,14,980,96,1.7000000000000002,0.21
2014,11,27,6,30,0,0,0,-4,14,980,101,1.6,0.21
2014,11,27,7,30,540,35,107,-3,17,980,103,1.5,0.21
2014,11,27,8,30,313,108,201,-1,21,980,102,2,0.21
2014,11,27,9,30,311,171,304,-3,25,980,103,2.3000000000000003,0.21
2014,11,27,10,30,920,72,545,-4,27,980,116,1.7000000000000002,0.21
2014,11,27,11,30,934,75,590,-4,28,980,153,1.1,0.21
2014,11,27,12,30,924,76,570,-5,28,980,200,1,0.21
2014,11,27,13,30,877,75,487,-4,28,980,226,0.9,0.21
2014,11,27,14,30,806,64,353,-4,27,980,233,0.6000000000000001,0.21
2014,11,27,15,30,648,47,181,2,25,980,258,0.30000000000000004,0.21
2014,11,27,16,30,197,13,18,0,23,980,317,0.4,0.21
2014,11,27,17,30,0,0,0,-2,21,980,78,0.7000000000000001,0.21
2014,11,27,18,30,0,0,0,-2,19,980,98,1,0.21
2014,11,27,19,30,0,0,0,-2,18,980,109,1.1,0.21
2014,11,27,20,30,0,0,0,-3,18,980,115,1.2000000000000002,0.21
2014,11,27,21,30,0,0,0,-3,17,980,118,1.2000000000000002,0.21
2014,11,27,22,30,0,0,0,-4,17,980,118,1.3,0.21
2014,11,27,23,30,0,0,0,-4,16,980,114,1.3,0.21
2014,11,28,0,30,0,0,0,-5,16,980,111,1.2000000000000002,0.21
2014,11,28,1,30,0,0,0,-5,16,980,110,1.2000000000000002,0.21
2014,11,28,2,30,0,0,0,-5,15,980,108,1.1,0.21
2014,11,28,3,30,0,0,0,-5,15,980,104,1.1,0.21
2014,11,28,4,30,0,0,0,-5,15,980,100,1.1,0.21
2014,11,28,5,30,0,0,0,-5,15,980,100,1.2000000000000002,0.21
2014,11,28,6,30,0,0,0,-5,15,980,102,1.2000000000000002,0.21
2014,11,28,7,30,566,34,108,-5,16,980,102,1.1,0.21
2014,11,28,8,30,805,54,292,-1,20,980,104,1.2000000000000002,0.21
2014,11,28,9,30,907,64,449,-4,23,980,109,1,0.21
2014,11,28,10,30,957,68,557,-8,26,980,217,1.1,0.21
2014,11,28,11,30,977,68,604,-12,27,970,272,2.1,0.21
2014,11,28,12,30,970,67,585,-12,27,970,283,2.5,0.21
2014,11,28,13,30,935,65,502,-13,27,970,292,2.6,0.21
2014,11,28,14,30,863,57,364,-13,25,970,300,2,0.21
2014,11,28,15,30,709,43,189,-6,22,970,314,1.2000000000000002,0.21
2014,11,28,16,30,263,12,19,-4,19,970,348,1.1,0.21
2014,11,28,17,30,0,0,0,-7,17,970,12,1,0.21
2014,11,28,18,30,0,0,0,-7,17,970,45,0.9,0.21
2014,11,28,19,30,0,0,0,-8,16,970,80,1.1,0.21
2014,11,28,20,30,0,0,0,-9,15,970,99,1.2000000000000002,0.21
2014,11,28,21,30,0,0,0,-9,15,970,108,1.3,0.21
2014,11,28,22,30,0,0,0,-10,14,970,112,1.4000000000000001,0.21
2014,11,28,23,30,0,0,0,-10,14,970,117,1.3,0.21
2014,11,29,0,30,0,0,0,-11,14,970,122,1.1,0.21
2014,11,29,1,30,0,0,0,-11,14,970,129,0.7000000000000001,0.21
2014,11,29,2,30,0,0,0,-11,14,970,138,0.4,0.21
2014,11,29,3,30,0,0,0,-11,13,970,330,0.6000000000000001,0.21
2014,11,29,4,30,0,0,0,-10,12,970,338,0.9,0.21
2014,11,29,5,30,0,0,0,-10,11,970,358,1,0.21
2014,11,29,6,30,0,0,0,-10,11,970,17,1,0.21
2014,11,29,7,30,514,36,102,-10,13,970,36,0.9,0.21
2014,11,29,8,30,767,58,282,-6,17,970,53,0.8,0.21
2014,11,29,9,30,882,67,439,-11,20,970,63,1.1,0.21
2014,11,29,10,30,927,74,545,-14,23,970,236,1.8,0.21
2014,11,29,11,30,941,77,590,-15,24,970,243,2.5,0.21
2014,11,29,12,30,921,81,569,-14,24,970,252,2.7,0.21
2014,11,29,13,30,892,74,490,-13,24,970,264,2.5,0.21
2014,11,29,14,30,442,116,272,-13,23,970,277,1.6,0.21
2014,11,29,15,30,242,73,122,-6,20,970,302,1,0.21
2014,11,29,16,30,0,11,11,-6,17,970,341,0.9,0.21
2014,11,29,17,30,0,0,0,-7,17,970,359,0.5,0.21
2014,11,29,18,30,0,0,0,-7,16,970,60,0.5,0.21
2014,11,29,19,30,0,0,0,-6,15,970,135,0.9,0.21
2014,11,29,20,30,0,0,0,-5,13,970,137,1.2000000000000002,0.21
2014,11,29,21,30,0,0,0,-3,12,970,131,1.2000000000000002,0.21
2014,11,29,22,30,0,0,0,0,12,970,128,1.2000000000000002,0.21
2014,11,29,23,30,0,0,0,1,11,970,127,1.2000000000000002,0.21
2014,11,30,0,30,0,0,0,4,11,970,126,1.3,0.21
2014,11,30,1,30,0,0,0,5,11,970,122,1.4000000000000001,0.21
2014,11,30,2,30,0,0,0,6,11,970,130,1.6,0.21
2014,11,30,3,30,0,0,0,7,10,970,133,1.7000000000000002,0.21
2014,11,30,4,30,0,0,0,7,10,970,136,1.8,0.21
2014,11,30,5,30,0,0,0,6,9,970,136,1.6,0.21
2014,11,30,6,30,0,0,0,6,9,970,131,1.4000000000000001,0.21
2014,11,30,7,30,15,43,45,9,12,970,130,2,0.21
2014,11,30,8,30,162,116,163,9,15,970,135,2.9000000000000004,0.21
2014,11,30,9,30,427,147,326,8,16,970,158,3.2,0.21
2014,11,30,10,30,386,199,394,7,17,970,168,3.2,0.21
2014,11,30,11,30,860,87,554,7,18,970,175,3,0.21
2014,11,30,12,30,862,83,539,6,19,970,184,2.8000000000000003,0.21
2014,11,30,13,30,826,78,461,6,19,970,200,2.7,0.21
2014,11,30,14,30,748,67,331,6,19,970,216,2.5,0.21
2014,11,30,15,30,581,49,167,7,17,970,225,1.6,0.21
2014,11,30,16,30,0,13,13,-4,14,970,99,1.5,0.2
2014,11,30,17,30,0,0,0,-4,13,970,92,1.7000000000000002,0.2
2014,11,30,18,30,0,0,0,-5,13,970,92,2,0.2
2014,11,30,19,30,0,0,0,-5,13,970,95,2,0.2
2014,11,30,20,30,0,0,0,-5,12,970,97,1.8,0.2
2014,11,30,21,30,0,0,0,-5,11,970,98,1.7000000000000002,0.2
2014,11,30,22,30,0,0,0,-5,11,980,101,1.6,0.2
2014,11,30,23,30,0,0,0,-5,11,980,101,1.7000000000000002,0.2
2003,12,1,0,30,0,0,0,-5,11,980,102,1.7000000000000002,0.2
2003,12,1,1,30,0,0,0,-4,11,980,104,1.6,0.2
2003,12,1,2,30,0,0,0,-4,10,980,104,1.5,0.2
2003,12,1,3,30,0,0,0,-4,10,980,104,1.3,0.2
2003,12,1,4,30,0,0,0,-4,10,980,104,1.3,0.2
2003,12,1,5,30,0,0,0,-4,10,980,104,1.3,0.2
2003,12,1,6,30,0,0,0,-4,10,980,106,1.2000000000000002,0.2
2003,12,1,7,30,184,45,68,-4,12,980,107,1.1,0.2
2003,12,1,8,30,693,65,264,-3,14,980,110,1.7000000000000002,0.2
2003,12,1,9,30,811,78,416,-2,16,980,119,2.4000000000000004,0.2
2003,12,1,10,30,874,82,522,0,19,980,138,2.3000000000000003,0.2
2003,12,1,11,30,895,84,568,-1,20,980,171,2.2,0.2
2003,12,1,12,30,887,83,550,0,21,980,200,2.2,0.2
2003,12,1,13,30,839,80,468,1,21,980,226,2.4000000000000004,0.2
2003,12,1,14,30,747,71,334,3,20,980,254,2.5,0.2
2003,12,1,15,30,554,54,166,4,18,980,278,1.9000000000000001,0.2
2003,12,1,16,30,74,13,14,6,15,980,300,1.2000000000000002,0.2
2003,12,1,17,30,0,0,0,6,13,980,312,1.2000000000000002,0.2
2003,12,1,18,30,0,0,0,7,13,980,316,1.5,0.2
2003,12,1,19,30,0,0,0,7,12,980,318,1.9000000000000001,0.2
2003,12,1,20,30,0,0,0,8,12,980,320,2.1,0.2
2003,12,1,21,30,0,0,0,8,11,980,322,1.6,0.2
2003,12,1,22,30,0,0,0,8,11,980,325,1,0.2
2003,12,1,23,30,0,0,0,7,10,980,331,0.7000000000000001,0.2
2003,12,2,0,30,0,0,0,7,10,980,338,0.6000000000000001,0.2
2003,12,2,1,30,0,0,0,7,10,980,321,0.5,0.2
2003,12,2,2,30,0,0,0,7,10,980,300,0.7000000000000001,0.2
2003,12,2,3,30,0,0,0,8,11,980,295,0.9,0.2
2003,12,2,4,30,0,0,0,8,11,980,295,0.9,0.2
2003,12,2,5,30,0,0,0,8,11,980,306,0.7000000000000001,0.2
2003,12,2,6,30,0,0,0,8,11,980,325,0.6000000000000001,0.2
2003,12,2,7,30,418,39,89,9,12,980,354,0.7000000000000001,0.2
2003,12,2,8,30,700,64,263,8,14,980,9,0.9,0.2
2003,12,2,9,30,845,70,420,7,17,980,357,0.8,0.2
2003,12,2,10,30,893,77,525,5,20,980,344,0.4,0.2
2003,12,2,11,30,921,77,573,3,22,980,284,0.6000000000000001,0.2
2003,12,2,12,30,918,76,558,1,23,980,272,1.2000000000000002,0.2
2003,12,2,13,30,872,74,477,0,23,980,280,1.7000000000000002,0.2
2003,12,2,14,30,794,65,344,1,22,980,286,2.1,0.2
2003,12,2,15,30,622,48,174,2,19,980,296,1.6,0.2
2003,12,2,16,30,138,12,16,5,15,980,310,1,0.19
2003,12,2,17,30,0,0,0,6,12,980,334,0.9,0.19
2003,12,2,18,30,0,0,0,7,11,980,4,0.9,0.19
2003,12,2,19,30,0,0,0,7,11,980,31,1,0.19
2003,12,2,20,30,0,0,0,7,11,980,49,0.9,0.19
2003,12,2,21,30,0,0,0,7,11,980,55,0.8,0.19
2003,12,2,22,30,0,0,0,6,11,980,43,0.7000000000000001,0.19
2003,12,2,23,30,0,0,0,6,11,980,18,0.7000000000000001,0.19
2003,12,3,0,30,0,0,0,6,10,980,32,0.6000000000000001,0.19
2003,12,3,1,30,0,0,0,6,10,980,36,0.6000000000000001,0.19
2003,12,3,2,30,0,0,0,6,9,980,19,0.6000000000000001,0.19
2003,12,3,3,30,0,0,0,6,9,980,18,0.7000000000000001,0.19
2003,12,3,4,30,0,0,0,6,9,980,36,0.6000000000000001,0.19
2003,12,3,5,30,0,0,0,6,9,980,58,0.9,0.19
2003,12,3,6,30,0,0,0,5,9,980,85,1.2000000000000002,0.19
2003,12,3,7,30,221,42,68,5,10,980,91,1.5,0.19
2003,12,3,8,30,85,113,137,4,12,980,88,1.8,0.19
2003,12,3,9,30,240,172,271,2,15,980,78,1.3,0.19
2003,12,3,10,30,155,226,303,1,18,980,68,0.8,0.19
2003,12,3,11,30,342,225,408,-1,20,980,69,0.30000000000000004,0.19
2003,12,3,12,30,288,227,378,-3,21,980,253,0.5,0.19
2003,12,3,13,30,250,197,312,-4,21,980,271,1,0.19
2003,12,3,14,30,260,142,234,-4,20,980,272,1,0.19
2003,12,3,15,30,600,50,171,-2,18,980,273,0.8,0.19
2003,12,3,16,30,93,12,15,0,14,980,293,0.7000000000000001,0.19
2003,12,3,17,30,0,0,0,0,12,980,355,0.8,0.19
2003,12,3,18,30,0,0,0,0,11,980,48,1.1,0.19
2003,12,3,19,30,0,0,0,0,11,980,71,1.2000000000000002,0.19
2003,12,3,20,30,0,0,0,-1,11,980,83,1.3,0.19
2003,12,3,21,30,0,0,0,-2,11,980,87,1.4000000000000001,0.19
2003,12,3,22,30,0,0,0,-3,11,980,89,1.4000000000000001,0.19
2003,12,3,23,30,0,0,0,-4,11,980,90,1.5,0.19
2003,12,4,0,30,0,0,0,-4,11,980,89,1.5,0.19
2003,12,4,1,30,0,0,0,-5,11,980,88,1.5,0.19
2003,12,4,2,30,0,0,0,-6,11,980,87,1.4000000000000001,0.19
2003,12,4,3,30,0,0,0,-6,11,980,88,1.4000000000000001,0.19
2003,12,4,4,30,0,0,0,-6,11,980,91,1.4000000000000001,0.19
2003,12,4,5,30,0,0,0,-7,10,980,97,1.5,0.19
2003,12,4,6,30,0,0,0,-7,10,980,104,1.4000000000000001,0.19
2003,12,4,7,30,472,31,85,-6,12,980,108,1.7000000000000002,0.19
2003,12,4,8,30,1,98,98,-5,17,980,110,2.5,0.19
2003,12,4,9,30,832,64,404,-7,21,980,112,3,0.19
2003,12,4,10,30,876,73,507,-7,23,980,119,2.6,0.19
2003,12,4,11,30,898,75,555,-7,24,980,132,1.7000000000000002,0.19
2003,12,4,12,30,890,74,539,-6,25,980,158,1,0.19
2003,12,4,13,30,854,71,462,-6,25,980,236,1.1,0.19
2003,12,4,14,30,774,62,333,-6,24,980,278,1.1,0.19
2003,12,4,15,30,607,46,168,-1,21,980,300,0.9,0.19
2003,12,4,16,30,0,15,15,0,18,980,338,0.9,0.19
2003,12,4,17,30,0,0,0,-1,16,980,37,1.1,0.19
2003,12,4,18,30,0,0,0,-1,15,980,79,1.2000000000000002,0.19
2003,12,4,19,30,0,0,0,-1,15,980,97,1.2000000000000002,0.19
2003,12,4,20,30,0,0,0,-2,14,980,102,1.2000000000000002,0.19
2003,12,4,21,30,0,0,0,-2,14,980,100,1.3,0.19
2003,12,4,22,30,0,0,0,-2,13,980,92,1.3,0.19
2003,12,4,23,30,0,0,0,-3,13,980,86,1.3,0.19
2003,12,5,0,30,0,0,0,-3,13,980,85,1.3,0.19
2003,12,5,1,30,0,0,0,-3,13,980,83,1.3,0.19
2003,12,5,2,30,0,0,0,-3,13,980,82,1.2000000000000002,0.19
2003,12,5,3,30,0,0,0,-3,13,980,82,1.2000000000000002,0.19
2003,12,5,4,30,0,0,0,-3,13,980,74,1.2000000000000002,0.19
2003,12,5,5,30,0,0,0,-3,13,980,70,1.2000000000000002,0.19
2003,12,5,6,30,0,0,0,-4,13,980,70,1.2000000000000002,0.19
2003,12,5,7,30,0,18,18,-3,14,980,75,1.1,0.19
2003,12,5,8,30,234,105,170,-1,16,980,81,1.3,0.19
2003,12,5,9,30,733,76,373,-3,19,980,84,1.6,0.19
2003,12,5,10,30,504,166,415,-5,22,980,92,1,0.19
2003,12,5,11,30,314,228,395,-7,23,980,174,0.7000000000000001,0.19
2003,12,5,12,30,463,189,430,-7,23,980,258,1.2000000000000002,0.19
2003,12,5,13,30,804,81,448,-6,22,980,283,1.5,0.19
2003,12,5,14,30,335,129,245,-3,21,980,304,1.6,0.19
2003,12,5,15,30,129,76,102,-1,18,980,321,1.1,0.19
2003,12,5,16,30,0,9,9,0,15,980,337,0.8,0.19
2003,12,5,17,30,0,0,0,0,15,980,353,0.8,0.19
2003,12,5,18,30,0,0,0,1,15,980,6,0.7000000000000001,0.19
2003,12,5,19,30,0,0,0,2,15,980,34,0.7000000000000001,0.19
2003,12,5,20,30,0,0,0,2,14,980,57,0.7000000000000001,0.19
2003,12,5,21,30,0,0,0,2,14,980,59,0.6000000000000001,0.19
2003,12,5,22,30,0,0,0,3,14,980,62,0.6000000000000001,0.19
2003,12,5,23,30,0,0,0,4,14,980,41,0.6000000000000001,0.19
2003,12,6,0,30,0,0,0,6,14,980,26,0.7000000000000001,0.19
2003,12,6,1,30,0,0,0,7,14,970,34,0.7000000000000001,0.19
2003,12,6,2,30,0,0,0,8,14,970,34,0.7000000000000001,0.19
2003,12,6,3,30,0,0,0,8,14,970,21,0.6000000000000001,0.19
2003,12,6,4,30,0,0,0,9,13,980,11,0.6000000000000001,0.19
2003,12,6,5,30,0,0,0,10,13,980,22,0.5,0.19
2003,12,6,6,30,0,0,0,10,14,980,60,0.5,0.19
2003,12,6,7,30,84,39,48,10,14,980,102,0.5,0.19
2003,12,6,8,30,0,51,51,11,15,980,124,0.6000000000000001,0.19
2003,12,6,9,30,484,130,326,12,17,980,167,1,0.19
2003,12,6,10,30,398,190,385,12,18,980,248,1.6,0.19
2003,12,6,11,30,540,173,459,12,18,970,276,2.1,0.19
2003,12,6,12,30,446,193,424,12,18,970,292,2.5,0.19
2003,12,6,13,30,79,198,234,12,18,970,302,2.5,0.19
2003,12,6,14,30,694,68,309,12,17,970,310,2.1,0.19
2003,12,6,15,30,164,75,108,11,16,970,319,1.2000000000000002,0.19
2003,12,6,16,30,0,10,10,11,14,970,333,0.7000000000000001,0.19
2003,12,6,17,30,0,0,0,9,13,970,359,0.7000000000000001,0.19
2003,12,6,18,30,0,0,0,9,13,970,7,0.7000000000000001,0.19
2003,12,6,19,30,0,0,0,9,12,970,358,0.7000000000000001,0.19
2003,12,6,20,30,0,0,0,9,12,970,338,0.8,0.19
2003,12,6,21,30,0,0,0,9,12,970,330,0.8,0.19
2003,12,6,22,30,0,0,0,9,12,970,339,0.8,0.19
2003,12,6,23,30,0,0,0,9,12,970,351,0.7000000000000001,0.19
2003,12,7,0,30,0,0,0,9,12,970,5,0.6000000000000001,0.19
2003,12,7,1,30,0,0,0,9,12,970,9,0.5,0.19
2003,12,7,2,30,0,0,0,9,12,970,5,0.30000000000000004,0.19
2003,12,7,3,30,0,0,0,9,11,970,31,0.2,0.19
2003,12,7,4,30,0,0,0,8,11,970,181,0.5,0.19
2003,12,7,5,30,0,0,0,8,11,970,218,0.7000000000000001,0.19
2003,12,7,6,30,0,0,0,8,11,970,251,0.7000000000000001,0.19
2003,12,7,7,30,0,23,23,8,11,970,266,1.2000000000000002,0.19
2003,12,7,8,30,0,8,8,9,12,970,275,1.7000000000000002,0.19
2003,12,7,9,30,0,27,27,9,13,970,281,2,0.19
2003,12,7,10,30,0,108,108,10,14,970,290,2.5,0.19
2003,12,7,11,30,0,100,100,10,15,970,294,3.3000000000000003,0.19
2003,12,7,12,30,13,187,194,10,16,970,295,3.9000000000000004,0.19
2003,12,7,13,30,0,71,71,9,15,970,299,4.1000000000000005,0.19
2003,12,7,14,30,0,12,12,8,14,970,303,3.9000000000000004,0.19
2003,12,7,15,30,531,56,162,8,13,970,306,3.1,0.19
2003,12,7,16,30,76,12,14,8,11,970,309,2,0.19
2003,12,7,17,30,0,0,0,7,10,970,310,1.4000000000000001,0.19
2003,12,7,18,30,0,0,0,7,10,970,310,1.6,0.19
2003,12,7,19,30,0,0,0,7,10,970,310,2.3000000000000003,0.19
2003,12,7,20,30,0,0,0,7,10,970,311,2.7,0.19
2003,12,7,21,30,0,0,0,6,9,970,313,2.8000000000000003,0.19
2003,12,7,22,30,0,0,0,4,8,980,311,2.6,0.19
2003,12,7,23,30,0,0,0,4,7,980,308,2.6,0.19
2003,12,8,0,30,0,0,0,4,7,980,306,2.6,0.19
2003,12,8,1,30,0,0,0,2,6,980,308,2.5,0.19
2003,12,8,2,30,0,0,0,2,6,980,315,2.4000000000000004,0.19
2003,12,8,3,30,0,0,0,2,6,980,319,2.1,0.19
2003,12,8,4,30,0,0,0,2,5,980,327,1.8,0.19
2003,12,8,5,30,0,0,0,2,5,980,334,1.4000000000000001,0.19
2003,12,8,6,30,0,0,0,2,5,980,343,1,0.19
2003,12,8,7,30,437,33,78,2,6,980,345,0.8,0.19
2003,12,8,8,30,7,97,98,2,7,980,334,1,0.19
2003,12,8,9,30,842,71,407,2,9,980,316,1.3,0.19
2003,12,8,10,30,912,73,517,1,11,980,303,1.7000000000000002,0.19
2003,12,8,11,30,351,218,403,0,13,980,292,2.3000000000000003,0.19
2003,12,8,12,30,348,213,393,0,14,980,288,2.7,0.19
2003,12,8,13,30,889,70,474,0,14,980,287,2.9000000000000004,0.19
2003,12,8,14,30,810,62,343,-1,13,980,286,2.7,0.19
2003,12,8,15,30,640,46,174,0,10,980,288,1.9000000000000001,0.19
2003,12,8,16,30,174,12,16,0,8,980,290,1,0.19
2003,12,8,17,30,0,0,0,0,7,980,311,0.7000000000000001,0.19
2003,12,8,18,30,0,0,0,0,6,980,24,0.8,0.19
2003,12,8,19,30,0,0,0,0,5,980,81,1.1,0.19
2003,12,8,20,30,0,0,0,0,5,980,99,1.2000000000000002,0.19
2003,12,8,21,30,0,0,0,0,5,980,104,1.5,0.19
2003,12,8,22,30,0,0,0,-1,5,980,104,1.7000000000000002,0.19
2003,12,8,23,30,0,0,0,-3,5,980,104,1.9000000000000001,0.19
2003,12,9,0,30,0,0,0,-5,5,980,105,2,0.19
2003,12,9,1,30,0,0,0,-6,5,980,104,2,0.19
2003,12,9,2,30,0,0,0,-7,5,980,104,2,0.19
2003,12,9,3,30,0,0,0,-7,5,980,106,2.1,0.19
2003,12,9,4,30,0,0,0,-7,5,980,108,2.1,0.19
2003,12,9,5,30,0,0,0,-7,5,980,108,2.2,0.19
2003,12,9,6,30,0,0,0,-8,6,980,109,2.9000000000000004,0.19
2003,12,9,7,30,467,29,77,-8,9,980,109,4.2,0.19
2003,12,9,8,30,755,52,253,-8,12,980,109,5.300000000000001,0.19
2003,12,9,9,30,874,63,410,-9,15,980,112,5.6000000000000005,0.19
2003,12,9,10,30,930,69,521,-10,16,980,117,5.300000000000001,0.19
2003,12,9,11,30,953,71,572,-11,17,980,122,4.9,0.19
2003,12,9,12,30,947,71,559,-11,18,980,127,4.6000000000000005,0.19
2003,12,9,13,30,912,68,482,-11,18,980,129,4.4,0.19
2003,12,9,14,30,840,60,351,-10,17,980,130,3.8000000000000003,0.19
2003,12,9,15,30,677,45,180,-8,13,980,127,2.5,0.19
2003,12,9,16,30,190,12,17,-5,10,980,119,1.7000000000000002,0.19
2003,12,9,17,30,0,0,0,-6,8,980,112,1.7000000000000002,0.19
2003,12,9,18,30,0,0,0,-6,7,980,110,1.7000000000000002,0.19
2003,12,9,19,30,0,0,0,-5,7,980,111,1.6,0.19
2003,12,9,20,30,0,0,0,-5,7,980,111,1.4000000000000001,0.19
2003,12,9,21,30,0,0,0,-5,7,980,113,1.2000000000000002,0.19
2003,12,9,22,30,0,0,0,-4,7,980,123,1.1,0.19
2003,12,9,23,30,0,0,0,-3,7,980,147,1.1,0.19
2003,12,10,0,30,0,0,0,-1,7,980,170,1,0.19
2003,12,10,1,30,0,0,0,0,7,980,193,0.8,0.19
2003,12,10,2,30,0,0,0,0,7,980,198,0.6000000000000001,0.19
2003,12,10,3,30,0,0,0,1,7,980,188,0.6000000000000001,0.19
2003,12,10,4,30,0,0,0,2,7,980,200,0.6000000000000001,0.19
2003,12,10,5,30,0,0,0,3,7,980,220,0.8,0.19
2003,12,10,6,30,0,0,0,4,7,980,235,1,0.19
2003,12,10,7,30,384,31,70,4,8,980,242,1.3,0.19
2003,12,10,8,30,0,39,39,6,10,980,242,2.1,0.19
2003,12,10,9,30,818,67,390,6,11,980,267,3.2,0.19
2003,12,10,10,30,15,178,185,6,12,980,283,3.8000000000000003,0.19
2003,12,10,11,30,159,241,325,5,13,980,289,4,0.19
2003,12,10,12,30,294,221,372,5,13,980,291,3.8000000000000003,0.19
2003,12,10,13,30,241,195,304,4,13,980,293,3.4000000000000004,0.19
2003,12,10,14,30,746,70,328,4,12,980,294,3.1,0.19
2003,12,10,15,30,173,75,109,4,11,980,292,2.3000000000000003,0.19
2003,12,10,16,30,0,10,10,5,9,980,289,1.4000000000000001,0.2
2003,12,10,17,30,0,0,0,5,9,980,288,1.3,0.2
2003,12,10,18,30,0,0,0,5,8,980,286,1.5,0.2
2003,12,10,19,30,0,0,0,4,8,980,282,1.8,0.2
2003,12,10,20,30,0,0,0,4,8,980,278,2,0.2
2003,12,10,21,30,0,0,0,4,8,980,272,1.8,0.2
2003,12,10,22,30,0,0,0,4,8,980,269,1.8,0.2
2003,12,10,23,30,0,0,0,4,8,980,273,2.1,0.2
2003,12,11,0,30,0,0,0,4,8,980,276,2.2,0.2
2003,12,11,1,30,0,0,0,4,8,980,274,2.3000000000000003,0.2
2003,12,11,2,30,0,0,0,4,8,970,267,2.3000000000000003,0.2
2003,12,11,3,30,0,0,0,4,7,970,260,2.4000000000000004,0.2
2003,12,11,4,30,0,0,0,4,7,970,251,2.4000000000000004,0.2
2003,12,11,5,30,0,0,0,4,7,970,250,2.8000000000000003,0.2
2003,12,11,6,30,0,0,0,4,8,970,270,3.6,0.2
2003,12,11,7,30,123,34,46,4,8,970,289,4.1000000000000005,0.2
2003,12,11,8,30,0,36,36,4,8,970,304,4.1000000000000005,0.2
2003,12,11,9,30,0,56,56,4,8,980,307,4.2,0.2
2003,12,11,10,30,80,211,250,2,9,970,305,4.6000000000000005,0.2
2003,12,11,11,30,74,231,270,1,10,970,302,5.300000000000001,0.2
2003,12,11,12,30,476,190,435,2,10,970,300,5.9,0.2
2003,12,11,13,30,276,190,315,2,10,970,301,6,0.2
2003,12,11,14,30,297,133,235,1,9,970,306,5.4,0.2
2003,12,11,15,30,603,50,171,1,8,970,312,3.9000000000000004,0.2
2003,12,11,16,30,0,16,16,1,6,970,312,2.4000000000000004,0.2
2003,12,11,17,30,0,0,0,1,5,980,311,1.7000000000000002,0.2
2003,12,11,18,30,0,0,0,1,4,980,315,1.3,0.2
2003,12,11,19,30,0,0,0,0,3,980,318,1.1,0.2
2003,12,11,20,30,0,0,0,0,3,980,320,0.9,0.2
2003,12,11,21,30,0,0,0,0,3,980,322,0.9,0.2
2003,12,11,22,30,0,0,0,0,3,980,322,0.9,0.2
2003,12,11,23,30,0,0,0,0,3,980,321,1,0.2
2003,12,12,0,30,0,0,0,0,3,980,314,0.9,0.2
2003,12,12,1,30,0,0,0,0,3,980,310,0.8,0.2
2003,12,12,2,30,0,0,0,0,3,980,314,0.6000000000000001,0.2
2003,12,12,3,30,0,0,0,0,3,980,322,0.6000000000000001,0.2
2003,12,12,4,30,0,0,0,0,3,980,337,0.5,0.2
2003,12,12,5,30,0,0,0,0,3,980,29,0.5,0.2
2003,12,12,6,30,0,0,0,0,3,980,69,0.6000000000000001,0.2
2003,12,12,7,30,0,31,31,0,4,980,82,0.9,0.2
2003,12,12,8,30,424,79,189,0,6,980,90,0.9,0.2
2003,12,12,9,30,231,163,253,0,9,980,51,0.7000000000000001,0.2
2003,12,12,10,30,442,175,387,0,10,980,320,1,0.2
2003,12,12,11,30,455,192,430,0,10,980,292,1.4000000000000001,0.2
2003,12,12,12,30,856,87,525,0,10,980,288,1.6,0.2
2003,12,12,13,30,457,157,364,0,10,980,289,1.6,0.2
2003,12,12,14,30,258,137,226,0,9,980,292,1.5,0.2
2003,12,12,15,30,216,73,116,0,8,980,296,1,0.2
2003,12,12,16,30,0,11,11,1,6,980,286,0.6000000000000001,0.2
2003,12,12,17,30,0,0,0,0,5,980,282,0.30000000000000004,0.2
2003,12,12,18,30,0,0,0,0,5,980,150,0.30000000000000004,0.2
2003,12,12,19,30,0,0,0,0,5,980,122,0.30000000000000004,0.2
2003,12,12,20,30,0,0,0,0,5,980,136,0.30000000000000004,0.2
2003,12,12,21,30,0,0,0,0,5,980,155,0.30000000000000004,0.2
2003,12,12,22,30,0,0,0,0,4,980,190,0.30000000000000004,0.2
2003,12,12,23,30,0,0,0,0,4,980,154,0.30000000000000004,0.2
2003,12,13,0,30,0,0,0,0,3,980,148,0.4,0.2
2003,12,13,1,30,0,0,0,0,3,980,152,0.5,0.2
2003,12,13,2,30,0,0,0,0,3,980,149,0.5,0.2
2003,12,13,3,30,0,0,0,0,3,980,146,0.4,0.2
2003,12,13,4,30,0,0,0,0,4,980,150,0.4,0.2
2003,12,13,5,30,0,0,0,0,4,980,152,0.4,0.2
2003,12,13,6,30,0,0,0,1,4,980,148,0.4,0.2
2003,12,13,7,30,0,11,11,1,5,980,125,0.5,0.2
2003,12,13,8,30,383,83,181,2,7,980,108,0.5,0.2
2003,12,13,9,30,217,163,247,3,9,980,106,0.5,0.2
2003,12,13,10,30,536,152,409,4,11,980,283,1.3,0.2
2003,12,13,11,30,596,150,461,4,12,980,286,2.4000000000000004,0.2
2003,12,13,12,30,892,75,531,5,13,980,290,2.8000000000000003,0.2
2003,12,13,13,30,804,88,451,5,13,980,296,2.7,0.2
2003,12,13,14,30,748,72,330,4,12,980,303,2.1,0.2
2003,12,13,15,30,599,50,171,4,10,980,306,1.2000000000000002,0.2
2003,12,13,16,30,102,13,16,4,8,980,301,0.5,0.2
2003,12,13,17,30,0,0,0,4,7,980,60,0.6000000000000001,0.2
2003,12,13,18,30,0,0,0,2,5,980,92,0.9,0.2
2003,12,13,19,30,0,0,0,2,5,980,91,1,0.2
2003,12,13,20,30,0,0,0,2,5,980,90,1,0.2
2003,12,13,21,30,0,0,0,2,5,980,88,1,0.2
2003,12,13,22,30,0,0,0,2,5,980,87,1.1,0.2
2003,12,13,23,30,0,0,0,1,5,980,91,1.1,0.2
2003,12,14,0,30,0,0,0,1,6,980,95,0.8,0.2
2003,12,14,1,30,0,0,0,1,6,980,104,0.5,0.2
2003,12,14,2,30,0,0,0,2,6,980,90,0.4,0.2
2003,12,14,3,30,0,0,0,2,5,980,71,0.5,0.2
2003,12,14,4,30,0,0,0,2,5,980,76,0.5,0.2
2003,12,14,5,30,0,0,0,2,6,980,94,0.5,0.2
2003,12,14,6,30,0,0,0,2,6,980,116,0.6000000000000001,0.2
2003,12,14,7,30,348,30,61,2,6,980,133,1.1,0.2
2003,12,14,8,30,659,56,225,4,8,980,156,1.8,0.2
2003,12,14,9,30,0,70,70,5,9,980,182,2.2,0.2
2003,12,14,10,30,0,65,65,6,10,980,252,3.3000000000000003,0.2
2003,12,14,11,30,0,120,120,7,11,980,289,4.5,0.2
2003,12,14,12,30,0,142,142,5,11,980,300,4.6000000000000005,0.2
2003,12,14,13,30,0,118,118,3,11,980,307,4.2,0.2
2003,12,14,14,30,332,132,247,2,10,980,307,3.5,0.2
2003,12,14,15,30,650,46,177,2,8,980,302,2.2,0.2
2003,12,14,16,30,232,13,19,2,6,980,300,1.2000000000000002,0.2
2003,12,14,17,30,0,0,0,2,5,980,310,1.1,0.2
2003,12,14,18,30,0,0,0,2,5,980,329,1,0.2
2003,12,14,19,30,0,0,0,2,5,980,348,0.7000000000000001,0.2
2003,12,14,20,30,0,0,0,1,4,980,25,0.5,0.2
2003,12,14,21,30,0,0,0,1,4,980,64,0.7000000000000001,0.2
2003,12,14,22,30,0,0,0,1,4,980,98,0.9,0.2
2003,12,14,23,30,0,0,0,1,4,980,106,0.7000000000000001,0.2
2003,12,15,0,30,0,0,0,1,4,980,89,0.5,0.2
2003,12,15,1,30,0,0,0,1,4,980,92,0.4,0.2
2003,12,15,2,30,0,0,0,1,4,980,133,0.4,0.2
2003,12,15,3,30,0,0,0,1,4,980,115,0.6000000000000001,0.2
2003,12,15,4,30,0,0,0,1,4,980,104,1.1,0.2
2003,12,15,5,30,0,0,0,1,4,980,100,1.1,0.2
2003,12,15,6,30,0,0,0,0,3,980,90,0.9,0.2
2003,12,15,7,30,36,31,34,0,5,980,93,1.3,0.2
2003,12,15,8,30,180,98,144,0,8,980,91,2.2,0.2
2003,12,15,9,30,557,108,323,-4,11,980,98,2.7,0.2
2003,12,15,10,30,903,76,506,-7,13,980,104,2.7,0.2
2003,12,15,11,30,933,76,560,-9,14,980,112,2.6,0.2
2003,12,15,12,30,937,72,550,-9,15,980,120,2.6,0.2
2003,12,15,13,30,893,72,474,-10,15,980,122,2.3000000000000003,0.2
2003,12,15,14,30,817,63,345,-10,14,980,114,1.5,0.2
2003,12,15,15,30,650,47,178,-4,12,980,100,1,0.2
2003,12,15,16,30,167,14,18,-3,9,980,110,1.1,0.2
2003,12,15,17,30,0,0,0,-5,7,980,107,1.2000000000000002,0.2
2003,12,15,18,30,0,0,0,-5,6,980,89,1.3,0.2
2003,12,15,19,30,0,0,0,-5,4,980,97,1.4000000000000001,0.2
2003,12,15,20,30,0,0,0,-6,4,980,107,1.5,0.2
2003,12,15,21,30,0,0,0,-6,3,980,104,1.5,0.2
2003,12,15,22,30,0,0,0,-7,3,980,101,1.6,0.2
2003,12,15,23,30,0,0,0,-7,3,980,104,1.7000000000000002,0.2
2003,12,16,0,30,0,0,0,-7,3,980,103,1.7000000000000002,0.2
2003,12,16,1,30,0,0,0,-8,3,980,100,1.8,0.2
2003,12,16,2,30,0,0,0,-8,3,980,100,1.8,0.2
2003,12,16,3,30,0,0,0,-8,3,980,99,1.8,0.2
2003,12,16,4,30,0,0,0,-8,3,980,98,1.9000000000000001,0.2
2003,12,16,5,30,0,0,0,-9,3,980,99,2.1,0.2
2003,12,16,6,30,0,0,0,-9,4,980,100,2.6,0.2
2003,12,16,7,30,440,26,64,-9,7,980,100,3.9000000000000004,0.2
2003,12,16,8,30,742,50,237,-9,10,980,101,5.300000000000001,0.2
2003,12,16,9,30,862,62,393,-10,13,980,100,6.1000000000000005,0.2
2003,12,16,10,30,927,66,506,-11,15,980,99,6.1000000000000005,0.2
2003,12,16,11,30,948,68,559,-12,16,980,100,5.300000000000001,0.2
2003,12,16,12,30,945,67,548,-12,17,980,98,4.3,0.2
2003,12,16,13,30,902,67,474,-12,17,980,95,3.3000000000000003,0.2
2003,12,16,14,30,828,59,346,-12,16,980,94,1.9000000000000001,0.2
2003,12,16,15,30,666,45,180,-3,13,980,96,1,0.2
2003,12,16,16,30,249,13,20,-4,10,980,98,1.1,0.2
2003,12,16,17,30,0,0,0,-5,8,980,91,1.3,0.2
2003,12,16,18,30,0,0,0,-5,6,980,93,1.4000000000000001,0.2
2003,12,16,19,30,0,0,0,-6,5,980,98,1.5,0.2
2003,12,16,20,30,0,0,0,-7,5,980,98,1.6,0.2
2003,12,16,21,30,0,0,0,-7,5,980,97,1.7000000000000002,0.2
2003,12,16,22,30,0,0,0,-7,5,980,96,1.8,0.2
2003,12,16,23,30,0,0,0,-7,5,980,97,1.9000000000000001,0.2
2003,12,17,0,30,0,0,0,-8,5,980,99,2,0.2
2003,12,17,1,30,0,0,0,-8,4,980,99,2,0.2
2003,12,17,2,30,0,0,0,-8,4,980,98,1.9000000000000001,0.2
2003,12,17,3,30,0,0,0,-8,4,980,98,1.9000000000000001,0.2
2003,12,17,4,30,0,0,0,-8,5,980,99,2,0.2
2003,12,17,5,30,0,0,0,-9,4,980,100,2,0.2
2003,12,17,6,30,0,0,0,-9,4,980,100,2.1,0.2
2003,12,17,7,30,281,28,52,-9,7,980,101,2.9000000000000004,0.2
2003,12,17,8,30,766,49,240,-9,11,980,103,3.9000000000000004,0.2
2003,12,17,9,30,435,130,296,-9,15,980,107,4.2,0.2
2003,12,17,10,30,650,117,425,-10,18,980,108,4.2,0.2
2003,12,17,11,30,386,206,405,-12,20,980,109,3.9000000000000004,0.2
2003,12,17,12,30,412,196,406,-13,21,980,113,3.3000000000000003,0.2
2003,12,17,13,30,634,114,400,-12,20,980,114,2,0.2
2003,12,17,14,30,160,145,201,-3,18,980,117,0.9,0.2
2003,12,17,15,30,0,53,53,0,15,980,135,0.8,0.2
2003,12,17,16,30,0,6,6,-3,13,980,123,1,0.2
2003,12,17,17,30,0,0,0,-3,11,980,107,1.2000000000000002,0.2
2003,12,17,18,30,0,0,0,-2,10,980,100,1.3,0.2
2003,12,17,19,30,0,0,0,-2,10,980,97,1.4000000000000001,0.2
2003,12,17,20,30,0,0,0,-3,10,980,98,1.5,0.2
2003,12,17,21,30,0,0,0,-3,9,980,100,1.6,0.2
2003,12,17,22,30,0,0,0,-4,9,980,101,1.7000000000000002,0.2
2003,12,17,23,30,0,0,0,-5,9,980,99,1.7000000000000002,0.2
2003,12,18,0,30,0,0,0,-5,9,980,98,1.7000000000000002,0.2
2003,12,18,1,30,0,0,0,-5,9,980,99,1.7000000000000002,0.2
2003,12,18,2,30,0,0,0,-5,8,980,100,1.7000000000000002,0.2
2003,12,18,3,30,0,0,0,-5,7,980,100,1.7000000000000002,0.2
2003,12,18,4,30,0,0,0,-6,7,980,99,1.9000000000000001,0.2
2003,12,18,5,30,0,0,0,-7,7,980,99,2.1,0.2
2003,12,18,6,30,0,0,0,-7,8,980,99,2.5,0.2
2003,12,18,7,30,462,24,62,-8,11,980,99,3.7,0.2
2003,12,18,8,30,759,45,233,-8,15,980,100,4.800000000000001,0.2
2003,12,18,9,30,874,56,389,-8,19,980,103,5.1000000000000005,0.2
2003,12,18,10,30,930,60,500,-9,22,980,106,5.300000000000001,0.2
2003,12,18,11,30,951,63,553,-11,23,980,112,5,0.2
2003,12,18,12,30,946,62,544,-11,24,980,115,4.5,0.2
2003,12,18,13,30,913,60,472,-11,23,980,116,3.9000000000000004,0.2
2003,12,18,14,30,843,53,346,-10,22,980,116,2.8000000000000003,0.2
2003,12,18,15,30,693,41,182,-4,18,980,115,1.8,0.2
2003,12,18,16,30,0,22,22,-2,14,980,116,1.7000000000000002,0.19
2003,12,18,17,30,0,0,0,-4,12,980,113,2.1,0.19
2003,12,18,18,30,0,0,0,-5,12,980,108,2.7,0.19
2003,12,18,19,30,0,0,0,-6,12,980,103,3.4000000000000004,0.19
2003,12,18,20,30,0,0,0,-6,12,980,100,3.8000000000000003,0.19
2003,12,18,21,30,0,0,0,-7,11,980,101,3.9000000000000004,0.19
2003,12,18,22,30,0,0,0,-7,11,980,102,3.8000000000000003,0.19
2003,12,18,23,30,0,0,0,-7,11,980,103,3.5,0.19
2003,12,19,0,30,0,0,0,-7,11,980,104,3.3000000000000003,0.19
2003,12,19,1,30,0,0,0,-7,11,980,104,3.5,0.19
2003,12,19,2,30,0,0,0,-8,11,980,103,3.7,0.19
2003,12,19,3,30,0,0,0,-8,11,980,102,3.8000000000000003,0.19
2003,12,19,4,30,0,0,0,-8,11,980,102,3.6,0.19
2003,12,19,5,30,0,0,0,-8,10,980,102,3.4000000000000004,0.19
2003,12,19,6,30,0,0,0,-8,11,980,102,3.5,0.19
2003,12,19,7,30,139,29,40,-8,13,980,103,4,0.19
2003,12,19,8,30,263,90,155,-8,15,980,105,4.5,0.19
2003,12,19,9,30,0,117,117,-8,18,980,106,5,0.19
2003,12,19,10,30,0,89,89,-9,20,980,109,5.4,0.19
2003,12,19,11,30,0,135,135,-10,21,980,115,5.300000000000001,0.19
2003,12,19,12,30,0,117,117,-10,21,980,118,4.800000000000001,0.19
2003,12,19,13,30,6,158,161,-9,20,980,118,3.8000000000000003,0.19
2003,12,19,14,30,0,59,59,-6,18,980,116,2.5,0.19
2003,12,19,15,30,0,29,29,-3,16,980,109,1.9000000000000001,0.19
2003,12,19,16,30,0,3,3,-3,14,980,103,2,0.19
2003,12,19,17,30,0,0,0,-3,13,980,100,2.1,0.19
2003,12,19,18,30,0,0,0,-4,12,980,99,1.9000000000000001,0.19
2003,12,19,19,30,0,0,0,-4,12,980,101,1.7000000000000002,0.19
2003,12,19,20,30,0,0,0,-3,11,980,104,1.4000000000000001,0.19
2003,12,19,21,30,0,0,0,-3,11,980,101,1.1,0.19
2003,12,19,22,30,0,0,0,-3,12,980,70,1,0.19
2003,12,19,23,30,0,0,0,-3,12,980,23,1,0.19
2003,12,20,0,30,0,0,0,-4,12,980,22,0.6000000000000001,0.19
2003,12,20,1,30,0,0,0,-4,13,980,35,0.2,0.19
2003,12,20,2,30,0,0,0,-4,13,980,121,0.2,0.19
2003,12,20,3,30,0,0,0,-4,13,980,112,0.30000000000000004,0.19
2003,12,20,4,30,0,0,0,-3,13,980,74,0.4,0.19
2003,12,20,5,30,0,0,0,-2,13,980,41,0.5,0.19
2003,12,20,6,30,0,0,0,0,13,980,33,0.6000000000000001,0.19
2003,12,20,7,30,35,28,31,0,13,980,31,0.5,0.19
2003,12,20,8,30,636,50,206,1,13,980,44,0.30000000000000004,0.19
2003,12,20,9,30,42,152,168,4,14,980,86,0.4,0.19
2003,12,20,10,30,782,93,461,4,15,980,193,0.7000000000000001,0.19
2003,12,20,11,30,63,224,257,6,15,980,225,0.8,0.19
2003,12,20,12,30,0,32,32,7,14,980,265,0.7000000000000001,0.19
2003,12,20,13,30,0,110,110,7,14,970,303,0.5,0.19
2003,12,20,14,30,0,121,121,8,14,970,323,0.4,0.19
2003,12,20,15,30,0,53,53,8,13,980,299,0.4,0.19
2003,12,20,16,30,0,6,6,9,12,980,306,0.5,0.19
2003,12,20,17,30,0,0,0,8,11,980,320,0.6000000000000001,0.19
2003,12,20,18,30,0,0,0,8,11,980,334,0.6000000000000001,0.19
2003,12,20,19,30,0,0,0,7,10,980,343,0.5,0.19
2003,12,20,20,30,0,0,0,7,10,980,349,0.5,0.19
2003,12,20,21,30,0,0,0,7,10,980,357,0.6000000000000001,0.19
2003,12,20,22,30,0,0,0,7,10,980,2,0.5,0.19
2003,12,20,23,30,0,0,0,7,10,980,17,0.4,0.19
2003,12,21,0,30,0,0,0,7,10,980,48,0.30000000000000004,0.19
2003,12,21,1,30,0,0,0,7,10,980,79,0.2,0.19
2003,12,21,2,30,0,0,0,6,9,980,250,0.4,0.19
2003,12,21,3,30,0,0,0,6,9,980,264,0.5,0.19
2003,12,21,4,30,0,0,0,6,9,980,266,0.7000000000000001,0.19
2003,12,21,5,30,0,0,0,6,9,980,260,0.9,0.19
2003,12,21,6,30,0,0,0,6,9,980,260,0.7000000000000001,0.19
2003,12,21,7,30,330,26,52,6,9,980,253,0.5,0.19
2003,12,21,8,30,652,57,216,7,10,980,247,0.6000000000000001,0.19
2003,12,21,9,30,806,67,372,7,12,980,299,1,0.19
2003,12,21,10,30,871,74,483,7,14,980,299,1.5,0.19
2003,12,21,11,30,303,221,377,6,15,980,289,1.8,0.19
2003,12,21,12,30,305,218,373,6,16,980,279,2.2,0.19
2003,12,21,13,30,878,69,466,5,16,980,279,2.5,0.19
2003,12,21,14,30,810,60,344,5,15,980,288,2.5,0.19
2003,12,21,15,30,659,46,183,6,13,980,296,1.7000000000000002,0.19
2003,12,21,16,30,209,15,23,6,10,980,302,0.9,0.19
2003,12,21,17,30,0,0,0,6,9,980,325,0.7000000000000001,0.19
2003,12,21,18,30,0,0,0,6,9,980,21,0.6000000000000001,0.19
2003,12,21,19,30,0,0,0,6,9,980,69,0.8,0.19
2003,12,21,20,30,0,0,0,4,8,980,97,1,0.19
2003,12,21,21,30,0,0,0,4,7,980,101,1.1,0.19
2003,12,21,22,30,0,0,0,4,7,980,99,1.2000000000000002,0.19
2003,12,21,23,30,0,0,0,2,6,980,97,1.2000000000000002,0.19
2003,12,22,0,30,0,0,0,2,6,980,95,1.3,0.19
2003,12,22,1,30,0,0,0,2,6,980,93,1.4000000000000001,0.19
2003,12,22,2,30,0,0,0,1,6,980,93,1.6,0.19
2003,12,22,3,30,0,0,0,1,6,980,95,1.8,0.19
2003,12,22,4,30,0,0,0,0,6,980,96,2,0.19
2003,12,22,5,30,0,0,0,0,7,980,96,2.2,0.19
2003,12,22,6,30,0,0,0,0,8,980,97,2.9000000000000004,0.19
2003,12,22,7,30,222,27,44,0,11,980,96,4,0.19
2003,12,22,8,30,272,87,153,0,14,980,98,5.2,0.19
2003,12,22,9,30,49,153,172,0,17,980,98,6.2,0.19
2003,12,22,10,30,292,198,335,-1,18,980,100,6.7,0.19
2003,12,22,11,30,461,188,426,-2,18,980,104,6.6000000000000005,0.19
2003,12,22,12,30,404,198,404,-2,18,980,105,6.300000000000001,0.19
2003,12,22,13,30,134,202,263,-2,18,980,105,5.800000000000001,0.19
2003,12,22,14,30,303,135,241,-2,17,980,106,5.4,0.19
2003,12,22,15,30,217,77,122,-2,15,980,108,4.800000000000001,0.19
2003,12,22,16,30,0,16,16,-2,13,980,108,4.800000000000001,0.19
2003,12,22,17,30,0,0,0,-2,13,980,102,5.4,0.19
2003,12,22,18,30,0,0,0,-3,13,980,99,5.7,0.19
2003,12,22,19,30,0,0,0,-3,13,980,98,5.800000000000001,0.19
2003,12,22,20,30,0,0,0,-4,13,980,98,5.7,0.19
2003,12,22,21,30,0,0,0,-4,13,980,98,5.7,0.19
2003,12,22,22,30,0,0,0,-5,13,980,99,5.800000000000001,0.19
2003,12,22,23,30,0,0,0,-5,13,980,100,5.9,0.19
2003,12,23,0,30,0,0,0,-5,13,980,101,5.800000000000001,0.19
2003,12,23,1,30,0,0,0,-5,13,970,100,5.800000000000001,0.19
2003,12,23,2,30,0,0,0,-5,13,970,99,5.9,0.19
2003,12,23,3,30,0,0,0,-4,12,970,101,5.9,0.19
2003,12,23,4,30,0,0,0,-4,12,970,102,5.6000000000000005,0.19
2003,12,23,5,30,0,0,0,-4,12,970,102,5.6000000000000005,0.19
2003,12,23,6,30,0,0,0,-3,12,970,102,5.800000000000001,0.19
2003,12,23,7,30,0,3,3,-3,12,970,101,6.1000000000000005,0.19
2003,12,23,8,30,0,30,30,-3,12,970,103,6.1000000000000005,0.19
2003,12,23,9,30,0,7,7,-1,12,970,106,5.800000000000001,0.19
2003,12,23,10,30,0,118,118,0,12,970,105,5.800000000000001,0.19
2003,12,23,11,30,0,153,153,1,11,970,107,5.9,0.19
2003,12,23,12,30,149,234,310,2,11,970,108,5.800000000000001,0.19
2003,12,23,13,30,66,194,225,3,11,970,108,5.4,0.19
2003,12,23,14,30,0,114,114,3,11,970,109,4.6000000000000005,0.19
2003,12,23,15,30,0,16,16,3,10,970,109,3.8000000000000003,0.19
2003,12,23,16,30,0,2,2,3,10,970,104,3.1,0.19
2003,12,23,17,30,0,0,0,3,9,970,106,2.8000000000000003,0.19
2003,12,23,18,30,0,0,0,3,9,970,105,2.3000000000000003,0.19
2003,12,23,19,30,0,0,0,3,8,970,108,1.7000000000000002,0.19
2003,12,23,20,30,0,0,0,3,8,970,109,1.4000000000000001,0.19
2003,12,23,21,30,0,0,0,3,7,970,112,1.2000000000000002,0.19
2003,12,23,22,30,0,0,0,3,7,970,112,1.2000000000000002,0.19
2003,12,23,23,30,0,0,0,3,7,970,113,1.3,0.19
2003,12,24,0,30,0,0,0,3,6,970,114,1.3,0.19
2003,12,24,1,30,0,0,0,2,6,970,116,1.2000000000000002,0.19
2003,12,24,2,30,0,0,0,2,6,970,120,1.2000000000000002,0.19
2003,12,24,3,30,0,0,0,3,7,970,123,1.1,0.19
2003,12,24,4,30,0,0,0,3,7,970,126,1.1,0.19
2003,12,24,5,30,0,0,0,2,6,970,130,1.2000000000000002,0.19
2003,12,24,6,30,0,0,0,2,6,970,131,1.1,0.19
2003,12,24,7,30,23,25,27,4,9,970,128,1.7000000000000002,0.19
2003,12,24,8,30,0,15,15,5,11,970,125,2.7,0.19
2003,12,24,9,30,0,86,86,6,12,970,135,3.1,0.19
2003,12,24,10,30,2,156,157,6,13,970,144,3,0.19
2003,12,24,11,30,104,234,287,7,13,970,144,2.9000000000000004,0.19
2003,12,24,12,30,0,147,147,8,14,970,145,2.5,0.19
2003,12,24,13,30,0,147,147,8,14,970,149,2.3000000000000003,0.19
2003,12,24,14,30,0,112,112,9,13,970,150,1.8,0.19
2003,12,24,15,30,0,51,51,9,12,970,155,1.2000000000000002,0.19
2003,12,24,16,30,0,6,6,9,12,970,149,1.1,0.19
2003,12,24,17,30,0,0,0,9,12,970,152,1.1,0.19
2003,12,24,18,30,0,0,0,9,12,970,161,0.9,0.19
2003,12,24,19,30,0,0,0,9,11,970,184,0.9,0.19
2003,12,24,20,30,0,0,0,8,11,970,213,0.8,0.19
2003,12,24,21,30,0,0,0,8,11,970,240,0.8,0.19
2003,12,24,22,30,0,0,0,8,11,970,266,0.9,0.19
2003,12,24,23,30,0,0,0,8,11,970,287,1,0.19
2003,12,25,0,30,0,0,0,8,11,970,303,0.9,0.19
2003,12,25,1,30,0,0,0,7,10,970,318,0.8,0.19
2003,12,25,2,30,0,0,0,7,10,970,335,0.6000000000000001,0.19
2003,12,25,3,30,0,0,0,6,9,970,350,0.5,0.19
2003,12,25,4,30,0,0,0,6,9,970,31,0.6000000000000001,0.19
2003,12,25,5,30,0,0,0,4,8,970,74,0.7000000000000001,0.19
2003,12,25,6,30,0,0,0,4,8,970,93,1,0.19
2003,12,25,7,30,0,2,2,6,9,970,109,1.8,0.19
2003,12,25,8,30,0,76,76,7,11,970,122,2.5,0.19
2003,12,25,9,30,0,34,34,8,12,970,155,3,0.19
2003,12,25,10,30,0,40,40,9,13,970,188,3.8000000000000003,0.19
2003,12,25,11,30,0,25,25,8,14,970,204,4.4,0.19
2003,12,25,12,30,0,70,70,8,14,970,218,4.7,0.19
2003,12,25,13,30,0,101,101,8,13,970,241,4.9,0.19
2003,12,25,14,30,0,119,119,7,10,970,277,5.5,0.19
2003,12,25,15,30,0,6,6,4,7,970,305,5.4,0.19
2003,12,25,16,30,0,0,0,2,5,970,310,4.7,0.19
2003,12,25,17,30,0,0,0,2,5,970,304,4.2,0.19
2003,12,25,18,30,0,0,0,2,5,970,302,3.8000000000000003,0.19
2003,12,25,19,30,0,0,0,2,5,970,290,3.9000000000000004,0.19
2003,12,25,20,30,0,0,0,2,5,970,283,4.3,0.19
2003,12,25,21,30,0,0,0,2,5,970,283,4.6000000000000005,0.19
2003,12,25,22,30,0,0,0,2,5,970,282,4.6000000000000005,0.19
2003,12,25,23,30,0,0,0,2,5,970,284,4.4,0.19
2003,12,26,0,30,0,0,0,2,5,970,285,4.3,0.19
2003,12,26,1,30,0,0,0,2,5,970,287,4.2,0.19
2003,12,26,2,30,0,0,0,2,5,970,289,4,0.19
2003,12,26,3,30,0,0,0,1,4,970,287,3.8000000000000003,0.19
2003,12,26,4,30,0,0,0,1,4,970,282,3.7,0.19
2003,12,26,5,30,0,0,0,1,4,980,278,3.8000000000000003,0.19
2003,12,26,6,30,0,0,0,1,4,980,276,3.7,0.19
2003,12,26,7,30,0,14,14,1,4,980,277,3.7,0.19
2003,12,26,8,30,651,59,214,1,4,980,281,3.9000000000000004,0.19
2003,12,26,9,30,31,146,158,1,5,980,289,4,0.19
2003,12,26,10,30,876,80,491,0,6,980,294,4.1000000000000005,0.19
2003,12,26,11,30,14,189,196,0,7,980,298,4,0.19
2003,12,26,12,30,0,44,44,-1,8,980,301,3.8000000000000003,0.19
2003,12,26,13,30,155,204,275,-2,8,980,304,3.6,0.19
2003,12,26,14,30,822,63,356,-2,7,980,306,3.3000000000000003,0.19
2003,12,26,15,30,663,49,192,-2,6,980,305,2.3000000000000003,0.19
2003,12,26,16,30,199,19,28,-1,4,980,304,1.3,0.18
2003,12,26,17,30,0,0,0,0,3,980,306,1,0.18
2003,12,26,18,30,0,0,0,0,2,980,308,1,0.18
2003,12,26,19,30,0,0,0,0,2,980,308,1.1,0.18
2003,12,26,20,30,0,0,0,0,2,980,310,1.1,0.18
2003,12,26,21,30,0,0,0,0,1,980,316,1.1,0.18
2003,12,26,22,30,0,0,0,-1,1,980,318,1.1,0.18
2003,12,26,23,30,0,0,0,-1,1,980,314,1,0.18
2003,12,27,0,30,0,0,0,-1,1,980,304,1,0.18
2003,12,27,1,30,0,0,0,-1,0,980,293,1,0.18
2003,12,27,2,30,0,0,0,-2,0,980,293,0.9,0.18
2003,12,27,3,30,0,0,0,-1,0,980,303,0.6000000000000001,0.18
2003,12,27,4,30,0,0,0,-1,0,980,324,0.30000000000000004,0.18
2003,12,27,5,30,0,0,0,-2,0,980,78,0.30000000000000004,0.18
2003,12,27,6,30,0,0,0,-1,0,980,116,0.6000000000000001,0.18
2003,12,27,7,30,379,24,51,-1,2,980,109,0.7000000000000001,0.18
2003,12,27,8,30,725,52,224,-2,4,990,105,0.7000000000000001,0.18
2003,12,27,9,30,865,63,387,-3,6,990,334,1.2000000000000002,0.18
2003,12,27,10,30,885,82,497,-5,8,990,310,2.1,0.18
2003,12,27,11,30,912,86,556,-5,9,990,302,2.6,0.18
2003,12,27,12,30,912,85,552,-5,9,990,299,3,0.18
2003,12,27,13,30,888,78,485,-5,9,990,300,3.1,0.18
2003,12,27,14,30,0,94,94,-5,8,990,302,2.9000000000000004,0.18
2003,12,27,15,30,674,51,197,-5,5,990,304,1.9000000000000001,0.18
2003,12,27,16,30,237,19,30,-3,3,990,304,1.1,0.18
2003,12,27,17,30,0,0,0,-4,1,990,315,1,0.18
2003,12,27,18,30,0,0,0,-4,1,990,332,0.9,0.18
2003,12,27,19,30,0,0,0,-5,1,990,340,0.8,0.18
2003,12,27,20,30,0,0,0,-5,1,990,336,0.6000000000000001,0.18
2003,12,27,21,30,0,0,0,-5,2,990,322,0.30000000000000004,0.18
2003,12,27,22,30,0,0,0,-5,1,990,296,0.30000000000000004,0.18
2003,12,27,23,30,0,0,0,-5,1,990,142,0.5,0.18
2003,12,28,0,30,0,0,0,-5,1,990,122,0.8,0.18
2003,12,28,1,30,0,0,0,-5,1,990,96,1,0.18
2003,12,28,2,30,0,0,0,-6,1,990,81,1.1,0.18
2003,12,28,3,30,0,0,0,-6,1,990,78,1.1,0.18
2003,12,28,4,30,0,0,0,-6,1,990,83,1.2000000000000002,0.18
2003,12,28,5,30,0,0,0,-7,1,990,85,1.2000000000000002,0.18
2003,12,28,6,30,0,0,0,-7,1,990,90,1.2000000000000002,0.18
2003,12,28,7,30,352,24,49,-6,3,990,94,1.2000000000000002,0.18
2003,12,28,8,30,72,92,110,-5,6,990,97,1.8,0.18
2003,12,28,9,30,848,66,382,-7,9,990,106,2,0.18
2003,12,28,10,30,909,73,499,-8,11,990,127,1.6,0.18
2003,12,28,11,30,933,75,557,-9,12,980,160,1.2000000000000002,0.18
2003,12,28,12,30,932,74,552,-9,12,980,202,1.2000000000000002,0.18
2003,12,28,13,30,463,160,374,-9,12,980,246,1.2000000000000002,0.18
2003,12,28,14,30,813,66,359,-9,11,980,264,0.9,0.18
2003,12,28,15,30,663,50,196,-3,9,980,283,0.7000000000000001,0.18
2003,12,28,16,30,266,18,31,-5,7,980,321,0.7000000000000001,0.18
2003,12,28,17,30,0,0,0,-7,6,980,25,0.8,0.18
2003,12,28,18,30,0,0,0,-7,6,980,76,0.9,0.18
2003,12,28,19,30,0,0,0,-8,6,980,100,0.9,0.18
2003,12,28,20,30,0,0,0,-8,5,980,118,0.9,0.18
2003,12,28,21,30,0,0,0,-8,5,980,129,0.9,0.18
2003,12,28,22,30,0,0,0,-8,5,980,132,0.9,0.18
2003,12,28,23,30,0,0,0,-9,5,980,127,0.8,0.18
2003,12,29,0,30,0,0,0,-9,5,980,118,0.7000000000000001,0.18
2003,12,29,1,30,0,0,0,-8,5,980,108,0.8,0.18
2003,12,29,2,30,0,0,0,-7,5,980,107,0.9,0.18
2003,12,29,3,30,0,0,0,-7,5,980,103,0.8,0.18
2003,12,29,4,30,0,0,0,-7,5,980,86,0.8,0.18
2003,12,29,5,30,0,0,0,-6,4,980,78,0.9,0.18
2003,12,29,6,30,0,0,0,-6,4,980,86,1,0.18
2003,12,29,7,30,0,4,4,-5,4,980,97,1,0.18
2003,12,29,8,30,53,91,104,-3,6,980,110,1.1,0.18
2003,12,29,9,30,246,152,244,-3,8,980,117,1.5,0.18
2003,12,29,10,30,21,179,188,-4,9,980,123,1.8,0.18
2003,12,29,11,30,24,201,214,-3,10,970,139,1.9000000000000001,0.18
2003,12,29,12,30,3,168,169,-2,10,970,148,2,0.18
2003,12,29,13,30,0,98,98,0,10,970,144,1.6,0.18
2003,12,29,14,30,0,59,59,0,9,970,132,1.2000000000000002,0.18
2003,12,29,15,30,0,36,36,1,8,970,121,1.1,0.18
2003,12,29,16,30,0,5,5,1,7,970,118,1.2000000000000002,0.18
2003,12,29,17,30,0,0,0,1,7,970,117,1.7000000000000002,0.18
2003,12,29,18,30,0,0,0,1,7,970,125,2.4000000000000004,0.18
2003,12,29,19,30,0,0,0,1,7,970,127,3.4000000000000004,0.18
2003,12,29,20,30,0,0,0,2,7,970,124,4.1000000000000005,0.18
2003,12,29,21,30,0,0,0,2,7,970,120,4.3,0.18
2003,12,29,22,30,0,0,0,2,7,970,117,4.4,0.18
2003,12,29,23,30,0,0,0,2,6,970,114,4.5,0.18
2003,12,30,0,30,0,0,0,2,6,970,109,4.5,0.18
2003,12,30,1,30,0,0,0,1,6,970,105,4.4,0.18
2003,12,30,2,30,0,0,0,0,6,970,102,4.2,0.18
2003,12,30,3,30,0,0,0,0,5,970,97,4.2,0.18
2003,12,30,4,30,0,0,0,-1,5,970,96,4.3,0.18
2003,12,30,5,30,0,0,0,-2,5,970,95,4.4,0.18
2003,12,30,6,30,0,0,0,-2,5,970,93,4.6000000000000005,0.18
2003,12,30,7,30,152,24,34,-2,6,970,94,5,0.18
2003,12,30,8,30,420,71,171,-2,8,970,95,5.300000000000001,0.18
2003,12,30,9,30,825,61,369,-2,10,970,95,5.5,0.18
2003,12,30,10,30,331,192,347,-2,11,970,97,5.300000000000001,0.18
2003,12,30,11,30,126,238,303,-2,12,970,100,5,0.18
2003,12,30,12,30,147,237,313,-1,13,970,102,4.7,0.18
2003,12,30,13,30,135,210,273,-1,13,970,104,4.4,0.18
2003,12,30,14,30,180,153,218,-1,12,970,103,3.8000000000000003,0.18
2003,12,30,15,30,53,86,97,0,10,970,101,2.3000000000000003,0.18
2003,12,30,16,30,0,16,16,0,7,970,97,1.2000000000000002,0.18
2003,12,30,17,30,0,0,0,0,6,970,90,1.1,0.18
2003,12,30,18,30,0,0,0,0,5,970,84,1.2000000000000002,0.18
2003,12,30,19,30,0,0,0,0,4,970,87,1.3,0.18
2003,12,30,20,30,0,0,0,0,4,970,93,1.3,0.18
2003,12,30,21,30,0,0,0,0,4,970,96,1.3,0.18
2003,12,30,22,30,0,0,0,-1,4,970,99,1.3,0.18
2003,12,30,23,30,0,0,0,-1,4,970,99,1.3,0.18
2003,12,31,0,30,0,0,0,-1,5,970,96,1.3,0.18
2003,12,31,1,30,0,0,0,-2,5,970,91,1.3,0.18
2003,12,31,2,30,0,0,0,-2,5,970,87,1.3,0.18
2003,12,31,3,30,0,0,0,-2,5,970,91,1.2000000000000002,0.18
2003,12,31,4,30,0,0,0,-2,5,970,99,1.1,0.18
2003,12,31,5,30,0,0,0,-2,6,970,104,1,0.18
2003,12,31,6,30,0,0,0,-2,6,970,106,0.9,0.18
2003,12,31,7,30,305,23,43,-2,7,970,103,0.8,0.18
2003,12,31,8,30,664,53,209,0,9,970,109,0.6000000000000001,0.18
2003,12,31,9,30,801,68,366,-2,12,970,146,0.7000000000000001,0.18
2003,12,31,10,30,849,80,479,-3,14,970,249,1.1,0.18
2003,12,31,11,30,326,219,389,-3,14,970,269,1.6,0.18
2003,12,31,12,30,338,216,391,-3,15,970,280,2.3000000000000003,0.18
2003,12,31,13,30,235,203,312,-2,14,970,295,2.5,0.18
2003,12,31,14,30,783,67,353,-1,13,970,304,1.9000000000000001,0.18
2003,12,31,15,30,641,51,195,0,12,970,314,1.4000000000000001,0.18
2003,12,31,16,30,182,22,33,-5.4,6.9,974,50,1.2000000000000002,0.18
2003,12,31,17,30,0,0,0,-7.1000000000000005,5.4,975,47,1.4000000000000001,0.18
2003,12,31,18,30,0,0,0,-7.1000000000000005,4.6000000000000005,976,46,1.4000000000000001,0.18
2003,12,31,19,30,0,0,0,-7.5,4.1000000000000005,976,48,1.4000000000000001,0.18
2003,12,31,20,30,0,0,0,-8.1,3.5,976,57,1.4000000000000001,0.18
2003,12,31,21,30,0,0,0,-8.9,2.6,977,71,1.5,0.18
2003,12,31,22,30,0,0,0,-9.600000000000001,1.6,977,83,1.5,0.18
2003,12,31,23,30,0,0,0,-10,0.8,977,91,1.5,0.18
